topic,stem,example_word,cooc_n,doc_freq
supervision,financi,financial,16490,11020
supervision,risk,risk,14366,10030
supervision,polici,policy,9916,10709
supervision,system,system,9488,9713
supervision,regul,regulation,9413,5973
supervision,market,market,6714,10959
supervision,supervis,supervision,5661,3610
supervision,institut,institutions,5278,8879
supervision,develop,developments,5228,10457
supervision,monetari,monetary,5146,9284
supervision,stabil,stability,5137,9133
supervision,effect,effective,4683,10241
supervision,regulatori,regulatory,4517,4746
supervision,macro,macro,4509,2241
supervision,author,authorities,4330,5818
supervision,framework,framework,4329,6855
supervision,manag,management,4110,7932
supervision,requir,requirements,3706,8790
supervision,econom,economic,3695,10620
supervision,supervisori,supervisory,3681,2828
supervision,capit,capital,3590,8213
supervision,intern,international,3493,8709
supervision,prudenti,prudential,3484,2326
supervision,assess,assessment,3360,6990
supervision,price,price,3272,9451
supervision,rate,rate,3041,9894
supervision,respons,responsibility,3035,8552
supervision,reserv,reserve,2944,7263
supervision,inform,information,2885,7195
supervision,activ,activities,2881,9007
supervision,close,closely,2858,8084
supervision,ecb,ecb,2853,3421
supervision,continu,continue,2838,9976
supervision,approach,approach,2808,6265
supervision,sector,sector,2767,9120
supervision,feder,federal,2744,5239
supervision,level,level,2719,10168
supervision,committe,committee,2707,5312
supervision,inflat,inflation,2685,7215
supervision,board,board,2672,7158
supervision,economi,economy,2647,10465
supervision,standard,standards,2617,6601
supervision,ensur,ensure,2611,7857
supervision,process,process,2606,8084
supervision,firm,firms,2577,6384
supervision,includ,including,2576,9574
supervision,measur,measures,2511,8738
supervision,credit,credit,2411,7641
supervision,issu,issues,2411,8997
supervision,base,based,2393,8633
supervision,govern,governance,2342,9133
supervision,countri,countries,2241,9235
supervision,improv,improve,2172,8792
supervision,nation,national,2153,7868
supervision,crisi,crisis,2152,6867
supervision,oper,operational,2138,7933
supervision,role,role,2130,8407
supervision,expect,expectations,2113,9383
supervision,report,report,2079,6754
supervision,function,function,2071,6247
supervision,provid,provide,2045,9462
supervision,supervisor,supervisors,2015,1946
supervision,focus,focus,2010,7569
supervision,implement,implementation,2008,6763
supervision,conduct,conduct,2006,5768
supervision,strengthen,strengthening,1998,5767
supervision,practic,practices,1984,5878
supervision,relat,related,1968,8871
supervision,basel,basel,1949,1855
supervision,review,review,1943,5541
supervision,term,term,1926,10189
supervision,increas,increased,1911,10583
supervision,set,set,1905,8333
supervision,global,global,1875,8321
supervision,impact,impact,1789,7300
supervision,account,account,1782,8766
supervision,recent,recent,1781,9964
supervision,current,current,1731,8650
supervision,liquid,liquidity,1715,6135
supervision,data,data,1710,6189
supervision,monitor,monitoring,1703,4618
supervision,rule,rules,1601,4848
supervision,stress,stress,1507,4165
supervision,enhanc,enhanced,1497,5519
supervision,public,public,1485,8564
supervision,tool,tools,1476,4019
supervision,potenti,potential,1473,8063
supervision,outlook,outlook,1468,4647
supervision,mechan,mechanism,1461,4932
supervision,asset,asset,1460,7410
supervision,establish,established,1454,5907
supervision,insur,insurance,1437,3705
supervision,busi,business,1430,8485
supervision,addit,addition,1428,8164
supervision,growth,growth,1424,9465
supervision,payment,payment,1414,4842
supervision,object,objective,1400,6194
supervision,complianc,compliance,1397,1436
supervision,decis,decisions,1392,7263
supervision,singl,single,1392,4320
supervision,action,action,1369,6262
supervision,condit,conditions,1363,7994
supervision,oversight,oversight,1358,1478
supervision,analysi,analysis,1355,4674
supervision,situat,situation,1353,6008
supervision,agenc,agencies,1352,2767
supervision,care,carefully,1345,4292
supervision,model,models,1339,4920
supervision,test,testing,1335,3021
supervision,direct,direct,1330,7938
supervision,address,address,1325,7166
supervision,support,support,1325,9094
supervision,examin,examination,1306,3060
supervision,identifi,identify,1291,4297
supervision,balanc,balance,1287,7850
supervision,compani,companies,1282,4805
supervision,structur,structure,1280,7775
supervision,chang,change,1279,8419
supervision,comprehens,comprehensive,1271,2979
supervision,futur,future,1268,8690
supervision,sound,sound,1265,4564
supervision,control,control,1260,4877
supervision,challeng,challenges,1251,7798
supervision,view,view,1243,8264
supervision,key,key,1241,7407
supervision,principl,principles,1235,4188
supervision,micro,micro,1228,1379
supervision,result,results,1224,9045
supervision,remain,remain,1223,9103
supervision,speech,speech,1200,8530
supervision,signific,significant,1196,9163
supervision,integr,integration,1193,4734
supervision,reform,reforms,1179,4984
supervision,individu,individual,1174,5664
supervision,program,program,1174,2747
supervision,subject,subject,1143,4454
supervision,basi,basis,1140,6516
supervision,cost,costs,1137,8280
supervision,organ,organizations,1127,2677
supervision,discuss,discuss,1126,7832
supervision,macroprudenti,macroprudential,1102,1188
supervision,effort,efforts,1095,6395
supervision,indic,indicators,1086,5116
supervision,fund,funds,1080,7282
supervision,consist,consistent,1068,6299
supervision,perform,performance,1055,5665
supervision,task,tasks,1054,3882
supervision,council,council,1039,3123
supervision,take,taking,1027,7277
supervision,macroeconom,macroeconomic,1011,4932
supervision,independ,independent,1006,3752
supervision,servic,services,1000,7323
supervision,specif,specific,992,6090
supervision,involv,involved,986,5293
supervision,particip,participants,986,7010
supervision,understand,understand,972,6350
supervision,exchang,exchange,965,6673
supervision,cooper,cooperation,960,2931
supervision,import,importance,954,7879
supervision,perspect,perspective,954,5084
supervision,relev,relevant,954,4824
supervision,act,act,947,5643
supervision,achiev,achieve,946,7812
supervision,concern,concerns,946,7040
supervision,limit,limited,946,6979
supervision,secur,securities,944,6601
supervision,fiscal,fiscal,943,5322
supervision,plan,plans,941,5148
supervision,propos,proposed,939,3522
supervision,strong,strong,930,7686
supervision,progress,progress,929,5891
supervision,consolid,consolidated,927,2659
supervision,lend,lending,925,5111
supervision,meet,meeting,923,7390
supervision,hold,holding,916,5862
supervision,transpar,transparency,898,4038
supervision,initi,initiatives,889,6367
supervision,factor,factors,884,7296
supervision,instrument,instruments,881,4945
supervision,start,start,862,7535
supervision,posit,position,860,8017
supervision,step,step,850,5589
supervision,financ,finance,847,7947
supervision,guidanc,guidance,844,2239
supervision,wide,wide,832,5803
supervision,qualiti,quality,827,4331
supervision,climat,climate,823,1275
supervision,invest,investment,822,8269
supervision,final,finally,820,6498
supervision,coordin,coordination,819,2789
supervision,question,question,819,6406
supervision,communiti,community,818,3178
supervision,major,major,818,7491
supervision,loan,loans,813,4960
supervision,creat,created,811,6978
supervision,complex,complex,810,4160
supervision,contribut,contribute,804,8230
supervision,benefit,benefits,801,6921
supervision,resolut,resolution,801,2307
supervision,broad,broad,798,5923
supervision,product,products,797,8348
supervision,effici,efficient,787,5774
supervision,appli,apply,784,4339
supervision,industri,industry,781,6331
supervision,play,play,778,6968
supervision,reduc,reduce,778,8135
supervision,target,target,778,6532
supervision,evalu,evaluation,777,2784
supervision,forward,forward,777,6157
supervision,union,union,776,3482
supervision,site,site,775,819
supervision,consum,consumer,774,5907
supervision,experi,experience,771,6689
supervision,real,real,770,7991
supervision,resili,resilience,765,3793
supervision,entiti,entities,758,2372
supervision,period,period,757,8245
supervision,share,share,757,7446
supervision,line,line,754,6109
supervision,strategi,strategy,749,4744
supervision,reflect,reflect,748,7691
supervision,context,context,736,5224
supervision,exist,existing,736,5905
supervision,rang,range,735,6504
supervision,time,times,735,7372
supervision,element,elements,733,4027
supervision,aim,aim,732,5618
supervision,regard,regard,732,4875
supervision,emerg,emerging,731,6997
supervision,banker,bankers,729,4685
supervision,implic,implications,724,4541
supervision,vulner,vulnerabilities,722,3071
supervision,design,designed,719,4675
supervision,money,money,718,6018
supervision,pillar,pillar,718,1299
supervision,corpor,corporate,714,5308
supervision,reason,reasons,714,7337
supervision,protect,protection,709,4221
supervision,respect,respect,709,5217
supervision,difficult,difficult,708,5983
supervision,ssm,ssm,708,197
supervision,legal,legal,702,3081
supervision,exposur,exposures,697,2633
supervision,regular,regular,688,2911
supervision,natur,nature,682,6192
supervision,build,building,680,5420
supervision,call,called,680,6369
supervision,cross,cross,679,3361
supervision,law,law,678,3005
supervision,maintain,maintain,678,6909
supervision,consider,considerations,677,6594
supervision,exercis,exercise,676,2272
supervision,surveil,surveillance,671,741
supervision,borrow,borrowers,659,4702
supervision,settlement,settlement,658,2885
supervision,adequaci,adequacy,655,1116
supervision,affect,affect,650,6920
supervision,prevent,prevent,650,4443
supervision,adopt,adopted,649,5126
supervision,project,project,645,5236
supervision,power,powers,644,4667
supervision,recommend,recommendations,641,2292
supervision,detail,detailed,640,4336
supervision,foreign,foreign,640,5387
supervision,world,world,639,7906
supervision,regim,regime,638,2921
supervision,bodi,body,637,1972
supervision,main,main,636,6282
supervision,critic,critical,635,4617
supervision,form,form,633,5808
supervision,imf,imf,633,2589
supervision,trend,trends,633,5708
supervision,essenti,essential,632,5155
supervision,forecast,forecast,631,3715
supervision,domest,domestic,626,6736
supervision,adjust,adjustment,620,6490
supervision,infrastructur,infrastructure,620,3553
supervision,sustain,sustainable,620,6785
supervision,unit,united,606,6310
supervision,applic,application,605,2695
supervision,publish,published,605,3838
supervision,border,border,604,2760
supervision,common,common,602,4841
supervision,month,months,602,6674
supervision,carri,carried,601,3762
supervision,past,past,600,8140
supervision,arrang,arrangements,599,2990
supervision,adequ,adequate,595,3011
supervision,extent,extent,592,5514
supervision,separ,separate,589,2212
supervision,offic,office,582,2793
supervision,promot,promote,582,5002
supervision,procedur,procedures,581,2184
supervision,staff,staff,581,3358
supervision,communic,communication,579,3721
supervision,demand,demand,574,7913
supervision,governor,governors,574,7839
supervision,ongo,ongoing,569,3354
supervision,bis,bis,568,3371
supervision,medium,medium,568,5233
supervision,competit,competition,567,5606
supervision,environ,environment,567,6623
supervision,abil,ability,562,4424
supervision,attent,attention,561,5485
supervision,safeti,safety,558,2192
supervision,aspect,aspects,556,3980
supervision,lead,lead,553,7389
supervision,move,move,551,6696
supervision,incent,incentives,547,3538
supervision,determin,determine,546,5448
supervision,mean,means,546,6380
supervision,core,core,543,3742
supervision,sheet,sheet,541,4079
supervision,execut,executive,535,3754
supervision,enforc,enforcement,532,1452
supervision,commiss,commission,531,2759
supervision,proper,proper,523,2532
supervision,trade,trade,522,6904
supervision,rbi,rbi,517,796
supervision,audit,audit,515,630
supervision,norm,norms,514,1052
supervision,extern,external,511,4632
supervision,investor,investors,510,4780
supervision,legisl,legislation,509,2218
supervision,note,note,507,5956
supervision,transact,transactions,502,4298
supervision,deposit,deposit,501,3816
supervision,resourc,resources,500,4839
supervision,scenario,scenario,498,2946
supervision,conclus,conclusion,496,5817
supervision,pressur,pressures,496,6229
supervision,disclosur,disclosure,495,1453
supervision,converg,convergence,494,1915
supervision,technolog,technology,493,4506
supervision,evolv,evolving,491,3250
supervision,help,helps,489,5770
supervision,field,field,488,2664
supervision,robust,robust,487,3552
supervision,under,underlying,487,4241
supervision,degre,degree,485,4821
supervision,suggest,suggest,485,6226
supervision,pra,pra,481,278
supervision,debt,debt,480,5835
supervision,short,short,479,7530
supervision,capac,capacity,477,4840
supervision,custom,customers,475,2736
supervision,suffici,sufficient,475,4569
supervision,day,day,473,4852
supervision,england,england,471,2199
supervision,provis,provisions,471,3736
supervision,currenc,currency,469,5601
supervision,prepar,prepared,468,4534
supervision,confer,conference,466,5250
supervision,statement,statement,466,3338
supervision,event,events,465,5598
supervision,europ,europe,464,4129
supervision,uncertainti,uncertainty,462,5626
supervision,depend,depend,461,5969
supervision,privat,private,460,6610
supervision,iii,iii,459,2415
supervision,introduc,introduced,458,4266
supervision,mitig,mitigate,458,2719
supervision,mention,mentioned,456,4830
supervision,esrb,esrb,454,209
supervision,remark,remarks,451,6926
supervision,innov,innovation,450,4308
supervision,complet,complete,448,4635
supervision,mandat,mandate,448,3649
supervision,purpos,purpose,448,3718
supervision,failur,failure,445,2839
supervision,disciplin,discipline,443,2124
supervision,observ,observed,442,5207
supervision,research,research,442,4438
supervision,sourc,sources,441,5581
supervision,refer,reference,438,4827
supervision,earlier,earlier,437,5384
supervision,hand,hand,437,5113
supervision,commit,commitment,434,4988
supervision,access,access,432,4722
supervision,opportun,opportunity,430,6607
supervision,encourag,encourage,429,5189
supervision,matter,matters,425,4323
supervision,paper,paper,425,4384
supervision,success,success,425,5993
supervision,size,size,423,4799
supervision,complement,complement,422,1713
supervision,hous,housing,422,4407
supervision,shock,shocks,422,5222
supervision,lesson,lessons,421,3078
supervision,leverag,leverage,420,2679
supervision,quantit,quantitative,419,2434
supervision,run,run,418,5763
supervision,similar,similar,418,5903
supervision,revis,revised,416,3010
supervision,evid,evidence,415,5478
supervision,weak,weaknesses,414,4607
supervision,jurisdict,jurisdictions,413,1489
supervision,conclud,conclude,410,5131
supervision,cover,cover,409,3606
supervision,explain,explain,409,4709
supervision,begin,begin,408,5699
supervision,excess,excessive,408,4950
supervision,goal,goal,408,3967
supervision,imbal,imbalances,408,2698
supervision,rais,raise,408,6572
supervision,collect,collection,405,3120
supervision,fundament,fundamental,405,4789
supervision,bring,bring,404,5629
supervision,chair,chair,404,1542
supervision,director,directors,404,2119
supervision,household,households,404,5310
supervision,india,india,403,1734
supervision,region,regional,403,4177
supervision,enabl,enable,402,3737
supervision,repres,representatives,402,5228
supervision,compet,competent,399,2168
supervision,ratio,ratio,396,3989
supervision,agre,agreed,394,3071
supervision,correct,correct,394,3173
supervision,gap,gaps,392,3416
supervision,incom,incoming,392,5907
supervision,advanc,advanced,388,5758
supervision,deal,deal,388,4464
supervision,eurosystem,eurosystem,387,1270
supervision,guidelin,guidelines,387,1449
supervision,combin,combination,386,4393
supervision,low,low,386,7975
supervision,loss,losses,385,4683
supervision,minimum,minimum,384,2266
supervision,outcom,outcomes,384,3729
supervision,stanc,stance,384,2989
supervision,confid,confidence,383,5939
supervision,consid,considered,382,3852
supervision,quarter,quarterly,382,5450
supervision,annual,annual,381,5704
supervision,employ,employment,380,5494
supervision,facilit,facilitate,379,4061
supervision,counterparti,counterparties,375,1795
supervision,prospect,prospects,371,3926
supervision,prioriti,priorities,370,2617
supervision,crucial,crucial,368,3640
supervision,flow,flows,368,4872
supervision,due,due,366,5903
supervision,joint,joint,365,2421
supervision,broader,broader,364,3139
supervision,april,april,363,4379
supervision,relationship,relationship,363,3652
supervision,tradit,traditional,361,3507
supervision,mortgag,mortgage,360,2713
supervision,analys,analyses,357,1951
supervision,march,march,357,4840
supervision,novemb,november,357,4044
supervision,return,return,357,6112
supervision,reli,rely,355,3074
supervision,avoid,avoid,352,4650
supervision,aggreg,aggregate,351,4100
supervision,releas,released,350,3160
supervision,cycl,cycle,349,3735
supervision,highlight,highlight,349,3534
supervision,type,types,349,4001
supervision,largest,largest,348,2884
supervision,home,home,347,3416
supervision,interact,interaction,347,2489
supervision,manner,manner,347,3493
supervision,consequ,consequences,346,4799
supervision,deriv,derivatives,346,2836
supervision,organis,organisation,345,2694
supervision,vice,vice,345,1683
supervision,commerci,commercial,343,3206
supervision,pose,pose,342,3217
supervision,engag,engage,341,2783
supervision,compar,compared,339,5859
supervision,scope,scope,339,2997
supervision,defin,defined,338,3667
supervision,decid,decided,335,3906
supervision,fsb,fsb,335,603
supervision,lender,lenders,335,2096
supervision,differ,differences,333,4555
supervision,microprudenti,microprudential,333,322
supervision,septemb,september,333,4825
supervision,extend,extended,332,4305
supervision,guid,guide,331,2476
supervision,special,special,331,3422
supervision,suppli,supply,329,5737
supervision,octob,october,328,4380
supervision,serv,serve,328,4077
supervision,stronger,stronger,326,3531
supervision,expand,expanded,324,4898
supervision,programm,programme,324,2393
supervision,dynam,dynamics,322,3823
supervision,substanti,substantial,322,5408
supervision,instanc,instance,321,3308
supervision,consult,consultation,319,1903
supervision,light,light,319,3061
supervision,analyt,analytical,318,1252
supervision,harmonis,harmonised,317,1097
supervision,cultur,culture,316,1529
supervision,stage,stage,316,3566
supervision,policymak,policymakers,315,2553
supervision,recoveri,recovery,315,4800
supervision,code,codes,313,915
supervision,transit,transition,313,2681
supervision,compon,component,312,2891
supervision,reach,reached,312,5976
supervision,statist,statistics,312,2959
supervision,fair,fair,311,3244
supervision,influenc,influence,311,4466
supervision,lower,lower,310,7285
supervision,appropri,appropriately,307,1782
supervision,intend,intended,307,2884
supervision,make,makes,307,3612
supervision,reinforc,reinforce,307,2608
supervision,shadow,shadow,306,769
supervision,aris,arise,305,3583
supervision,june,june,303,4627
supervision,ultim,ultimately,303,4061
supervision,seek,seek,301,3424
supervision,forc,force,300,5721
supervision,portfolio,portfolio,300,2898
supervision,shift,shift,300,4564
supervision,eas,easing,299,4083
supervision,path,path,299,4059
supervision,methodolog,methodology,297,956
supervision,offer,offer,296,4724
supervision,survey,survey,295,3745
supervision,estim,estimates,294,4772
supervision,intens,intensive,294,2404
supervision,introduct,introduction,294,4569
supervision,fail,fail,293,2908
supervision,respond,respond,292,4529
supervision,decemb,december,291,4036
supervision,rise,rise,290,7022
supervision,depart,department,289,1797
supervision,percent,percent,289,3380
supervision,stand,stand,288,3730
supervision,incorpor,incorporate,286,1872
supervision,lack,lack,286,3483
supervision,extens,extensive,284,2882
supervision,basic,basic,282,3135
supervision,burden,burden,281,2424
supervision,judgement,judgement,281,1049
supervision,pursu,pursued,281,3418
supervision,recognis,recognised,281,2457
supervision,creation,creation,280,2976
supervision,learn,learned,280,3451
supervision,primari,primary,280,3344
supervision,ahead,ahead,277,4302
supervision,possibl,possibility,276,4520
supervision,awar,aware,275,3533
supervision,charg,charge,274,1993
supervision,juli,july,274,3522
supervision,receiv,received,274,3684
supervision,featur,features,273,3557
supervision,find,findings,273,2128
supervision,draw,draw,271,3060
supervision,allow,allowed,270,4080
supervision,concentr,concentration,270,2622
supervision,senior,senior,270,1487
supervision,post,post,268,3439
supervision,mind,mind,267,3694
supervision,previous,previous,267,4976
supervision,talk,talk,267,3760
supervision,clear,clearing,266,1395
supervision,head,heads,265,2054
supervision,led,led,265,5135
supervision,updat,update,265,2211
supervision,fall,fall,263,5581
supervision,januari,january,263,4072
supervision,output,output,263,4169
supervision,gain,gained,262,4780
supervision,purchas,purchases,262,4610
supervision,studi,study,262,3809
supervision,accur,accurately,261,1439
supervision,criteria,criteria,261,1428
supervision,evolut,evolution,261,2271
supervision,team,teams,261,945
supervision,bcbs,bcbs,260,254
supervision,fed,fed,259,1795
supervision,grow,growing,256,6088
supervision,safeguard,safeguards,256,1633
supervision,canada,canada,255,1436
supervision,solvenc,solvency,255,844
supervision,mpc,mpc,254,914
supervision,found,found,253,3982
supervision,recogn,recognize,253,2260
supervision,capabl,capabilities,252,1908
supervision,comment,comments,252,3061
supervision,link,linked,252,4095
supervision,benchmark,benchmark,251,1560
supervision,tailor,tailored,251,742
supervision,topic,topic,251,3059
supervision,forum,forum,250,2325
supervision,sens,sense,250,3852
supervision,strength,strength,250,3067
supervision,branch,branches,249,1482
supervision,multilater,multilateral,249,751
supervision,emphasi,emphasis,248,1669
supervision,ccps,ccps,247,210
supervision,definit,definition,247,2543
supervision,labour,labour,247,3179
supervision,snb,snb,247,493
supervision,stabl,stable,247,5338
supervision,word,words,246,4336
supervision,transfer,transfer,245,2788
supervision,threat,threats,243,2005
supervision,crise,crises,242,2583
supervision,profil,profile,242,1422
supervision,explicit,explicit,241,2070
supervision,aml,aml,240,130
supervision,bond,bond,240,4573
supervision,restrict,restrictions,239,2987
supervision,readi,ready,238,1837
supervision,circumst,circumstances,236,3925
supervision,credibl,credibility,236,3193
supervision,enterpris,enterprise,236,2158
supervision,face,facing,236,4985
supervision,rigor,rigorous,236,793
supervision,technic,technical,236,2593
supervision,warn,warning,236,1118
supervision,dimens,dimension,235,1760
supervision,flexibl,flexibility,235,4337
supervision,materi,material,235,3070
supervision,tighten,tightening,235,3224
supervision,wage,wage,235,3451
supervision,assum,assume,234,3309
supervision,follow,follow,234,2625
supervision,net,net,234,4339
supervision,approv,approval,233,1618
supervision,chart,chart,230,1899
supervision,deliv,deliver,230,3718
supervision,formal,formal,230,1914
supervision,health,health,230,2291
supervision,undertak,undertake,230,1744
supervision,check,check,229,1394
supervision,indonesia,indonesia,229,531
supervision,constant,constantly,227,2098
supervision,transmiss,transmission,227,2723
supervision,announc,announced,226,3667
supervision,behaviour,behaviour,225,2367
supervision,expertis,expertise,224,1220
supervision,qualit,qualitative,223,989
supervision,come,coming,222,3586
supervision,judgment,judgment,222,1384
supervision,agreement,agreement,221,2752
supervision,assur,assurance,221,1469
supervision,collater,collateral,219,2346
supervision,cyclic,cyclical,219,2325
supervision,background,background,217,2511
supervision,gradual,gradually,217,4439
supervision,japan,japan,216,2754
supervision,warrant,warranted,215,1631
supervision,amount,amount,214,5372
supervision,normal,normal,214,3395
supervision,undertaken,undertaken,214,1533
supervision,buffer,buffers,213,1675
supervision,subsidiari,subsidiaries,213,712
supervision,method,methods,212,1854
supervision,pace,pace,212,4311
supervision,parti,party,212,2064
supervision,align,aligned,211,1536
supervision,identif,identification,211,767
supervision,impli,implies,211,3651
supervision,knowledg,knowledge,211,2303
supervision,outlin,outlined,211,1754
supervision,polit,political,211,3423
supervision,adapt,adapt,210,2469
supervision,altern,alternative,210,3154
supervision,host,host,210,1692
supervision,intervent,intervention,210,2138
supervision,job,job,210,4016
supervision,confirm,confirmed,209,2168
supervision,inspect,inspection,209,268
supervision,phase,phase,209,2872
supervision,statutori,statutory,209,1033
supervision,closer,closer,208,2074
supervision,channel,channels,207,3566
supervision,bear,bear,206,3060
supervision,figur,figure,206,3021
supervision,hope,hope,206,3767
supervision,option,options,206,2835
supervision,sign,signs,206,3926
supervision,prudent,prudent,205,1682
supervision,accord,accord,204,1560
supervision,assist,assistance,204,2924
supervision,conflict,conflicts,204,1437
supervision,declin,decline,204,6188
supervision,emphas,emphasize,204,1830
supervision,origin,original,204,3289
supervision,parliament,parliament,204,1316
supervision,impos,imposed,203,2117
supervision,retail,retail,203,2615
supervision,accept,accepted,202,3648
supervision,document,document,202,1895
supervision,rapid,rapidly,202,5422
supervision,concept,concept,201,2274
supervision,negat,negative,201,4577
supervision,variabl,variables,201,2343
supervision,week,week,201,3380
supervision,argu,argue,200,3180
supervision,fourth,fourth,200,2967
supervision,cyber,cyber,199,377
supervision,date,date,199,3333
supervision,formul,formulation,199,1494
supervision,nonbank,nonbank,199,518
supervision,profit,profitability,199,4029
supervision,mutual,mutual,198,1864
supervision,debat,debate,197,3084
supervision,trust,trust,197,2474
supervision,occur,occur,196,4124
supervision,umbrella,umbrella,196,221
supervision,ago,ago,195,4544
supervision,expert,experts,195,1493
supervision,indian,indian,195,993
supervision,local,local,195,2779
supervision,swiss,swiss,195,936
supervision,fpc,fpc,194,271
supervision,treasuri,treasury,193,2328
supervision,total,total,192,5354
supervision,distribut,distribution,191,3296
supervision,assign,assigned,190,1231
supervision,compris,comprising,190,1361
supervision,sanction,sanctions,190,596
supervision,south,south,190,1453
supervision,argument,arguments,189,1979
supervision,calibr,calibrated,189,1204
supervision,entir,entire,189,2254
supervision,foster,foster,189,2729
supervision,top,top,189,2448
supervision,briefli,briefly,188,2485
supervision,maker,makers,188,2292
supervision,scale,scale,188,4021
supervision,answer,answer,187,3179
supervision,conglomer,conglomerates,187,204
supervision,equal,equally,187,3343
supervision,inflationari,inflationary,187,2750
supervision,brought,brought,186,2944
supervision,oblig,obligations,186,2218
supervision,architectur,architecture,185,1033
supervision,februari,february,185,3374
supervision,hard,hard,185,3140
supervision,held,held,185,4386
supervision,strict,strict,185,1215
supervision,advantag,advantage,184,3617
supervision,intermedi,intermediation,184,2405
supervision,volatil,volatility,184,4316
supervision,advers,adverse,183,3374
supervision,agenda,agenda,183,1964
supervision,counter,counter,183,1961
supervision,fulfil,fulfil,183,2423
supervision,treati,treaty,183,1147
supervision,interim,interim,182,513
supervision,letter,letter,182,902
supervision,movement,movements,181,3430
supervision,orient,oriented,181,2029
supervision,peopl,people,181,5413
supervision,precis,precisely,181,2526
supervision,resolv,resolvability,181,2082
supervision,actual,actual,179,2717
supervision,gdp,gdp,179,5136
supervision,high,highly,179,4413
supervision,input,input,179,1955
supervision,idea,idea,178,2951
supervision,nbfcs,nbfcs,178,252
supervision,section,section,178,1437
supervision,articl,article,177,1327
supervision,systemat,systematic,177,1033
supervision,environment,environmental,176,589
supervision,intermediari,intermediaries,176,1604
supervision,maximum,maximum,176,1635
supervision,pre,pre,176,3355
supervision,think,thinking,176,2284
supervision,launch,launched,175,2609
supervision,alloc,allocation,174,2823
supervision,constitut,constituted,174,2278
supervision,yield,yield,174,3716
supervision,congress,congress,173,1283
supervision,difficulti,difficulties,172,3114
supervision,digit,digital,172,1766
supervision,scheme,schemes,172,2039
supervision,centr,centre,171,2140
supervision,persist,persistent,171,3977
supervision,produc,produce,171,3898
supervision,decad,decade,170,5228
supervision,sever,severe,170,3547
supervision,cash,cash,169,3130
supervision,colleagu,colleagues,169,2360
supervision,equiti,equity,169,3634
supervision,moder,moderate,169,3610
supervision,quick,quickly,169,4009
supervision,thrift,thrift,169,291
supervision,wider,wider,169,2198
supervision,compli,comply,168,920
supervision,histor,historical,168,4234
supervision,network,network,168,2132
supervision,pay,pay,168,4025
supervision,simpl,simple,168,2530
supervision,supplement,supplemented,168,914
supervision,happen,happen,167,3181
supervision,larger,larger,167,3756
supervision,rest,rest,166,2876
supervision,uniform,uniform,166,810
supervision,guarante,guarantee,165,2526
supervision,segment,segments,165,2149
supervision,seri,series,165,3345
supervision,cent,cent,164,2484
supervision,half,half,164,5314
supervision,chairman,chairman,163,2614
supervision,expans,expansion,163,4100
supervision,extrem,extremely,163,3449
supervision,inadequ,inadequate,163,983
supervision,launder,laundering,163,373
supervision,pact,pact,163,666
supervision,press,press,163,3160
supervision,stock,stock,163,4154
supervision,techniqu,techniques,163,1076
supervision,fomc,fomc,162,737
supervision,prove,proved,162,2940
supervision,weight,weight,162,2721
supervision,desir,desirable,161,3117
supervision,entrust,entrusted,161,479
supervision,estat,estate,161,1659
supervision,auditor,auditors,160,256
supervision,billion,billion,160,3614
supervision,prompt,prompt,160,1981
supervision,administr,administration,159,1742
supervision,australian,australian,159,643
supervision,demonstr,demonstrated,159,2663
supervision,distinct,distinct,159,1937
supervision,primarili,primarily,159,2257
supervision,safe,safe,159,2315
supervision,remov,remove,158,2372
supervision,smooth,smooth,158,3000
supervision,track,track,158,2006
supervision,concret,concrete,157,1112
supervision,inter,inter,157,1400
supervision,lie,lies,157,2167
supervision,lot,lot,157,2569
supervision,peer,peer,157,897
supervision,russia,russia,157,853
supervision,assumpt,assumptions,156,2185
supervision,fit,fit,156,1495
supervision,obtain,obtain,156,2140
supervision,offici,official,156,2490
supervision,solut,solutions,156,2734
supervision,true,true,156,3497
supervision,vari,varying,156,2554
supervision,detect,detect,155,700
supervision,restructur,restructuring,155,1643
supervision,signal,signals,155,2467
supervision,histori,history,154,3584
supervision,insight,insights,154,1725
supervision,apra,apra,153,125
supervision,overse,oversee,153,495
supervision,simpli,simply,153,2910
supervision,tax,tax,153,3313
supervision,explor,explore,152,1980
supervision,labor,labor,152,1955
supervision,reveal,revealed,152,1819
supervision,anti,anti,151,654
supervision,notabl,notably,151,2809
supervision,construct,construction,150,2949
supervision,downsid,downside,150,1935
supervision,person,personal,150,3413
supervision,fsa,fsa,149,217
supervision,preserv,preserve,149,2261
supervision,skill,skills,149,2025
supervision,societi,society,149,3110
supervision,spillov,spillovers,149,1283
supervision,draft,draft,148,1031
supervision,facil,facilities,148,2596
supervision,liabil,liabilities,148,2428
supervision,shape,shape,148,2324
supervision,covid,covid,147,908
supervision,probabl,probability,147,1664
supervision,inclus,inclusion,146,1563
supervision,optim,optimal,146,2390
supervision,add,add,145,2589
supervision,creditworthi,creditworthiness,145,635
supervision,frank,frank,145,774
supervision,reliabl,reliable,145,1717
supervision,touch,touch,145,1878
supervision,unemploy,unemployment,145,3709
supervision,vital,vital,145,1992
supervision,generat,generate,144,4528
supervision,judg,judge,144,2373
supervision,multipl,multiple,144,1854
supervision,switzerland,switzerland,144,1019
supervision,adher,adherence,143,869
supervision,sensit,sensitive,143,2129
supervision,captur,capture,142,1759
supervision,deficit,deficit,142,2942
supervision,oversea,overseas,142,1364
supervision,varieti,variety,142,2266
supervision,analyz,analyze,141,1026
supervision,associ,association,141,2577
supervision,behavior,behavior,141,1631
supervision,defici,deficiencies,141,669
supervision,divis,division,141,705
supervision,vigil,vigilant,141,912
supervision,averag,average,140,6041
supervision,entail,entails,140,1577
supervision,likelihood,likelihood,140,1264
supervision,envisag,envisaged,139,1046
supervision,proport,proportionality,139,2122
supervision,appear,appears,138,3517
supervision,attempt,attempt,138,2403
supervision,colleg,colleges,138,752
supervision,complic,complicated,138,1691
supervision,hedg,hedge,138,1452
supervision,intensifi,intensified,138,1563
supervision,save,savings,138,4278
supervision,index,index,137,3414
supervision,refin,refine,137,1091
supervision,train,training,137,1606
supervision,canadian,canadian,136,756
supervision,collabor,collaboration,136,1308
supervision,interpret,interpretation,136,1925
supervision,ordin,ordination,136,662
supervision,predict,predict,136,2939
supervision,select,selected,136,1785
supervision,empir,empirical,135,1955
supervision,illustr,illustrate,135,2580
supervision,onlin,online,135,974
supervision,typic,typically,135,3034
supervision,discret,discretion,134,931
supervision,feedback,feedback,134,1256
supervision,modern,modern,134,1997
supervision,clarifi,clarify,133,1107
supervision,august,august,132,3284
supervision,elabor,elaborate,132,1280
supervision,grant,granted,132,1905
supervision,indirect,indirect,132,1913
supervision,leav,leave,132,2765
supervision,pandem,pandemic,132,1193
supervision,proactiv,proactive,132,780
supervision,shown,shown,132,3475
supervision,avail,availability,131,2336
supervision,express,expressed,131,3319
supervision,horizon,horizon,131,2269
supervision,pass,passed,131,3005
supervision,treatment,treatment,131,1132
supervision,scap,scap,130,38
supervision,valuat,valuation,130,1291
supervision,moment,moment,129,2291
supervision,recognit,recognition,129,1610
supervision,record,record,129,3774
supervision,social,social,129,3539
supervision,spread,spread,129,3945
supervision,default,default,128,1811
supervision,doubt,doubt,128,2902
supervision,escb,escb,128,345
supervision,foundat,foundation,128,2405
supervision,sovereign,sovereign,128,1930
supervision,speak,speak,128,3502
supervision,status,status,128,1427
supervision,underpin,underpinning,128,1746
supervision,accommod,accommodation,127,2864
supervision,disrupt,disruption,127,2793
supervision,emphasis,emphasise,127,1654
supervision,favour,favour,127,2680
supervision,permit,permitted,127,1451
supervision,reduct,reduction,127,4021
supervision,round,round,127,1603
supervision,depositori,depository,126,703
supervision,summari,summary,126,1625
supervision,china,china,125,2379
supervision,contact,contact,125,3282
supervision,dealer,dealers,125,823
supervision,chief,chief,124,765
supervision,describ,describe,124,1676
supervision,fintech,fintech,124,422
supervision,insuffici,insufficient,124,1397
supervision,valuabl,valuable,124,1646
supervision,stem,stemming,123,1922
supervision,toolkit,toolkit,123,502
supervision,worth,worth,123,2593
supervision,creditor,creditors,122,1060
supervision,driven,driven,122,3229
supervision,fix,fixed,122,3772
supervision,prevail,prevailing,122,2090
supervision,absorb,absorb,121,2346
supervision,list,list,121,2101
supervision,moral,moral,121,1104
supervision,amend,amendments,120,998
supervision,charter,chartered,120,522
supervision,deputi,deputy,120,2603
supervision,necessarili,necessarily,120,2857
supervision,reput,reputational,120,1020
supervision,strateg,strategic,120,1377
supervision,substitut,substitute,120,1551
supervision,contrast,contrast,119,3156
supervision,late,late,119,3495
supervision,notic,notice,119,1858
supervision,oil,oil,119,3013
supervision,suitabl,suitable,119,1019
supervision,anticip,anticipate,118,2653
supervision,budgetari,budgetary,118,692
supervision,depth,depth,118,1439
supervision,exampl,examples,118,2122
supervision,instabl,instability,118,1772
supervision,nomin,nominal,118,3211
supervision,securitis,securitisation,118,721
supervision,categori,category,117,1573
supervision,fsoc,fsoc,117,74
supervision,keep,keeping,117,2514
supervision,riski,riskiness,117,1364
supervision,valid,valid,117,994
supervision,contract,contracts,116,3181
supervision,except,exception,116,2735
supervision,intellig,intelligence,116,704
supervision,neutral,neutral,116,1210
supervision,presid,president,116,2858
supervision,stakehold,stakeholders,116,1248
supervision,basl,basle,115,145
supervision,mark,mark,115,4235
supervision,prior,prior,115,2136
supervision,threshold,threshold,115,881
supervision,absenc,absence,114,1949
supervision,ad,added,114,3076
supervision,bubbl,bubble,114,1532
supervision,choic,choice,114,2608
supervision,compens,compensation,114,1922
supervision,dodd,dodd,114,283
supervision,hazard,hazard,114,977
supervision,put,putting,114,1782
supervision,stringent,stringent,114,532
supervision,synergi,synergies,114,505
supervision,upsid,upside,114,1223
supervision,advis,advised,113,976
supervision,australia,australia,113,1128
supervision,deleg,delegated,113,562
supervision,duti,duties,113,902
supervision,eba,eba,113,140
supervision,pictur,picture,113,1909
supervision,poor,poor,113,1859
supervision,affili,affiliates,112,353
supervision,built,built,112,2054
supervision,calcul,calculations,112,2373
supervision,contagion,contagion,112,1103
supervision,player,players,112,1621
supervision,prefer,preference,112,2604
supervision,realist,realistic,112,842
supervision,anchor,anchored,111,2595
supervision,deliber,deliberations,111,1496
supervision,divers,diversity,111,1999
supervision,join,join,111,2010
supervision,profession,professional,111,1731
supervision,sharehold,shareholders,111,1158
supervision,merit,merits,110,866
supervision,spend,spending,110,3936
supervision,state,stated,110,1641
supervision,uniqu,unique,110,2049
supervision,vis,vis,110,814
supervision,accumul,accumulation,109,2386
supervision,acknowledg,acknowledge,109,1880
supervision,characterist,characteristics,109,2008
supervision,coupl,coupled,109,2534
supervision,live,live,109,4149
supervision,margin,margin,109,3172
supervision,opinion,opinion,109,2026
supervision,sole,solely,109,1420
supervision,depositor,depositors,108,850
supervision,easi,easy,108,2585
supervision,frankfurt,frankfurt,108,2690
supervision,justifi,justified,108,1362
supervision,properti,property,108,1669
supervision,connect,connection,107,2157
supervision,differenti,differentiated,107,1648
supervision,encompass,encompasses,107,839
supervision,surpris,surprising,107,2977
supervision,tend,tend,107,3419
supervision,constraint,constraints,106,2529
supervision,convent,conventional,106,1970
supervision,distinguish,distinguished,106,2354
supervision,inher,inherent,106,1483
supervision,page,page,106,981
supervision,trigger,trigger,106,2522
supervision,disclos,disclose,105,714
supervision,frequent,frequently,105,1903
supervision,front,front,105,2179
supervision,give,giving,105,1919
supervision,investig,investigation,105,828
supervision,remedi,remedial,105,656
supervision,advisori,advisory,104,541
supervision,elimin,eliminate,104,1980
supervision,franc,franc,104,1653
supervision,packag,package,104,1398
supervision,remind,remind,104,1690
supervision,shortcom,shortcomings,104,604
supervision,slack,slack,104,935
supervision,sophist,sophisticated,104,1329
supervision,budget,budget,103,2287
supervision,complementari,complementary,103,896
supervision,cra,cra,103,127
supervision,gather,gathering,103,1554
supervision,horizont,horizontal,103,254
supervision,intrus,intrusive,103,180
supervision,relianc,reliance,103,1075
supervision,resort,resort,103,1302
supervision,subsequ,subsequent,103,2908
supervision,wrong,wrong,103,1421
supervision,african,african,102,645
supervision,licens,licensing,102,454
supervision,util,utilities,102,1587
supervision,africa,africa,101,838
supervision,baselin,baseline,101,815
supervision,emu,emu,101,737
supervision,fragment,fragmentation,101,976
supervision,free,free,101,3165
supervision,laid,laid,101,1101
supervision,nonetheless,nonetheless,101,1675
supervision,parallel,parallel,101,1282
supervision,prescrib,prescribed,101,603
supervision,deviat,deviations,100,1729
supervision,fsap,fsap,100,96
supervision,promin,prominent,100,1606
supervision,qqe,qqe,100,291
supervision,realiti,reality,100,1969
supervision,screen,screening,100,351
supervision,valu,values,100,2317
supervision,book,book,99,1919
supervision,confidenti,confidential,99,304
supervision,consensus,consensus,99,1950
supervision,drawn,drawn,99,1487
supervision,easier,easier,99,1990
supervision,economist,economists,99,2644
supervision,ground,ground,99,1777
supervision,temporari,temporary,99,3009
supervision,tier,tier,99,751
supervision,asian,asian,98,1718
supervision,authoris,authorisation,98,512
supervision,clariti,clarity,98,884
supervision,transform,transformation,98,2241
supervision,commod,commodity,97,2784
supervision,deterior,deterioration,97,2621
supervision,employe,employees,97,1679
supervision,export,exports,97,3721
supervision,expos,exposed,97,1965
supervision,london,london,97,1862
supervision,slow,slow,97,3983
supervision,devot,devoted,96,996
supervision,linkag,linkages,96,1031
supervision,platform,platform,96,1351
supervision,restor,restore,96,2240
supervision,scrutini,scrutiny,96,579
supervision,underwrit,underwriting,96,692
supervision,univers,university,96,3310
supervision,dialogu,dialogue,95,958
supervision,owner,owners,95,917
supervision,perimet,perimeter,95,202
supervision,srep,srep,95,31
supervision,bsa,bsa,94,29
supervision,iosco,iosco,94,271
supervision,obvious,obvious,94,1878
supervision,sifi,sifis,94,145
supervision,upgrad,upgrade,94,793
supervision,user,users,94,1337
supervision,bad,bad,93,2045
supervision,intent,intention,93,1885
supervision,minim,minimize,93,1293
supervision,right,rights,93,1708
supervision,rulebook,rulebook,93,197
supervision,underway,underway,93,1036
supervision,ccar,ccar,92,47
supervision,deepen,deepening,92,1695
supervision,efficaci,efficacy,92,396
supervision,equip,equipped,92,1574
supervision,germani,germany,92,3407
supervision,matur,maturity,92,3104
supervision,washington,washington,92,1838
supervision,accompani,accompanied,91,2491
supervision,appreci,appreciation,91,2730
supervision,coverag,coverage,91,1102
supervision,curv,curve,91,2035
supervision,dilig,diligence,91,475
supervision,experienc,experienced,91,3718
supervision,interag,interagency,91,205
supervision,interconnected,interconnectedness,91,475
supervision,magnitud,magnitude,91,1585
supervision,map,map,91,635
supervision,preliminari,preliminary,91,680
supervision,pro,pro,91,753
supervision,theme,theme,91,1680
supervision,unifi,unified,91,506
supervision,upward,upward,91,2854
supervision,apprais,appraisal,90,339
supervision,contain,contained,90,1670
supervision,cut,cut,90,3228
supervision,esa,esas,90,62
supervision,met,met,90,1733
supervision,otc,otc,90,445
supervision,paramet,parameters,90,864
supervision,repay,repayment,90,1126
supervision,submit,submit,90,939
supervision,undermin,undermine,90,1659
supervision,understood,understood,90,1704
supervision,weaken,weakening,90,2480
supervision,centralis,centralised,89,425
supervision,drive,driving,89,2678
supervision,electron,electronic,89,1349
supervision,eye,eye,89,1010
supervision,fraud,fraud,89,493
supervision,hear,hearing,89,1580
supervision,metric,metrics,89,542
supervision,motiv,motivated,89,1390
supervision,american,american,88,2487
supervision,believ,believes,88,1412
supervision,energi,energy,88,2882
supervision,enter,enter,88,2638
supervision,frame,frame,88,815
supervision,locat,located,88,1481
supervision,react,react,88,1661
supervision,request,request,88,1044
supervision,uncertain,uncertain,88,2112
supervision,unchang,unchanged,88,1576
supervision,arbitrag,arbitrage,87,858
supervision,bound,bound,87,1846
supervision,consumpt,consumption,87,3544
supervision,daili,daily,87,1611
supervision,educ,education,87,2206
supervision,proceed,proceed,87,2105
supervision,realiz,realized,87,1675
supervision,retain,retain,87,1565
supervision,turmoil,turmoil,87,1251
supervision,ccp,ccp,86,172
supervision,convinc,convinced,86,1642
supervision,cpi,cpi,86,1766
supervision,fca,fca,86,237
supervision,solid,solid,86,2019
supervision,appetit,appetite,85,979
supervision,client,clients,85,862
supervision,exclus,exclusively,85,1305
supervision,frequenc,frequency,85,1077
supervision,mid,mid,85,3196
supervision,perman,permanent,85,1995
supervision,promis,promising,85,1813
supervision,randal,randal,85,141
supervision,food,food,84,2266
supervision,landscap,landscape,84,1145
supervision,left,left,84,2434
supervision,meaning,meaningful,84,1160
supervision,quarl,quarles,84,76
supervision,stricter,stricter,84,348
supervision,underscor,underscored,84,863
supervision,vol,vol,84,1389
supervision,volum,volume,84,2834
supervision,downward,downward,83,2653
supervision,earn,earnings,83,2536
supervision,invit,inviting,83,3025
supervision,kingdom,kingdom,83,1608
supervision,mix,mix,83,1763
supervision,perceiv,perceived,83,2014
supervision,surround,surrounding,83,1538
supervision,bit,bit,82,1585
supervision,dedic,dedicated,82,864
supervision,domain,domain,82,633
supervision,equival,equivalent,82,1572
supervision,format,formation,82,1682
supervision,manual,manual,82,281
supervision,momentum,momentum,82,2011
supervision,percentag,percentage,82,3393
supervision,princip,principal,82,1431
supervision,replac,replace,82,1990
supervision,sale,sales,82,2704
supervision,abroad,abroad,81,2269
supervision,afford,afford,81,1427
supervision,comparison,comparison,81,1907
supervision,conting,contingency,81,1046
supervision,episod,episode,81,1880
supervision,human,human,81,1998
supervision,life,life,81,2425
supervision,necess,necessity,81,829
supervision,present,presentation,81,1611
supervision,repeat,repeat,81,1840
supervision,taxpay,taxpayers,81,731
supervision,watch,watch,81,1114
supervision,barrier,barriers,80,1425
supervision,begun,begun,80,1352
supervision,center,center,80,1514
supervision,crypto,crypto,80,135
supervision,dollar,dollar,80,3458
supervision,issuer,issuers,80,946
supervision,messag,message,80,1523
supervision,mission,mission,80,911
supervision,pbc,pbc,80,139
supervision,presenc,presence,80,1597
supervision,reaction,reaction,80,1657
supervision,affair,affairs,79,1542
supervision,bilater,bilateral,79,831
supervision,heighten,heightened,79,1624
supervision,kyc,kyc,79,170
supervision,liscc,liscc,79,24
supervision,appoint,appointment,78,695
supervision,comptrol,comptroller,78,233
supervision,ladi,ladies,78,2554
supervision,push,push,78,2861
supervision,summer,summer,78,2026
supervision,ten,ten,78,2188
supervision,attribut,attributes,77,2055
supervision,automat,automatic,77,1412
supervision,bias,bias,77,1028
supervision,caus,caused,77,3263
supervision,diverg,divergence,77,1322
supervision,easili,easily,77,2076
supervision,great,greatly,77,1665
supervision,inevit,inevitably,77,2058
supervision,instruct,instructions,77,709
supervision,prime,prime,77,1452
supervision,rational,rationale,77,793
supervision,rba,rba,77,356
supervision,recov,recover,77,2671
supervision,simultan,simultaneously,77,1449
supervision,sort,sort,77,1267
supervision,alongsid,alongside,76,1050
supervision,bottom,bottom,76,1253
supervision,central,centralized,76,583
supervision,embed,embedded,76,911
supervision,green,green,76,813
supervision,panel,panel,76,1292
supervision,acceler,accelerate,75,3380
supervision,attract,attract,75,2992
supervision,ben,ben,75,891
supervision,countercycl,countercyclical,75,641
supervision,elev,elevated,75,1629
supervision,gentlemen,gentlemen,75,2466
supervision,healthi,healthy,75,1626
supervision,libor,libor,75,449
supervision,ministri,ministry,75,945
supervision,peak,peaks,75,2452
supervision,rbs,rbs,75,94
supervision,recess,recession,75,2811
supervision,relax,relaxation,75,921
supervision,root,root,75,1322
supervision,sarb,sarb,75,177
supervision,stablecoin,stablecoins,75,121
supervision,swift,swift,75,971
supervision,tabl,table,75,1486
supervision,andrew,andrew,74,841
supervision,card,card,74,1207
supervision,cft,cft,74,55
supervision,comfort,comfort,74,1239
supervision,elig,eligible,74,1193
supervision,fdic,fdic,74,288
supervision,feasibl,feasibility,74,950
supervision,feel,feel,74,1948
supervision,focuss,focussed,74,539
supervision,lamfalussi,lamfalussy,74,143
supervision,occas,occasion,74,2208
supervision,threaten,threaten,74,1597
supervision,tighter,tighter,74,1106
supervision,ant,ante,73,623
supervision,backdrop,backdrop,73,1367
supervision,bulletin,bulletin,73,1173
supervision,fashion,fashion,73,956
supervision,handl,handling,73,1282
supervision,ideal,ideal,73,918
supervision,lay,lay,73,1047
supervision,revers,reverse,73,2875
supervision,tight,tight,73,1751
supervision,treat,treated,73,1085
supervision,websit,website,73,1398
supervision,absolut,absolutely,72,1349
supervision,acquir,acquired,72,1361
supervision,bernank,bernanke,72,965
supervision,deep,deep,72,1903
supervision,defenc,defence,72,542
supervision,eventu,eventually,72,2456
supervision,imper,imperative,72,958
supervision,layer,layer,72,421
supervision,overcom,overcome,72,1805
supervision,remit,remit,72,539
supervision,secreci,secrecy,72,129
supervision,sepa,sepa,72,138
supervision,spring,spring,72,1543
supervision,counterpart,counterparts,71,946
supervision,explan,explanation,71,1555
supervision,heart,heart,71,1162
supervision,insolv,insolvency,71,704
supervision,journal,journal,71,1844
supervision,optimist,optimistic,71,1064
supervision,overhaul,overhaul,71,312
supervision,pick,pick,71,2382
supervision,proportion,proportionate,71,338
supervision,recal,recall,71,1379
supervision,ucb,ucbs,71,61
supervision,broker,broker,70,534
supervision,compat,compatible,70,657
supervision,deeper,deeper,70,1252
supervision,delay,delay,70,1985
supervision,equilibrium,equilibrium,70,1333
supervision,last,lasting,70,2029
supervision,news,news,70,2023
supervision,routin,routine,70,499
supervision,translat,translate,70,1473
supervision,window,window,70,875
supervision,agent,agents,69,1852
supervision,cautious,cautious,69,1369
supervision,decreas,decrease,69,2401
supervision,fee,fees,69,883
supervision,match,matching,69,1479
supervision,strive,strive,69,1047
supervision,sum,sum,69,2043
supervision,tendenc,tendency,69,1447
supervision,underlin,underline,69,870
supervision,alter,alter,68,1203
supervision,exclud,excluding,68,2434
supervision,finalis,finalised,68,464
supervision,issuanc,issuance,68,1701
supervision,membership,membership,68,829
supervision,narrow,narrow,68,2072
supervision,own,owned,68,1126
supervision,qualifi,qualified,68,900
supervision,repo,repo,68,1314
supervision,appar,apparent,67,2002
supervision,danger,danger,67,1327
supervision,essenc,essence,67,858
supervision,item,items,67,1385
supervision,japanes,japanese,67,1315
supervision,lax,lax,67,289
supervision,meant,meant,67,1568
supervision,overview,overview,67,922
supervision,pleas,pleased,67,1678
supervision,strike,strike,67,1628
supervision,violat,violations,67,381
supervision,wholesal,wholesale,67,1341
supervision,centuri,century,66,2500
supervision,content,content,66,979
supervision,holist,holistic,66,295
supervision,impair,impaired,66,1402
supervision,leader,leaders,66,1755
supervision,mexico,mexico,66,803
supervision,prescript,prescriptions,66,621
supervision,rural,rural,66,819
supervision,verifi,verify,66,378
supervision,worldwid,worldwide,66,1475
supervision,arm,arm,65,442
supervision,claim,claim,65,1848
supervision,constrain,constrained,65,1765
supervision,lag,lags,65,2066
supervision,penalti,penalties,65,404
supervision,pension,pension,65,1534
supervision,percept,perception,65,1887
supervision,schedul,scheduled,65,1283
supervision,slowdown,slowdown,65,2256
supervision,statut,statute,65,548
supervision,stay,stay,65,1999
supervision,summaris,summarise,65,746
supervision,academ,academic,64,1745
supervision,backstop,backstop,64,586
supervision,composit,composition,64,1653
supervision,geograph,geographical,64,1026
supervision,heavili,heavily,64,1555
supervision,mandatori,mandatory,64,469
supervision,ownership,ownership,64,1066
supervision,regist,registered,64,1210
supervision,steer,steering,64,806
supervision,themat,thematic,64,104
supervision,viabil,viability,64,551
supervision,attach,attached,63,1116
supervision,bind,binding,63,673
supervision,compromis,compromising,63,852
supervision,damag,damage,63,1889
supervision,deem,deemed,63,829
supervision,deploy,deployment,63,917
supervision,dissemin,dissemination,63,609
supervision,imposs,impossible,63,1174
supervision,literatur,literature,63,1295
supervision,newli,newly,63,887
supervision,personnel,personnel,63,428
supervision,piec,pieces,63,808
supervision,premium,premium,63,1864
supervision,slight,slightly,63,2576
supervision,suit,suited,63,1038
supervision,tackl,tackle,63,1347
supervision,unpreced,unprecedented,63,1825
supervision,first,firstly,62,682
supervision,forthcom,forthcoming,62,998
supervision,insid,inside,62,779
supervision,interven,intervene,62,951
supervision,modifi,modified,62,707
supervision,part,partly,62,2445
supervision,pure,purely,62,1041
supervision,pursuit,pursuit,62,1141
supervision,theori,theory,62,2021
supervision,upcom,upcoming,62,476
supervision,vote,voting,62,947
supervision,alert,alert,61,626
supervision,attain,attaining,61,1060
supervision,boom,boom,61,1865
supervision,breach,breaches,61,508
supervision,coher,coherent,61,527
supervision,dispos,disposal,61,1449
supervision,distort,distortions,61,1589
supervision,exploit,exploit,61,1123
supervision,fmis,fmis,61,67
supervision,negoti,negotiations,61,1250
supervision,quantifi,quantify,61,696
supervision,session,session,61,928
supervision,unusu,unusual,61,1593
supervision,administ,administered,60,640
supervision,expens,expenses,60,1733
supervision,interconnect,interconnected,60,827
supervision,multi,multi,60,951
supervision,pattern,patterns,60,2225
supervision,plausibl,plausible,60,812
supervision,procycl,procyclicality,60,436
supervision,sama,sama,60,73
supervision,speed,speed,60,1947
supervision,utmost,utmost,60,729
supervision,ambiti,ambitious,59,889
supervision,citizen,citizens,59,1737
supervision,class,class,59,1524
supervision,compos,composed,59,377
supervision,convers,conversely,59,1450
supervision,exert,exert,59,1345
supervision,physic,physical,59,1424
supervision,rememb,remember,59,1565
supervision,turkey,turkey,59,482
supervision,unlik,unlike,59,1567
supervision,advic,advice,58,814
supervision,banknot,banknotes,58,873
supervision,conceptu,conceptual,58,709
supervision,daniel,daniel,58,446
supervision,exceed,exceed,58,2667
supervision,fast,fast,58,1666
supervision,fluctuat,fluctuations,58,2436
supervision,materialis,materialise,58,855
supervision,migrat,migration,58,771
supervision,outsourc,outsourcing,58,353
supervision,parent,parent,58,502
supervision,renew,renewed,58,1701
supervision,simul,simulations,58,563
supervision,spirit,spirit,58,1177
supervision,streamlin,streamline,58,499
supervision,suffer,suffered,58,2177
supervision,tension,tensions,58,1266
supervision,usual,usual,58,1182
supervision,bailey,bailey,57,278
supervision,domin,dominated,57,2130
supervision,faster,faster,57,2611
supervision,gaug,gauge,57,732
supervision,genuin,genuine,57,906
supervision,induc,induce,57,1592
supervision,merger,mergers,57,662
supervision,order,orderly,57,1236
supervision,pdf,pdf,57,549
supervision,revenu,revenue,57,1681
supervision,satisfi,satisfy,57,1008
supervision,stop,stop,57,1811
supervision,analyst,analysts,56,971
supervision,approxim,approximately,56,1547
supervision,asia,asia,56,1718
supervision,break,break,56,1522
supervision,choos,choose,56,1632
supervision,commensur,commensurate,56,517
supervision,databas,database,56,646
supervision,entri,entry,56,1227
supervision,fine,fine,56,956
supervision,philosophi,philosophy,56,333
supervision,secondari,secondary,56,1187
supervision,turbul,turbulence,56,1244
supervision,twenti,twenty,56,1138
supervision,use,usefulness,56,453
supervision,virtual,virtually,56,1742
supervision,voluntari,voluntary,56,532
supervision,wake,wake,56,1280
supervision,alia,alia,55,475
supervision,benefici,beneficial,55,1244
supervision,bfs,bfs,55,41
supervision,box,box,55,701
supervision,deserv,deserve,55,731
supervision,finma,finma,55,62
supervision,implicit,implicit,55,1054
supervision,incid,incident,55,643
supervision,nabiullina,nabiullina,55,124
supervision,russian,russian,55,508
supervision,securit,securitization,55,704
supervision,subprim,subprime,55,520
supervision,visibl,visible,55,1159
supervision,vision,vision,55,949
supervision,bill,bill,54,1528
supervision,classif,classification,54,394
supervision,diversifi,diversified,54,1382
supervision,dual,dual,54,733
supervision,exit,exit,54,1277
supervision,feed,feed,54,953
supervision,kind,kinds,54,879
supervision,minist,ministers,54,1294
supervision,miss,missing,54,1025
supervision,npls,npls,54,185
supervision,place,placing,54,534
supervision,satisfactori,satisfactory,54,495
supervision,tarullo,tarullo,54,118
supervision,vast,vast,54,1252
supervision,block,block,53,638
supervision,broaden,broadening,53,1086
supervision,chain,chain,53,1696
supervision,conjunct,conjunction,53,501
supervision,contrari,contrary,53,1331
supervision,endeavour,endeavour,53,675
supervision,media,media,53,3321
supervision,oecd,oecd,53,1054
supervision,prepared,preparedness,53,224
supervision,road,road,53,1324
supervision,third,thirdly,53,1279
supervision,urg,urge,53,633
supervision,vehicl,vehicles,53,1292
supervision,york,york,53,1643
supervision,deflat,deflation,52,1643
supervision,distress,distress,52,930
supervision,endors,endorsed,52,495
supervision,granular,granular,52,294
supervision,morn,morning,52,1544
supervision,obstacl,obstacles,52,798
supervision,overlap,overlap,52,450
supervision,quantiti,quantity,52,1342
supervision,read,read,52,1588
supervision,realis,realise,52,1311
supervision,sec,sec,52,234
supervision,solv,solve,52,1272
supervision,tie,tied,52,1148
supervision,candid,candid,51,461
supervision,citi,city,51,2222
supervision,enact,enacted,51,758
supervision,favor,favorable,51,1575
supervision,globalis,globalisation,51,1194
supervision,harder,harder,51,967
supervision,hike,hikes,51,912
supervision,korea,korea,51,791
supervision,popular,popularly,51,998
supervision,prerequisit,prerequisite,51,801
supervision,prohibit,prohibition,51,676
supervision,sharp,sharp,51,3042
supervision,sought,sought,51,1150
supervision,swap,swap,51,1573
supervision,testimoni,testimony,51,697
supervision,undergo,undergo,51,618
supervision,unintend,unintended,51,514
supervision,viabl,viable,51,850
supervision,caution,caution,50,978
supervision,deliveri,delivery,50,1293
supervision,devis,devise,50,603
supervision,eme,emes,50,305
supervision,isol,isolation,50,779
supervision,modest,modest,50,1978
supervision,partner,partners,50,1857
supervision,preced,preceding,50,1472
supervision,simplifi,simplified,50,750
supervision,advoc,advocates,49,835
supervision,cope,cope,49,1125
supervision,engin,engine,49,1292
supervision,forese,foresee,49,910
supervision,immedi,immediately,49,1729
supervision,imped,impede,49,612
supervision,interbank,interbank,49,1250
supervision,lean,lean,49,537
supervision,michael,michael,49,695
supervision,minut,minutes,49,1164
supervision,over,overly,49,716
supervision,paid,paid,49,1993
supervision,perfect,perfect,49,1254
supervision,space,space,49,1327
supervision,specialis,specialised,49,446
supervision,steadi,steady,49,1955
supervision,text,text,49,771
supervision,theoret,theoretical,49,1071
supervision,troubl,troubled,49,1073
supervision,agricultur,agricultural,48,1379
supervision,attitud,attitude,48,1021
supervision,boost,boost,48,2761
supervision,downturn,downturn,48,1827
supervision,file,filed,48,431
supervision,headlin,headline,48,1228
supervision,inflow,inflows,48,1492
supervision,pertain,pertaining,48,549
supervision,pilot,pilot,48,417
supervision,score,score,48,567
supervision,stipul,stipulated,48,577
supervision,taker,takers,48,180
supervision,urgent,urgent,48,943
supervision,wait,wait,48,1033
supervision,written,written,48,874
supervision,accomplish,accomplished,47,874
supervision,aid,aid,47,924
supervision,albeit,albeit,47,1431
supervision,bridg,bridge,47,793
supervision,discount,discount,47,1220
supervision,embodi,embodied,47,683
supervision,era,era,47,1267
supervision,erm,erm,47,259
supervision,error,errors,47,952
supervision,fill,fill,47,814
supervision,fora,fora,47,371
supervision,gear,geared,47,760
supervision,inconsist,inconsistencies,47,764
supervision,islam,islamic,47,92
supervision,partial,partial,47,1259
supervision,predomin,predominantly,47,959
supervision,recapitalis,recapitalisation,47,384
supervision,risen,risen,47,2316
supervision,school,school,47,1710
supervision,search,search,47,1319
supervision,titl,title,47,876
supervision,unnecessari,unnecessary,47,692
supervision,urban,urban,47,953
supervision,widespread,widespread,47,1984
supervision,withdraw,withdraw,47,1386
supervision,wood,woods,47,667
supervision,admit,admittedly,46,917
supervision,art,art,46,713
supervision,augment,augmented,46,666
supervision,autom,automated,46,638
supervision,autumn,autumn,46,971
supervision,collaps,collapse,46,1881
supervision,dear,dear,46,765
supervision,defens,defense,46,432
supervision,expenditur,expenditure,46,2140
supervision,holder,holders,46,886
supervision,interplay,interplay,46,323
supervision,lectur,lecture,46,1205
supervision,manufactur,manufacturing,46,2306
supervision,middl,middle,46,2030
supervision,mpm,mpm,46,147
supervision,numer,numerous,46,1495
supervision,overseen,overseen,46,108
supervision,reiter,reiterate,46,705
supervision,ring,ring,46,261
supervision,scienc,science,46,931
supervision,seminar,seminar,46,822
supervision,shortfal,shortfalls,46,675
supervision,stabilis,stabilise,46,1982
supervision,summar,summarize,46,739
supervision,tougher,tougher,46,197
supervision,unconvent,unconventional,46,1008
supervision,underestim,underestimated,46,832
supervision,wit,witnessed,46,1579
supervision,asymmetri,asymmetries,45,538
supervision,confront,confront,45,1468
supervision,correl,correlation,45,1312
supervision,decentralis,decentralised,45,331
supervision,harm,harm,45,932
supervision,huge,huge,45,1681
supervision,ignor,ignore,45,1001
supervision,indispens,indispensable,45,592
supervision,larosier,larosiere,45,62
supervision,leadership,leadership,45,941
supervision,licenc,licence,45,190
supervision,lose,lose,45,1853
supervision,mistak,mistakes,45,877
supervision,simpler,simpler,45,372
supervision,stori,story,45,1627
supervision,weather,weather,45,1125
supervision,weigh,weigh,45,1547
supervision,attend,attend,44,1191
supervision,correspond,correspondent,44,1249
supervision,cumul,cumulative,44,1230
supervision,dampen,dampen,44,1029
supervision,embrac,embrace,44,620
supervision,extraordinari,extraordinary,44,1494
supervision,fenc,fencing,44,207
supervision,fhcs,fhcs,44,12
supervision,grade,grade,44,520
supervision,graph,graph,44,520
supervision,insist,insist,44,402
supervision,legitim,legitimate,44,567
supervision,maastricht,maastricht,44,537
supervision,mainten,maintenance,44,1017
supervision,occasion,occasional,44,903
supervision,safer,safer,44,581
supervision,straightforward,straightforward,44,739
supervision,withstand,withstand,44,716
supervision,aftermath,aftermath,43,1202
supervision,ceb,cebs,43,35
supervision,ceo,ceo,43,375
supervision,chanc,chance,43,1286
supervision,complaint,complaints,43,267
supervision,conserv,conservative,43,787
supervision,cpmi,cpmi,43,103
supervision,divid,divided,43,899
supervision,elvira,elvira,43,138
supervision,empow,empowered,43,485
supervision,ethic,ethical,43,364
supervision,icaap,icaap,43,23
supervision,interdepend,interdependencies,43,624
supervision,mere,mere,43,526
supervision,million,million,43,2765
supervision,ncbs,ncbs,43,133
supervision,offset,offset,43,2135
supervision,phenomenon,phenomenon,43,1569
supervision,ration,rational,43,1012
supervision,sell,selling,43,2030
supervision,sfbc,sfbc,43,22
supervision,slide,slide,43,479
supervision,subcommitte,subcommittee,43,151
supervision,trillion,trillion,43,1898
supervision,unexpect,unexpected,43,1425
supervision,vendor,vendors,43,172
supervision,version,version,43,897
supervision,viewpoint,viewpoint,43,485
supervision,wise,wise,43,581
supervision,brexit,brexit,42,354
supervision,certainti,certainty,42,931
supervision,deregul,deregulation,42,904
supervision,diminish,diminished,42,1406
supervision,driver,drivers,42,1609
supervision,familiar,familiar,42,1006
supervision,fsr,fsr,42,115
supervision,game,game,42,961
supervision,impress,impression,42,1576
supervision,ineffici,inefficient,42,879
supervision,machin,machine,42,592
supervision,onsit,onsite,42,43
supervision,popul,population,42,2918
supervision,repair,repair,42,671
supervision,reward,reward,42,793
supervision,sight,sight,42,981
supervision,stimulus,stimulus,42,1912
supervision,summit,summit,42,857
supervision,visit,visits,42,858
supervision,welcom,welcomed,42,731
supervision,wind,wind,42,774
supervision,acquisit,acquisitions,41,806
supervision,articul,articulated,41,543
supervision,boundari,boundaries,41,502
supervision,clearer,clearer,41,694
supervision,curb,curb,41,576
supervision,foremost,foremost,41,676
supervision,goodhart,goodhart,41,227
supervision,hesit,hesitate,41,622
supervision,ineffect,ineffective,41,415
supervision,minimis,minimise,41,853
supervision,offsit,offsite,41,33
supervision,opaqu,opaque,41,425
supervision,pool,pooling,41,1173
supervision,precondit,precondition,41,617
supervision,saver,savers,41,683
supervision,specialist,specialists,41,348
supervision,standardis,standardised,41,562
supervision,suppos,supposed,41,899
supervision,sure,surely,41,944
supervision,tune,tune,41,708
supervision,unregul,unregulated,41,261
supervision,arriv,arrive,40,883
supervision,bsc,bsc,40,21
supervision,chines,chinese,40,1016
supervision,conform,conform,40,395
supervision,depreci,depreciation,40,1844
supervision,embark,embarked,40,691
supervision,excel,excellent,40,1130
supervision,fragil,fragile,40,1135
supervision,lcr,lcr,40,131
supervision,necessit,necessitated,40,527
supervision,ngfs,ngfs,40,105
supervision,occ,occ,40,87
supervision,outset,outset,40,958
supervision,outstand,outstanding,40,1998
supervision,render,render,40,613
supervision,sib,sibs,40,141
supervision,smes,smes,40,460
supervision,supran,supranational,40,264
supervision,tail,tail,40,691
supervision,undu,undue,40,465
supervision,unfold,unfolding,40,762
supervision,capitalis,capitalised,39,658
supervision,carbon,carbon,39,329
supervision,cornerston,cornerstone,39,370
supervision,descript,description,39,794
supervision,ilc,ilcs,39,11
supervision,liberalis,liberalisation,39,789
supervision,mileston,milestone,39,530
supervision,mis,mis,39,266
supervision,mismatch,mismatches,39,843
supervision,notion,notion,39,957
supervision,proven,proven,39,877
supervision,relief,relief,39,612
supervision,rough,roughly,39,1935
supervision,taylor,taylor,39,608
supervision,audienc,audience,38,1007
supervision,buildup,buildup,38,339
supervision,burdensom,burdensome,38,186
supervision,count,count,38,1017
supervision,discretionari,discretionary,38,514
supervision,forbear,forbearance,38,170
supervision,globe,globe,38,813
supervision,guard,guard,38,612
supervision,hinder,hinder,38,709
supervision,keen,keen,38,587
supervision,notwithstand,notwithstanding,38,1057
supervision,open,openness,38,1225
supervision,pari,paris,38,584
supervision,preparatori,preparatory,38,187
supervision,readili,readily,38,753
supervision,sixth,sixth,38,518
supervision,spare,spare,38,616
supervision,spot,spot,38,698
supervision,surcharg,surcharges,38,211
supervision,unabl,unable,38,1104
supervision,alik,alike,37,604
supervision,array,array,37,542
supervision,british,british,37,835
supervision,comput,computer,37,1307
supervision,cybersecur,cybersecurity,37,115
supervision,duplic,duplication,37,154
supervision,foreseen,foreseen,37,368
supervision,inadequaci,inadequacies,37,181
supervision,logic,logical,37,834
supervision,neglect,neglected,37,533
supervision,rank,ranking,37,835
supervision,reassess,reassess,37,577
supervision,registr,registration,37,250
supervision,sam,sam,37,114
supervision,sampl,sample,37,766
supervision,utilis,utilisation,37,697
supervision,wealth,wealth,37,2059
supervision,actor,actors,36,694
supervision,age,age,36,2337
supervision,barr,barr,36,32
supervision,breakdown,breakdowns,36,574
supervision,compel,compelling,36,649
supervision,compil,compilation,36,474
supervision,compliant,compliant,36,208
supervision,confin,confined,36,672
supervision,david,david,36,1042
supervision,disturb,disturbances,36,848
supervision,entitl,entitled,36,656
supervision,eurozon,eurozone,36,366
supervision,haircut,haircuts,36,318
supervision,hamper,hamper,36,777
supervision,handbook,handbook,36,310
supervision,happi,happy,36,1179
supervision,incur,incurred,36,947
supervision,junctur,juncture,36,645
supervision,likewis,likewise,36,891
supervision,mar,mars,36,275
supervision,median,median,36,846
supervision,pan,pan,36,408
supervision,reinvest,reinvestment,36,527
supervision,restrain,restrain,36,1014
supervision,roll,roll,36,965
supervision,vest,vested,36,234
supervision,cap,cap,35,617
supervision,chapter,chapter,35,668
supervision,characteris,characterised,35,1196
supervision,circul,circulation,35,910
supervision,cre,cre,35,70
supervision,durabl,durability,35,1112
supervision,enjoy,enjoy,35,1801
supervision,exam,exams,35,95
supervision,expansionari,expansionary,35,1061
supervision,fsf,fsf,35,100
supervision,interfer,interference,35,427
supervision,introductori,introductory,35,737
supervision,memorandum,memorandum,35,217
supervision,organiz,organizational,35,336
supervision,pleasur,pleasure,35,2526
supervision,policyhold,policyholders,35,115
supervision,premis,premise,35,471
supervision,rethink,rethinking,35,440
supervision,roof,roof,35,117
supervision,spectrum,spectrum,35,707
supervision,tough,tough,35,447
supervision,welfar,welfare,35,1576
supervision,angl,angle,34,264
supervision,auspic,auspices,34,160
supervision,biggest,biggest,34,1035
supervision,born,borne,34,1157
supervision,convey,convey,34,729
supervision,emptiv,emptive,34,307
supervision,exempt,exemption,34,464
supervision,freedom,freedom,34,726
supervision,heterogen,heterogeneity,34,602
supervision,illiquid,illiquid,34,728
supervision,irb,irb,34,74
supervision,lcbos,lcbos,34,14
supervision,liber,liberalization,34,827
supervision,look,looked,34,837
supervision,lost,lost,34,2019
supervision,owe,owing,34,1565
supervision,paus,pause,34,376
supervision,pertin,pertinent,34,359
supervision,remot,remote,34,611
supervision,reorient,reoriented,34,198
supervision,residenti,residential,34,940
supervision,roadmap,roadmap,34,346
supervision,secretari,secretary,34,574
supervision,specul,speculative,34,1290
supervision,transmit,transmitted,34,1055
supervision,weaker,weaker,34,1692
supervision,willing,willingness,34,1099
supervision,workshop,workshop,34,472
supervision,write,write,34,1103
supervision,ampl,ample,33,1062
supervision,certif,certification,33,438
supervision,conjunctur,conjuncture,33,253
supervision,deadlin,deadlines,33,285
supervision,democrat,democratic,33,712
supervision,disburs,disbursement,33,274
supervision,gross,gross,33,2393
supervision,guest,guests,33,753
supervision,harmon,harmonized,33,291
supervision,lautenschlag,lautenschlager,33,82
supervision,legitimaci,legitimacy,33,343
supervision,lisbon,lisbon,33,280
supervision,misalign,misalignment,33,338
supervision,mode,mode,33,576
supervision,modif,modifications,33,382
supervision,nbfc,nbfc,33,73
supervision,partnership,partnership,33,744
supervision,permiss,permissible,33,386
supervision,portion,portion,33,1035
supervision,republ,republic,33,706
supervision,simplic,simplicity,33,272
supervision,srm,srm,33,77
supervision,toler,tolerance,33,801
supervision,turkish,turkish,33,261
supervision,twin,twin,33,433
supervision,verif,verification,33,153
supervision,ambit,ambit,32,391
supervision,attack,attacks,32,798
supervision,bcsbi,bcsbi,32,30
supervision,borio,borio,32,256
supervision,camel,camels,32,54
supervision,congression,congressional,32,342
supervision,court,court,32,533
supervision,debtor,debtors,32,417
supervision,discharg,discharge,32,224
supervision,discourag,discourage,32,825
supervision,dramat,dramatic,32,1909
supervision,enlarg,enlarged,32,604
supervision,escap,escape,32,541
supervision,har,harness,32,339
supervision,ingredi,ingredient,32,469
supervision,meantim,meantime,32,604
supervision,priorit,prioritize,32,220
supervision,resid,residents,32,1181
supervision,riskmanag,riskmanagement,32,123
supervision,setter,setters,32,246
supervision,silicon,silicon,32,107
supervision,spent,spent,32,758
supervision,surplus,surplus,32,1750
supervision,trajectori,trajectory,32,699
supervision,undesir,undesirable,32,731
supervision,undoubt,undoubtedly,32,943
supervision,valley,valley,32,168
supervision,zone,zone,32,737
supervision,abus,abuse,31,364
supervision,amplifi,amplify,31,1071
supervision,bankruptci,bankruptcy,31,826
supervision,clean,clean,31,529
supervision,complac,complacency,31,812
supervision,convert,convert,31,1146
supervision,eman,emanating,31,557
supervision,endeavor,endeavor,31,440
supervision,enorm,enormous,31,1335
supervision,exact,exact,31,578
supervision,finish,finish,31,618
supervision,hit,hit,31,2177
supervision,irrespect,irrespective,31,489
supervision,leap,leap,31,346
supervision,nationwid,nationwide,31,432
supervision,prolong,prolonged,31,1579
supervision,rigour,rigour,31,115
supervision,send,send,31,671
supervision,sentiment,sentiment,31,1428
supervision,unsustain,unsustainable,31,1019
supervision,accuraci,accuracy,30,327
supervision,america,america,30,1164
supervision,brussel,brussels,30,490
supervision,ceil,ceiling,30,562
supervision,changeov,changeover,30,271
supervision,combat,combating,30,628
supervision,conduc,conducive,30,847
supervision,discrimin,discrimination,30,316
supervision,diversif,diversification,30,1019
supervision,enshrin,enshrined,30,362
supervision,escal,escalation,30,522
supervision,esm,esm,30,166
supervision,languag,language,30,843
supervision,mobil,mobile,30,1566
supervision,needless,needless,30,476
supervision,npas,npas,30,171
supervision,operationalis,operationalising,30,196
supervision,overs,overseers,30,103
supervision,privaci,privacy,30,292
supervision,profound,profound,30,1047
supervision,prudenc,prudence,30,438
supervision,qualif,qualification,30,351
supervision,repositori,repositories,30,217
supervision,revisit,revisit,30,547
supervision,sabin,sabine,30,85
supervision,stake,stake,30,665
supervision,toolbox,toolbox,30,124
supervision,vigor,vigorous,30,742
supervision,voic,voice,30,748
supervision,whilst,whilst,30,385
supervision,widen,widened,30,1702
supervision,aegi,aegis,29,136
supervision,artifici,artificial,29,557
supervision,bolster,bolster,29,658
supervision,cbdc,cbdc,29,131
supervision,disproportion,disproportionate,29,573
supervision,doubl,double,29,2044
supervision,durat,duration,29,1077
supervision,edg,edge,29,1001
supervision,even,evening,29,779
supervision,fear,fear,29,1845
supervision,fell,fell,29,2248
supervision,fresh,fresh,29,957
supervision,inappropri,inappropriate,29,582
supervision,increment,incremental,29,468
supervision,judici,judicial,29,320
supervision,marketplac,marketplace,29,480
supervision,massiv,massive,29,1300
supervision,overnight,overnight,29,1521
supervision,paradigm,paradigm,29,595
supervision,premia,premia,29,945
supervision,slr,slr,29,172
supervision,span,span,29,583
supervision,usag,usage,29,472
supervision,war,war,29,1994
supervision,allevi,alleviate,28,835
supervision,assert,assert,28,425
supervision,autonom,autonomous,28,391
supervision,backward,backward,28,459
supervision,blind,blind,28,258
supervision,cls,cls,28,113
supervision,coin,coin,28,976
supervision,coincid,coincide,28,980
supervision,con,cons,28,249
supervision,criterion,criterion,28,327
supervision,dividend,dividends,28,719
supervision,ecofin,ecofin,28,238
supervision,ecosystem,ecosystem,28,377
supervision,gold,gold,28,961
supervision,iai,iais,28,50
supervision,incomplet,incomplete,28,667
supervision,length,length,28,739
supervision,multidisciplinari,multidisciplinary,28,40
supervision,npr,npr,28,22
supervision,overh,overheating,28,597
supervision,overlook,overlooked,28,437
supervision,parliamentari,parliamentary,28,246
supervision,quantum,quantum,28,344
supervision,revamp,revamped,28,161
supervision,rulemak,rulemaking,28,211
supervision,sponsor,sponsored,28,1101
supervision,submiss,submissions,28,265
supervision,succeed,succeed,28,1195
supervision,surviv,survive,28,752
supervision,taxat,taxation,28,466
supervision,chosen,chosen,27,1121
supervision,circl,circle,27,838
supervision,classifi,classified,27,500
supervision,conceiv,conceived,27,588
supervision,crude,crude,27,900
supervision,cushion,cushion,27,829
supervision,deflationari,deflationary,27,788
supervision,depress,depression,27,1700
supervision,dwell,dwell,27,558
supervision,exacerb,exacerbated,27,1288
supervision,fewer,fewer,27,1025
supervision,grown,grown,27,1720
supervision,heard,heard,27,784
supervision,hour,hours,27,1495
supervision,internet,internet,27,903
supervision,levi,levy,27,318
supervision,listen,listening,27,723
supervision,normalis,normalisation,27,626
supervision,novo,novo,27,42
supervision,pds,pds,27,79
supervision,prioritis,prioritise,27,269
supervision,reassur,reassuring,27,560
supervision,sequenc,sequenced,27,704
supervision,shortag,shortage,27,1410
supervision,sit,sit,27,553
supervision,sme,sme,27,236
supervision,sphere,sphere,27,479
supervision,stream,streams,27,529
supervision,substant,substantive,27,314
supervision,systemwid,systemwide,27,70
supervision,tandem,tandem,27,376
supervision,timelin,timelines,27,233
supervision,tonight,tonight,27,504
supervision,tradeoff,tradeoffs,27,335
supervision,unwarr,unwarranted,27,287
supervision,volcker,volcker,27,223
supervision,worker,workers,27,2145
supervision,worri,worry,27,1304
supervision,aggress,aggressive,26,1238
supervision,autonomi,autonomy,26,538
supervision,bail,bail,26,508
supervision,belong,belong,26,494
supervision,bhc,bhc,26,26
supervision,breadth,breadth,26,398
supervision,bust,bust,26,672
supervision,car,car,26,716
supervision,ceas,cease,26,487
supervision,commission,commissioner,26,219
supervision,contempl,contemplate,26,490
supervision,detriment,detriment,26,502
supervision,downgrad,downgrades,26,439
supervision,foot,footing,26,557
supervision,forefront,forefront,26,430
supervision,fruit,fruitful,26,969
supervision,grasp,grasp,26,311
supervision,indebted,indebtedness,26,584
supervision,loos,loose,26,573
supervision,pfmi,pfmi,26,29
supervision,satisfact,satisfaction,26,335
supervision,sep,sep,26,264
supervision,settl,settled,26,1285
supervision,staf,staffing,26,112
supervision,stood,stood,26,957
supervision,substanc,substance,26,281
supervision,tangibl,tangible,26,599
supervision,tentat,tentative,26,402
supervision,variat,variation,26,977
supervision,wisdom,wisdom,26,633
supervision,yardstick,yardstick,26,176
supervision,abid,abide,25,167
supervision,aforement,aforementioned,25,397
supervision,arguabl,arguably,25,636
supervision,assembl,assembly,25,469
supervision,bid,bid,25,661
supervision,bigger,bigger,25,782
supervision,buy,buy,25,2058
supervision,cfsa,cfsa,25,10
supervision,charlott,charlotte,25,74
supervision,chicago,chicago,25,745
supervision,commenc,commenced,25,495
supervision,conscious,conscious,25,652
supervision,constancio,constancio,25,152
supervision,controversi,controversial,25,460
supervision,cpss,cpss,25,102
supervision,crimin,criminal,25,239
supervision,crr,crr,25,202
supervision,dealt,dealt,25,514
supervision,demograph,demographic,25,1135
supervision,departur,departure,25,316
supervision,disadvantag,disadvantages,25,674
supervision,floor,floor,25,670
supervision,friend,friendly,25,1229
supervision,gerken,gerken,25,26
supervision,greenspan,greenspan,25,685
supervision,ifr,ifrs,25,107
supervision,imperfect,imperfect,25,608
supervision,interfac,interface,25,325
supervision,itali,italy,25,853
supervision,justif,justification,25,285
supervision,learnt,learnt,25,479
supervision,lehman,lehman,25,942
supervision,manifest,manifest,25,881
supervision,opt,opt,25,486
supervision,optimis,optimise,25,304
supervision,pragmat,pragmatic,25,359
supervision,proposit,proposition,25,450
supervision,reconcil,reconcile,25,365
supervision,remuner,remuneration,25,446
supervision,scientif,scientific,25,434
supervision,semi,semi,25,399
supervision,sharpli,sharply,25,2356
supervision,skew,skewed,25,377
supervision,soft,soft,25,714
supervision,split,split,25,358
supervision,strain,strain,25,1083
supervision,sudden,sudden,25,1543
supervision,superior,superior,25,408
supervision,swing,swings,25,887
supervision,told,told,25,637
supervision,truth,truth,25,576
supervision,twelv,twelve,25,677
supervision,unknown,unknown,25,444
supervision,usa,usa,25,432
supervision,webinar,webinar,25,129
supervision,ab,abs,24,319
supervision,abandon,abandoned,24,584
supervision,aig,aig,24,134
supervision,behalf,behalf,24,895
supervision,blend,blend,24,121
supervision,bowman,bowman,24,99
supervision,cepr,cepr,24,285
supervision,cite,cited,24,889
supervision,concurr,concurrent,24,269
supervision,coso,coso,24,24
supervision,declar,declaration,24,745
supervision,dilut,diluted,24,269
supervision,district,district,24,355
supervision,duisenberg,duisenberg,24,231
supervision,fare,fare,24,318
supervision,fatf,fatf,24,58
supervision,government,governmental,24,289
supervision,greec,greece,24,685
supervision,hindsight,hindsight,24,475
supervision,honest,honest,24,302
supervision,ident,identical,24,815
supervision,imagin,imagine,24,1054
supervision,interv,intervals,24,381
supervision,interview,interviews,24,362
supervision,jean,jean,24,795
supervision,john,john,24,1062
supervision,king,king,24,633
supervision,label,label,24,438
supervision,latin,latin,24,649
supervision,legaci,legacy,24,797
supervision,manipul,manipulation,24,322
supervision,mou,mou,24,93
supervision,oppos,opposed,24,860
supervision,par,par,24,445
supervision,paramount,paramount,24,355
supervision,pronounc,pronounced,24,1218
supervision,proof,proof,24,458
supervision,protocol,protocol,24,263
supervision,radic,radical,24,466
supervision,redress,redressal,24,257
supervision,rout,route,24,583
supervision,rubl,ruble,24,160
supervision,suspici,suspicious,24,109
supervision,thousand,thousands,24,653
supervision,timeli,timeliness,24,273
supervision,versus,versus,24,870
supervision,wave,wave,24,983
supervision,web,web,24,461
supervision,wors,worse,24,1157
supervision,yen,yen,24,932
supervision,anpr,anpr,23,33
supervision,bundesbank,bundesbank,23,431
supervision,cbrt,cbrt,23,110
supervision,coeur,coeure,23,242
supervision,concordat,concordat,23,18
supervision,deepli,deeply,23,782
supervision,denomin,denominated,23,1452
supervision,devic,device,23,554
supervision,disappoint,disappointing,23,814
supervision,drop,dropped,23,2041
supervision,econometr,econometric,23,499
supervision,encount,encountered,23,543
supervision,evidenc,evidenced,23,601
supervision,fals,false,23,374
supervision,flaw,flaws,23,402
supervision,fledg,fledged,23,315
supervision,fortun,fortunately,23,1176
supervision,ghos,ghos,23,15
supervision,hire,hiring,23,734
supervision,hmda,hmda,23,52
supervision,impetus,impetus,23,661
supervision,interrel,interrelated,23,283
supervision,litig,litigation,23,98
supervision,merchant,merchant,23,456
supervision,mimeo,mimeo,23,323
supervision,nabard,nabard,23,83
supervision,npl,npl,23,168
supervision,omt,omts,23,149
supervision,oxford,oxford,23,439
supervision,problemat,problematic,23,421
supervision,pull,pull,23,829
supervision,punish,punishment,23,221
supervision,reorgan,reorganization,23,195
supervision,represent,representation,23,483
supervision,revolut,revolution,23,840
supervision,scarc,scarce,23,525
supervision,seamless,seamless,23,279
supervision,seventh,seventh,23,278
supervision,shri,shri,23,488
supervision,steadili,steadily,23,1548
supervision,sterl,sterling,23,746
supervision,style,style,23,387
supervision,termin,terminal,23,485
supervision,territori,territory,23,1061
supervision,terror,terrorism,23,218
supervision,terrorist,terrorist,23,386
supervision,trace,trace,23,446
supervision,undertook,undertook,23,262
supervision,alan,alan,22,776
supervision,amid,amid,22,910
supervision,asymmetr,asymmetric,22,632
supervision,bulk,bulk,22,679
supervision,ccyb,ccyb,22,54
supervision,deleverag,deleveraging,22,712
supervision,draghi,draghi,22,318
supervision,east,east,22,1284
supervision,esma,esma,22,49
supervision,exhibit,exhibit,22,940
supervision,fiduciari,fiduciary,22,116
supervision,fore,fore,22,341
supervision,friction,frictions,22,561
supervision,frontier,frontier,22,467
supervision,geopolit,geopolitical,22,820
supervision,german,german,22,1081
supervision,graduat,graduated,22,547
supervision,homogen,homogenous,22,319
supervision,imposit,imposition,22,242
supervision,inject,injections,22,945
supervision,inventori,inventory,22,942
supervision,liaison,liaison,22,200
supervision,nuanc,nuanced,22,293
supervision,off,offs,22,590
supervision,opposit,opposite,22,1139
supervision,peydro,peydro,22,73
supervision,prematur,premature,22,480
supervision,propag,propagate,22,425
supervision,reject,reject,22,425
supervision,requisit,requisite,22,283
supervision,rigid,rigid,22,971
supervision,sceptic,sceptical,22,401
supervision,secretariat,secretariat,22,178
supervision,static,static,22,235
supervision,subdu,subdued,22,1285
supervision,subordin,subordinated,22,343
supervision,supplementari,supplementary,22,292
supervision,tilt,tilted,22,374
supervision,unfair,unfair,22,383
supervision,virtu,virtue,22,432
supervision,wish,wishing,22,555
supervision,yesterday,yesterday,22,483
supervision,annuiti,annuity,21,114
supervision,aspir,aspiration,21,494
supervision,crime,crimes,21,243
supervision,crore,crore,21,273
supervision,elect,elected,21,766
supervision,eurogroup,eurogroup,21,142
supervision,formalis,formalised,21,178
supervision,hoc,hoc,21,284
supervision,hypothet,hypothetical,21,303
supervision,idiosyncrat,idiosyncratic,21,372
supervision,inspir,inspire,21,658
supervision,interchang,interchange,21,182
supervision,keynot,keynote,21,817
supervision,leg,leg,21,213
supervision,michell,michelle,21,111
supervision,mirror,mirror,21,537
supervision,nber,nber,21,915
supervision,nexus,nexus,21,234
supervision,noteworthi,noteworthy,21,489
supervision,onward,onwards,21,710
supervision,overarch,overarching,21,242
supervision,pain,painful,21,1260
supervision,paragraph,paragraph,21,204
supervision,presumpt,presumption,21,248
supervision,privileg,privilege,21,902
supervision,purview,purview,21,144
supervision,reciproc,reciprocal,21,154
supervision,reinsur,reinsurance,21,102
supervision,rtgs,rtgs,21,314
supervision,saudi,saudi,21,153
supervision,softwar,software,21,599
supervision,thirti,thirty,21,559
supervision,thrust,thrust,21,273
supervision,travel,travel,21,894
supervision,uneven,uneven,21,624
supervision,unwind,unwinding,21,860
supervision,upper,upper,21,781
supervision,vii,vii,21,184
supervision,virtuous,virtuous,21,577
supervision,white,white,21,483
supervision,worst,worst,21,969
supervision,worthi,worthiness,21,310
supervision,afternoon,afternoon,20,767
supervision,benign,benign,20,792
supervision,bok,bok,20,57
supervision,certifi,certified,20,139
supervision,commerc,commerce,20,1152
supervision,constitu,constituents,20,403
supervision,counsel,counsel,20,266
supervision,craft,craft,20,283
supervision,crd,crd,20,83
supervision,crockett,crockett,20,58
supervision,dispar,disparities,20,465
supervision,disput,dispute,20,437
supervision,distract,distracted,20,158
supervision,duli,duly,20,143
supervision,emir,emir,20,83
supervision,emiss,emissions,20,279
supervision,famili,families,20,1333
supervision,fhc,fhc,20,17
supervision,fincen,fincen,20,15
supervision,fire,fire,20,593
supervision,foreclosur,foreclosure,20,235
supervision,fsc,fsc,20,24
supervision,fuller,fuller,20,200
supervision,interst,interstate,20,159
supervision,jame,james,20,479
supervision,journey,journey,20,558
supervision,occupi,occupy,20,526
supervision,patient,patient,20,392
supervision,promulg,promulgated,20,145
supervision,realm,realm,20,298
supervision,redefin,redefining,20,184
supervision,resist,resist,20,828
supervision,sharpen,sharpen,20,169
supervision,shorter,shorter,20,885
supervision,slowli,slowly,20,1218
supervision,sooner,sooner,20,622
supervision,spain,spain,20,849
supervision,standpoint,standpoint,20,295
supervision,stick,stick,20,392
supervision,suptech,suptech,20,13
supervision,svensson,svensson,20,155
supervision,symposium,symposium,20,873
supervision,thereof,thereof,20,174
supervision,unnecessarili,unnecessarily,20,241
supervision,vein,vein,20,336
supervision,vitor,vitor,20,145
supervision,acut,acute,19,954
supervision,apparatus,apparatus,19,91
supervision,bare,barely,19,533
supervision,catch,catch,19,858
supervision,character,characterized,19,880
supervision,cloud,cloud,19,423
supervision,complementar,complementarity,19,202
supervision,coronavirus,coronavirus,19,373
supervision,counteract,counteract,19,469
supervision,decisionmak,decisionmaking,19,360
supervision,defend,defend,19,447
supervision,development,developmental,19,196
supervision,disagr,disagreement,19,222
supervision,discov,discover,19,390
supervision,dlt,dlt,19,78
supervision,drew,drew,19,247
supervision,emb,embed,19,184
supervision,extra,extra,19,923
supervision,facet,faceted,19,238
supervision,formula,formula,19,334
supervision,greek,greek,19,271
supervision,grievanc,grievances,19,150
supervision,inaugur,inaugural,19,550
supervision,inequ,inequality,19,619
supervision,invalu,invaluable,19,293
supervision,korean,korean,19,221
supervision,lever,levers,19,256
supervision,loosen,loosening,19,555
supervision,machineri,machinery,19,554
supervision,macroeconomi,macroeconomy,19,334
supervision,master,master,19,331
supervision,mental,mentality,19,175
supervision,microeconom,microeconomic,19,355
supervision,netherland,netherlands,19,494
supervision,occurr,occurrence,19,300
supervision,outbreak,outbreak,19,594
supervision,outweigh,outweigh,19,519
supervision,pack,pack,19,169
supervision,panic,panic,19,537
supervision,paul,paul,19,708
supervision,pledg,pledged,19,434
supervision,pound,pound,19,404
supervision,profess,profession,19,473
supervision,pros,pros,19,192
supervision,red,red,19,533
supervision,redempt,redemption,19,377
supervision,regtech,regtech,19,20
supervision,reshap,reshaping,19,247
supervision,retir,retirement,19,868
supervision,san,san,19,437
supervision,sebi,sebi,19,132
supervision,sgp,sgp,19,52
supervision,sold,sold,19,739
supervision,stimul,stimulate,19,2144
supervision,stocktak,stocktake,19,69
supervision,struck,struck,19,478
supervision,suspect,suspect,19,624
supervision,tech,tech,19,582
supervision,templat,template,19,133
supervision,transitori,transitory,19,523
supervision,unclear,unclear,19,537
supervision,undergon,undergone,19,389
supervision,urgenc,urgency,19,337
supervision,versa,versa,19,348
supervision,absent,absent,18,438
supervision,analog,analogy,18,459
supervision,auction,auction,18,644
supervision,avenu,avenues,18,447
supervision,belief,belief,18,885
supervision,cater,cater,18,336
supervision,cftc,cftc,18,55
supervision,competitor,competitors,18,624
supervision,compound,compounded,18,556
supervision,concert,concerted,18,526
supervision,confus,confusion,18,613
supervision,cras,cras,18,13
supervision,dashboard,dashboard,18,40
supervision,dataset,datasets,18,190
supervision,disast,disaster,18,662
supervision,emi,emi,18,92
supervision,extant,extant,18,108
supervision,fan,fan,18,196
supervision,ffiec,ffiec,18,43
supervision,forex,forex,18,345
supervision,forget,forget,18,752
supervision,glb,glb,18,21
supervision,guess,guess,18,360
supervision,hing,hinges,18,249
supervision,hurdl,hurdles,18,307
supervision,imparti,impartial,18,124
supervision,impedi,impediments,18,524
supervision,inadvert,inadvertently,18,135
supervision,incept,inception,18,401
supervision,inclin,inclined,18,430
supervision,interlinkag,interlinkages,18,169
supervision,interoper,interoperability,18,258
supervision,intra,intra,18,531
supervision,ireland,ireland,18,677
supervision,lift,lifted,18,1064
supervision,lowest,lowest,18,1547
supervision,misconduct,misconduct,18,143
supervision,modal,modalities,18,275
supervision,modul,modules,18,139
supervision,mpr,mpr,18,200
supervision,nairu,nairu,18,166
supervision,nimbl,nimble,18,152
supervision,nonperform,nonperforming,18,287
supervision,onset,onset,18,785
supervision,phillip,phillips,18,538
supervision,prc,prc,18,42
supervision,prong,pronged,18,161
supervision,quot,quote,18,1151
supervision,rationalis,rationalisation,18,235
supervision,reaffirm,reaffirmed,18,328
supervision,realign,realign,18,181
supervision,reap,reap,18,751
supervision,recours,recourse,18,393
supervision,repercuss,repercussions,18,451
supervision,scrutinis,scrutinised,18,116
supervision,segreg,segregated,18,138
supervision,slower,slower,18,1427
supervision,spell,spell,18,350
supervision,spoke,spoke,18,495
supervision,street,street,18,894
supervision,student,student,18,860
supervision,sweden,sweden,18,507
supervision,symptom,symptoms,18,300
supervision,tomorrow,tomorrow,18,670
supervision,tone,tone,18,229
supervision,unavoid,unavoidable,18,447
supervision,unbias,unbiased,18,83
supervision,unsound,unsound,18,157
supervision,ventur,venture,18,636
supervision,voluntarili,voluntarily,18,229
supervision,water,water,18,794
supervision,ambigu,ambiguous,17,334
supervision,anniversari,anniversary,17,719
supervision,arena,arena,17,354
supervision,avers,aversion,17,960
supervision,bar,bar,17,588
supervision,broken,broken,17,373
supervision,brother,brothers,17,782
supervision,brsa,brsa,17,30
supervision,catalyst,catalyst,17,616
supervision,codifi,codified,17,101
supervision,dfis,dfis,17,31
supervision,diamond,diamond,17,159
supervision,disagre,disagree,17,302
supervision,disappear,disappear,17,946
supervision,erod,eroded,17,887
supervision,extract,extract,17,591
supervision,faith,faith,17,546
supervision,fallen,fallen,17,2304
supervision,ferguson,ferguson,17,202
supervision,flood,flood,17,347
supervision,hidden,hidden,17,288
supervision,immin,imminent,17,360
supervision,inabl,inability,17,424
supervision,irregular,irregularities,17,144
supervision,janet,janet,17,199
supervision,len,lens,17,175
supervision,ltcm,ltcm,17,109
supervision,maddaloni,maddaloni,17,51
supervision,msmes,msmes,17,114
supervision,multin,multinational,17,291
supervision,navig,navigate,17,474
supervision,nonfinanci,nonfinancial,17,364
supervision,odd,odds,17,434
supervision,ojk,ojk,17,41
supervision,opac,opacity,17,166
supervision,outreach,outreach,17,392
supervision,oxley,oxley,17,53
supervision,pfmis,pfmis,17,26
supervision,pivot,pivotal,17,377
supervision,polic,polices,17,257
supervision,proxim,proximity,17,359
supervision,referendum,referendum,17,255
supervision,refocus,refocused,17,140
supervision,rent,rent,17,649
supervision,restraint,restraint,17,502
supervision,rich,rich,17,884
supervision,rose,rose,17,2361
supervision,sarban,sarbanes,17,60
supervision,scene,scene,17,371
supervision,schioppa,schioppa,17,115
supervision,schoenmak,schoenmaker,17,53
supervision,seiz,seize,17,511
supervision,sharper,sharper,17,349
supervision,spill,spill,17,652
supervision,spite,spite,17,475
supervision,store,stored,17,851
supervision,supplier,suppliers,17,595
supervision,surfac,surface,17,479
supervision,svb,svb,17,20
supervision,unobserv,unobservable,17,147
supervision,var,var,17,184
supervision,wholli,wholly,17,343
supervision,worthwhil,worthwhile,17,346
supervision,yellen,yellen,17,221
supervision,adi,adi,16,45
supervision,anacredit,anacredit,16,12
supervision,aros,arose,16,376
supervision,banqu,banque,16,257
supervision,blueprint,blueprint,16,189
supervision,blur,blurred,16,357
supervision,bold,bold,16,513
supervision,brazil,brazil,16,667
supervision,brokerag,brokerage,16,150
supervision,checklist,checklist,16,38
supervision,clarif,clarification,16,261
supervision,cryptoasset,cryptoasset,16,37
supervision,deceler,deceleration,16,968
supervision,delic,delicate,16,230
supervision,deni,deny,16,556
supervision,deutsch,deutsche,16,480
supervision,discoveri,discovery,16,426
supervision,disincent,disincentives,16,170
supervision,dispers,dispersion,16,689
supervision,electr,electricity,16,957
supervision,ensu,ensuing,16,602
supervision,entireti,entirety,16,83
supervision,exhaust,exhaustive,16,545
supervision,fellow,fellow,16,582
supervision,filter,filters,16,229
supervision,firewal,firewalls,16,104
supervision,glass,glass,16,191
supervision,grappl,grappling,16,305
supervision,grate,grateful,16,1383
supervision,heavi,heavy,16,816
supervision,hicp,hicp,16,529
supervision,ibid,ibid,16,130
supervision,impart,imparting,16,404
supervision,impuls,impulse,16,574
supervision,inhibit,inhibit,16,439
supervision,intellectu,intellectual,16,674
supervision,jgb,jgb,16,223
supervision,know,knowing,16,382
supervision,mag,mag,16,16
supervision,manageri,managerial,16,228
supervision,marri,marrying,16,76
supervision,merg,merged,16,278
supervision,ot,ots,16,29
supervision,overlay,overlay,16,66
supervision,overwhelm,overwhelming,16,577
supervision,pave,pave,16,438
supervision,pessimist,pessimistic,16,416
supervision,plenti,plenty,16,523
supervision,prone,prone,16,538
supervision,proprietari,proprietary,16,212
supervision,psps,psps,16,24
supervision,reactiv,reactive,16,169
supervision,realloc,reallocation,16,536
supervision,refinanc,refinancing,16,1128
supervision,reliev,relieved,16,322
supervision,reviv,revival,16,764
supervision,semest,semester,16,88
supervision,semiannu,semiannual,16,239
supervision,setup,setup,16,126
supervision,simplif,simplification,16,209
supervision,sovereignti,sovereignty,16,405
supervision,susan,susan,16,138
supervision,suspend,suspended,16,318
supervision,tell,telling,16,754
supervision,unsecur,unsecured,16,640
supervision,agil,agile,15,173
supervision,arisen,arisen,15,298
supervision,attest,attest,15,168
supervision,bcs,bcs,15,86
supervision,behav,behave,15,654
supervision,buttress,buttressed,15,164
supervision,cadr,cadre,15,56
supervision,cambridg,cambridge,15,628
supervision,chap,chaps,15,68
supervision,commend,commend,15,307
supervision,counterfactu,counterfactual,15,204
supervision,coven,covenants,15,113
supervision,crossbord,crossborder,15,204
supervision,cryptocurr,cryptocurrencies,15,80
supervision,curtail,curtail,15,461
supervision,daunt,daunting,15,270
supervision,defer,defer,15,379
supervision,destabil,destabilizing,15,436
supervision,dilemma,dilemma,15,521
supervision,dot,dot,15,356
supervision,dovetail,dovetailed,15,51
supervision,drag,drag,15,770
supervision,ed,eds,15,545
supervision,endur,enduring,15,514
supervision,esf,esfs,15,21
supervision,evolutionari,evolutionary,15,139
supervision,francisco,francisco,15,372
supervision,golden,golden,15,250
supervision,grew,grew,15,1482
supervision,group,groupings,15,90
supervision,html,html,15,35
supervision,incident,incidentally,15,359
supervision,interlink,interlinked,15,176
supervision,irrelev,irrelevant,15,224
supervision,justic,justice,15,442
supervision,landmark,landmark,15,141
supervision,leach,leach,15,85
supervision,leas,lease,15,241
supervision,ledger,ledger,15,264
supervision,lessen,lessen,15,453
supervision,literaci,literacy,15,433
supervision,longstand,longstanding,15,180
supervision,macrofinanci,macrofinancial,15,78
supervision,memori,memory,15,805
supervision,meyer,meyer,15,196
supervision,misunderstand,misunderstanding,15,262
supervision,notifi,notify,15,151
supervision,occup,occupational,15,366
supervision,outflow,outflows,15,1075
supervision,pacif,pacific,15,297
supervision,powel,powell,15,262
supervision,predecessor,predecessor,15,423
supervision,preemptiv,preemptive,15,195
supervision,pretti,pretty,15,648
supervision,prosper,prosperity,15,1670
supervision,questionnair,questionnaire,15,82
supervision,recalibr,recalibration,15,171
supervision,recapit,recapitalization,15,199
supervision,reckon,reckoned,15,194
supervision,recurr,recurrence,15,313
supervision,refrain,refrained,15,325
supervision,resum,resume,15,737
supervision,revolv,revolving,15,198
supervision,rrbs,rrbs,15,100
supervision,shed,shed,15,590
supervision,solvent,solvent,15,318
supervision,sounder,sounder,15,187
supervision,spur,spurred,15,783
supervision,struggl,struggle,15,997
supervision,switch,switch,15,942
supervision,uncov,uncover,15,233
supervision,unhedg,unhedged,15,117
supervision,unstabl,unstable,15,575
supervision,up,ups,15,533
supervision,van,van,15,448
supervision,wall,wall,15,579
supervision,affirm,affirm,14,246
supervision,akin,akin,14,262
supervision,ama,ama,14,30
supervision,aqr,aqr,14,36
supervision,arbitrari,arbitrary,14,226
supervision,asic,asic,14,67
supervision,burst,burst,14,767
supervision,cds,cds,14,325
supervision,chancellor,chancellor,14,378
supervision,club,club,14,642
supervision,command,command,14,275
supervision,concur,concur,14,92
supervision,counterfeit,counterfeit,14,223
supervision,crash,crash,14,454
supervision,decentr,decentralized,14,152
supervision,disaggreg,disaggregated,14,175
supervision,edit,edition,14,515
supervision,equat,equation,14,599
supervision,fip,fip,14,48
supervision,flag,flag,14,315
supervision,footprint,footprint,14,222
supervision,fritz,fritz,14,83
supervision,functionari,functionaries,14,49
supervision,glean,gleaned,14,101
supervision,headquart,headquarters,14,223
supervision,headwind,headwinds,14,636
supervision,hft,hft,14,24
supervision,ieo,ieo,14,20
supervision,illeg,illegal,14,233
supervision,immers,immersive,14,50
supervision,incorrect,incorrect,14,199
supervision,indonesian,indonesian,14,168
supervision,instal,installed,14,275
supervision,intergovernment,intergovernmental,14,136
supervision,jacqu,jacques,14,119
supervision,kit,kit,14,116
supervision,lesser,lesser,14,580
supervision,nbfi,nbfi,14,27
supervision,nederlandsch,nederlandsche,14,82
supervision,nontradit,nontraditional,14,96
supervision,on,ons,14,420
supervision,padoa,padoa,14,117
supervision,penal,penal,14,116
supervision,penetr,penetration,14,434
supervision,placement,placement,14,227
supervision,prolifer,proliferation,14,295
supervision,proudman,proudman,14,47
supervision,puls,pulse,14,111
supervision,race,race,14,370
supervision,rare,rarely,14,961
supervision,recruit,recruitment,14,318
supervision,redesign,redesign,14,162
supervision,redoubl,redouble,14,92
supervision,remaind,remainder,14,505
supervision,rescu,rescue,14,400
supervision,riskier,riskier,14,543
supervision,robert,roberts,14,774
supervision,saporta,saporta,14,56
supervision,scrutin,scrutinize,14,85
supervision,shanghai,shanghai,14,151
supervision,sizeabl,sizeable,14,790
supervision,sober,sober,14,144
supervision,solo,solo,14,24
supervision,strip,stripped,14,220
supervision,superintend,superintendent,14,77
supervision,suscept,susceptible,14,404
supervision,talent,talent,14,428
supervision,taught,taught,14,452
supervision,taxonomi,taxonomy,14,113
supervision,temporarili,temporarily,14,1242
supervision,timefram,timeframe,14,191
supervision,tommaso,tommaso,14,103
supervision,town,town,14,440
supervision,ub,ubs,14,143
supervision,unduli,unduly,14,385
supervision,vibrant,vibrant,14,411
supervision,worsen,worsen,14,1018
supervision,abrupt,abrupt,13,832
supervision,absorpt,absorption,13,497
supervision,adam,adams,13,289
supervision,amro,amro,13,30
supervision,anomali,anomalies,13,138
supervision,app,app,13,302
supervision,ascertain,ascertain,13,180
supervision,atlant,atlantic,13,366
supervision,avert,avert,13,395
supervision,award,award,13,497
supervision,beauti,beautiful,13,348
supervision,bini,bini,13,125
supervision,biodivers,biodiversity,13,49
supervision,bpss,bpss,13,14
supervision,cesr,cesr,13,36
supervision,chose,chose,13,384
supervision,circumv,circumvent,13,181
supervision,clf,clf,13,23
supervision,collegi,collegial,13,105
supervision,crunch,crunch,13,512
supervision,delin,delineated,13,131
supervision,disciplinari,disciplinary,13,119
supervision,earliest,earliest,13,404
supervision,eea,eea,13,48
supervision,endang,endanger,13,353
supervision,entrepreneurship,entrepreneurship,13,295
supervision,exogen,exogenous,13,453
supervision,exploratori,exploratory,13,87
supervision,facto,facto,13,371
supervision,fade,fade,13,649
supervision,fallout,fallout,13,346
supervision,fanni,fannie,13,158
supervision,fight,fight,13,846
supervision,float,floating,13,1188
supervision,forego,foregoing,13,107
supervision,formid,formidable,13,326
supervision,freddi,freddie,13,153
supervision,french,french,13,452
supervision,fuell,fuelled,13,478
supervision,haldan,haldane,13,274
supervision,homeown,homeowners,13,294
supervision,honour,honour,13,1149
supervision,hub,hub,13,339
supervision,hypothesi,hypothesis,13,547
supervision,immens,immense,13,483
supervision,incentivis,incentivise,13,300
supervision,inertia,inertia,13,238
supervision,infanc,infancy,13,143
supervision,infer,inferences,13,465
supervision,jose,jose,13,244
supervision,land,land,13,999
supervision,ltv,ltv,13,135
supervision,mfis,mfis,13,122
supervision,minor,minority,13,786
supervision,multifacet,multifaceted,13,129
supervision,narrowli,narrowly,13,215
supervision,orsa,orsa,13,11
supervision,outlier,outlier,13,130
supervision,overvalu,overvalued,13,334
supervision,papademo,papademos,13,112
supervision,passag,passage,13,298
supervision,pitfal,pitfalls,13,179
supervision,pollut,polluted,13,130
supervision,possess,possess,13,360
supervision,prejudic,prejudice,13,234
supervision,provinci,provincial,13,229
supervision,proxi,proxies,13,453
supervision,puzzl,puzzle,13,515
supervision,radar,radar,13,69
supervision,random,random,13,279
supervision,rebuild,rebuilding,13,518
supervision,regain,regain,13,738
supervision,reluct,reluctance,13,881
supervision,residu,residual,13,452
supervision,rupiah,rupiah,13,116
supervision,scan,scanning,13,94
supervision,sharia,sharia,13,47
supervision,shield,shielded,13,307
supervision,sic,sic,13,63
supervision,singapor,singapore,13,462
supervision,spoken,spoken,13,331
supervision,storm,storms,13,384
supervision,strand,strands,13,211
supervision,strongest,strongest,13,429
supervision,suffic,suffice,13,254
supervision,testifi,testify,13,229
supervision,thoma,thomas,13,663
supervision,traction,traction,13,256
supervision,tristani,tristani,13,58
supervision,unaccept,unacceptable,13,368
supervision,underli,underlie,13,140
supervision,underw,underwent,13,126
supervision,usd,usd,13,684
supervision,wing,wing,13,75
supervision,zurbrugg,zurbrugg,13,73
supervision,abstract,abstract,12,402
supervision,abund,abundant,12,704
supervision,algorithm,algorithmic,12,177
supervision,aliv,alive,12,253
supervision,alleg,alleged,12,224
supervision,anecdot,anecdotal,12,381
supervision,apex,apex,12,75
supervision,appeal,appeal,12,506
supervision,argentina,argentina,12,314
supervision,atm,atm,12,400
supervision,beef,beef,12,66
supervision,bie,bies,12,87
supervision,black,black,12,561
supervision,boston,boston,12,313
supervision,breeden,breeden,12,82
supervision,buyer,buyers,12,611
supervision,career,career,12,606
supervision,carney,carney,12,378
supervision,categor,categorizing,12,167
supervision,classic,classic,12,674
supervision,closur,closure,12,310
supervision,contin,continent,12,483
supervision,contractu,contractual,12,371
supervision,conveni,convenient,12,794
supervision,convict,conviction,12,380
supervision,counterproduct,counterproductive,12,253
supervision,creativ,creative,12,710
supervision,decept,deceptive,12,142
supervision,destabilis,destabilising,12,388
supervision,disinfl,disinflation,12,510
supervision,disregard,disregard,12,206
supervision,dougla,douglas,12,143
supervision,drift,drift,12,405
supervision,eiopa,eiopa,12,41
supervision,enrich,enriched,12,308
supervision,entrant,entrants,12,311
supervision,envis,envision,12,237
supervision,esrc,esrc,12,13
supervision,exuber,exuberance,12,292
supervision,fairer,fairer,12,84
supervision,fold,fold,12,387
supervision,forestal,forestall,12,208
supervision,forgotten,forgotten,12,288
supervision,fsi,fsi,12,27
supervision,furnish,furnish,12,96
supervision,generic,generic,12,135
supervision,glad,glad,12,302
supervision,gses,gses,12,65
supervision,honor,honored,12,897
supervision,hundr,hundreds,12,676
supervision,iif,iif,12,100
supervision,ill,ill,12,455
supervision,immun,immune,12,351
supervision,karadi,karadi,12,62
supervision,knock,knock,12,273
supervision,lane,lane,12,227
supervision,lengthi,lengthy,12,302
supervision,liang,liang,12,79
supervision,mansion,mansion,12,105
supervision,martin,martin,12,592
supervision,maximis,maximise,12,410
supervision,mechanist,mechanistic,12,125
supervision,mega,mega,12,93
supervision,memoranda,memoranda,12,38
supervision,millennium,millennium,12,301
supervision,mindset,mindset,12,319
supervision,mishkin,mishkin,12,195
supervision,mislead,misleading,12,467
supervision,mohan,mohan,12,105
supervision,nois,noise,12,269
supervision,nowaday,nowadays,12,311
supervision,npa,npa,12,118
supervision,pcaob,pcaob,12,11
supervision,postpon,postponed,12,476
supervision,preclud,preclude,12,225
supervision,protract,protracted,12,811
supervision,qis,qis,12,27
supervision,quasi,quasi,12,290
supervision,rebalanc,rebalancing,12,654
supervision,reliant,reliant,12,345
supervision,renov,renovated,12,108
supervision,reorganis,reorganised,12,108
supervision,retrospect,retrospect,12,416
supervision,roger,roger,12,301
supervision,rosc,rosc,12,25
supervision,roundtabl,roundtable,12,208
supervision,scandal,scandal,12,217
supervision,senat,senate,12,440
supervision,shore,shore,12,352
supervision,shrink,shrink,12,796
supervision,signatur,signature,12,159
supervision,smart,smart,12,338
supervision,spiral,spiral,12,742
supervision,squar,squarely,12,448
supervision,stagnat,stagnation,12,793
supervision,stride,strides,12,271
supervision,suasion,suasion,12,56
supervision,subsidi,subsidies,12,695
supervision,thrive,thrive,12,443
supervision,throw,throw,12,265
supervision,token,tokens,12,219
supervision,tremend,tremendous,12,614
supervision,unambigu,unambiguous,12,324
supervision,unanim,unanimity,12,287
supervision,upbeat,upbeat,12,79
supervision,viii,viii,12,152
supervision,wast,waste,12,314
supervision,west,west,12,532
supervision,withdrawn,withdrawn,12,374
supervision,workout,workouts,12,99
supervision,year,yearly,12,258
supervision,academia,academia,11,343
supervision,accent,accent,11,34
supervision,ail,ailing,11,92
supervision,altogeth,altogether,11,429
supervision,anna,anna,11,117
supervision,appendix,appendix,11,201
supervision,austria,austria,11,256
supervision,await,await,11,232
supervision,basket,basket,11,670
supervision,bba,bba,11,31
supervision,bcci,bcci,11,30
supervision,belgium,belgium,11,293
supervision,beneficiari,beneficiaries,11,346
supervision,bloomberg,bloomberg,11,605
supervision,boe,boe,11,183
supervision,boj,boj,11,180
supervision,bottleneck,bottlenecks,11,515
supervision,brand,brand,11,304
supervision,cast,cast,11,423
supervision,caught,caught,11,316
supervision,chairmanship,chairmanship,11,151
supervision,charact,character,11,505
supervision,cit,cit,11,202
supervision,closest,closest,11,154
supervision,commentari,commentary,11,305
supervision,contributor,contributors,11,459
supervision,conven,convening,11,260
supervision,corner,corners,11,365
supervision,cours,courses,11,195
supervision,crystal,crystal,11,198
supervision,crystallis,crystallise,11,193
supervision,csbs,csbs,11,23
supervision,delinqu,delinquency,11,340
supervision,deterr,deterrence,11,123
supervision,diagnost,diagnostic,11,79
supervision,distanc,distance,11,678
supervision,distant,distant,11,402
supervision,divert,diverted,11,227
supervision,drastic,drastic,11,535
supervision,edward,edward,11,364
supervision,elb,elb,11,59
supervision,endogen,endogenous,11,403
supervision,enterprisewid,enterprisewide,11,14
supervision,fifth,fifthly,11,160
supervision,fmi,fmi,11,54
supervision,fraught,fraught,11,170
supervision,fuel,fuel,11,966
supervision,gramm,gramm,11,82
supervision,hector,hector,11,21
supervision,herd,herding,11,240
supervision,holiday,holidays,11,284
supervision,hong,hong,11,463
supervision,ifsb,ifsb,11,18
supervision,inact,inaction,11,304
supervision,indebt,indebted,11,380
supervision,internationalis,internationalisation,11,174
supervision,intrins,intrinsic,11,408
supervision,intuit,intuitively,11,341
supervision,invas,invasive,11,238
supervision,iron,iron,11,447
supervision,jackson,jackson,11,579
supervision,laps,lapses,11,89
supervision,liais,liaise,11,32
supervision,lolr,lolr,11,42
supervision,longev,longevity,11,178
supervision,lord,lord,11,259
supervision,lucid,lucid,11,65
supervision,mersch,mersch,11,172
supervision,mistaken,mistakenly,11,201
supervision,modernis,modernise,11,283
supervision,morgan,morgan,11,287
supervision,ncb,ncb,11,46
supervision,neighborhood,neighborhoods,11,246
supervision,nishimura,nishimura,11,55
supervision,nurtur,nurtured,11,358
supervision,obviat,obviate,11,107
supervision,oner,onerous,11,148
supervision,peculiar,peculiar,11,172
supervision,permeat,permeate,11,161
supervision,pioneer,pioneer,11,427
supervision,plank,planks,11,72
supervision,politician,politicians,11,444
supervision,practition,practitioners,11,400
supervision,precautionari,precautionary,11,471
supervision,preval,prevalent,11,537
supervision,proprieti,propriety,11,24
supervision,ramif,ramifications,11,179
supervision,reconsid,reconsider,11,223
supervision,rectifi,rectify,11,138
supervision,registrar,registrar,11,49
supervision,registri,registry,11,77
supervision,rmb,rmb,11,160
supervision,scrupul,scrupulous,11,41
supervision,slip,slipped,11,241
supervision,speaker,speakers,11,649
supervision,stifl,stifle,11,208
supervision,straight,straight,11,347
supervision,stretch,stretch,11,526
supervision,subsidiar,subsidiarity,11,84
supervision,surg,surge,11,1572
supervision,tap,tap,11,507
supervision,temptat,temptation,11,347
supervision,tenet,tenets,11,131
supervision,timet,timetable,11,220
supervision,trap,trap,11,429
supervision,triennial,triennial,11,88
supervision,unfinish,unfinished,11,102
supervision,unif,unification,11,196
supervision,unjustifi,unjustified,11,144
supervision,uphold,uphold,11,180
supervision,vertic,vertical,11,274
supervision,vet,vet,11,47
supervision,walli,wallis,11,54
supervision,wane,wane,11,545
supervision,win,win,11,551
supervision,workabl,workable,11,142
supervision,yale,yale,11,124
supervision,abreast,abreast,10,86
supervision,actuari,actuarial,10,99
supervision,annum,annum,10,582
supervision,apr,apr,10,235
supervision,authent,authenticity,10,218
supervision,banco,banco,10,328
supervision,beg,begs,10,133
supervision,bliley,bliley,10,78
supervision,brainard,brainard,10,202
supervision,brunnermei,brunnermeier,10,157
supervision,bundl,bundled,10,158
supervision,bureau,bureau,10,1012
supervision,cabinet,cabinet,10,302
supervision,caveat,caveats,10,305
supervision,cheaper,cheaper,10,567
supervision,claud,claude,10,412
supervision,cmim,cmim,10,24
supervision,cmu,cmu,10,62
supervision,complain,complain,10,193
supervision,consent,consent,10,159
supervision,contemporari,contemporary,10,323
supervision,contenti,contentious,10,132
supervision,continent,continental,10,317
supervision,copi,copy,10,185
supervision,crar,crar,10,88
supervision,crowd,crowded,10,455
supervision,culmin,culminated,10,352
supervision,cultiv,cultivate,10,244
supervision,cva,cva,10,12
supervision,deduct,deductions,10,234
supervision,delight,delighted,10,648
supervision,delv,delve,10,155
supervision,diagnosi,diagnosis,10,246
supervision,discontinu,discontinued,10,370
supervision,disinflationari,disinflationary,10,430
supervision,dispel,dispel,10,223
supervision,dispens,dispensation,10,222
supervision,display,display,10,696
supervision,drill,drill,10,116
supervision,dutch,dutch,10,172
supervision,dysfunct,dysfunctional,10,306
supervision,eleven,eleven,10,259
supervision,enria,enria,10,19
supervision,enunci,enunciated,10,79
supervision,european,europeans,10,358
supervision,exagger,exaggeration,10,461
supervision,fallaci,fallacy,10,125
supervision,famous,famous,10,714
supervision,fis,fis,10,79
supervision,general,generalized,10,311
supervision,generalis,generalised,10,318
supervision,generous,generous,10,315
supervision,georg,george,10,398
supervision,gordon,gordon,10,321
supervision,gsib,gsib,10,40
supervision,hide,hide,10,191
supervision,hierarchi,hierarchy,10,156
supervision,hmt,hmt,10,90
supervision,hokkaido,hokkaido,10,35
supervision,humil,humility,10,127
supervision,impend,impending,10,175
supervision,incumb,incumbent,10,242
supervision,indulg,indulging,10,96
supervision,inquiri,inquiry,10,244
supervision,institutionalis,institutionalisation,10,93
supervision,insul,insulate,10,445
supervision,jerom,jerome,10,214
supervision,jgbs,jgbs,10,304
supervision,lael,lael,10,130
supervision,laurenc,laurence,10,149
supervision,lmi,lmi,10,17
supervision,logist,logistical,10,385
supervision,luca,lucas,10,312
supervision,luxembourg,luxembourg,10,274
supervision,mae,mae,10,156
supervision,manifold,manifold,10,168
supervision,manoeuvr,manoeuvre,10,366
supervision,mass,mass,10,804
supervision,maxim,maximize,10,524
supervision,mediat,mediation,10,110
supervision,midst,midst,10,465
supervision,minus,minus,10,617
supervision,misus,misuse,10,206
supervision,nelli,nellie,10,59
supervision,nsfr,nsfr,10,77
supervision,outright,outright,10,769
supervision,overreact,overreaction,10,181
supervision,patchwork,patchwork,10,59
supervision,pierr,pierre,10,297
supervision,pipelin,pipeline,10,294
supervision,plain,plain,10,321
supervision,plumb,plumbing,10,144
supervision,poverti,poverty,10,693
supervision,prais,praised,10,224
supervision,precipit,precipitated,10,379
supervision,predetermin,predetermined,10,192
supervision,print,printing,10,587
supervision,punit,punitive,10,47
supervision,quantif,quantification,10,146
supervision,quicker,quicker,10,224
supervision,reexamin,reexamine,10,72
supervision,referr,referral,10,30
supervision,refus,refused,10,260
supervision,rehabilit,rehabilitation,10,141
supervision,replic,replicating,10,332
supervision,repurchas,repurchase,10,515
supervision,retent,retention,10,221
supervision,richer,richer,10,256
supervision,schmidt,schmidt,10,140
supervision,silo,silo,10,93
supervision,sir,sir,10,400
supervision,smith,smith,10,353
supervision,soften,softening,10,434
supervision,standalon,standalone,10,70
supervision,stone,stone,10,234
supervision,symmetr,symmetric,10,539
supervision,telecommun,telecommunications,10,567
supervision,tirol,tirole,10,45
supervision,trader,traders,10,364
supervision,trim,trim,10,185
supervision,turner,turner,10,101
supervision,ukrain,ukraine,10,406
supervision,underserv,underserved,10,161
supervision,uninsur,uninsured,10,174
supervision,untest,untested,10,93
supervision,venu,venues,10,216
supervision,victoria,victoria,10,178
supervision,waiver,waivers,10,67
supervision,western,western,10,620
supervision,wound,wound,10,177
supervision,abat,abated,9,408
supervision,advent,advent,9,359
supervision,alm,alm,9,66
supervision,api,api,9,75
supervision,assessor,assessors,9,16
supervision,bifurc,bifurcated,9,51
supervision,blattner,blattner,9,56
supervision,brief,briefing,9,253
supervision,carv,carved,9,80
supervision,categoris,categorisation,9,90
supervision,celebr,celebrating,9,768
supervision,centric,centric,9,135
supervision,champion,champions,9,122
supervision,charl,charles,9,466
supervision,chase,chase,9,214
supervision,clearinghous,clearinghouses,9,84
supervision,clue,clues,9,136
supervision,conceal,concealed,9,139
supervision,conferr,conferral,9,20
supervision,configur,configuration,9,252
supervision,consequenti,consequential,9,142
supervision,contend,contend,9,306
supervision,covitz,covitz,9,27
supervision,cpb,cpb,9,36
supervision,denmark,denmark,9,275
supervision,desist,desist,9,24
supervision,deter,deter,9,227
supervision,dicgc,dicgc,9,26
supervision,diffus,diffusion,9,459
supervision,disord,disorderly,9,565
supervision,displac,displace,9,276
supervision,dissip,dissipate,9,539
supervision,elast,elastic,9,380
supervision,elderson,elderson,9,40
supervision,emin,eminent,9,326
supervision,endow,endowed,9,307
supervision,entrench,entrenched,9,611
supervision,entrepreneur,entrepreneurs,9,483
supervision,epc,epc,9,49
supervision,equit,equitable,9,304
supervision,eros,erosion,9,446
supervision,etf,etf,9,249
supervision,eurostat,eurostat,9,311
supervision,extraordinarili,extraordinarily,9,367
supervision,farm,farm,9,391
supervision,farmer,farmers,9,320
supervision,flavour,flavour,9,96
supervision,focal,focal,9,131
supervision,ganguli,ganguly,9,19
supervision,gao,gao,9,38
supervision,gas,gas,9,759
supervision,giant,giant,9,205
supervision,halt,halt,9,507
supervision,hqla,hqla,9,45
supervision,hsbc,hsbc,9,79
supervision,hud,hud,9,21
supervision,hybrid,hybrid,9,186
supervision,iba,iba,9,125
supervision,ict,ict,9,254
supervision,idrbt,idrbt,9,58
supervision,imping,impinge,9,180
supervision,incipi,incipient,9,239
supervision,influenti,influential,9,328
supervision,instant,instant,9,337
supervision,intang,intangible,9,199
supervision,interdisciplinari,interdisciplinary,9,36
supervision,invari,invariably,9,296
supervision,invent,inventions,9,323
supervision,invok,invoked,9,159
supervision,jargon,jargon,9,182
supervision,jeopardis,jeopardises,9,386
supervision,jump,jump,9,604
supervision,kok,kok,9,66
supervision,lawyer,lawyers,9,165
supervision,leakag,leakages,9,91
supervision,legislatur,legislature,9,123
supervision,lei,lei,9,46
supervision,lengthen,lengthen,9,350
supervision,liabl,liable,9,151
supervision,longterm,longterm,9,431
supervision,loophol,loopholes,9,101
supervision,lorenzo,lorenzo,9,124
supervision,medicin,medicine,9,207
supervision,monday,monday,9,190
supervision,mous,mous,9,59
supervision,myriad,myriad,9,222
supervision,name,named,9,400
supervision,narasimham,narasimham,9,78
supervision,nativ,native,9,90
supervision,nbfis,nbfis,9,28
supervision,ninth,ninth,9,138
supervision,nondepositori,nondepository,9,52
supervision,nutshel,nutshell,9,188
supervision,osfi,osfi,9,33
supervision,overdu,overdue,9,144
supervision,payout,payouts,9,132
supervision,phenomena,phenomena,9,394
supervision,plc,plc,9,27
supervision,pocket,pockets,9,307
supervision,posen,posen,9,83
supervision,ppp,ppp,9,196
supervision,preferenti,preferential,9,168
supervision,preset,preset,9,51
supervision,probe,probing,9,81
supervision,professor,professor,9,764
supervision,proinflationari,proinflationary,9,58
supervision,provision,provisional,9,160
supervision,psp,psp,9,12
supervision,rand,rand,9,308
supervision,rebound,rebound,9,970
supervision,reced,receded,9,517
supervision,rediscount,rediscounting,9,77
supervision,repaid,repaid,9,238
supervision,revert,revert,9,315
supervision,risktak,risktaking,9,74
supervision,rollout,rollout,9,96
supervision,sar,sars,9,120
supervision,sarah,sarah,9,154
supervision,satellit,satellite,9,145
supervision,sdds,sdds,9,36
supervision,sea,sea,9,380
supervision,sensibl,sensibly,9,123
supervision,seoul,seoul,9,166
supervision,sketch,sketch,9,217
supervision,smaghi,smaghi,9,123
supervision,snapshot,snapshot,9,121
supervision,stylis,stylised,9,244
supervision,suiss,suisse,9,136
supervision,synchronis,synchronised,9,315
supervision,syndic,syndicated,9,233
supervision,tariff,tariffs,9,408
supervision,tcfd,tcfd,9,58
supervision,teeth,teeth,9,82
supervision,thought,thoughtful,9,192
supervision,tick,ticking,9,149
supervision,tide,tide,9,247
supervision,till,till,9,401
supervision,tip,tipping,9,278
supervision,tranch,tranches,9,254
supervision,transport,transport,9,1136
supervision,trichet,trichet,9,430
supervision,unpredict,unpredictable,9,424
supervision,upfront,upfront,9,137
supervision,usher,usher,9,206
supervision,villag,villages,9,257
supervision,women,women,9,643
supervision,work,workings,9,155
supervision,workforc,workforce,9,893
supervision,workstream,workstream,9,49
supervision,yves,yves,9,173
supervision,abnorm,abnormal,8,208
supervision,abolish,abolished,8,280
supervision,acced,acceding,8,65
supervision,accru,accrue,8,352
supervision,afi,afi,8,10
supervision,allot,allotment,8,301
supervision,allud,alluded,8,231
supervision,amen,amenable,8,121
supervision,amort,amortize,8,117
supervision,andrea,andrea,8,213
supervision,annex,annex,8,265
supervision,apprehens,apprehension,8,110
supervision,apt,apt,8,204
supervision,austrian,austrian,8,83
supervision,ball,ball,8,229
supervision,bankcard,bankcard,8,16
supervision,barth,barth,8,14
supervision,bedrock,bedrock,8,105
supervision,blunt,blunt,8,289
supervision,bonus,bonus,8,440
supervision,bought,bought,8,399
supervision,broke,broke,8,345
supervision,bureaucrat,bureaucratic,8,139
supervision,calm,calm,8,462
supervision,cape,cape,8,112
supervision,cbdcs,cbdcs,8,70
supervision,cbes,cbes,8,12
supervision,cbs,cbs,8,85
supervision,ccb,ccb,8,46
supervision,cdfi,cdfi,8,25
supervision,cdfis,cdfis,8,33
supervision,chiefli,chiefly,8,73
supervision,claus,clause,8,336
supervision,collateralis,collateralised,8,318
supervision,compact,compact,8,124
supervision,companion,companion,8,59
supervision,conduit,conduits,8,247
supervision,contest,contest,8,201
supervision,cool,cool,8,324
supervision,crack,cracks,8,137
supervision,crdiv,crdiv,8,12
supervision,crop,crop,8,275
supervision,custodi,custody,8,142
supervision,debell,debelle,8,151
supervision,desk,desk,8,163
supervision,destruct,destructive,8,539
supervision,diagnos,diagnose,8,111
supervision,digitalis,digitalisation,8,230
supervision,dismantl,dismantled,8,192
supervision,distil,distilled,8,104
supervision,dive,dive,8,66
supervision,door,door,8,424
supervision,dos,dos,8,20
supervision,drehmann,drehmann,8,44
supervision,dri,dry,8,549
supervision,earthquak,earthquake,8,244
supervision,efsf,efsf,8,82
supervision,elgar,elgar,8,38
supervision,elus,elusive,8,177
supervision,everyday,everyday,8,309
supervision,excus,excuse,8,165
supervision,factual,factual,8,94
supervision,fdicia,fdicia,8,39
supervision,finland,finland,8,315
supervision,forest,forest,8,102
supervision,fortifi,fortify,8,80
supervision,frontlin,frontline,8,81
supervision,fsdc,fsdc,8,59
supervision,gamut,gamut,8,83
supervision,gender,gender,8,206
supervision,gfc,gfc,8,175
supervision,ghosh,ghosh,8,67
supervision,gilt,gilts,8,335
supervision,graviti,gravity,8,138
supervision,guardrail,guardrails,8,28
supervision,hat,hat,8,93
supervision,heal,healing,8,150
supervision,height,heights,8,410
supervision,hoepa,hoepa,8,36
supervision,humbl,humble,8,175
supervision,iasb,iasb,8,58
supervision,ica,icas,8,24
supervision,incentiv,incentivize,8,87
supervision,industrialis,industrialised,8,446
supervision,inextric,inextricably,8,96
supervision,inherit,inherited,8,197
supervision,internalis,internalise,8,216
supervision,interrelationship,interrelationships,8,73
supervision,journalist,journalist,8,183
supervision,julian,julian,8,30
supervision,kiley,kiley,8,103
supervision,kong,kong,8,441
supervision,kumar,kumar,8,127
supervision,lacuna,lacunae,8,31
supervision,lens,lenses,8,20
supervision,load,load,8,398
supervision,loop,loop,8,507
supervision,loui,louis,8,328
supervision,luncheon,luncheon,8,169
supervision,mainstream,mainstream,8,317
supervision,manuel,manuel,8,268
supervision,mckinsey,mckinsey,8,140
supervision,mdis,mdis,8,15
supervision,microfin,microfinance,8,109
supervision,mip,mip,8,24
supervision,motion,motion,8,296
supervision,mountain,mountain,8,127
supervision,msme,msme,8,109
supervision,mumbai,mumbai,8,490
supervision,mute,muted,8,454
supervision,narrat,narrative,8,300
supervision,nechio,nechio,8,18
supervision,north,north,8,893
supervision,nps,nps,8,19
supervision,obscur,obscured,8,259
supervision,offshor,offshore,8,336
supervision,ore,ore,8,144
supervision,outdat,outdated,8,148
supervision,overhang,overhang,8,347
supervision,overst,overstate,8,351
supervision,panacea,panacea,8,167
supervision,para,para,8,59
supervision,pariti,parity,8,418
supervision,passport,passport,8,70
supervision,pend,pending,8,217
supervision,pepp,pepp,8,90
supervision,peripher,peripheral,8,253
supervision,persever,perseverance,8,135
supervision,pisa,pisa,8,27
supervision,precaut,precautions,8,125
supervision,pretend,pretend,8,156
supervision,probabilist,probabilistic,8,46
supervision,procur,procurement,8,228
supervision,prosecut,prosecution,8,67
supervision,provinc,province,8,297
supervision,psbs,psbs,8,68
supervision,pursuant,pursuant,8,135
supervision,quest,quest,8,261
supervision,rakesh,rakesh,8,92
supervision,raw,raw,8,560
supervision,realtim,realtime,8,46
supervision,recast,recast,8,33
supervision,recur,recurring,8,303
supervision,repric,repricing,8,212
supervision,revolutionari,revolutionary,8,151
supervision,sacrif,sacrificing,8,116
supervision,salient,salient,8,251
supervision,satisfactorili,satisfactorily,8,113
supervision,scbs,scbs,8,71
supervision,scr,scr,8,20
supervision,season,seasonal,8,754
supervision,seat,seat,8,234
supervision,seem,seemingly,8,407
supervision,serious,seriousness,8,105
supervision,ses,ses,8,19
supervision,shortterm,shortterm,8,357
supervision,sii,sii,8,21
supervision,solicit,solicit,8,140
supervision,spike,spike,8,518
supervision,spontan,spontaneity,8,99
supervision,spotlight,spotlight,8,144
supervision,star,stars,8,155
supervision,sterilis,sterilisation,8,142
supervision,stringenc,stringency,8,61
supervision,super,super,8,222
supervision,sweeney,sweeney,8,14
supervision,taper,tapering,8,351
supervision,temper,tempering,8,215
supervision,tempt,tempted,8,408
supervision,tenth,tenth,8,316
supervision,tricki,tricky,8,103
supervision,trilemma,trilemma,8,120
supervision,tucker,tucker,8,156
supervision,twofold,twofold,8,150
supervision,unforeseen,unforeseen,8,280
supervision,uniti,unity,8,231
supervision,upsw,upswing,8,511
supervision,vicious,vicious,8,416
supervision,video,video,8,187
supervision,vindic,vindicate,8,81
supervision,von,von,8,217
supervision,webcast,webcast,8,178
supervision,weekend,weekend,8,211
supervision,winter,winter,8,449
supervision,won,won,8,356
supervision,accid,accident,7,229
supervision,accredit,accreditation,7,65
supervision,adag,adage,7,78
supervision,adrian,adrian,7,221
supervision,aggrav,aggravated,7,430
supervision,aifi,aifis,7,11
supervision,aikman,aikman,7,57
supervision,arabia,arabia,7,114
supervision,ascend,ascendancy,7,65
supervision,assidu,assiduously,7,35
supervision,atmospher,atmosphere,7,213
supervision,axi,axis,7,219
supervision,band,band,7,609
supervision,bargain,bargaining,7,360
supervision,birth,birth,7,376
supervision,blow,blow,7,270
supervision,boat,boat,7,89
supervision,brook,brookings,7,620
supervision,bulgaria,bulgaria,7,90
supervision,cautionari,cautionary,7,69
supervision,cbest,cbest,7,18
supervision,cbt,cbt,7,31
supervision,ccil,ccil,7,72
supervision,ceiop,ceiops,7,11
supervision,chris,chris,7,235
supervision,clearest,clearest,7,98
supervision,climaterel,climaterelated,7,27
supervision,coeffici,coefficient,7,342
supervision,confeder,confederation,7,290
supervision,congratul,congratulate,7,681
supervision,conjectur,conjectured,7,156
supervision,connected,connectedness,7,66
supervision,contradict,contradiction,7,244
supervision,corridor,corridor,7,288
supervision,corrupt,corruption,7,195
supervision,counti,county,7,148
supervision,cpc,cpc,7,110
supervision,denial,denial,7,84
supervision,devalu,devaluation,7,437
supervision,devast,devastating,7,401
supervision,dichotomi,dichotomy,7,82
supervision,dimension,dimensional,7,88
supervision,discern,discern,7,351
supervision,doctrin,doctrine,7,133
supervision,doddfrank,doddfrank,7,30
supervision,domicil,domiciled,7,84
supervision,dsge,dsge,7,128
supervision,earnest,earnest,7,192
supervision,echo,echo,7,253
supervision,eleventh,eleventh,7,95
supervision,elicit,eliciting,7,116
supervision,emeap,emeap,7,59
supervision,engend,engender,7,324
supervision,epidem,epidemic,7,91
supervision,erron,erroneous,7,114
supervision,eschew,eschewing,7,92
supervision,esteem,esteemed,7,238
supervision,fatal,fatal,7,115
supervision,fireston,firestone,7,11
supervision,footnot,footnote,7,237
supervision,fraction,fraction,7,584
supervision,fraudul,fraudulent,7,136
supervision,frontload,frontload,7,171
supervision,frustrat,frustrate,7,266
supervision,gfxc,gfxc,7,17
supervision,grey,grey,7,122
supervision,grid,grid,7,69
supervision,groundwork,groundwork,7,158
supervision,guidepost,guideposts,7,68
supervision,habit,habits,7,370
supervision,hardship,hardship,7,318
supervision,hardwar,hardware,7,128
supervision,haven,haven,7,359
supervision,heavier,heavier,7,56
supervision,herald,heralds,7,124
supervision,heritag,heritage,7,167
supervision,holthausen,holthausen,7,31
supervision,hone,hone,7,62
supervision,hot,hot,7,324
supervision,hungari,hungary,7,172
supervision,illumin,illuminating,7,98
supervision,illus,illusion,7,265
supervision,imput,imputed,7,106
supervision,incis,incisive,7,21
supervision,infrequ,infrequently,7,125
supervision,infus,infusing,7,157
supervision,intact,intact,7,205
supervision,interest,interestingly,7,376
supervision,intim,intimate,7,173
supervision,irda,irda,7,45
supervision,irrespons,irresponsible,7,141
supervision,italian,italian,7,251
supervision,izvestia,izvestia,7,27
supervision,lagard,lagarde,7,191
supervision,lar,lars,7,115
supervision,leak,leak,7,64
supervision,levin,levine,7,196
supervision,lodg,lodge,7,55
supervision,lopez,lopez,7,146
supervision,magnifi,magnify,7,265
supervision,mathemat,mathematic,7,231
supervision,matrix,matrix,7,56
supervision,melbourn,melbourne,7,184
supervision,menu,menu,7,177
supervision,mexican,mexican,7,379
supervision,mild,mild,7,450
supervision,mispric,mispricing,7,137
supervision,mmfs,mmfs,7,53
supervision,mof,mof,7,22
supervision,motor,motor,7,348
supervision,mount,mounting,7,490
supervision,mra,mra,7,18
supervision,multitud,multitude,7,167
supervision,myopia,myopia,7,42
supervision,naiv,naive,7,119
supervision,neglig,negligible,7,415
supervision,neil,neil,7,81
supervision,northern,northern,7,331
supervision,obsolet,obsolete,7,188
supervision,olson,olson,7,64
supervision,ombudsman,ombudsman,7,87
supervision,onus,onus,7,105
supervision,ordinari,ordinary,7,460
supervision,outsid,outsiders,7,140
supervision,outward,outward,7,233
supervision,pair,pair,7,188
supervision,particular,particularities,7,59
supervision,passiv,passively,7,295
supervision,patriot,patriot,7,40
supervision,pca,pca,7,26
supervision,perpetu,perpetuated,7,251
supervision,pervas,pervasive,7,323
supervision,pessim,pessimism,7,242
supervision,philadelphia,philadelphia,7,174
supervision,philip,philip,7,358
supervision,pickup,pickup,7,480
supervision,plant,plants,7,421
supervision,plate,plate,7,69
supervision,plug,plug,7,111
supervision,port,port,7,257
supervision,postur,posture,7,99
supervision,practis,practise,7,100
supervision,presum,presume,7,324
supervision,protest,protests,7,87
supervision,proud,proud,7,440
supervision,psycholog,psychological,7,312
supervision,publicis,publicised,7,47
supervision,quota,quota,7,214
supervision,ran,ran,7,321
supervision,realism,realism,7,66
supervision,rectif,rectification,7,30
supervision,redund,redundant,7,197
supervision,reevalu,reevaluate,7,57
supervision,remitt,remittance,7,379
supervision,renminbi,renminbi,7,147
supervision,repress,repression,7,107
supervision,resumpt,resumption,7,264
supervision,reuter,reuters,7,273
supervision,revok,revoked,7,61
supervision,riksbank,riksbank,7,163
supervision,riskbas,riskbased,7,30
supervision,rollov,rollover,7,144
supervision,rosengren,rosengren,7,47
supervision,rotat,rotation,7,180
supervision,rush,rush,7,282
supervision,sadc,sadc,7,66
supervision,sake,sake,7,331
supervision,scholar,scholars,7,327
supervision,scoreboard,scoreboard,7,30
supervision,secret,secret,7,187
supervision,secular,secular,7,439
supervision,semin,seminal,7,188
supervision,sensitis,sensitised,7,56
supervision,shoe,shoes,7,70
supervision,shorten,shortened,7,329
supervision,shoulder,shoulder,7,238
supervision,side,sided,7,152
supervision,signifi,signify,7,140
supervision,sizabl,sizable,7,490
supervision,slice,slice,7,106
supervision,squeez,squeeze,7,597
supervision,sro,sro,7,27
supervision,sros,sros,7,22
supervision,stanley,stanley,7,214
supervision,stark,stark,7,454
supervision,steven,stevens,7,368
supervision,stresstest,stresstesting,7,18
supervision,styliz,stylized,7,87
supervision,subsidis,subsidised,7,179
supervision,suppl,supple,7,15
supervision,supplant,supplanted,7,51
supervision,suspens,suspension,7,162
supervision,sweep,sweeping,7,232
supervision,tarp,tarp,7,51
supervision,taskforc,taskforce,7,61
supervision,thin,thinly,7,251
supervision,tlac,tlac,7,65
supervision,tootel,tootell,7,19
supervision,toronto,toronto,7,230
supervision,transcend,transcend,7,109
supervision,tree,trees,7,111
supervision,triangl,triangle,7,62
supervision,trustworthi,trustworthiness,7,101
supervision,turnov,turnover,7,599
supervision,twentieth,twentieth,7,308
supervision,undivid,undivided,7,25
supervision,unfortun,unfortunate,7,240
supervision,unitari,unitary,7,48
supervision,unquestion,unquestionably,7,100
supervision,unreason,unreasonable,7,189
supervision,unsaf,unsafe,7,48
supervision,unsatisfactori,unsatisfactory,7,155
supervision,unwelcom,unwelcome,7,184
supervision,unwis,unwise,7,140
supervision,vacuum,vacuum,7,132
supervision,variant,variants,7,352
supervision,watersh,watershed,7,94
supervision,woodford,woodford,7,330
supervision,writer,writers,7,123
supervision,wto,wto,7,194
supervision,zealand,zealand,7,412
supervision,aberr,aberrations,6,67
supervision,addendum,addendum,6,48
supervision,advisor,advisor,6,178
supervision,air,air,6,432
supervision,aiyar,aiyar,6,20
supervision,allsopp,allsopp,6,20
supervision,amplif,amplification,6,178
supervision,amsterdam,amsterdam,6,209
supervision,andersen,andersen,6,31
supervision,anim,animal,6,278
supervision,appris,apprised,6,15
supervision,arabian,arabian,6,57
supervision,arduous,arduous,6,78
supervision,armouri,armoury,6,41
supervision,arthur,arthur,6,145
supervision,attenu,attenuated,6,159
supervision,battl,battle,6,273
supervision,benoit,benoit,6,225
supervision,bespok,bespoke,6,74
supervision,bestow,bestowed,6,134
supervision,bielecki,bielecki,6,23
supervision,blanchard,blanchard,6,250
supervision,bless,blessing,6,254
supervision,brake,brakes,6,219
supervision,brazilian,brazilian,6,118
supervision,broadbent,broadbent,6,193
supervision,broadest,broadest,6,125
supervision,brown,brown,6,176
supervision,calomiri,calomiris,6,36
supervision,cancel,cancelled,6,259
supervision,caruana,caruana,6,52
supervision,catalyt,catalytic,6,76
supervision,catastroph,catastrophe,6,272
supervision,cdos,cdos,6,106
supervision,cfr,cfr,6,33
supervision,cgfs,cgfs,6,96
supervision,circular,circular,6,139
supervision,claudio,claudio,6,97
supervision,cohort,cohorts,6,145
supervision,compass,compass,6,126
supervision,compulsori,compulsory,6,159
supervision,consumm,consummation,6,37
supervision,contour,contours,6,215
supervision,contradictori,contradictory,6,123
supervision,contributori,contributory,6,65
supervision,courag,courage,6,255
supervision,crilc,crilc,6,26
supervision,critiqu,critique,6,141
supervision,croatia,croatia,6,34
supervision,crt,crt,6,16
supervision,cumbersom,cumbersome,6,110
supervision,cyclon,cyclone,6,39
supervision,dbt,dbt,6,18
supervision,democraci,democracy,6,479
supervision,denot,denotes,6,195
supervision,depict,depicted,6,236
supervision,destin,destination,6,574
supervision,disconnect,disconnect,6,217
supervision,dissolut,dissolution,6,33
supervision,dozen,dozen,6,196
supervision,drawback,drawbacks,6,220
supervision,dti,dti,6,45
supervision,egypt,egypt,6,49
supervision,eighth,eighth,6,211
supervision,ela,ela,6,32
supervision,empt,empt,6,145
supervision,enumer,enumerated,6,80
supervision,eurofi,eurofi,6,46
supervision,evas,evasion,6,98
supervision,excit,exciting,6,416
supervision,exemplifi,exemplified,6,198
supervision,experiment,experimental,6,241
supervision,expressli,expressly,6,80
supervision,extrapol,extrapolate,6,221
supervision,fifteen,fifteen,6,312
supervision,fii,fii,6,96
supervision,fin,fin,6,37
supervision,firmwid,firmwide,6,15
supervision,fisher,fisher,6,257
supervision,flourish,flourish,6,278
supervision,flux,flux,6,65
supervision,fourteen,fourteen,6,69
supervision,freder,frederic,6,119
supervision,freeli,freely,6,549
supervision,fscs,fscs,6,20
supervision,fsrs,fsrs,6,12
supervision,geographi,geographies,6,268
supervision,gonzalez,gonzalez,6,174
supervision,goodfriend,goodfriend,6,75
supervision,grave,grave,6,147
supervision,gravell,gravelle,6,18
supervision,gse,gse,6,44
supervision,guardian,guardian,6,134
supervision,hall,hall,6,263
supervision,hallmark,hallmark,6,154
supervision,halv,halve,6,250
supervision,hasten,hasten,6,182
supervision,healthier,healthier,6,205
supervision,heat,heat,6,309
supervision,heed,heed,6,129
supervision,henceforth,henceforth,6,78
supervision,highlevel,highlevel,6,24
supervision,howard,howard,6,65
supervision,hurrican,hurricane,6,117
supervision,hypothes,hypotheses,6,169
supervision,imfc,imfc,6,57
supervision,improp,improper,6,98
supervision,imprud,imprudent,6,195
supervision,inbuilt,inbuilt,6,32
supervision,ingrain,ingrained,6,69
supervision,inspector,inspector,6,32
supervision,institution,institutionalization,6,91
supervision,invis,invisible,6,178
supervision,ipcc,ipcc,6,33
supervision,kapetanio,kapetanios,6,11
supervision,kim,kim,6,168
supervision,kiyohiko,kiyohiko,6,50
supervision,lakh,lakh,6,211
supervision,laubach,laubach,6,136
supervision,lavoi,lavoie,6,10
supervision,let,letting,6,203
supervision,lifetim,lifetime,6,294
supervision,lighter,lighter,6,62
supervision,liter,literally,6,344
supervision,lock,lock,6,358
supervision,lombard,lombard,6,145
supervision,looser,looser,6,204
supervision,loyalti,loyalty,6,131
supervision,madrid,madrid,6,179
supervision,magazin,magazine,6,112
supervision,manpow,manpower,6,116
supervision,mario,mario,6,302
supervision,mask,masked,6,298
supervision,mca,mca,6,17
supervision,mervyn,mervyn,6,270
supervision,meticul,meticulously,6,58
supervision,mile,miles,6,324
supervision,mimic,mimics,6,63
supervision,mine,mining,6,693
supervision,misalloc,misallocation,6,250
supervision,misguid,misguided,6,160
supervision,mit,mit,6,333
supervision,monetarypolici,monetarypolicy,6,22
supervision,mpms,mpms,6,43
supervision,mrel,mrel,6,44
supervision,multipli,multiplier,6,573
supervision,mundra,mundra,6,39
supervision,nba,nba,6,24
supervision,neat,neatly,6,109
supervision,nineti,nineties,6,316
supervision,node,nodes,6,70
supervision,notif,notification,6,97
supervision,novelti,novelty,6,85
supervision,olivi,olivier,6,151
supervision,orchestr,orchestrate,6,36
supervision,outturn,outturns,6,177
supervision,overestim,overestimated,6,251
supervision,overrid,overriding,6,324
supervision,panetta,panetta,6,99
supervision,paradox,paradox,6,336
supervision,parcel,parcel,6,73
supervision,penalv,penalver,6,50
supervision,persuad,persuade,6,253
supervision,pervers,perverse,6,241
supervision,phish,phishing,6,38
supervision,phone,phone,6,509
supervision,phrase,phrases,6,383
supervision,pinpoint,pinpoint,6,68
supervision,plot,plot,6,323
supervision,portug,portugal,6,461
supervision,precious,precious,6,158
supervision,predatori,predatory,6,71
supervision,prefectur,prefecture,6,140
supervision,protectionist,protectionist,6,296
supervision,rachel,rachel,6,113
supervision,rajan,rajan,6,302
supervision,recip,recipe,6,198
supervision,reckless,reckless,6,95
supervision,reconfirm,reconfirmed,6,77
supervision,recount,recount,6,104
supervision,rein,rein,6,254
supervision,reinvigor,reinvigorate,6,66
supervision,reit,reits,6,179
supervision,reset,resetting,6,118
supervision,restat,restated,6,107
supervision,resurg,resurgence,6,271
supervision,retreat,retreat,6,248
supervision,revit,revitalization,6,265
supervision,richard,richard,6,473
supervision,rostagno,rostagno,6,104
supervision,row,row,6,208
supervision,rwa,rwa,6,34
supervision,sandbox,sandbox,6,72
supervision,scarciti,scarcity,6,239
supervision,semiconductor,semiconductor,6,176
supervision,shade,shade,6,231
supervision,sheer,sheer,6,269
supervision,shi,shy,6,156
supervision,shim,shim,6,19
supervision,simplist,simplistic,6,136
supervision,slate,slate,6,65
supervision,slovenia,slovenia,6,153
supervision,sluggish,sluggish,6,855
supervision,smoothen,smoothen,6,95
supervision,smoother,smoother,6,156
supervision,solidar,solidarity,6,170
supervision,song,song,6,151
supervision,sonia,sonia,6,43
supervision,speedi,speedy,6,127
supervision,sporad,sporadic,6,51
supervision,spv,spv,6,46
supervision,statur,stature,6,67
supervision,stein,stein,6,194
supervision,stewardship,stewardship,6,49
supervision,subbarao,subbarao,6,151
supervision,subset,subset,6,160
supervision,successor,successor,6,183
supervision,suprem,supreme,6,116
supervision,synthet,synthetic,6,197
supervision,tame,tame,6,150
supervision,tantamount,tantamount,6,75
supervision,tenur,tenure,6,207
supervision,thailand,thailand,6,395
supervision,theorem,theorem,6,54
supervision,thumb,thumb,6,119
supervision,thursday,thursday,6,195
supervision,tiber,tiber,6,11
supervision,tltro,tltro,6,123
supervision,tohoku,tohoku,6,31
supervision,toughen,toughen,6,39
supervision,transpir,transpire,6,66
supervision,tribut,tribute,6,204
supervision,trough,trough,6,457
supervision,unaffect,unaffected,6,248
supervision,unavail,unavailable,6,186
supervision,unchalleng,unchallenged,6,22
supervision,uncondit,unconditional,6,156
supervision,underpr,underpriced,6,127
supervision,undersecretariat,undersecretariat,6,24
supervision,underutil,underutilized,6,63
supervision,unilater,unilateral,6,192
supervision,unnot,unnoticed,6,76
supervision,unrealis,unrealised,6,42
supervision,unrel,unrelated,6,305
supervision,unsupervis,unsupervised,6,17
supervision,unviabl,unviable,6,80
supervision,vacanc,vacancies,6,385
supervision,vicki,vicky,6,34
supervision,visual,visual,6,164
supervision,vitiat,vitiated,6,17
supervision,vivid,vividly,6,222
supervision,vogu,vogue,6,42
supervision,waiv,waiving,6,61
supervision,walk,walk,6,374
supervision,wari,wary,6,218
supervision,warm,warming,6,525
supervision,watchdog,watchdog,6,23
supervision,welldevelop,welldeveloped,6,20
supervision,westminst,westminster,6,40
supervision,william,william,6,620
supervision,winner,winner,6,330
supervision,wrap,wrap,6,155
supervision,aadhaar,aadhaar,5,67
supervision,abl,abl,5,28
supervision,abss,abss,5,73
supervision,accentu,accentuated,5,286
supervision,admiss,admission,5,92
supervision,adult,adult,5,357
supervision,alli,allied,5,183
supervision,amelior,ameliorating,5,108
supervision,ampli,amply,5,115
supervision,anglo,anglo,5,100
supervision,anxieti,anxiety,5,270
supervision,arrest,arrest,5,175
supervision,arsenal,arsenal,5,69
supervision,astray,astray,5,45
supervision,attrit,attrition,5,40
supervision,backbon,backbone,5,187
supervision,bagehot,bagehot,5,144
supervision,balkan,balkanization,5,44
supervision,ban,ban,5,208
supervision,bean,bean,5,239
supervision,bhcs,bhcs,5,24
supervision,biannual,biannual,5,73
supervision,bigtech,bigtech,5,34
supervision,blame,blame,5,366
supervision,blanket,blanket,5,103
supervision,blockchain,blockchain,5,99
supervision,bloom,bloom,5,152
supervision,blue,blue,5,491
supervision,bocconi,bocconi,5,36
supervision,bore,bore,5,150
supervision,bretton,bretton,5,400
supervision,bright,bright,5,290
supervision,bruegel,bruegel,5,74
supervision,cac,cacs,5,40
supervision,calendar,calendar,5,341
supervision,campaign,campaign,5,425
supervision,capita,capita,5,793
supervision,caprio,caprio,5,17
supervision,carrier,carriers,5,59
supervision,cascad,cascading,5,145
supervision,cashless,cashless,5,155
supervision,cass,cass,5,37
supervision,cbi,cbi,5,176
supervision,cbrc,cbrc,5,14
supervision,cdr,cdr,5,22
supervision,cell,cell,5,104
supervision,centrepiec,centrepiece,5,48
supervision,chequ,cheque,5,219
supervision,christiano,christiano,5,80
supervision,chronic,chronic,5,292
supervision,chung,chung,5,44
supervision,cic,cics,5,22
supervision,civil,civil,5,476
supervision,coco,cocos,5,35
supervision,cogniz,cognizant,5,82
supervision,collat,collated,5,48
supervision,compress,compression,5,498
supervision,compuls,compulsions,5,142
supervision,concess,concessions,5,107
supervision,concomit,concomitant,5,210
supervision,consortium,consortium,5,92
supervision,contextu,contextual,5,101
supervision,continuum,continuum,5,63
supervision,countryspecif,countryspecific,5,32
supervision,criticis,criticised,5,228
supervision,crosscheck,crosschecking,5,17
supervision,custodian,custodians,5,202
supervision,dale,dale,5,103
supervision,davi,davies,5,189
supervision,debentur,debentures,5,112
supervision,debit,debit,5,437
supervision,decomposit,decomposition,5,214
supervision,deferr,deferrals,5,78
supervision,degrad,degradation,5,100
supervision,department,departmental,5,47
supervision,deplet,depletion,5,207
supervision,depoliticis,depoliticisation,5,23
supervision,depriv,deprived,5,217
supervision,devil,devil,5,43
supervision,devolv,devolved,5,50
supervision,dial,dial,5,47
supervision,dictat,dictated,5,292
supervision,digest,digest,5,111
supervision,disentangl,disentangle,5,197
supervision,disloc,dislocations,5,358
supervision,disposit,disposition,5,68
supervision,dna,dna,5,44
supervision,dnb,dnb,5,37
supervision,doctor,doctor,5,181
supervision,domino,domino,5,69
supervision,doubtless,doubtless,5,200
supervision,dow,dow,5,81
supervision,eastern,eastern,5,683
supervision,edific,edifice,5,50
supervision,editori,editorial,5,53
supervision,eichengreen,eichengreen,5,181
supervision,eighteen,eighteen,5,190
supervision,electronif,electronification,5,42
supervision,emption,emptions,5,83
supervision,en,ens,5,30
supervision,energet,energetic,5,47
supervision,enthusiasm,enthusiasm,5,242
supervision,enthusiast,enthusiastic,5,165
supervision,errat,erratic,5,144
supervision,erupt,eruption,5,273
supervision,essay,essays,5,215
supervision,est,est,5,153
supervision,etern,eternal,5,70
supervision,euro,euros,5,313
supervision,eve,eve,5,155
supervision,expedit,expedited,5,151
supervision,expediti,expeditiously,5,190
supervision,extraterritori,extraterritorial,5,11
supervision,fata,fatas,5,23
supervision,fault,fault,5,243
supervision,fig,fig,5,24
supervision,financier,financiere,5,36
supervision,flash,flash,5,208
supervision,flat,flat,5,748
supervision,foolproof,foolproof,5,25
supervision,foresight,foresight,5,157
supervision,forti,forty,5,273
supervision,fullest,fullest,5,91
supervision,gaap,gaap,5,51
supervision,garden,gardener,5,61
supervision,gem,gem,5,26
supervision,giorgio,giorgio,5,15
supervision,glanc,glance,5,207
supervision,gongsheng,gongsheng,5,20
supervision,grass,grass,5,64
supervision,gratitud,gratitude,5,551
supervision,halfway,halfway,5,79
supervision,hebden,hebden,5,29
supervision,heel,heels,5,77
supervision,hitherto,hitherto,5,252
supervision,hole,hole,5,608
supervision,homeownership,homeownership,5,148
supervision,hoover,hoover,5,42
supervision,hurt,hurt,5,418
supervision,ic,ics,5,15
supervision,ideolog,ideological,5,113
supervision,impract,impractical,5,49
supervision,imprecis,imprecise,5,142
supervision,indepth,indepth,5,19
supervision,infect,infection,5,179
supervision,infring,infringements,5,47
supervision,innoc,innocent,5,104
supervision,inquir,inquiring,5,24
supervision,insepar,inseparable,5,70
supervision,instil,instil,5,138
supervision,intensif,intensification,5,299
supervision,interfax,interfax,5,43
supervision,interinstitut,interinstitutional,5,13
supervision,intertwin,intertwined,5,255
supervision,intraday,intraday,5,165
supervision,invoic,invoicing,5,218
supervision,irish,irish,5,122
supervision,iter,iteration,5,81
supervision,jain,jain,5,45
supervision,jeopard,jeopardized,5,174
supervision,johnson,johnson,5,150
supervision,jon,jon,5,204
supervision,jonathan,jonathan,5,269
supervision,jordan,jordan,5,232
supervision,juri,jury,5,137
supervision,kansa,kansas,5,611
supervision,kashyap,kashyap,5,157
supervision,knit,knit,5,36
supervision,kremer,kremers,5,20
supervision,kuttner,kuttner,5,45
supervision,lab,labs,5,83
supervision,ladder,ladder,5,112
supervision,lawmak,lawmakers,5,48
supervision,lch,lch,5,31
supervision,lent,lent,5,267
supervision,libra,libra,5,31
supervision,linear,linear,5,406
supervision,linger,lingering,5,320
supervision,lira,lira,5,232
supervision,localis,localised,5,95
supervision,ltros,ltros,5,104
supervision,lunch,lunch,5,228
supervision,luxuri,luxury,5,128
supervision,macroprud,macroprudence,5,18
supervision,microscop,microscopes,5,22
supervision,mill,mills,5,108
supervision,misreport,misreporting,5,17
supervision,mobilis,mobilise,5,318
supervision,mofe,mofe,5,88
supervision,mojon,mojon,5,56
supervision,monopoli,monopoly,5,308
supervision,moscow,moscow,5,105
supervision,municip,municipal,5,256
supervision,musso,musso,5,18
supervision,nhb,nhb,5,26
supervision,nich,niche,5,212
supervision,nodal,nodal,5,23
supervision,normat,normative,5,96
supervision,nouy,nouy,5,10
supervision,nri,nri,5,46
supervision,obstruct,obstruct,5,85
supervision,ofth,ofthe,5,40
supervision,operation,operationalization,5,46
supervision,optimum,optimum,5,251
supervision,orthodox,orthodox,5,66
supervision,orthodoxi,orthodoxy,5,76
supervision,out,outs,5,166
supervision,outlet,outlets,5,161
supervision,overburden,overburden,5,80
supervision,overdraft,overdraft,5,197
supervision,overleverag,overleveraged,5,32
supervision,overrun,overruns,5,27
supervision,park,park,5,230
supervision,pathway,pathways,5,102
supervision,payer,payers,5,139
supervision,payoff,payoff,5,191
supervision,pcr,pcr,5,16
supervision,peacetim,peacetime,5,68
supervision,peek,peek,5,23
supervision,persuas,persuasion,5,248
supervision,peterson,peterson,5,199
supervision,pitch,pitch,5,61
supervision,pleasant,pleasant,5,111
supervision,plenari,plenary,5,162
supervision,postcrisi,postcrisis,5,59
supervision,preconcept,preconception,5,22
supervision,prerog,prerogatives,5,84
supervision,pricewaterhousecoop,pricewaterhousecoopers,5,17
supervision,priori,priori,5,90
supervision,pspp,pspp,5,35
supervision,psr,psr,5,11
supervision,pwg,pwg,5,14
supervision,quarantin,quarantine,5,36
supervision,quo,quo,5,252
supervision,raf,raf,5,10
supervision,rap,rap,5,12
supervision,recept,receptive,5,151
supervision,refresh,refresh,5,80
supervision,regress,regressions,5,329
supervision,reinvent,reinvent,5,105
supervision,rental,rental,5,251
supervision,repetit,repetition,5,157
supervision,repli,reply,5,161
supervision,restart,restarting,5,168
supervision,revoc,revocation,5,31
supervision,rewrit,rewriting,5,49
supervision,richmond,richmond,5,149
supervision,rock,rock,5,228
supervision,sad,sadly,5,156
supervision,salari,salaries,5,431
supervision,salido,salido,5,87
supervision,sand,sand,5,94
supervision,sanguin,sanguine,5,93
supervision,scar,scarring,5,257
supervision,scatter,scattered,5,73
supervision,scf,scf,5,29
supervision,scottish,scottish,5,76
supervision,seacen,seacen,5,39
supervision,seal,seal,5,59
supervision,seed,seeds,5,350
supervision,seller,sellers,5,384
supervision,shelf,shelf,5,44
supervision,shin,shin,5,232
supervision,sis,sis,5,29
supervision,skeptic,skeptical,5,248
supervision,skin,skin,5,71
supervision,smarter,smarter,5,46
supervision,socal,socalled,5,126
supervision,southern,southern,5,306
supervision,spanish,spanish,5,271
supervision,steagal,steagall,5,67
supervision,stearn,stearns,5,149
supervision,stern,stern,5,123
supervision,stigma,stigma,5,119
supervision,stochast,stochastic,5,159
supervision,strang,strange,5,140
supervision,strictest,strictest,5,24
supervision,subscrib,subscribed,5,223
supervision,subscript,subscription,5,106
supervision,subsid,subside,5,539
supervision,supermarket,supermarket,5,113
supervision,supersed,superseded,5,53
supervision,suppress,suppressed,5,302
supervision,swapclear,swapclear,5,12
supervision,swifter,swifter,5,17
supervision,sydney,sydney,5,460
supervision,tale,tale,5,160
supervision,tall,tall,5,44
supervision,tbtf,tbtf,5,51
supervision,teach,teach,5,428
supervision,terminolog,terminology,5,145
supervision,terrain,terrain,5,70
supervision,tfeu,tfeu,5,23
supervision,thank,thankful,5,479
supervision,theodoridi,theodoridis,5,24
supervision,tila,tila,5,22
supervision,tokyo,tokyo,5,587
supervision,tour,tour,5,127
supervision,transpos,transposed,5,81
supervision,trick,trick,5,58
supervision,tripartit,tripartite,5,56
supervision,troika,troika,5,23
supervision,tuesday,tuesday,5,153
supervision,turnaround,turnaround,5,323
supervision,unanticip,unanticipated,5,347
supervision,unchart,unchartered,5,194
supervision,uncheck,unchecked,5,150
supervision,uncomfort,uncomfortably,5,311
supervision,underst,understate,5,194
supervision,undervalu,undervalued,5,155
supervision,unexplor,unexplored,5,28
supervision,unrealist,unrealistic,5,305
supervision,unstructur,unstructured,5,36
supervision,unsurpris,unsurprisingly,5,186
supervision,unveil,unveil,5,131
supervision,unwant,unwanted,5,111
supervision,upheld,upheld,5,46
supervision,uplift,uplift,5,67
supervision,upturn,upturn,5,384
supervision,usabl,usable,5,124
supervision,usc,usc,5,11
supervision,vaccin,vaccination,5,288
supervision,vagu,vague,5,127
supervision,vicker,vickers,5,66
supervision,vienna,vienna,5,134
supervision,vigour,vigour,5,89
supervision,vinal,vinals,5,15
supervision,vocal,vocal,5,67
supervision,wallet,wallets,5,198
supervision,wareh,warehousing,5,88
supervision,watcher,watchers,5,192
supervision,webpag,webpage,5,68
supervision,wedg,wedge,5,168
supervision,wellink,wellink,5,16
supervision,wheel,wheels,5,168
supervision,wherewith,wherewithal,5,56
supervision,widest,widest,5,76
supervision,wieladek,wieladek,5,38
supervision,wim,wim,5,54
supervision,wrote,wrote,5,381
supervision,yang,yang,5,61
supervision,zhou,zhou,5,109
supervision,zurich,zurich,5,288
supervision,abc,abc,4,20
supervision,abcp,abcp,4,101
supervision,abi,abi,4,30
supervision,abmi,abmi,4,19
supervision,accus,accused,4,153
supervision,adair,adair,4,17
supervision,addict,addiction,4,37
supervision,advertis,advertising,4,276
supervision,afflict,afflicted,4,107
supervision,afresh,afresh,4,25
supervision,ag,ags,4,19
supervision,allay,allaying,4,54
supervision,allen,allen,4,169
supervision,amalgam,amalgamating,4,66
supervision,amc,amcs,4,17
supervision,ancillari,ancillary,4,81
supervision,anderton,anderton,4,30
supervision,andrad,andrade,4,22
supervision,anew,anew,4,55
supervision,anonym,anonymity,4,197
supervision,anticipatori,anticipatory,4,39
supervision,antimoney,antimoney,4,11
supervision,antitrust,antitrust,4,53
supervision,applaud,applauding,4,114
supervision,architect,architects,4,106
supervision,armi,army,4,77
supervision,arrear,arrears,4,155
supervision,athlet,athletes,4,29
supervision,bac,bacs,4,18
supervision,bailout,bailout,4,314
supervision,banquet,banquet,4,67
supervision,barclay,barclays,4,153
supervision,barrel,barrel,4,416
supervision,berlin,berlin,4,295
supervision,beset,beset,4,86
supervision,bhutta,bhutta,4,15
supervision,biennial,biennial,4,101
supervision,binari,binary,4,51
supervision,blinder,blinder,4,165
supervision,blog,blog,4,190
supervision,blood,blood,4,76
supervision,bns,bns,4,18
supervision,bog,bog,4,23
supervision,boil,boils,4,92
supervision,bona,bona,4,26
supervision,bordo,bordo,4,88
supervision,breed,breed,4,124
supervision,brrd,brrd,4,62
supervision,bye,bye,4,17
supervision,california,california,4,276
supervision,caribbean,caribbean,4,90
supervision,carolyn,carolyn,4,103
supervision,casualti,casualty,4,82
supervision,causal,causal,4,295
supervision,ceremoni,ceremony,4,254
supervision,cfs,cfs,4,45
supervision,chairperson,chairperson,4,104
supervision,chakrabarti,chakrabarty,4,118
supervision,cheap,cheap,4,429
supervision,chf,chf,4,218
supervision,choongsoo,choongsoo,4,49
supervision,christoph,christopher,4,290
supervision,claessen,claessens,4,78
supervision,clerc,clerc,4,18
supervision,cliff,cliff,4,197
supervision,climb,climb,4,357
supervision,cmd,cmd,4,37
supervision,coal,coal,4,292
supervision,cochran,cochrane,4,38
supervision,coexist,coexistence,4,210
supervision,cohes,cohesive,4,297
supervision,cold,cold,4,249
supervision,colloqui,colloquially,4,36
supervision,collus,collusion,4,44
supervision,compnet,compnet,4,22
supervision,congruent,congruent,4,41
supervision,connot,connotation,4,74
supervision,contagi,contagious,4,107
supervision,copenhagen,copenhagen,4,45
supervision,corrobor,corroborated,4,140
supervision,costless,costless,4,111
supervision,counterbal,counterbalance,4,56
supervision,crossroad,crossroads,4,83
supervision,csds,csds,4,54
supervision,cunliff,cunliffe,4,132
supervision,cybercrim,cybercrime,4,31
supervision,cypriot,cypriot,4,14
supervision,cyprus,cyprus,4,151
supervision,danthin,danthine,4,61
supervision,dead,dead,4,165
supervision,dearth,dearth,4,72
supervision,death,death,4,305
supervision,defect,defects,4,60
supervision,defus,defuse,4,74
supervision,deliver,deliverables,4,87
supervision,delor,delors,4,65
supervision,delphic,delphic,4,15
supervision,delta,delta,4,86
supervision,demarc,demarcation,4,48
supervision,den,den,4,116
supervision,dept,dept,4,17
supervision,derail,derail,4,153
supervision,detach,detached,4,95
supervision,dialog,dialog,4,18
supervision,dictionari,dictionary,4,85
supervision,dig,dig,4,102
supervision,dirk,dirk,4,48
supervision,discard,discarding,4,96
supervision,discrep,discrepancies,4,218
supervision,dismiss,dismiss,4,286
supervision,downbeat,downbeat,4,32
supervision,downpay,downpayment,4,16
supervision,downsw,downswing,4,102
supervision,dream,dream,4,241
supervision,drought,drought,4,262
supervision,dubious,dubious,4,96
supervision,duffi,duffie,4,53
supervision,earmark,earmarking,4,73
supervision,easiest,easiest,4,72
supervision,eat,eat,4,232
supervision,edinburgh,edinburgh,4,59
supervision,efc,efc,4,19
supervision,egg,egg,4,118
supervision,egrpra,egrpra,4,21
supervision,eighti,eighties,4,208
supervision,elder,elder,4,304
supervision,embryon,embryonic,4,30
supervision,empti,empty,4,80
supervision,endnot,endnotes,4,143
supervision,enlist,enlist,4,51
supervision,enron,enron,4,95
supervision,epidemiolog,epidemiological,4,39
supervision,equilibr,equilibrating,4,101
supervision,equilibria,equilibria,4,113
supervision,eric,eric,4,170
supervision,etho,ethos,4,53
supervision,eurex,eurex,4,31
supervision,eurobaromet,eurobarometer,4,85
supervision,evad,evade,4,79
supervision,exemplari,exemplary,4,128
supervision,expedi,expediency,4,88
supervision,explanatori,explanatory,4,161
supervision,exponenti,exponential,4,153
supervision,fascin,fascinating,4,184
supervision,father,fathers,4,253
supervision,faulti,faulty,4,62
supervision,fema,fema,4,40
supervision,fernanda,fernanda,4,12
supervision,ferrero,ferrero,4,39
supervision,fiat,fiat,4,156
supervision,fide,fide,4,30
supervision,fisc,fisc,4,40
supervision,fischer,fischer,4,208
supervision,flagship,flagship,4,76
supervision,flesh,flesh,4,74
supervision,flight,flight,4,448
supervision,florida,florida,4,99
supervision,fluid,fluid,4,78
supervision,fog,fog,4,55
supervision,foolish,foolish,4,67
supervision,footbal,football,4,56
supervision,forb,forbes,4,98
supervision,forewarn,forewarned,4,25
supervision,forg,forged,4,244
supervision,forwardlook,forwardlooking,4,76
supervision,freed,freed,4,126
supervision,freez,freeze,4,210
supervision,froth,froth,4,27
supervision,gagnon,gagnon,4,111
supervision,gambl,gamble,4,118
supervision,garner,garnered,4,114
supervision,gatekeep,gatekeeper,4,20
supervision,gaze,gazing,4,33
supervision,genesi,genesis,4,105
supervision,geneva,geneva,4,256
supervision,gertrud,gertrude,4,163
supervision,gloomi,gloomy,4,120
supervision,goldstein,goldstein,4,26
supervision,gopinath,gopinath,4,108
supervision,gorton,gorton,4,80
supervision,gradualist,gradualist,4,81
supervision,graft,graft,4,12
supervision,grand,grand,4,197
supervision,grandfath,grandfathered,4,51
supervision,grauw,grauwe,4,24
supervision,gravit,gravitate,4,81
supervision,gst,gst,4,67
supervision,guis,guise,4,59
supervision,hack,hacking,4,48
supervision,halifax,halifax,4,79
supervision,handed,handedness,4,11
supervision,harmoni,harmony,4,264
supervision,harsh,harsh,4,183
supervision,hartmann,hartmann,4,71
supervision,haul,haul,4,60
supervision,headway,headway,4,67
supervision,hearten,heartening,4,152
supervision,hint,hint,4,189
supervision,historian,historians,4,164
supervision,hive,hiving,4,25
supervision,homebuy,homebuyers,4,109
supervision,homework,homework,4,74
supervision,hysteresi,hysteresis,4,160
supervision,icai,icai,4,29
supervision,iceland,iceland,4,103
supervision,idf,idfs,4,22
supervision,ifi,ifis,4,28
supervision,imag,image,4,427
supervision,improb,improbable,4,63
supervision,inaccur,inaccurate,4,97
supervision,inattent,inattention,4,51
supervision,incompat,incompatible,4,176
supervision,indefinit,indefinite,4,359
supervision,indiffer,indifferent,4,151
supervision,indisput,indisputable,4,59
supervision,induct,induction,4,63
supervision,inequit,inequitable,4,23
supervision,inerti,inertial,4,44
supervision,inexact,inexact,4,16
supervision,ing,ing,4,54
supervision,insurmount,insurmountable,4,91
supervision,interrupt,interrupted,4,363
supervision,inth,inthe,4,33
supervision,intrigu,intriguing,4,118
supervision,iraq,iraq,4,152
supervision,irrat,irrational,4,247
supervision,iso,iso,4,81
supervision,jeann,jeanne,4,50
supervision,jigsaw,jigsaw,4,26
supervision,joyc,joyce,4,109
supervision,junior,junior,4,87
supervision,kelley,kelley,4,33
supervision,keyn,keynes,4,298
supervision,keynesian,keynesian,4,329
supervision,khan,khan,4,102
supervision,kick,kick,4,245
supervision,kohn,kohn,4,205
supervision,kommers,kommersant,4,37
supervision,kosovo,kosovo,4,26
supervision,kroszner,kroszner,4,67
supervision,laden,laden,4,20
supervision,landesberg,landesberger,4,12
supervision,latent,latent,4,149
supervision,laxiti,laxity,4,52
supervision,lcbgs,lcbgs,4,12
supervision,lee,lee,4,232
supervision,lemk,lemke,4,42
supervision,lesli,leslie,4,27
supervision,lim,lim,4,20
supervision,lin,lin,4,17
supervision,linguist,linguistic,4,40
supervision,linzert,linzert,4,11
supervision,lite,lite,4,32
supervision,liu,liu,4,59
supervision,livelihood,livelihood,4,230
supervision,lobbi,lobbies,4,94
supervision,locus,locus,4,40
supervision,loud,loud,4,72
supervision,love,love,4,200
supervision,lui,luis,4,179
supervision,mac,mac,4,156
supervision,madam,madam,4,174
supervision,mahesh,mahesh,4,14
supervision,mainfram,mainframe,4,22
supervision,malpractic,malpractice,4,33
supervision,malta,malta,4,88
supervision,mantra,mantra,4,59
supervision,mari,mary,4,135
supervision,matthew,matthew,4,168
supervision,mauro,mauro,4,81
supervision,maximilian,maximilian,4,13
supervision,meaningless,meaningless,4,40
supervision,medic,medical,4,431
supervision,mediumterm,mediumterm,4,128
supervision,messi,messy,4,45
supervision,metropolitan,metropolitan,4,285
supervision,mfi,mfi,4,77
supervision,microstructur,microstructure,4,64
supervision,milan,milan,4,68
supervision,milieu,milieu,4,59
supervision,minima,minima,4,47
supervision,ministeri,ministerial,4,49
supervision,minski,minsky,4,106
supervision,misinterpret,misinterpretation,4,123
supervision,misplac,misplaced,4,130
supervision,misunderstood,misunderstood,4,109
supervision,mixtur,mixture,4,111
supervision,modular,modularity,4,30
supervision,modus,modus,4,46
supervision,morph,morphs,4,95
supervision,msas,msas,4,14
supervision,muller,muller,4,22
supervision,mumtaz,mumtaz,4,20
supervision,mutualis,mutualising,4,49
supervision,naic,naic,4,11
supervision,nakaso,nakaso,4,54
supervision,nationalbank,nationalbank,4,104
supervision,newspap,newspapers,4,259
supervision,nice,nicely,4,261
supervision,niklaus,niklaus,4,36
supervision,nim,nim,4,36
supervision,nineteenth,nineteenth,4,189
supervision,nomine,nominee,4,35
supervision,normalci,normalcy,4,51
supervision,notori,notoriously,4,130
supervision,nuclear,nuclear,4,115
supervision,number,numbered,4,55
supervision,offenc,offences,4,40
supervision,ofr,ofr,4,14
supervision,oi,ois,4,201
supervision,ontario,ontario,4,314
supervision,outag,outage,4,72
supervision,outlay,outlays,4,246
supervision,outpac,outpaced,4,262
supervision,outsiz,outsized,4,194
supervision,overcapac,overcapacity,4,85
supervision,overemphas,overemphasized,4,59
supervision,overshoot,overshooting,4,483
supervision,overturn,overturn,4,51
supervision,overzeal,overzealous,4,11
supervision,padmanabhan,padmanabhan,4,43
supervision,paramo,paramo,4,106
supervision,pauciti,paucity,4,69
supervision,pbi,pbi,4,28
supervision,pce,pce,4,251
supervision,peso,pesos,4,211
supervision,pfandbrief,pfandbrief,4,30
supervision,pfrda,pfrda,4,29
supervision,philipp,philipp,4,185
supervision,piecem,piecemeal,4,65
supervision,poland,poland,4,213
supervision,polish,polish,4,47
supervision,portray,portrayed,4,117
supervision,praet,praet,4,143
supervision,precept,precepts,4,35
supervision,prescient,presciently,4,52
supervision,pretext,pretext,4,27
supervision,prof,prof,4,260
supervision,protection,protectionism,4,376
supervision,provok,provoke,4,269
supervision,punch,punch,4,70
supervision,qua,qua,4,104
supervision,rail,rails,4,139
supervision,ratifi,ratified,4,118
supervision,reassert,reassert,4,69
supervision,rebat,rebates,4,51
supervision,receipt,receipts,4,426
supervision,recit,recital,4,39
supervision,reconstruct,reconstruction,4,340
supervision,reddi,reddy,4,223
supervision,redirect,redirect,4,120
supervision,reengin,reengineered,4,34
supervision,refere,referee,4,30
supervision,referenc,referenced,4,121
supervision,regrett,regrettably,4,161
supervision,reifschneid,reifschneider,4,124
supervision,reintegr,reintegration,4,61
supervision,reloc,relocate,4,196
supervision,remiss,remiss,4,54
supervision,renegoti,renegotiation,4,74
supervision,reo,reo,4,18
supervision,repeal,repeal,4,131
supervision,res,res,4,26
supervision,resembl,resemblance,4,221
supervision,retribut,retribution,4,20
supervision,revalu,revalued,4,172
supervision,revel,revelation,4,83
supervision,riskiest,riskiest,4,49
supervision,roman,roman,4,89
supervision,rome,rome,4,194
supervision,romer,romer,4,124
supervision,rudimentari,rudimentary,4,48
supervision,ruthless,ruthless,4,29
supervision,sacrific,sacrifice,4,221
supervision,salutari,salutary,4,71
supervision,samo,samos,4,25
supervision,sasha,sasha,4,12
supervision,scalabl,scalability,4,105
supervision,scare,scare,4,73
supervision,scarpetta,scarpetta,4,24
supervision,scb,scb,4,15
supervision,scientist,scientists,4,180
supervision,scrap,scrapped,4,84
supervision,scratch,scratch,4,110
supervision,serbia,serbia,4,20
supervision,sergey,sergey,4,11
supervision,sfts,sfts,4,24
supervision,sharma,sharma,4,59
supervision,shine,shining,4,102
supervision,shop,shop,4,543
supervision,shyamala,shyamala,4,50
supervision,sidbi,sidbi,4,40
supervision,silent,silent,4,122
supervision,simplest,simplest,4,154
supervision,sine,sine,4,102
supervision,siv,sivs,4,85
supervision,slbc,slbc,4,21
supervision,sleep,sleep,4,92
supervision,smet,smets,4,133
supervision,smp,smp,4,67
supervision,spark,sparked,4,289
supervision,specifi,specifies,4,141
supervision,spice,spice,4,16
supervision,spvs,spvs,4,50
supervision,stamp,stamp,4,160
supervision,stanford,stanford,4,164
supervision,startup,startup,4,76
supervision,statewid,statewide,4,14
supervision,statistician,statisticians,4,119
supervision,straub,straub,4,55
supervision,suarez,suarez,4,40
supervision,subgroup,subgroup,4,63
supervision,suboptim,suboptimal,4,101
supervision,sufi,sufi,4,52
supervision,sun,sun,4,136
supervision,superfici,superficial,4,87
supervision,suspicion,suspicion,4,150
supervision,sworn,sworn,4,16
supervision,symbol,symbols,4,337
supervision,sync,sync,4,93
supervision,synergist,synergistic,4,35
supervision,synthesi,synthesis,4,85
supervision,tactic,tactical,4,150
supervision,takeov,takeover,4,93
supervision,telegraph,telegraph,4,70
supervision,temperatur,temperature,4,155
supervision,tempor,temporal,4,161
supervision,tender,tender,4,431
supervision,tenor,tenor,4,198
supervision,textbook,textbook,4,354
supervision,tfp,tfp,4,118
supervision,thirdparti,thirdparty,4,17
supervision,thomson,thomson,4,138
supervision,thread,thread,4,101
supervision,tion,tion,4,21
supervision,toe,toe,4,26
supervision,tourism,tourism,4,508
supervision,tower,tower,4,98
supervision,traffic,traffic,4,185
supervision,tragic,tragic,4,185
supervision,trail,trail,4,121
supervision,transatlant,transatlantic,4,57
supervision,transposit,transposition,4,47
supervision,trickl,trickle,4,44
supervision,truste,trustees,4,120
supervision,tumpel,tumpel,4,164
supervision,twist,twist,4,152
supervision,ubiquit,ubiquitous,4,91
supervision,uhlig,uhlig,4,28
supervision,unanchor,unanchored,4,106
supervision,unansw,unanswered,4,60
supervision,unbal,unbalance,4,12
supervision,unbank,unbanked,4,189
supervision,und,und,4,199
supervision,undeni,undeniably,4,200
supervision,undercapitalis,undercapitalised,4,52
supervision,underdevelop,underdeveloped,4,206
supervision,unfavor,unfavorable,4,241
supervision,unintent,unintentionally,4,60
supervision,unlimit,unlimited,4,486
supervision,unlock,unlock,4,205
supervision,unrat,unrated,4,45
supervision,unravel,unravelling,4,143
supervision,unreli,unreliable,4,126
supervision,unrest,unrest,4,129
supervision,unsuccess,unsuccessful,4,121
supervision,unthink,unthinkable,4,139
supervision,unwit,unwittingly,4,29
supervision,unwound,unwound,4,208
supervision,upto,upto,4,94
supervision,vat,vat,4,184
supervision,vector,vector,4,90
supervision,verma,verma,4,19
supervision,vers,versed,4,31
supervision,versatil,versatile,4,58
supervision,vine,vines,4,14
supervision,virus,virus,4,279
supervision,vliegh,vlieghe,4,88
supervision,volunt,volunteer,4,59
supervision,warehous,warehouse,4,135
supervision,welldesign,welldesigned,4,14
supervision,weo,weo,4,161
supervision,westermann,westermann,4,13
supervision,whatsoev,whatsoever,4,87
supervision,wild,wildly,4,117
supervision,willem,willem,4,210
supervision,wonder,wonderful,4,394
supervision,worrisom,worrisome,4,185
supervision,wpi,wpi,4,124
supervision,wrongdo,wrongdoing,4,21
supervision,youth,youth,4,328
supervision,zabotkin,zabotkin,4,20
supervision,absurd,absurd,3,59
supervision,accret,accretions,3,80
supervision,accustom,accustomed,3,201
supervision,ach,ach,3,63
supervision,acharya,acharya,3,83
supervision,addresse,addressee,3,17
supervision,adjud,adjudicate,3,41
supervision,adjunct,adjunct,3,37
supervision,ado,ado,3,27
supervision,aforesaid,aforesaid,3,20
supervision,afraid,afraid,3,217
supervision,agnost,agnostic,3,52
supervision,alarm,alarming,3,226
supervision,alaska,alaska,3,13
supervision,albert,albert,3,58
supervision,alexandr,alexandre,3,40
supervision,alexey,alexey,3,22
supervision,amplitud,amplitude,3,114
supervision,angelini,angelini,3,13
supervision,angeloni,angeloni,3,47
supervision,ankara,ankara,3,118
supervision,annualis,annualised,3,325
supervision,apart,apartments,3,114
supervision,arab,arab,3,60
supervision,arc,arc,3,56
supervision,arrow,arrow,3,85
supervision,asx,asx,3,28
supervision,atom,atomization,3,43
supervision,attende,attendees,3,89
supervision,attun,attuned,3,81
supervision,auster,austerity,3,174
supervision,authorit,authoritative,3,48
supervision,auto,auto,3,352
supervision,autoregress,autoregressive,3,69
supervision,auxiliari,auxiliary,3,30
supervision,backup,backup,3,150
supervision,bake,baked,3,38
supervision,bang,bang,3,105
supervision,bankhaus,bankhaus,3,11
supervision,bankrupt,bankrupt,3,127
supervision,baranova,baranova,3,15
supervision,barnier,barnier,3,14
supervision,barri,barry,3,98
supervision,batteri,battery,3,48
supervision,bcp,bcp,3,20
supervision,belat,belatedly,3,59
supervision,belgian,belgian,3,53
supervision,beneath,beneath,3,108
supervision,berger,berger,3,69
supervision,bern,berne,3,184
supervision,bewild,bewildering,3,32
supervision,bianchi,bianchi,3,51
supervision,bitter,bitter,3,108
supervision,blank,blank,3,39
supervision,blower,blower,3,16
supervision,bls,bls,3,92
supervision,bob,bob,3,83
supervision,bonn,bonn,3,32
supervision,bottl,bottle,3,63
supervision,bowl,bowl,3,68
supervision,bracket,bracket,3,147
supervision,brain,brain,3,77
supervision,bread,bread,3,65
supervision,breakthrough,breakthrough,3,192
supervision,brisban,brisbane,3,77
supervision,britain,britain,3,326
supervision,bucket,buckets,3,87
supervision,bud,bud,3,67
supervision,bug,bug,3,45
supervision,bulgarian,bulgarian,3,11
supervision,buoyant,buoyant,3,408
supervision,bureaus,bureaus,3,65
supervision,burgeon,burgeoning,3,138
supervision,butter,butter,3,31
supervision,byproduct,byproduct,3,61
supervision,cafral,cafral,3,29
supervision,calam,calamity,3,72
supervision,calculus,calculus,3,67
supervision,calif,calif,3,49
supervision,calmer,calmer,3,57
supervision,camera,cameras,3,31
supervision,campbel,campbell,3,97
supervision,cardin,cardinal,3,30
supervision,cea,cea,3,15
supervision,cecchetti,cecchetti,3,128
supervision,cerutti,cerutti,3,48
supervision,chamber,chamber,3,604
supervision,child,child,3,215
supervision,children,children,3,462
supervision,circumvent,circumvention,3,28
supervision,citizenship,citizenship,3,28
supervision,clamour,clamour,3,21
supervision,clare,clare,3,98
supervision,clark,clark,3,98
supervision,claw,claw,3,41
supervision,clock,clock,3,178
supervision,cluster,clusters,3,247
supervision,coast,coast,3,128
supervision,codif,codification,3,16
supervision,cognit,cognitive,3,96
supervision,colin,colin,3,25
supervision,collin,collins,3,60
supervision,colour,colour,3,188
supervision,commonplac,commonplace,3,87
supervision,communiqu,communiques,3,129
supervision,comprehend,comprehend,3,130
supervision,computer,computerization,3,63
supervision,computeris,computerisation,3,77
supervision,confluenc,confluence,3,106
supervision,conscienti,conscientiously,3,31
supervision,consecut,consecutive,3,630
supervision,consensu,consensual,3,41
supervision,conservat,conservatism,3,58
supervision,conson,consonant,3,68
supervision,constel,constellation,3,164
supervision,constru,construed,3,57
supervision,contamin,contaminated,3,101
supervision,contractionari,contractionary,3,265
supervision,corollari,corollary,3,164
supervision,corsetti,corsetti,3,22
supervision,countdown,countdown,3,19
supervision,countermeasur,countermeasures,3,70
supervision,crest,crest,3,40
supervision,cri,cri,3,84
supervision,crmpg,crmpg,3,12
supervision,crux,crux,3,42
supervision,cursori,cursory,3,22
supervision,customari,customary,3,80
supervision,customis,customised,3,75
supervision,cyberattack,cyberattacks,3,53
supervision,damp,damp,3,236
supervision,dan,dans,3,103
supervision,dare,dare,3,129
supervision,dawn,dawn,3,113
supervision,decarbonis,decarbonisation,3,39
supervision,decompos,decompose,3,183
supervision,decre,decree,3,82
supervision,defeat,defeated,3,173
supervision,demis,demise,3,180
supervision,densiti,density,3,186
supervision,des,des,3,192
supervision,desert,deserts,3,49
supervision,detract,detracting,3,105
supervision,diari,diaries,3,50
supervision,dice,diced,3,47
supervision,digitis,digitisation,3,84
supervision,diner,diner,3,11
supervision,disapprov,disapproval,3,27
supervision,disastr,disastrous,3,157
supervision,discriminatori,discriminatory,3,110
supervision,disequilibria,disequilibria,3,51
supervision,disintermedi,disintermediation,3,132
supervision,dispassion,dispassionately,3,36
supervision,dissatisfact,dissatisfaction,3,71
supervision,dissimilar,dissimilar,3,92
supervision,dissolv,dissolved,3,47
supervision,divest,divest,3,107
supervision,divestitur,divestiture,3,25
supervision,doc,doc,3,25
supervision,dog,dog,3,117
supervision,dollaris,dollarisation,3,42
supervision,dornbusch,dornbusch,3,50
supervision,dose,dose,3,144
supervision,downplay,downplay,3,99
supervision,drone,drones,3,16
supervision,drove,drove,3,236
supervision,dualiti,duality,3,29
supervision,duke,duke,3,89
supervision,duncan,duncan,3,12
supervision,eclect,eclectic,3,78
supervision,econ,econ,3,79
supervision,econd,econd,3,23
supervision,economis,economising,3,70
supervision,edey,edey,3,25
supervision,edi,edis,3,45
supervision,edp,edp,3,11
supervision,eggertsson,eggertsson,3,104
supervision,elector,electoral,3,148
supervision,elementari,elementary,3,94
supervision,elli,ellis,3,95
supervision,email,email,3,87
supervision,empower,empowerment,3,164
supervision,encapsul,encapsulates,3,95
supervision,encumbr,encumbrance,3,34
supervision,engen,engen,3,29
supervision,enjoin,enjoined,3,47
supervision,enlighten,enlightened,3,151
supervision,entrepreneuri,entrepreneurial,3,285
supervision,envelop,envelope,3,107
supervision,epitom,epitomize,3,44
supervision,erstwhil,erstwhile,3,47
supervision,esoter,esoteric,3,41
supervision,espana,espana,3,92
supervision,eur,eur,3,310
supervision,evapor,evaporates,3,154
supervision,evergreen,evergreening,3,39
supervision,exhort,exhorted,3,52
supervision,exig,exigencies,3,62
supervision,expir,expire,3,261
supervision,explos,explosion,3,284
supervision,exposit,exposition,3,121
supervision,extremi,extremis,3,39
supervision,eyebrow,eyebrows,3,12
supervision,factori,factories,3,294
supervision,farewel,farewell,3,41
supervision,favourit,favourite,3,71
supervision,fdi,fdi,3,306
supervision,feb,feb,3,191
supervision,fedai,fedai,3,27
supervision,femal,female,3,215
supervision,fernald,fernald,3,41
supervision,fictiti,fictitious,3,21
supervision,fierc,fiercely,3,187
supervision,fifti,fifty,3,353
supervision,fish,fish,3,124
supervision,flatten,flattened,3,379
supervision,fli,fly,3,134
supervision,florenc,florence,3,46
supervision,fool,fool,3,74
supervision,foreclos,foreclosed,3,90
supervision,forgiv,forgiveness,3,83
supervision,forthright,forthright,3,18
supervision,franchis,franchise,3,110
supervision,friday,friday,3,225
supervision,fslrc,fslrc,3,17
supervision,ftc,ftc,3,17
supervision,fuhrer,fuhrer,3,47
supervision,galvanis,galvanise,3,22
supervision,gandhi,gandhi,3,112
supervision,gasolin,gasoline,3,271
supervision,gate,gates,3,114
supervision,gateway,gateways,3,130
supervision,geo,geo,3,80
supervision,gerardi,gerardi,3,15
supervision,gfsr,gfsr,3,14
supervision,giavazzi,giavazzi,3,50
supervision,gibson,gibson,3,22
supervision,giev,gieve,3,36
supervision,gift,gift,3,138
supervision,glare,glaring,3,50
supervision,gloss,glossing,3,36
supervision,goi,goi,3,52
supervision,goldman,goldman,3,131
supervision,grain,grain,3,230
supervision,graphic,graphical,3,114
supervision,gratifi,gratifying,3,104
supervision,greenhous,greenhouse,3,98
supervision,grossli,grossly,3,47
supervision,gugerel,gugerell,3,160
supervision,habitat,habitat,3,68
supervision,hagen,hagen,3,24
supervision,handicap,handicapped,3,93
supervision,hang,hang,3,146
supervision,hanson,hanson,3,81
supervision,hardest,hardest,3,189
supervision,haruhiko,haruhiko,3,183
supervision,hassl,hassle,3,53
supervision,hawk,hawks,3,53
supervision,headach,headache,3,18
supervision,heider,heider,3,53
supervision,helsinki,helsinki,3,66
supervision,herstatt,herstatt,3,33
supervision,highqual,highquality,3,49
supervision,hildebrand,hildebrand,3,107
supervision,hird,hird,3,16
supervision,honesti,honesty,3,60
supervision,hotel,hotel,3,262
supervision,hotter,hotter,3,18
supervision,hover,hover,3,349
supervision,huang,huang,3,37
supervision,hurri,hurried,3,45
supervision,ia,ias,3,45
supervision,icbc,icbc,3,17
supervision,ice,ice,3,120
supervision,iceberg,iceberg,3,34
supervision,illegitim,illegitimate,3,14
supervision,illicit,illicit,3,73
supervision,immigr,immigration,3,319
supervision,impercept,imperceptible,3,12
supervision,in,ins,3,55
supervision,incomprehens,incomprehension,3,21
supervision,inconclus,inconclusive,3,63
supervision,inflict,inflict,3,209
supervision,inhous,inhouse,3,15
supervision,insignific,insignificant,3,189
supervision,instantan,instantaneously,3,199
supervision,instig,instigate,3,27
supervision,instinct,instinct,3,96
supervision,intel,intel,3,11
supervision,interf,interfering,3,81
supervision,intric,intricate,3,78
supervision,intricaci,intricacies,3,41
supervision,ipso,ipsos,3,25
supervision,ir,irs,3,56
supervision,irf,irf,3,32
supervision,irrevoc,irrevocable,3,172
supervision,isda,isda,3,61
supervision,island,islands,3,320
supervision,israel,israel,3,142
supervision,iss,issing,3,212
supervision,ivori,ivory,3,31
supervision,jaim,jaime,3,70
supervision,jone,jones,3,193
supervision,katharin,katharine,3,10
supervision,keith,keith,3,17
supervision,keyword,keyword,3,50
supervision,kishori,kishori,3,10
supervision,knockout,knockouts,3,20
supervision,kuroda,kuroda,3,205
supervision,legitimis,legitimised,3,42
supervision,lenient,lenient,3,36
supervision,liechtenstein,liechtenstein,3,28
supervision,lighten,lightens,3,40
supervision,limitless,limitless,3,40
supervision,lion,lion,3,29
supervision,lithuania,lithuania,3,86
supervision,litmus,litmus,3,28
supervision,lloyd,lloyd,3,75
supervision,loanto,loanto,3,16
supervision,lookout,lookout,3,30
supervision,loom,loom,3,249
supervision,luck,luck,3,247
supervision,macropolici,macropolicies,3,10
supervision,mail,mail,3,128
supervision,mainstay,mainstay,3,90
supervision,malaysia,malaysia,3,308
supervision,malcolm,malcolm,3,41
supervision,male,male,3,136
supervision,manila,manila,3,14
supervision,marvin,marvin,3,42
supervision,matric,matric,3,13
supervision,mauricio,mauricio,3,16
supervision,mbs,mbs,3,122
supervision,mcdonough,mcdonough,3,38
supervision,mcmahon,mcmahon,3,13
supervision,mediterranean,mediterranean,3,82
supervision,mediums,mediumsized,3,48
supervision,mend,mendes,3,82
supervision,mendoza,mendoza,3,29
supervision,merci,mercy,3,84
supervision,mesh,mesh,3,32
supervision,microdata,microdata,3,43
supervision,mifid,mifid,3,46
supervision,misjudg,misjudgment,3,104
supervision,misl,misled,3,52
supervision,mispercept,misperceptions,3,115
supervision,missel,misselling,3,18
supervision,modelbas,modelbased,3,14
supervision,monopolist,monopolistic,3,75
supervision,monsoon,monsoon,3,108
supervision,mood,mood,3,185
supervision,moot,mooted,3,82
supervision,mortem,mortem,3,16
supervision,mother,mother,3,158
supervision,motif,motif,3,26
supervision,mould,mould,3,36
supervision,mss,mss,3,49
supervision,mull,mulling,3,13
supervision,multidimension,multidimensional,3,68
supervision,nascent,nascent,3,204
supervision,nationalis,nationalisation,3,158
supervision,nearterm,nearterm,3,44
supervision,nervous,nervous,3,199
supervision,neumann,neumann,3,18
supervision,neutralis,neutralise,3,87
supervision,nevada,nevada,3,23
supervision,newslett,newsletter,3,41
supervision,nick,nick,3,127
supervision,nikolov,nikolov,3,45
supervision,nof,nof,3,12
supervision,nout,nout,3,11
supervision,npc,npc,3,14
supervision,npp,npp,3,21
supervision,objection,objectionable,3,12
supervision,obsess,obsession,3,77
supervision,obstfeld,obstfeld,3,104
supervision,ocean,oceanic,3,103
supervision,oct,oct,3,223
supervision,oesterreichisch,oesterreichische,3,81
supervision,offend,offenders,3,27
supervision,oft,oft,3,79
supervision,olga,olga,3,13
supervision,operandi,operandi,3,44
supervision,opin,opine,3,44
supervision,orbit,orbit,3,21
supervision,ostens,ostensibly,3,54
supervision,outer,outer,3,42
supervision,outfit,outfits,3,16
supervision,outstrip,outstrips,3,197
supervision,overborrow,overborrowing,3,27
supervision,overdon,overdone,3,50
supervision,overemphasis,overemphasised,3,36
supervision,overth,overthe,3,17
supervision,pale,pales,3,58
supervision,panellist,panellists,3,61
supervision,parlanc,parlance,3,68
supervision,passthrough,passthrough,3,87
supervision,patch,patch,3,92
supervision,patienc,patience,3,191
supervision,paustian,paustian,3,44
supervision,payday,payday,3,25
supervision,pdcf,pdcf,3,17
supervision,peac,peace,3,407
supervision,pecuniari,pecuniary,3,41
supervision,peg,peg,3,537
supervision,penalis,penalise,3,142
supervision,percol,percolate,3,65
supervision,peter,peter,3,586
supervision,pie,pie,3,70
supervision,pin,pin,3,218
supervision,pittsburgh,pittsburgh,3,107
supervision,plethora,plethora,3,90
supervision,poll,polls,3,132
supervision,ponder,pondering,3,99
supervision,ponzi,ponzi,3,28
supervision,portabl,portability,3,76
supervision,pos,pos,3,66
supervision,potenc,potency,3,52
supervision,potent,potent,3,142
supervision,precrisi,precrisis,3,76
supervision,precursor,precursors,3,103
supervision,predefin,predefined,3,38
supervision,prejudg,prejudgment,3,49
supervision,preliminarili,preliminarily,3,16
supervision,preoccup,preoccupation,3,74
supervision,prepay,prepayment,3,144
supervision,presuppos,presupposes,3,112
supervision,primaci,primacy,3,145
supervision,princeton,princeton,3,509
supervision,propel,propel,3,186
supervision,prophet,prophet,3,47
supervision,psychologist,psychologists,3,37
supervision,quiet,quiet,3,173
supervision,rage,rage,3,81
supervision,raiffeisen,raiffeisen,3,20
supervision,railroad,railroad,3,73
supervision,raini,rainy,3,52
supervision,ramp,ramp,3,143
supervision,raphael,raphaels,3,33
supervision,rbc,rbc,3,43
supervision,rcc,rcc,3,11
supervision,reader,reader,3,135
supervision,realtor,realtors,3,20
supervision,receivership,receivership,3,35
supervision,reconsider,reconsideration,3,56
supervision,reemphas,reemphasizing,3,46
supervision,reformul,reformulation,3,30
supervision,reid,reid,3,21
supervision,reinhart,reinhart,3,241
supervision,relentless,relentless,3,120
supervision,relinquish,relinquished,3,42
supervision,reminisc,reminiscent,3,97
supervision,reopen,reopening,3,298
supervision,replenish,replenish,3,135
supervision,reproach,reproached,3,23
supervision,resent,resentment,3,35
supervision,reservoir,reservoirs,3,39
supervision,reshuffl,reshuffle,3,27
supervision,rework,rework,3,32
supervision,ricardo,ricardo,3,124
supervision,ride,ride,3,262
supervision,ridg,ridge,3,17
supervision,rio,rio,3,55
supervision,ripe,ripe,3,85
supervision,rippl,ripple,3,116
supervision,riyadh,riyadh,3,33
supervision,rmbs,rmbs,3,75
supervision,robot,robot,3,106
supervision,rochet,rochet,3,26
supervision,rogoff,rogoff,3,338
supervision,romania,romania,3,112
supervision,ross,ross,3,58
supervision,rudebusch,rudebusch,3,55
supervision,rudig,rudiger,3,20
supervision,rupe,rupee,3,287
supervision,saarc,saarc,3,21
supervision,sach,sachs,3,173
supervision,salt,salt,3,58
supervision,sant,sants,3,10
supervision,saurina,saurina,3,31
supervision,savvi,savvy,3,65
supervision,schlegel,schlegel,3,11
supervision,scholarship,scholarship,3,89
supervision,schwab,schwab,3,12
supervision,seigniorag,seigniorage,3,64
supervision,seismic,seismic,3,37
supervision,sept,sept,3,79
supervision,sequel,sequel,3,29
supervision,sequenti,sequential,3,92
supervision,setback,setback,3,308
supervision,seventeen,seventeen,3,55
supervision,shame,shame,3,35
supervision,shg,shg,3,35
supervision,shirakawa,shirakawa,3,134
supervision,shot,shot,3,122
supervision,shun,shunned,3,54
supervision,sick,sickness,3,146
supervision,signatori,signatories,3,47
supervision,silver,silver,3,233
supervision,sintra,sintra,3,65
supervision,sister,sister,3,74
supervision,slovakia,slovakia,3,99
supervision,smr,smr,3,14
supervision,sna,sna,3,50
supervision,societ,societal,3,243
supervision,soe,soes,3,42
supervision,softer,softer,3,157
supervision,solidifi,solidify,3,67
supervision,son,sons,3,158
supervision,sowerbutt,sowerbutts,3,17
supervision,spectat,spectators,3,20
supervision,spn,spn,3,31
supervision,srf,srf,3,26
supervision,sri,sri,3,85
supervision,stall,stall,3,291
supervision,standstil,standstill,3,137
supervision,station,stations,3,113
supervision,steep,steep,3,492
supervision,steeper,steeper,3,143
supervision,stereotyp,stereotype,3,41
supervision,sticki,sticky,3,321
supervision,stiroh,stiroh,3,43
supervision,strictur,strictures,3,24
supervision,string,string,3,133
supervision,subcompon,subcomponents,3,28
supervision,subdivis,subdivisions,3,18
supervision,substandard,substandard,3,24
supervision,subsum,subsumes,3,49
supervision,subtl,subtle,3,203
supervision,subvent,subvention,3,23
supervision,sunday,sunday,3,62
supervision,supra,supra,3,48
supervision,sverig,sveriges,3,81
supervision,swan,swans,3,66
supervision,swung,swung,3,67
supervision,swx,swx,3,16
supervision,symbiot,symbiotic,3,40
supervision,synerg,synergized,3,42
supervision,synonym,synonymous,3,106
supervision,synthesis,synthesising,3,28
supervision,tacit,tacitly,3,31
supervision,tae,tae,3,26
supervision,tafcub,tafcubs,3,10
supervision,tailwind,tailwinds,3,112
supervision,takeaway,takeaways,3,80
supervision,tape,tape,3,94
supervision,tarnish,tarnishing,3,39
supervision,tass,tass,3,48
supervision,telecom,telecoms,3,159
supervision,tens,tense,3,58
supervision,testament,testament,3,139
supervision,texa,texas,3,123
supervision,theeuro,theeuro,3,11
supervision,thefinanci,thefinancial,3,12
supervision,thefirst,thefirst,3,13
supervision,thermomet,thermometers,3,14
supervision,thoroughgo,thoroughgoing,3,13
supervision,thrill,thrilled,3,30
supervision,thrown,thrown,3,171
supervision,touchston,touchstones,3,25
supervision,toxic,toxic,3,143
supervision,tragedi,tragedy,3,157
supervision,tran,trans,3,91
supervision,transcript,transcript,3,171
supervision,transgress,transgressions,3,27
supervision,transient,transient,3,98
supervision,transnat,transnational,3,34
supervision,travers,traversed,3,73
supervision,treasur,treasurers,3,175
supervision,trial,trial,3,167
supervision,tribun,tribunals,3,57
supervision,trs,trs,3,13
supervision,tweak,tweaking,3,53
supervision,udeshi,udeshi,3,15
supervision,ugli,ugly,3,48
supervision,ultra,ultra,3,124
supervision,unab,unabated,3,73
supervision,unaddress,unaddressed,3,78
supervision,unattract,unattractive,3,98
supervision,unawar,unaware,3,95
supervision,unbundl,unbundling,3,129
supervision,uncommon,uncommon,3,113
supervision,uncompromis,uncompromising,3,30
supervision,underemploy,underemployment,3,149
supervision,underutilis,underutilisation,3,59
supervision,undisclos,undisclosed,3,16
supervision,uneconom,uneconomic,3,43
supervision,unep,unep,3,16
supervision,unequivoc,unequivocal,3,155
supervision,unhealthi,unhealthy,3,99
supervision,uninterest,uninterested,3,13
supervision,unknow,unknowable,3,49
supervision,unlaw,unlawful,3,41
supervision,unlevel,unlevel,3,19
supervision,unmanag,unmanageable,3,52
supervision,unmet,unmet,3,44
supervision,unpleas,unpleasant,3,100
supervision,unpublish,unpublished,3,125
supervision,unquantifi,unquantifiable,3,12
supervision,unresolv,unresolved,3,177
supervision,unscath,unscathed,3,101
supervision,unscrupul,unscrupulous,3,66
supervision,unten,untenable,3,53
supervision,vanguard,vanguard,3,57
supervision,varianc,variances,3,249
supervision,veteran,veterans,3,40
supervision,victim,victims,3,180
supervision,violent,violent,3,87
supervision,walter,walter,3,160
supervision,ward,ward,3,126
supervision,warwick,warwick,3,43
supervision,weakest,weakest,3,203
supervision,wear,wear,3,134
supervision,whistl,whistle,3,30
supervision,willen,willen,3,19
supervision,wire,wire,3,143
supervision,wong,wong,3,34
supervision,workflow,workflows,3,20
supervision,workhors,workhorse,3,48
supervision,wrestl,wrestling,3,55
supervision,wright,wright,3,120
supervision,wyom,wyoming,3,202
supervision,yate,yates,3,44
supervision,yesteryear,yesteryear,3,15
supervision,zealous,zealous,3,26
supervision,zombi,zombie,3,76
supervision,aaa,aaa,2,178
supervision,abn,abn,2,21
supervision,abolit,abolition,2,128
supervision,absolv,absolve,2,36
supervision,ac,acs,2,15
supervision,academi,academies,2,120
supervision,acronym,acronym,2,87
supervision,adb,adb,2,63
supervision,adelaid,adelaide,2,42
supervision,adept,adept,2,43
supervision,adversari,adversarial,2,37
supervision,af,afs,2,12
supervision,afield,afield,2,31
supervision,agarw,agarwal,2,13
supervision,agrarian,agrarian,2,39
supervision,aicpa,aicpa,2,11
supervision,alex,alex,2,140
supervision,algo,algo,2,13
supervision,alien,alien,2,42
supervision,allianc,alliance,2,199
supervision,allianz,allianz,2,16
supervision,almighti,almighty,2,121
supervision,alphabet,alphabetical,2,36
supervision,altavilla,altavilla,2,65
supervision,ameco,ameco,2,27
supervision,amidst,amidst,2,249
supervision,amiss,amiss,2,12
supervision,amorph,amorphous,2,19
supervision,anatomi,anatomy,2,38
supervision,ancient,ancient,2,144
supervision,anderson,anderson,2,56
supervision,anil,anil,2,85
supervision,annal,annals,2,29
supervision,antiqu,antiquated,2,30
supervision,appointe,appointees,2,19
supervision,arbit,arbiters,2,28
supervision,arbitr,arbitration,2,48
supervision,archego,archegos,2,18
supervision,areawid,areawide,2,15
supervision,arizona,arizona,2,30
supervision,arlington,arlington,2,35
supervision,armor,armor,2,11
supervision,arrc,arrc,2,14
supervision,ascrib,ascribed,2,150
supervision,ashok,ashok,2,21
supervision,assimil,assimilate,2,79
supervision,astound,astounding,2,27
supervision,atop,atop,2,13
supervision,atrophi,atrophy,2,32
supervision,attorney,attorney,2,76
supervision,automobil,automobile,2,429
supervision,autopilot,autopilot,2,34
supervision,awhil,awhile,2,13
supervision,awri,awry,2,10
supervision,axe,axe,2,30
supervision,axel,axel,2,23
supervision,axiomat,axiomatic,2,24
supervision,babi,baby,2,271
supervision,backfir,backfire,2,21
supervision,backlash,backlash,2,60
supervision,backlog,backlogs,2,141
supervision,backtrack,backtrack,2,26
supervision,balancesheet,balancesheet,2,29
supervision,baldwin,baldwin,2,66
supervision,balkanis,balkanisation,2,13
supervision,banana,banana,2,24
supervision,banca,banca,2,114
supervision,bangalor,bangalore,2,57
supervision,bangladesh,bangladesh,2,73
supervision,baromet,barometer,2,77
supervision,baron,baron,2,19
supervision,barro,barro,2,128
supervision,barroso,barroso,2,24
supervision,bay,bay,2,82
supervision,bbsw,bbsw,2,28
supervision,bce,bce,2,29
supervision,beacon,beacon,2,36
supervision,bedford,bedford,2,11
supervision,beer,beers,2,32
supervision,beij,beijing,2,168
supervision,beli,belied,2,41
supervision,benati,benati,2,50
supervision,bet,bets,2,208
supervision,bhaskar,bhaskar,2,12
supervision,bibliographi,bibliography,2,60
supervision,bin,bin,2,52
supervision,bipolar,bipolar,2,19
supervision,blanchflow,blanchflower,2,40
supervision,blown,blown,2,136
supervision,bnp,bnp,2,52
supervision,boardroom,boardroom,2,20
supervision,bondhold,bondholders,2,95
supervision,bop,bop,2,76
supervision,bosnia,bosnia,2,27
supervision,bother,bother,2,51
supervision,boucinha,boucinha,2,28
supervision,bouquet,bouquet,2,38
supervision,bout,bout,2,264
supervision,bplr,bplr,2,10
supervision,brave,brave,2,77
supervision,breath,breathing,2,110
supervision,brick,brick,2,172
supervision,brighter,brighter,2,136
supervision,brisk,brisk,2,159
supervision,broadbas,broadbased,2,46
supervision,brunt,brunt,2,103
supervision,brush,brush,2,79
supervision,bsb,bsb,2,11
supervision,bsbdas,bsbdas,2,13
supervision,bullet,bullet,2,99
supervision,bullion,bullion,2,27
supervision,bullish,bullish,2,68
supervision,bulwark,bulwark,2,63
supervision,bump,bump,2,88
supervision,bumpi,bumpy,2,121
supervision,bunch,bunch,2,61
supervision,buoyanc,buoyancy,2,108
supervision,bureaucraci,bureaucracy,2,80
supervision,burn,burning,2,135
supervision,bussier,bussiere,2,13
supervision,bypass,bypass,2,90
supervision,bystand,bystander,2,65
supervision,cabl,cable,2,44
supervision,cadburi,cadbury,2,15
supervision,canberra,canberra,2,99
supervision,candour,candour,2,13
supervision,canton,cantonal,2,133
supervision,capitalist,capitalists,2,117
supervision,caprici,capricious,2,27
supervision,captiv,captive,2,83
supervision,careless,carelessly,2,36
supervision,cartel,cartel,2,31
supervision,carter,carter,2,47
supervision,cashflow,cashflow,2,61
supervision,cassola,cassola,2,13
supervision,catalogu,catalogue,2,42
supervision,catalys,catalyse,2,111
supervision,cato,cato,2,60
supervision,cbirc,cbirc,2,22
supervision,cblo,cblo,2,32
supervision,cbo,cbo,2,89
supervision,cdcs,cdcs,2,14
supervision,cdss,cdss,2,28
supervision,cement,cement,2,107
supervision,cfa,cfa,2,80
supervision,cfms,cfms,2,15
supervision,cfo,cfo,2,56
supervision,cfpb,cfpb,2,21
supervision,cgs,cgs,2,14
supervision,chaebol,chaebols,2,11
supervision,changer,changer,2,91
supervision,chao,chaos,2,84
supervision,chaotic,chaotic,2,38
supervision,chariti,charity,2,74
supervision,cheltenham,cheltenham,2,12
supervision,chest,chests,2,40
supervision,chg,chg,2,129
supervision,chile,chile,2,239
supervision,chip,chip,2,260
supervision,choke,choke,2,82
supervision,christen,christening,2,20
supervision,christin,christine,2,158
supervision,church,church,2,51
supervision,cip,cip,2,69
supervision,circumspect,circumspect,2,35
supervision,cis,cis,2,26
supervision,citigroup,citigroup,2,93
supervision,cleaner,cleaner,2,66
supervision,clearanc,clearance,2,93
supervision,cleveland,cleveland,2,141
supervision,cling,cling,2,21
supervision,cma,cma,2,21
supervision,cmbs,cmbs,2,37
supervision,cmds,cmds,2,20
supervision,coalit,coalition,2,146
supervision,coauthor,coauthored,2,32
supervision,coerciv,coercive,2,24
supervision,color,color,2,104
supervision,column,column,2,156
supervision,commemor,commemorative,2,209
supervision,communist,communist,2,82
supervision,compensatori,compensatory,2,28
supervision,concis,concise,2,81
supervision,condol,condolences,2,41
supervision,confess,confess,2,124
supervision,cong,cong,2,19
supervision,conscienc,conscience,2,34
supervision,contemporan,contemporaneous,2,126
supervision,contraven,contravene,2,19
supervision,convolut,convoluted,2,14
supervision,cop,cop,2,21
supervision,copyright,copyright,2,242
supervision,cornish,cornish,2,13
supervision,corrigan,corrigan,2,19
supervision,countervail,countervailing,2,100
supervision,cpis,cpis,2,38
supervision,cpix,cpix,2,87
supervision,cps,cps,2,61
supervision,crawford,crawford,2,20
supervision,credenti,credentials,2,90
supervision,creep,creep,2,93
supervision,crew,crew,2,24
supervision,croni,crony,2,18
supervision,crow,crow,2,36
supervision,cruel,cruel,2,12
supervision,csd,csd,2,37
supervision,csrc,csrc,2,19
supervision,cue,cue,2,44
supervision,cum,cum,2,57
supervision,cup,cup,2,69
supervision,curat,curator,2,25
supervision,curious,curious,2,83
supervision,curriculum,curriculum,2,111
supervision,cutback,cutback,2,121
supervision,cynic,cynics,2,32
supervision,dali,daly,2,53
supervision,dalla,dallas,2,134
supervision,danish,danish,2,72
supervision,dash,dash,2,248
supervision,dealog,dealogic,2,32
supervision,debacl,debacle,2,62
supervision,debilit,debilitating,2,62
supervision,deceas,deceased,2,16
supervision,decent,decent,2,116
supervision,decod,decode,2,12
supervision,decoupl,decoupled,2,223
supervision,deduc,deduce,2,50
supervision,deed,deeds,2,119
supervision,defi,defi,2,82
supervision,degener,degenerate,2,42
supervision,delet,deleted,2,49
supervision,delist,delisting,2,11
supervision,dematerialis,dematerialisation,2,51
supervision,demirguc,demirguc,2,36
supervision,demystifi,demystify,2,34
supervision,detragiach,detragiache,2,13
supervision,dettl,dettling,2,13
supervision,deviant,deviant,2,14
supervision,dfi,dfi,2,13
supervision,dgi,dgi,2,12
supervision,die,die,2,331
supervision,diet,diet,2,147
supervision,digress,digress,2,66
supervision,dinner,dinner,2,464
supervision,dip,dip,2,284
supervision,disclaim,disclaimer,2,86
supervision,discomfort,discomfort,2,76
supervision,diseas,disease,2,278
supervision,disequilibrium,disequilibrium,2,64
supervision,disjoint,disjointed,2,13
supervision,dissect,dissect,2,33
supervision,divorc,divorced,2,63
supervision,dmitri,dmitry,2,13
supervision,doom,doomed,2,114
supervision,doorstep,doorstep,2,67
supervision,doubter,doubters,2,10
supervision,dove,dove,2,45
supervision,download,download,2,85
supervision,downstream,downstream,2,100
supervision,drain,drain,2,248
supervision,dread,dreadful,2,30
supervision,drug,drug,2,107
supervision,dublin,dublin,2,85
supervision,dump,dump,2,63
supervision,duvvuri,duvvuri,2,105
supervision,eager,eager,2,224
supervision,ear,ears,2,88
supervision,earth,earth,2,125
supervision,ebb,ebb,2,94
supervision,ecfin,ecfin,2,17
supervision,eci,eci,2,20
supervision,ecolog,ecological,2,74
supervision,econometrica,econometrica,2,164
supervision,edt,edt,2,152
supervision,elaps,elapses,2,71
supervision,elizabeth,elizabeth,2,126
supervision,elong,elongate,2,45
supervision,elud,elude,2,39
supervision,em,ems,2,76
supervision,embargo,embargo,2,132
supervision,emd,emdes,2,35
supervision,emitt,emitters,2,11
supervision,emul,emulated,2,108
supervision,endem,endemic,2,38
supervision,endpoint,endpoint,2,35
supervision,enquiri,enquiries,2,121
supervision,enrol,enroll,2,134
supervision,entranc,entrance,2,41
supervision,erad,eradicate,2,114
supervision,erect,erected,2,65
supervision,erpb,erpb,2,21
supervision,eser,eser,2,28
supervision,esg,esg,2,69
supervision,espous,espouse,2,48
supervision,euphoria,euphoria,2,132
supervision,eurobond,eurobonds,2,60
supervision,europa,europa,2,70
supervision,europeanis,europeanising,2,12
supervision,evil,evil,2,75
supervision,evok,evoked,2,68
supervision,exchequ,exchequer,2,119
supervision,exot,exotic,2,94
supervision,expel,expel,2,10
supervision,expend,expend,2,63
supervision,fabio,fabio,2,116
supervision,fahad,fahad,2,10
supervision,fallback,fallback,2,47
supervision,fargo,fargo,2,28
supervision,farreach,farreaching,2,21
supervision,fasb,fasb,2,39
supervision,fastest,fastest,2,469
supervision,fat,fat,2,67
supervision,fearless,fearlessly,2,15
supervision,feat,feat,2,51
supervision,federico,federico,2,40
supervision,fend,fend,2,64
supervision,fernandez,fernandez,2,69
supervision,fertil,fertile,2,235
supervision,fha,fha,2,37
supervision,fidel,fidelity,2,26
supervision,fidora,fidora,2,14
supervision,fimmda,fimmda,2,54
supervision,financiero,financieros,2,24
supervision,finetun,finetune,2,19
supervision,finit,finite,2,75
supervision,finlay,finlay,2,12
supervision,finnish,finnish,2,35
supervision,firmer,firmer,2,133
supervision,fixiti,fixity,2,22
supervision,flagrant,flagrant,2,11
supervision,flank,flanked,2,30
supervision,flipsid,flipside,2,43
supervision,flounder,floundering,2,10
supervision,fls,fls,2,30
supervision,fmd,fmd,2,14
supervision,foodstuff,foodstuffs,2,44
supervision,foolhardi,foolhardy,2,15
supervision,forebear,forebears,2,24
supervision,forerunn,forerunner,2,68
supervision,foresaw,foresaw,2,54
supervision,foreshadow,foreshadowed,2,57
supervision,forestri,forestry,2,87
supervision,forev,forever,2,259
supervision,foreword,foreword,2,26
supervision,fortnight,fortnight,2,91
supervision,fought,fought,2,81
supervision,founder,founder,2,191
supervision,fox,foxes,2,21
supervision,fps,fps,2,26
supervision,frbni,frbny,2,34
supervision,frenkel,frenkel,2,18
supervision,frictionless,frictionless,2,64
supervision,fright,frights,2,18
supervision,frill,frills,2,77
supervision,fring,fringe,2,44
supervision,fromth,fromthe,2,10
supervision,frown,frowned,2,29
supervision,frozen,frozen,2,111
supervision,fsma,fsma,2,12
supervision,ftx,ftx,2,11
supervision,fukui,fukui,2,82
supervision,fulcrum,fulcrum,2,22
supervision,furlough,furlough,2,61
supervision,further,furtherance,2,15
supervision,fuzzi,fuzzy,2,33
supervision,gai,gai,2,17
supervision,gambacorta,gambacorta,2,50
supervision,garcia,garcia,2,99
supervision,gari,gary,2,82
supervision,gauweil,gauweiler,2,10
supervision,gentl,gentle,2,99
supervision,gerard,gerard,2,25
supervision,gertler,gertler,2,190
supervision,giannetti,giannetti,2,21
supervision,giovannini,giovannini,2,61
supervision,gni,gni,2,21
supervision,god,god,2,220
supervision,grab,grab,2,65
supervision,grace,grace,2,110
supervision,gramlich,gramlich,2,90
supervision,gray,gray,2,57
supervision,greenbook,greenbook,2,16
supervision,greener,greener,2,89
supervision,greenwash,greenwashing,2,23
supervision,greet,greet,2,85
supervision,greg,greg,2,46
supervision,grip,grips,2,159
supervision,grossman,grossman,2,21
supervision,groupthink,groupthink,2,30
supervision,guarantor,guarantor,2,82
supervision,guilhem,guilhem,2,38
supervision,gulf,gulf,2,133
supervision,guo,guo,2,31
supervision,guy,guy,2,144
supervision,halim,halim,2,20
supervision,hamad,hamad,2,14
supervision,han,hans,2,151
supervision,handheld,handheld,2,17
supervision,handhold,handholding,2,28
supervision,harbing,harbinger,2,57
supervision,harbor,harbor,2,61
supervision,harrison,harrison,2,109
supervision,harvest,harvest,2,174
supervision,hast,haste,2,35
supervision,haunt,haunt,2,53
supervision,hauser,hauser,2,137
supervision,hawkish,hawkish,2,26
supervision,headroom,headroom,2,54
supervision,hell,hell,2,24
supervision,heller,heller,2,11
supervision,herbert,herbert,2,42
supervision,hereinaft,hereinafter,2,13
supervision,herring,herring,2,27
supervision,herzegovina,herzegovina,2,27
supervision,heurist,heuristic,2,45
supervision,highvalu,highvalue,2,10
supervision,hindranc,hindrance,2,57
supervision,hiroshi,hiroshi,2,66
supervision,hlccfm,hlccfm,2,10
supervision,hmrc,hmrc,2,30
supervision,hoerova,hoerova,2,39
supervision,hofmann,hofmann,2,51
supervision,holi,holy,2,106
supervision,holland,holland,2,108
supervision,hollow,hollowing,2,47
supervision,hook,hook,2,38
supervision,hospit,hospital,2,342
supervision,hugh,hugh,2,69
supervision,hunt,hunt,2,86
supervision,hygien,hygiene,2,24
supervision,hyogo,hyogo,2,11
supervision,hyun,hyun,2,97
supervision,ibra,ibra,2,12
supervision,ibrahim,ibrahim,2,22
supervision,ich,ich,2,61
supervision,idr,idr,2,27
supervision,ignit,ignited,2,98
supervision,iip,iip,2,23
supervision,ilo,ilo,2,35
supervision,imaginari,imaginary,2,23
supervision,immateri,immaterial,2,24
supervision,incarn,incarnation,2,40
supervision,inch,inch,2,44
supervision,incoher,incoherent,2,26
supervision,incongru,incongruence,2,16
supervision,inconveni,inconvenient,2,120
supervision,inculc,inculcate,2,61
supervision,indict,indictment,2,10
supervision,infinet,infinet,2,38
supervision,influenza,influenza,2,27
supervision,ingv,ingves,2,16
supervision,inhabit,inhabit,2,154
supervision,intercept,intercept,2,36
supervision,intermin,interminably,2,11
supervision,intersect,intersect,2,125
supervision,intertempor,intertemporal,2,138
supervision,introspect,introspect,2,75
supervision,invalid,invalidate,2,55
supervision,invert,invert,2,135
supervision,iran,iran,2,31
supervision,ironi,irony,2,50
supervision,irrit,irritant,2,30
supervision,istanbul,istanbul,2,114
supervision,jalan,jalan,2,68
supervision,jansen,jansen,2,27
supervision,jay,jay,2,25
supervision,jeff,jeff,2,26
supervision,jefferson,jefferson,2,30
supervision,jen,jens,2,41
supervision,jeopardi,jeopardy,2,57
supervision,jess,jesse,2,35
supervision,jimenez,jimenez,2,51
supervision,jobless,jobless,2,178
supervision,joe,joe,2,39
supervision,joel,joel,2,26
supervision,joseph,joseph,2,295
supervision,jpmorgan,jpmorgan,2,77
supervision,judiciari,judiciary,2,68
supervision,jun,jun,2,153
supervision,kaminski,kaminsky,2,17
supervision,kane,kane,2,15
supervision,kapadia,kapadia,2,35
supervision,keener,keener,2,13
supervision,keeper,keepers,2,15
supervision,kenneth,kenneth,2,237
supervision,kent,kent,2,109
supervision,kevin,kevin,2,142
supervision,kiel,kiel,2,21
supervision,knight,knight,2,66
supervision,konstantino,konstantinos,2,10
supervision,korinek,korinek,2,16
supervision,kotlikoff,kotlikoff,2,14
supervision,kristin,kristin,2,45
supervision,krueger,krueger,2,66
supervision,krugman,krugman,2,173
supervision,kumhof,kumhof,2,15
supervision,kunt,kunt,2,37
supervision,kynaston,kynaston,2,15
supervision,kyoto,kyoto,2,41
supervision,laboratori,laboratory,2,70
supervision,lac,lac,2,11
supervision,lacklust,lackluster,2,108
supervision,laf,laf,2,92
supervision,lake,lake,2,71
supervision,lander,lander,2,22
supervision,lanka,lanka,2,62
supervision,laptop,laptop,2,22
supervision,lass,lasse,2,13
supervision,later,lateral,2,53
supervision,laureat,laureate,2,112
supervision,lawrenc,lawrence,2,199
supervision,ldi,ldi,2,28
supervision,leeway,leeway,2,193
supervision,legendari,legendary,2,40
supervision,les,les,2,93
supervision,lexington,lexington,2,17
supervision,lifeblood,lifeblood,2,56
supervision,lifestyl,lifestyle,2,111
supervision,like,likes,2,72
supervision,lisa,lisa,2,49
supervision,livestock,livestock,2,80
supervision,lockdown,lockdown,2,279
supervision,log,log,2,132
supervision,longerterm,longerterm,2,152
supervision,loser,losers,2,146
supervision,lossabsorb,lossabsorbing,2,32
supervision,louder,louder,2,48
supervision,loungani,loungani,2,13
supervision,loyal,loyal,2,45
supervision,lse,lse,2,96
supervision,lti,lti,2,34
supervision,lubric,lubricant,2,61
supervision,luu,luu,2,14
supervision,macmillan,macmillan,2,171
supervision,macquari,macquarie,2,18
supervision,macroeconomist,macroeconomists,2,99
supervision,maddison,maddison,2,31
supervision,maechler,maechler,2,61
supervision,magic,magic,2,131
supervision,magna,magna,2,10
supervision,magnet,magnetic,2,60
supervision,makeup,makeup,2,48
supervision,malfunct,malfunction,2,163
supervision,malwar,malware,2,18
supervision,mandatorili,mandatorily,2,12
supervision,maneuv,maneuver,2,82
supervision,manganelli,manganelli,2,33
supervision,mankiw,mankiw,2,61
supervision,marketbas,marketbased,2,77
supervision,marketwid,marketwide,2,29
supervision,marsh,marsh,2,15
supervision,marvel,marvel,2,38
supervision,maryland,maryland,2,41
supervision,masaaki,masaaki,2,117
supervision,masciandaro,masciandaro,2,13
supervision,mathia,mathias,2,21
supervision,mayer,mayer,2,29
supervision,mayor,mayor,2,147
supervision,maze,maze,2,23
supervision,mccafferti,mccafferty,2,29
supervision,mckay,mckay,2,16
supervision,medicar,medicare,2,64
supervision,membr,membre,2,28
supervision,menon,menon,2,19
supervision,mentor,mentoring,2,96
supervision,mester,mester,2,19
supervision,meta,meta,2,41
supervision,metal,metals,2,394
supervision,metamorphos,metamorphosed,2,13
supervision,metaphor,metaphor,2,165
supervision,metro,metro,2,62
supervision,mica,mica,2,17
supervision,michigan,michigan,2,128
supervision,micromanag,micromanage,2,16
supervision,microregul,microregulation,2,13
supervision,midyear,midyear,2,38
supervision,millard,millard,2,14
supervision,mimick,mimicking,2,23
supervision,mingl,mingled,2,15
supervision,minnesota,minnesota,2,37
supervision,misconcept,misconceptions,2,113
supervision,mismeasur,mismeasure,2,81
supervision,misstep,missteps,2,14
supervision,mistrust,mistrust,2,65
supervision,moni,monies,2,55
supervision,montenegro,montenegro,2,20
supervision,moor,moore,2,118
supervision,mop,mop,2,82
supervision,morri,morris,2,76
supervision,morrow,morrow,2,12
supervision,mortar,mortar,2,141
supervision,mover,mover,2,99
supervision,mse,mse,2,31
supervision,mses,mses,2,27
supervision,mtp,mtp,2,27
supervision,muddi,muddy,2,28
supervision,muhammad,muhammad,2,44
supervision,muir,muir,2,15
supervision,multilay,multilayered,2,15
supervision,multist,multistate,2,11
supervision,murki,murky,2,22
supervision,murphi,murphy,2,47
supervision,music,music,2,142
supervision,mutat,mutated,2,80
supervision,mysteri,mystery,2,102
supervision,nafta,nafta,2,77
supervision,nag,nagging,2,20
supervision,nail,nail,2,26
supervision,natasha,natasha,2,12
supervision,ndp,ndp,2,17
supervision,near,nearing,2,137
supervision,nearbi,nearby,2,64
supervision,nearer,nearer,2,73
supervision,ned,neds,2,18
supervision,needl,needles,2,33
supervision,neighborwork,neighborworks,2,32
supervision,neri,neri,2,17
supervision,networth,networth,2,11
supervision,ngos,ngos,2,82
supervision,nguyen,nguyen,2,21
supervision,nibm,nibm,2,25
supervision,nie,nied,2,87
supervision,night,night,2,204
supervision,nikkei,nikkei,2,95
supervision,nobel,nobel,2,283
supervision,nonexist,nonexistent,2,35
supervision,noninterest,noninterest,2,43
supervision,nonlinear,nonlinear,2,105
supervision,nonmonetari,nonmonetary,2,55
supervision,nonprofit,nonprofit,2,120
supervision,nonpubl,nonpublic,2,16
supervision,nonvot,nonvoting,2,12
supervision,norg,norges,2,39
supervision,norway,norway,2,230
supervision,nose,nose,2,19
supervision,notch,notches,2,52
supervision,nucleus,nucleus,2,15
supervision,nudg,nudged,2,112
supervision,nuisanc,nuisance,2,17
supervision,nusa,nusa,2,15
supervision,obey,obey,2,37
supervision,obfusc,obfuscate,2,28
supervision,observatori,observatory,2,15
supervision,offbal,offbalance,2,32
supervision,officio,officio,2,14
supervision,offlin,offline,2,51
supervision,offshoot,offshoot,2,19
supervision,offspr,offspring,2,17
supervision,ofi,ofis,2,17
supervision,ofz,ofz,2,33
supervision,oligopolist,oligopolistic,2,33
supervision,omiss,omissions,2,85
supervision,omit,omits,2,116
supervision,onboard,onboarding,2,33
supervision,onshor,onshore,2,87
supervision,opec,opec,2,140
supervision,opportunist,opportunistic,2,76
supervision,optic,optic,2,80
supervision,oral,orally,2,45
supervision,ordinarili,ordinarily,2,70
supervision,orlando,orlando,2,29
supervision,orphanid,orphanides,2,144
supervision,otkriti,otkritie,2,19
supervision,otmar,otmar,2,166
supervision,oulton,oulton,2,20
supervision,outmod,outmoded,2,29
supervision,outperform,outperform,2,203
supervision,outrag,outrageous,2,28
supervision,overload,overloading,2,48
supervision,oversimplif,oversimplification,2,29
supervision,overstretch,overstretched,2,43
supervision,overtim,overtime,2,76
supervision,oxymoron,oxymoron,2,14
supervision,painstak,painstaking,2,71
supervision,paint,painted,2,242
supervision,panelist,panelists,2,124
supervision,papaioannou,papaioannou,2,17
supervision,papua,papua,2,11
supervision,pariba,paribas,2,55
supervision,participatori,participatory,2,26
supervision,password,passwords,2,48
supervision,paye,payee,2,52
supervision,payrol,payroll,2,396
supervision,pboc,pboc,2,50
supervision,peck,pecking,2,34
supervision,peltonen,peltonen,2,12
supervision,perenni,perennial,2,64
supervision,perpetr,perpetration,2,49
supervision,persev,persevering,2,30
supervision,perth,perth,2,46
supervision,peru,peru,2,95
supervision,pervad,pervades,2,39
supervision,pes,pes,2,10
supervision,philippin,philippines,2,209
supervision,philippon,philippon,2,51
supervision,pimco,pimco,2,11
supervision,pine,pine,2,12
supervision,plagu,plague,2,164
supervision,plane,plane,2,77
supervision,planet,planet,2,121
supervision,plath,plath,2,19
supervision,pmjdi,pmjdy,2,21
supervision,poloz,poloz,2,155
supervision,por,por,2,18
supervision,pore,poring,2,15
supervision,portal,portal,2,92
supervision,prayer,prayer,2,21
supervision,predic,predicated,2,153
supervision,prefund,prefunding,2,30
supervision,prelud,prelude,2,47
supervision,premier,premier,2,136
supervision,preoccupi,preoccupied,2,72
supervision,prepaid,prepaid,2,69
supervision,prepandem,prepandemic,2,40
supervision,preponder,preponderance,2,67
supervision,presag,presage,2,48
supervision,preview,preview,2,51
supervision,pricest,pricestability,2,13
supervision,prize,prize,2,354
supervision,psb,psb,2,21
supervision,pud,pudding,2,21
supervision,punchbowl,punchbowl,2,27
supervision,pune,pune,2,65
supervision,purport,purport,2,85
supervision,pyramid,pyramid,2,120
supervision,queensland,queensland,2,60
supervision,rainfal,rainfall,2,61
supervision,raison,raison,2,87
supervision,randzio,randzio,2,19
supervision,rao,rao,2,88
supervision,raskin,raskin,2,75
supervision,ravi,ravi,2,31
supervision,ray,ray,2,69
supervision,reachabl,reachable,2,28
supervision,readjust,readjust,2,77
supervision,reapprais,reappraisal,2,98
supervision,reassign,reassigning,2,10
supervision,rebal,rebalances,2,244
supervision,reboot,reboot,2,19
supervision,recap,recap,2,135
supervision,recipi,recipient,2,390
supervision,reconcili,reconciliation,2,125
supervision,reconstitut,reconstituted,2,36
supervision,recordkeep,recordkeeping,2,26
supervision,recover,recoverability,2,27
supervision,recreat,recreated,2,143
supervision,redeem,redeem,2,221
supervision,redenomin,redenominated,2,92
supervision,redeploy,redeploying,2,47
supervision,rediscov,rediscovered,2,40
supervision,redistribut,redistributing,2,427
supervision,reer,reer,2,21
supervision,regimen,regimen,2,17
supervision,rehears,rehearse,2,35
supervision,reimburs,reimbursed,2,53
supervision,reintroduc,reintroduce,2,67
supervision,rekindl,rekindles,2,49
supervision,relearn,relearned,2,16
supervision,reneg,renege,2,46
supervision,renter,renters,2,77
supervision,repackag,repackaging,2,53
supervision,repos,reposes,2,33
supervision,reposit,repositioning,2,43
supervision,resurfac,resurface,2,58
supervision,resurrect,resurrect,2,50
supervision,retic,reticent,2,19
supervision,retrac,retraced,2,72
supervision,retrain,retraining,2,110
supervision,retrench,retrench,2,253
supervision,retriev,retrieval,2,70
supervision,rhs,rhs,2,195
supervision,rhys,rhys,2,41
supervision,rid,ridding,2,86
supervision,ridden,ridden,2,34
supervision,riskfre,riskfree,2,28
supervision,river,river,2,114
supervision,roa,roa,2,60
supervision,roam,roaming,2,11
supervision,rocki,rocky,2,37
supervision,roe,roe,2,74
supervision,rompuy,rompuy,2,53
supervision,roosevelt,roosevelt,2,40
supervision,rosstat,rosstat,2,11
supervision,roth,roth,2,163
supervision,royal,royal,2,253
supervision,rpix,rpix,2,115
supervision,rub,rub,2,19
supervision,ruin,ruined,2,66
supervision,rumour,rumours,2,57
supervision,ruptur,ruptures,2,20
supervision,russel,russell,2,66
supervision,safest,safest,2,102
supervision,saharan,saharan,2,85
supervision,saint,saint,2,99
supervision,sakurai,sakurai,2,11
supervision,santand,santander,2,35
supervision,saskatchewan,saskatchewan,2,24
supervision,sat,sat,2,62
supervision,saxon,saxon,2,73
supervision,sayari,sayari,2,20
supervision,scam,scam,2,32
supervision,schoenholtz,schoenholtz,2,43
supervision,scott,scott,2,132
supervision,sdn,sdn,2,22
supervision,secom,secom,2,16
supervision,seduc,seduced,2,17
supervision,sein,sein,2,26
supervision,sensat,sensation,2,20
supervision,sentanc,sentance,2,40
supervision,seong,seong,2,14
supervision,serial,serial,2,74
supervision,seung,seung,2,29
supervision,shake,shake,2,97
supervision,shale,shale,2,56
supervision,sheppard,sheppard,2,31
supervision,shgs,shgs,2,57
supervision,shiller,shiller,2,96
supervision,ship,shipping,2,332
supervision,shiratsuka,shiratsuka,2,26
supervision,shoot,shoot,2,108
supervision,shortcut,shortcut,2,44
supervision,shortest,shortest,2,79
supervision,shortrun,shortrun,2,24
supervision,shrunk,shrunk,2,170
supervision,shuqe,shuqing,2,21
supervision,silva,silva,2,37
supervision,sincer,sincerely,2,437
supervision,sip,sips,2,11
supervision,sixteen,sixteen,2,89
supervision,sixti,sixties,2,155
supervision,slacken,slackening,2,76
supervision,slew,slew,2,33
supervision,slippag,slippage,2,103
supervision,smartphon,smartphone,2,162
supervision,smell,smell,2,16
supervision,soar,soared,2,432
supervision,socialis,socialisation,2,43
supervision,sop,sops,2,11
supervision,sore,sore,2,34
supervision,soul,soul,2,64
supervision,sow,sowing,2,176
supervision,spars,sparse,2,54
supervision,spatial,spatial,2,67
supervision,spearhead,spearheading,2,69
supervision,speci,species,2,78
supervision,spelt,spelt,2,64
supervision,spin,spin,2,73
supervision,spreadsheet,spreadsheet,2,18
supervision,spruce,spruced,2,17
supervision,ssi,ssi,2,25
supervision,ssrn,ssrn,2,24
supervision,stagflat,stagflation,2,124
supervision,stan,stan,2,19
supervision,standardset,standardsetting,2,11
supervision,statutorili,statutorily,2,58
supervision,steadier,steadier,2,49
supervision,steepli,steeply,2,129
supervision,stefan,stefan,2,45
supervision,steffen,steffen,2,17
supervision,stellar,stellar,2,44
supervision,stephen,stephen,2,355
supervision,steril,sterilization,2,158
supervision,stockhold,stockholders,2,75
supervision,storag,storage,2,264
supervision,str,str,2,26
supervision,stracca,stracca,2,47
supervision,straitjacket,straitjacket,2,22
supervision,strove,strove,2,21
supervision,stumbl,stumbling,2,63
supervision,subserv,subserved,2,14
supervision,subservi,subservient,2,25
supervision,subsidiaris,subsidiarisation,2,20
supervision,subsist,subsist,2,51
supervision,subvert,subvert,2,14
supervision,sui,sui,2,25
supervision,sunset,sunset,2,28
supervision,superflu,superfluous,2,51
supervision,supress,supressed,2,14
supervision,sur,sur,2,42
supervision,surgic,surgical,2,29
supervision,survivor,survivor,2,46
supervision,susten,sustenance,2,43
supervision,swati,swati,2,15
supervision,syariah,syariah,2,12
supervision,sympathet,sympathetic,2,48
supervision,tad,tad,2,11
supervision,taint,tainted,2,31
supervision,talwar,talwar,2,18
supervision,tarapor,tarapore,2,37
supervision,tast,taste,2,108
supervision,teacher,teacher,2,253
supervision,televis,television,2,159
supervision,textual,textual,2,15
supervision,tff,tff,2,16
supervision,thadden,thadden,2,14
supervision,thanexpect,thanexpected,2,29
supervision,thatth,thatthe,2,12
supervision,therefrom,therefrom,2,19
supervision,thinner,thinner,2,26
supervision,thirteen,thirteen,2,90
supervision,thompson,thompson,2,68
supervision,thou,thou,2,14
supervision,threadneedl,threadneedle,2,82
supervision,ticket,ticket,2,160
supervision,timeless,timeless,2,39
supervision,timeous,timeous,2,11
supervision,timescal,timescale,2,27
supervision,tinbergen,tinbergen,2,72
supervision,tirpak,tirpak,2,10
supervision,tltros,tltros,2,129
supervision,tobacco,tobacco,2,152
supervision,tobia,tobias,2,69
supervision,tobin,tobin,2,74
supervision,todd,todd,2,17
supervision,tofail,tofail,2,16
supervision,toilet,toilet,2,12
supervision,tokai,tokai,2,18
supervision,toll,toll,2,262
supervision,toth,tothe,2,20
supervision,tourist,tourist,2,195
supervision,tractor,tractors,2,22
supervision,tradabl,tradable,2,345
supervision,trainer,trainer,2,31
supervision,tread,tread,2,88
supervision,trek,trek,2,10
supervision,trialogu,trialogue,2,18
supervision,tribal,tribal,2,32
supervision,trickier,trickier,2,20
supervision,triparti,triparty,2,61
supervision,tripl,triple,2,376
supervision,trivial,trivial,2,186
supervision,trodden,trodden,2,19
supervision,troy,troy,2,24
supervision,tsc,tsc,2,13
supervision,tsomoco,tsomocos,2,14
supervision,tuition,tuition,2,58
supervision,turnbul,turnbull,2,20
supervision,twelfth,twelfth,2,72
supervision,ucit,ucits,2,20
supervision,uip,uip,2,12
supervision,ulc,ulc,2,32
supervision,ump,ump,2,19
supervision,unalt,unaltered,2,22
supervision,unattain,unattainable,2,20
supervision,unbridl,unbridled,2,41
supervision,unconvinc,unconvinced,2,35
supervision,underappreci,underappreciated,2,49
supervision,undercurr,undercurrent,2,14
supervision,undershoot,undershoot,2,229
supervision,understat,understatement,2,45
supervision,underwritten,underwritten,2,85
supervision,undevelop,undeveloped,2,16
supervision,undo,undo,2,94
supervision,unelect,unelected,2,60
supervision,unencumb,unencumbered,2,61
supervision,uneth,unethical,2,50
supervision,unfound,unfounded,2,141
supervision,unhelp,unhelpful,2,89
supervision,uninform,uninformed,2,45
supervision,uninterrupt,uninterrupted,2,164
supervision,universita,universita,2,17
supervision,unorthodox,unorthodox,2,38
supervision,unparallel,unparalleled,2,73
supervision,unpick,unpick,2,13
supervision,unpopular,unpopular,2,130
supervision,unprocess,unprocessed,2,109
supervision,unquest,unquestioned,2,34
supervision,unregist,unregistered,2,27
supervision,unrepres,unrepresentative,2,11
supervision,unreserv,unreservedly,2,13
supervision,unsettl,unsettled,2,187
supervision,unsophist,unsophisticated,2,39
supervision,unstuck,unstuck,2,11
supervision,unsur,unsure,2,70
supervision,untouch,untouched,2,50
supervision,unwil,unwilling,2,208
supervision,upshot,upshot,2,89
supervision,uptick,uptick,2,94
supervision,uptrend,uptrend,2,250
supervision,useabl,useable,2,22
supervision,usha,usha,2,56
supervision,utrecht,utrecht,2,11
supervision,vacat,vacated,2,63
supervision,vagari,vagaries,2,72
supervision,valor,valor,2,14
supervision,vantag,vantage,2,83
supervision,vardoulaki,vardoulakis,2,16
supervision,vedomosti,vedomosti,2,31
supervision,veil,veil,2,62
supervision,velasco,velasco,2,21
supervision,verac,veracity,2,20
supervision,verg,verge,2,87
supervision,verit,veritable,2,49
supervision,vex,vexed,2,29
supervision,vijaya,vijaya,2,13
supervision,visualis,visualisation,2,42
supervision,vocabulari,vocabulary,2,36
supervision,vocat,vocation,2,144
supervision,void,void,2,56
supervision,wag,wag,2,16
supervision,wale,wales,2,148
supervision,wander,wander,2,19
supervision,warmest,warmest,2,48
supervision,wash,wash,2,78
supervision,watt,watt,2,25
supervision,weal,weale,2,74
supervision,webster,webster,2,12
supervision,wef,wef,2,20
supervision,wellb,wellbeing,2,103
supervision,wharton,wharton,2,29
supervision,whim,whim,2,27
supervision,wholeheart,wholeheartedly,2,57
supervision,wil,wilful,2,43
supervision,workplac,workplace,2,210
supervision,wrench,wrench,2,51
supervision,xavier,xavier,2,23
supervision,xiang,xiang,2,15
supervision,yawn,yawn,2,12
supervision,zingal,zingales,2,60
supervision,abbrevi,abbreviation,1,29
supervision,abdic,abdicating,1,18
supervision,abdullah,abdullah,1,23
supervision,aberdeen,aberdeen,1,13
supervision,abet,abetted,1,22
supervision,abiad,abiad,1,14
supervision,abli,ably,1,46
supervision,abm,abms,1,11
supervision,abound,abound,1,73
supervision,abovement,abovementioned,1,23
supervision,abraham,abraham,1,41
supervision,abstain,abstain,1,35
supervision,accident,accidentally,1,42
supervision,accolad,accolade,1,10
supervision,accrual,accrual,1,48
supervision,acquaint,acquainting,1,63
supervision,acqui,acquis,1,53
supervision,acquiesc,acquiescence,1,31
supervision,activist,activist,1,166
supervision,addison,addison,1,15
supervision,adject,adjective,1,32
supervision,adjudg,adjudged,1,10
supervision,admir,admiring,1,195
supervision,adolesc,adolescence,1,24
supervision,advocaci,advocacy,1,69
supervision,ae,aes,1,67
supervision,aep,aeps,1,18
supervision,afloat,afloat,1,54
supervision,afm,afme,1,21
supervision,afoul,afoul,1,11
supervision,aftershock,aftershock,1,42
supervision,afterward,afterward,1,37
supervision,agreeabl,agreeable,1,19
supervision,aifmd,aifmd,1,11
supervision,alamsyah,alamsyah,1,20
supervision,albania,albania,1,21
supervision,alberta,alberta,1,104
supervision,albertazzi,albertazzi,1,14
supervision,alcohol,alcohol,1,104
supervision,alesina,alesina,1,69
supervision,alessandri,alessandri,1,16
supervision,alessi,alessi,1,18
supervision,alexand,alexander,1,122
supervision,alexi,alexis,1,11
supervision,allah,allah,1,104
supervision,allur,alluring,1,23
supervision,alma,alma,1,27
supervision,altruism,altruism,1,14
supervision,alvarez,alvarez,1,29
supervision,amant,amant,1,12
supervision,amass,amassed,1,23
supervision,amateur,amateurs,1,10
supervision,amaz,amazed,1,106
supervision,ambassador,ambassador,1,101
supervision,ambival,ambivalence,1,31
supervision,ami,ami,1,34
supervision,amor,amore,1,13
supervision,amortis,amortising,1,53
supervision,amus,amusing,1,33
supervision,analogu,analogue,1,45
supervision,anand,anand,1,57
supervision,anathema,anathema,1,14
supervision,anc,ance,1,16
supervision,andersson,andersson,1,18
supervision,andgentlemen,andgentlemen,1,19
supervision,andr,andre,1,68
supervision,anomal,anomalous,1,35
supervision,anonymis,anonymised,1,24
supervision,antagon,antagonism,1,10
supervision,anteced,antecedent,1,25
supervision,anthoni,anthony,1,63
supervision,anticompetit,anticompetitive,1,19
supervision,antidot,antidotes,1,48
supervision,antonio,antonio,1,75
supervision,anu,anu,1,19
supervision,anvil,anvil,1,19
supervision,anymor,anymore,1,79
supervision,aofm,aofm,1,19
supervision,aoki,aoki,1,17
supervision,apec,apec,1,22
supervision,aphor,aphorism,1,13
supervision,appel,appellate,1,20
supervision,appl,apple,1,110
supervision,applianc,appliances,1,185
supervision,apposit,apposite,1,21
supervision,apriljun,apriljune,1,13
supervision,aptitud,aptitude,1,17
supervision,ara,ara,1,16
supervision,arbitrarili,arbitrarily,1,42
supervision,arcan,arcane,1,51
supervision,arcand,arcand,1,10
supervision,archiv,archived,1,95
supervision,argentinean,argentinean,1,15
supervision,aristotl,aristotle,1,27
supervision,ark,ark,1,18
supervision,armour,armour,1,14
supervision,arnold,arnold,1,18
supervision,arrog,arrogant,1,23
supervision,asean,asean,1,236
supervision,ass,asses,1,14
supervision,assent,assent,1,17
supervision,assocham,assocham,1,27
supervision,astonish,astonishingly,1,108
supervision,astut,astute,1,30
supervision,athanasio,athanasios,1,69
supervision,athen,athens,1,73
supervision,atomist,atomistic,1,20
supervision,attitudin,attitudinal,1,32
supervision,audibl,audible,1,10
supervision,auerbach,auerbach,1,21
supervision,auf,auf,1,51
supervision,aug,aug,1,167
supervision,augur,augurs,1,63
supervision,austen,austen,1,19
supervision,autorit,autorite,1,17
supervision,aux,aux,1,15
supervision,averi,avery,1,24
supervision,avi,avis,1,29
supervision,avian,avian,1,13
supervision,aviat,aviation,1,50
supervision,awaken,awakening,1,55
supervision,awe,awe,1,76
supervision,awkward,awkward,1,44
supervision,ayman,aymans,1,13
supervision,backslid,backsliding,1,14
supervision,bag,bags,1,45
supervision,bahama,bahamas,1,10
supervision,bai,bai,1,13
supervision,baker,baker,1,67
supervision,balloon,balloon,1,106
supervision,baltensperg,baltensperger,1,10
supervision,baltic,baltic,1,62
supervision,bancair,bancaire,1,18
supervision,bandwidth,bandwidth,1,19
supervision,bangkok,bangkok,1,31
supervision,banish,banish,1,17
supervision,bank,banked,1,76
supervision,bankbas,bankbased,1,15
supervision,banxico,banxico,1,35
supervision,barbiero,barbiero,1,14
supervision,barcelona,barcelona,1,75
supervision,barnett,barnett,1,59
supervision,barnichon,barnichon,1,14
supervision,bas,bas,1,10
supervision,bassett,bassett,1,10
supervision,bath,bath,1,22
supervision,bathwat,bathwater,1,14
supervision,bauer,bauer,1,27
supervision,baumann,baumann,1,13
supervision,bayesian,bayesian,1,66
supervision,bbc,bbc,1,29
supervision,bbva,bbva,1,15
supervision,bcb,bcb,1,15
supervision,bcra,bcra,1,20
supervision,beach,beach,1,35
supervision,bearer,bearers,1,61
supervision,beat,beat,1,129
supervision,beaudri,beaudry,1,21
supervision,becker,becker,1,40
supervision,bedevil,bedeviled,1,39
supervision,befit,befits,1,53
supervision,beget,begets,1,27
supervision,behemoth,behemoth,1,10
supervision,bei,bei,1,33
supervision,bekaert,bekaert,1,21
supervision,bell,bell,1,177
supervision,belt,belt,1,82
supervision,bench,bench,1,21
supervision,benevol,benevolent,1,30
supervision,benford,benford,1,26
supervision,benjamin,benjamin,1,159
supervision,bent,bent,1,17
supervision,berg,bergs,1,46
supervision,berk,berkes,1,12
supervision,berra,berra,1,11
supervision,besley,besley,1,25
supervision,betray,betrays,1,27
supervision,bewar,beware,1,44
supervision,bhide,bhide,1,10
supervision,bic,bic,1,20
supervision,bidder,bidders,1,50
supervision,bil,bils,1,63
supervision,bimonth,bimonthly,1,11
supervision,biographi,biography,1,21
supervision,bird,birds,1,56
supervision,birmingham,birmingham,1,56
supervision,birthday,birthday,1,90
supervision,bitcoin,bitcoin,1,99
supervision,bite,biting,1,102
supervision,blackwel,blackwell,1,30
supervision,blake,blake,1,18
supervision,blatant,blatant,1,23
supervision,blindsid,blindsided,1,10
supervision,bliss,blissful,1,29
supervision,bloc,blocs,1,145
supervision,blossom,blossom,1,35
supervision,blundel,blundell,1,20
supervision,boast,boast,1,93
supervision,bobeica,bobeica,1,25
supervision,bohr,bohr,1,10
supervision,bolivia,bolivia,1,17
supervision,bolt,bolted,1,29
supervision,bombard,bombardment,1,10
supervision,bone,bones,1,36
supervision,bookkeep,bookkeepers,1,24
supervision,booklet,booklet,1,38
supervision,boomer,boomers,1,144
supervision,borderless,borderless,1,30
supervision,borderlin,borderline,1,25
supervision,botswana,botswana,1,24
supervision,bouey,bouey,1,24
supervision,bounc,bounce,1,276
supervision,bpea,bpea,1,14
supervision,brace,bracing,1,44
supervision,bradi,brady,1,29
supervision,branchless,branchless,1,28
supervision,brazier,brazier,1,39
supervision,breaker,breakers,1,37
supervision,breakfast,breakfast,1,93
supervision,brent,brent,1,120
supervision,breviti,brevity,1,37
supervision,brew,brewing,1,69
supervision,brewer,brewer,1,13
supervision,brian,brian,1,156
supervision,bric,brics,1,119
supervision,brigad,brigade,1,16
supervision,brighten,brightened,1,87
supervision,brightest,brightest,1,43
supervision,brighton,brighton,1,10
supervision,broadcast,broadcast,1,91
supervision,brochur,brochures,1,38
supervision,broda,broda,1,13
supervision,bruno,bruno,1,89
supervision,brutal,brutal,1,79
supervision,buck,buck,1,106
supervision,buffet,buffeted,1,158
supervision,builder,builders,1,95
supervision,buiter,buiter,1,76
supervision,bull,bull,1,73
supervision,bulli,bully,1,10
supervision,bundestag,bundestag,1,19
supervision,bunn,bunn,1,41
supervision,buri,buried,1,59
supervision,bus,bus,1,42
supervision,businessmen,businessmen,1,62
supervision,byrn,byrne,1,16
supervision,byth,bythe,1,32
supervision,caballero,caballero,1,100
supervision,cad,cad,1,68
supervision,cai,cai,1,33
supervision,cake,cake,1,47
supervision,calderon,calderon,1,10
supervision,calib,caliber,1,14
supervision,camouflag,camouflage,1,23
supervision,camp,camps,1,105
supervision,campus,campus,1,62
supervision,canari,canary,1,14
supervision,cann,cannes,1,27
supervision,canvass,canvass,1,22
supervision,capex,capex,1,20
supervision,capoor,capoor,1,14
supervision,cardiff,cardiff,1,30
supervision,carlo,carlo,1,120
supervision,carlson,carlson,1,46
supervision,carnegi,carnegie,1,103
supervision,carpent,carpenter,1,22
supervision,carr,carr,1,28
supervision,carrol,carroll,1,27
supervision,carrot,carrot,1,19
supervision,carta,carta,1,10
supervision,cas,cas,1,14
supervision,cassidi,cassidy,1,22
supervision,casual,casually,1,68
supervision,cat,cat,1,53
supervision,catalonia,catalonia,1,10
supervision,catchword,catchwords,1,11
supervision,cbps,cbps,1,12
supervision,ccbs,ccbs,1,16
supervision,cdc,cdc,1,26
supervision,cdo,cdo,1,59
supervision,cellular,cellular,1,41
supervision,censor,censor,1,11
supervision,cep,ceps,1,51
supervision,ces,ces,1,31
supervision,cesa,cesa,1,31
supervision,cesifo,cesifo,1,44
supervision,cet,cet,1,26
supervision,cetinkaya,cetinkaya,1,12
supervision,cfos,cfos,1,25
supervision,cgap,cgap,1,10
supervision,cgpi,cgpi,1,28
supervision,chairmen,chairmen,1,59
supervision,chakraborti,chakraborty,1,18
supervision,chalk,chalking,1,35
supervision,charbonneau,charbonneau,1,13
supervision,charit,charitable,1,46
supervision,charlemagn,charlemagne,1,24
supervision,charli,charlie,1,90
supervision,charm,charmed,1,27
supervision,chavan,chavan,1,13
supervision,che,che,1,11
supervision,cheapest,cheapest,1,33
supervision,cheapli,cheaply,1,142
supervision,chemic,chemical,1,174
supervision,chen,chen,1,98
supervision,cherish,cherished,1,62
supervision,cherri,cherry,1,30
supervision,cheshir,cheshire,1,10
supervision,chicken,chicken,1,46
supervision,chidambaram,chidambaram,1,16
supervision,childcar,childcare,1,68
supervision,childhood,childhood,1,62
supervision,chilean,chilean,1,40
supervision,chong,chong,1,15
supervision,chop,chopped,1,14
supervision,christensen,christensen,1,21
supervision,christian,christian,1,148
supervision,christina,christina,1,66
supervision,christma,christmas,1,95
supervision,chronicl,chronicled,1,34
supervision,churchil,churchill,1,57
supervision,ciampi,ciampi,1,12
supervision,cibil,cibil,1,18
supervision,ciccarelli,ciccarelli,1,60
supervision,circuit,circuit,1,109
supervision,circumscrib,circumscribed,1,67
supervision,circumstanti,circumstantially,1,14
supervision,citat,citations,1,39
supervision,civic,civic,1,82
supervision,clarendon,clarendon,1,26
supervision,clarida,clarida,1,115
supervision,clash,clash,1,60
supervision,clever,clever,1,62
supervision,click,click,1,85
supervision,climax,climax,1,22
supervision,cloak,cloaked,1,15
supervision,clog,clogged,1,40
supervision,clos,clos,1,36
supervision,cloth,clothes,1,245
supervision,clout,clout,1,36
supervision,cni,cny,1,18
supervision,coach,coaching,1,42
supervision,coalesc,coalesce,1,36
supervision,coastal,coastal,1,57
supervision,coen,coen,1,16
supervision,coenen,coenen,1,57
supervision,coffe,coffee,1,71
supervision,cogley,cogley,1,19
supervision,cognis,cognisance,1,114
supervision,cole,cole,1,13
supervision,collector,collectors,1,32
supervision,colloquium,colloquium,1,73
supervision,communautair,communautaire,1,44
supervision,commune,communes,1,10
supervision,compart,compartment,1,16
supervision,compendium,compendium,1,24
supervision,compliment,compliments,1,111
supervision,complimentari,complimentary,1,18
supervision,conced,concede,1,70
supervision,conceptualis,conceptualised,1,24
supervision,conclav,conclave,1,62
supervision,condemn,condemned,1,80
supervision,condens,condensed,1,36
supervision,condition,conditioner,1,16
supervision,condon,condone,1,10
supervision,conferenc,conferencing,1,12
supervision,confound,confounded,1,62
supervision,congo,congo,1,13
supervision,conjur,conjure,1,28
supervision,connecticut,connecticut,1,28
supervision,conseil,conseil,1,16
supervision,consortia,consortia,1,15
supervision,conspicu,conspicuous,1,98
supervision,cont,cont,1,16
supervision,convoy,convoy,1,10
supervision,cook,cook,1,83
supervision,cooki,cookies,1,12
supervision,copper,copper,1,112
supervision,corbo,corbo,1,10
supervision,corp,corps,1,50
supervision,corrod,corroded,1,10
supervision,cos,cos,1,14
supervision,costlier,costlier,1,38
supervision,cote,cote,1,20
supervision,cottag,cottage,1,22
supervision,couch,couched,1,36
supervision,counterbalanc,counterbalanced,1,56
supervision,cousin,cousin,1,37
supervision,covert,covert,1,20
supervision,cowan,cowan,1,11
supervision,cox,cox,1,28
supervision,craig,craig,1,18
supervision,crave,crave,1,20
supervision,creator,creators,1,59
supervision,cricket,cricket,1,35
supervision,cro,cro,1,11
supervision,crosscountri,crosscountry,1,47
supervision,crosscurr,crosscurrents,1,30
supervision,cruis,cruising,1,32
supervision,crump,crump,1,12
supervision,cryptographi,cryptography,1,31
supervision,csdb,csdb,1,10
supervision,csr,csr,1,18
supervision,curdia,curdia,1,34
supervision,curricula,curricula,1,32
supervision,curtain,curtain,1,53
supervision,cusbert,cusbert,1,12
supervision,cvc,cvc,1,10
supervision,cyberspac,cyberspace,1,20
supervision,czech,czech,1,157
supervision,daiwa,daiwa,1,10
supervision,dakota,dakota,1,13
supervision,damper,damper,1,17
supervision,danmark,danmarks,1,18
supervision,darkest,darkest,1,58
supervision,darracq,darracq,1,23
supervision,das,das,1,167
supervision,dasgupta,dasgupta,1,13
supervision,dave,dave,1,93
supervision,davey,davey,1,21
supervision,deactiv,deactivation,1,16
supervision,deaton,deaton,1,13
supervision,debthold,debtholders,1,10
supervision,debtto,debtto,1,15
supervision,decarbon,decarbonization,1,38
supervision,deceiv,deceive,1,57
supervision,decim,decimal,1,61
supervision,deciph,deciphering,1,42
supervision,deck,deck,1,18
supervision,decker,decker,1,20
supervision,dedola,dedola,1,27
supervision,deepest,deepest,1,224
supervision,deforest,deforestation,1,14
supervision,deglob,deglobalization,1,13
supervision,deleteri,deleterious,1,49
supervision,delhi,delhi,1,229
supervision,delink,delink,1,30
supervision,delong,delong,1,26
supervision,delug,deluge,1,23
supervision,demat,demat,1,16
supervision,democratis,democratisation,1,26
supervision,demonetis,demonetisation,1,15
supervision,denationalis,denationalisation,1,17
supervision,denbe,denbee,1,15
supervision,deng,deng,1,18
supervision,dens,dense,1,78
supervision,der,der,1,244
supervision,derviz,derviz,1,10
supervision,descend,descending,1,68
supervision,descent,descent,1,38
supervision,desktop,desktop,1,18
supervision,destini,destiny,1,140
supervision,destroy,destroyed,1,329
supervision,detain,detain,1,10
supervision,detroit,detroit,1,29
supervision,deutscher,deutscher,1,30
supervision,devant,devant,1,23
supervision,dfr,dfr,1,28
supervision,dialect,dialectics,1,16
supervision,diaspora,diaspora,1,21
supervision,diaz,diaz,1,83
supervision,dib,dib,1,14
supervision,diepp,dieppe,1,12
supervision,diesel,diesel,1,50
supervision,dietari,dietary,1,20
supervision,dignitari,dignitaries,1,32
supervision,dinosaur,dinosaurs,1,13
supervision,diplomat,diplomatic,1,78
supervision,dis,dis,1,88
supervision,disabl,disabling,1,144
supervision,disassoci,disassociated,1,10
supervision,disconcert,disconcerting,1,29
supervision,discont,discontent,1,48
supervision,discours,discourse,1,170
supervision,disengag,disengagement,1,44
supervision,dish,dish,1,15
supervision,dishonest,dishonest,1,26
supervision,disillusion,disillusionment,1,28
supervision,disinfect,disinfectants,1,11
supervision,dislodg,dislodge,1,53
supervision,dismal,dismal,1,94
supervision,dispatch,dispatch,1,34
supervision,dissatisfi,dissatisfied,1,18
supervision,dissent,dissenting,1,112
supervision,dissert,dissertations,1,29
supervision,disservic,disservice,1,18
supervision,distortionari,distortionary,1,84
supervision,disyatat,disyatat,1,26
supervision,divin,divined,1,73
supervision,dizzi,dizzying,1,20
supervision,doabl,doable,1,11
supervision,dock,docked,1,22
supervision,docket,docket,1,17
supervision,doctrinair,doctrinaire,1,17
supervision,documentari,documentary,1,25
supervision,dogmat,dogmatic,1,41
supervision,doha,doha,1,65
supervision,domingo,domingo,1,88
supervision,donald,donald,1,185
supervision,donor,donors,1,43
supervision,dorich,dorich,1,18
supervision,dormant,dormant,1,57
supervision,dovish,dovish,1,15
supervision,downfal,downfall,1,31
supervision,downtrend,downtrend,1,123
supervision,dpr,dpr,1,20
supervision,draconian,draconian,1,27
supervision,drama,drama,1,47
supervision,drawdown,drawdown,1,56
supervision,dress,dressing,1,57
supervision,dtcc,dtcc,1,21
supervision,duart,duarte,1,19
supervision,duca,duca,1,67
supervision,duck,ducked,1,26
supervision,duress,duress,1,26
supervision,duygan,duygan,1,12
supervision,dwindl,dwindled,1,115
supervision,ead,ead,1,12
supervision,eb,ebbed,1,69
supervision,ebitda,ebitda,1,12
supervision,ebrd,ebrd,1,10
supervision,ebt,ebt,1,25
supervision,ecbat,ecbat,1,96
supervision,ecbconfer,ecbconference,1,11
supervision,eccl,eccles,1,16
supervision,eco,eco,1,113
supervision,econometrician,econometricians,1,29
supervision,ecrb,ecrb,1,11
supervision,edd,edd,1,15
supervision,editor,editors,1,117
supervision,edmund,edmund,1,58
supervision,eerili,eerily,1,10
supervision,eft,eft,1,43
supervision,egregi,egregious,1,37
supervision,ehrmann,ehrmann,1,65
supervision,eib,eib,1,45
supervision,eijffing,eijffinger,1,17
supervision,einstein,einstein,1,35
supervision,elia,elias,1,10
supervision,elit,elite,1,77
supervision,ellen,ellen,1,31
supervision,elliott,elliott,1,41
supervision,elmendorf,elmendorf,1,15
supervision,eloqu,eloquently,1,93
supervision,elsevi,elsevier,1,132
supervision,emblemat,emblematic,1,28
supervision,emergingmarket,emergingmarket,1,29
supervision,emili,emily,1,21
supervision,emit,emitted,1,39
supervision,emma,emma,1,42
supervision,emphat,emphatically,1,63
supervision,emv,emv,1,28
supervision,encrypt,encrypted,1,54
supervision,encumb,encumbered,1,28
supervision,endless,endlessly,1,102
supervision,engel,engels,1,29
supervision,english,english,1,695
supervision,engrain,engrained,1,10
supervision,engulf,engulfed,1,73
supervision,entic,enticed,1,56
supervision,entwin,entwined,1,11
supervision,envi,envy,1,38
supervision,eonia,eonia,1,150
supervision,epa,epa,1,13
supervision,epoch,epochal,1,39
supervision,epp,epp,1,14
supervision,er,erred,1,46
supervision,erceg,erceg,1,65
supervision,erdem,erdem,1,49
supervision,erhard,erhard,1,24
supervision,erik,erik,1,52
supervision,ernest,ernest,1,15
supervision,erp,erp,1,10
supervision,escrow,escrow,1,63
supervision,especi,especial,1,22
supervision,estonia,estonia,1,127
supervision,estrella,estrella,1,22
supervision,ethnic,ethnicity,1,130
supervision,etienn,etienne,1,27
supervision,eucken,eucken,1,19
supervision,eugenio,eugenio,1,118
supervision,euphemist,euphemistically,1,11
supervision,eurchf,eurchf,1,16
supervision,euroarea,euroarea,1,29
supervision,eurodenomin,eurodenominated,1,31
supervision,eurois,euroisation,1,26
supervision,euroland,euroland,1,63
supervision,europeen,europeen,1,26
supervision,europeenn,europeenne,1,32
supervision,eurotow,eurotower,1,10
supervision,evan,evans,1,173
supervision,everchang,everchanging,1,12
supervision,ewe,ewe,1,12
supervision,excerpt,excerpt,1,48
supervision,exim,exim,1,26
supervision,existenti,existential,1,68
supervision,exorbit,exorbitant,1,69
supervision,expiri,expiry,1,48
supervision,expound,expound,1,35
supervision,extinct,extinction,1,36
supervision,extinguish,extinguished,1,37
supervision,fabian,fabian,1,26
supervision,facad,facade,1,20
supervision,facebook,facebook,1,77
supervision,faci,facie,1,63
supervision,faculti,faculty,1,217
supervision,fad,fads,1,39
supervision,fait,fait,1,21
supervision,fake,fake,1,53
supervision,fallick,fallick,1,29
supervision,fao,fao,1,17
supervision,faq,faqs,1,22
supervision,faria,faria,1,10
supervision,farther,farther,1,56
supervision,fate,fate,1,158
supervision,fathom,fathom,1,28
supervision,fatigu,fatigue,1,56
supervision,fatten,fattening,1,16
supervision,faultlin,faultlines,1,10
supervision,faust,faust,1,51
supervision,fcnr,fcnr,1,38
supervision,feast,feast,1,27
supervision,fednow,fednow,1,28
supervision,fedwir,fedwire,1,74
supervision,feebl,feeble,1,28
supervision,feet,feet,1,140
supervision,feldman,feldman,1,18
supervision,feldstein,feldstein,1,87
supervision,felip,felipe,1,18
supervision,fender,fender,1,11
supervision,fertilis,fertilisers,1,71
supervision,fetch,fetch,1,36
supervision,ffr,ffr,1,10
supervision,fibr,fibre,1,16
supervision,ficci,ficci,1,61
supervision,fickl,fickle,1,28
supervision,finalist,finalists,1,26
supervision,finanz,finanz,1,11
supervision,finer,finer,1,47
supervision,finger,finger,1,73
supervision,firepow,firepower,1,35
supervision,firesal,firesale,1,14
supervision,firsthand,firsthand,1,54
supervision,fitch,fitch,1,63
supervision,fiveyear,fiveyear,1,23
supervision,fixat,fixated,1,60
supervision,fizzl,fizzle,1,15
supervision,flatter,flatter,1,179
supervision,flawless,flawlessly,1,17
supervision,fled,fled,1,21
supervision,fleet,fleet,1,64
supervision,flighti,flighty,1,19
supervision,flip,flip,1,159
supervision,flock,flock,1,18
supervision,flore,flores,1,18
supervision,flu,flu,1,50
supervision,fmsb,fmsb,1,11
supervision,folk,folks,1,41
supervision,folli,folly,1,105
supervision,followup,followup,1,14
supervision,fond,fond,1,71
supervision,foothil,foothills,1,12
supervision,forbid,forbid,1,34
supervision,forens,forensically,1,28
supervision,forgeri,forgery,1,17
supervision,fortuit,fortuitously,1,45
supervision,fossil,fossil,1,113
supervision,fpi,fpi,1,19
supervision,fpis,fpis,1,16
supervision,franci,francis,1,79
supervision,franco,franco,1,53
supervision,franklin,franklin,1,101
supervision,fratzscher,fratzscher,1,68
supervision,fraudster,fraudster,1,41
supervision,fray,fray,1,20
supervision,frb,frb,1,146
supervision,frbm,frbm,1,57
supervision,fred,fred,1,56
supervision,freiburg,freiburg,1,19
supervision,freight,freight,1,52
supervision,freixa,freixas,1,27
supervision,friedman,friedman,1,370
supervision,friendli,friendliness,1,21
supervision,frontrunn,frontrunner,1,22
supervision,frothi,frothiness,1,17
supervision,frs,frs,1,12
supervision,fruition,fruition,1,85
supervision,fruitless,fruitless,1,25
supervision,fudg,fudge,1,11
supervision,fujita,fujita,1,11
supervision,fun,fun,1,60
supervision,fundi,fundi,1,10
supervision,fundrais,fundraisers,1,21
supervision,fur,fur,1,122
supervision,furceri,furceri,1,29
supervision,furthest,furthest,1,24
supervision,futurist,futuristic,1,24
supervision,gale,gale,1,53
supervision,gali,gali,1,123
supervision,gang,gang,1,66
supervision,garber,garber,1,28
supervision,gaspar,gaspar,1,43
supervision,gatt,gatt,1,38
supervision,gcc,gcc,1,49
supervision,gccs,gccs,1,18
supervision,gehrig,gehrig,1,43
supervision,geithner,geithner,1,28
supervision,gen,gen,1,24
supervision,geoff,geoff,1,29
supervision,geoffrey,geoffrey,1,35
supervision,georgiadi,georgiadis,1,25
supervision,gerlach,gerlach,1,43
supervision,gertjan,gertjan,1,38
supervision,gestat,gestation,1,51
supervision,gestion,gestion,1,11
supervision,gestur,gesture,1,25
supervision,gfd,gfd,1,28
supervision,gfk,gfk,1,45
supervision,gfsn,gfsn,1,20
supervision,giannon,giannone,1,54
supervision,gigant,gigantic,1,63
supervision,gilchrist,gilchrist,1,62
supervision,gill,gill,1,65
supervision,giovanni,giovanni,1,86
supervision,girl,girls,1,44
supervision,giuzio,giuzio,1,13
supervision,glasgow,glasgow,1,63
supervision,glenn,glenn,1,232
supervision,glide,glide,1,26
supervision,gloomier,gloomier,1,21
supervision,glut,glut,1,197
supervision,gnp,gnp,1,99
supervision,gnpa,gnpa,1,20
supervision,goeth,goethe,1,73
supervision,gokarn,gokarn,1,37
supervision,golf,golf,1,18
supervision,gomez,gomez,1,46
supervision,goodwil,goodwill,1,68
supervision,googl,google,1,115
supervision,goos,goose,1,19
supervision,graci,gracie,1,18
supervision,grad,grad,1,11
supervision,gradat,gradation,1,38
supervision,grail,grail,1,45
supervision,grassroot,grassroots,1,41
supervision,greed,greed,1,68
supervision,greenwood,greenwood,1,38
supervision,gregori,gregory,1,79
supervision,gregorio,gregorio,1,16
supervision,gridlock,gridlock,1,48
supervision,grim,grim,1,45
supervision,grit,grit,1,10
supervision,groceri,groceries,1,101
supervision,groom,grooming,1,14
supervision,grope,groping,1,16
supervision,gropp,gropp,1,11
supervision,gros,gros,1,19
supervision,groundless,groundlessly,1,14
supervision,gual,gual,1,12
supervision,guilti,guilty,1,40
supervision,guindo,guindos,1,101
supervision,guiso,guiso,1,19
supervision,gujarat,gujarat,1,38
supervision,gullibl,gullible,1,17
supervision,gun,gun,1,36
supervision,gupta,gupta,1,53
supervision,gurus,gurus,1,11
supervision,gust,gust,1,30
supervision,gyrat,gyrations,1,41
supervision,haa,haas,1,40
supervision,haben,haben,1,16
supervision,hahn,hahn,1,28
supervision,haibin,haibin,1,10
supervision,hair,hair,1,40
supervision,halpern,halpern,1,11
supervision,hamburg,hamburg,1,51
supervision,hamilton,hamilton,1,110
supervision,hammer,hammer,1,51
supervision,hancock,hancock,1,26
supervision,handelsblatt,handelsblatt,1,17
supervision,handov,handover,1,18
supervision,hannah,hannah,1,23
supervision,hansen,hansen,1,46
supervision,harbour,harbour,1,69
supervision,hardi,hardiness,1,11
supervision,hardwir,hardwiring,1,26
supervision,hare,hare,1,22
supervision,harvard,harvard,1,317
supervision,harvey,harvey,1,40
supervision,hash,hash,1,12
supervision,hasti,hasty,1,54
supervision,hausmann,hausmann,1,20
supervision,haver,haver,1,106
supervision,havoc,havoc,1,61
supervision,hawley,hawley,1,14
supervision,hdi,hdi,1,13
supervision,healthcar,healthcare,1,149
supervision,heartfelt,heartfelt,1,86
supervision,heath,heath,1,39
supervision,heaviest,heaviest,1,13
supervision,hectic,hectic,1,22
supervision,hefti,hefty,1,35
supervision,hellebrandt,hellebrandt,1,12
supervision,helm,helm,1,33
supervision,heloc,helocs,1,14
supervision,helpless,helplessness,1,21
supervision,henri,henry,1,167
supervision,herculean,herculean,1,17
supervision,herman,herman,1,28
supervision,herr,herr,1,15
supervision,hess,hess,1,42
supervision,hfcs,hfcs,1,40
supervision,hibern,hibernation,1,13
supervision,hick,hicks,1,57
supervision,hierarch,hierarchical,1,49
supervision,hill,hill,1,160
supervision,hinterland,hinterland,1,22
supervision,hispan,hispanics,1,133
supervision,holmstrom,holmstrom,1,17
supervision,holston,holston,1,50
supervision,homemad,homemade,1,11
supervision,hongkong,hongkong,1,10
supervision,honohan,honohan,1,15
supervision,hooper,hooper,1,39
supervision,horribl,horribly,1,21
supervision,horrifi,horrified,1,11
supervision,hors,horse,1,79
supervision,hostil,hostilities,1,100
supervision,hotspot,hotspots,1,13
supervision,howat,howat,1,13
supervision,howe,howe,1,26
supervision,hull,hull,1,15
supervision,hume,hume,1,42
supervision,hump,humps,1,33
supervision,hunch,hunch,1,28
supervision,hungarian,hungarian,1,26
supervision,hyderabad,hyderabad,1,104
supervision,hydrocarbon,hydrocarbons,1,16
supervision,hydrogen,hydrogen,1,14
supervision,hyman,hyman,1,69
supervision,iadi,iadi,1,10
supervision,ian,ian,1,110
supervision,ibanez,ibanez,1,20
supervision,ibor,ibors,1,18
supervision,icon,iconic,1,44
supervision,icsd,icsds,1,15
supervision,id,ids,1,15
supervision,idb,idb,1,17
supervision,idealis,idealised,1,20
supervision,idealist,idealists,1,20
supervision,idiosyncrasi,idiosyncrasies,1,37
supervision,idl,idle,1,160
supervision,ie,ies,1,15
supervision,ifc,ifc,1,54
supervision,ifo,ifo,1,25
supervision,ihnen,ihnen,1,25
supervision,ihrig,ihrig,1,48
supervision,im,ims,1,11
supervision,imageri,imagery,1,17
supervision,imbalanc,imbalanced,1,28
supervision,imbed,imbedded,1,18
supervision,imbib,imbibe,1,36
supervision,imbu,imbue,1,42
supervision,imit,imitated,1,66
supervision,immatur,immature,1,27
supervision,immediaci,immediacy,1,43
supervision,immobilis,immobilised,1,20
supervision,immobl,immobility,1,24
supervision,immov,immovable,1,24
supervision,impecc,impeccable,1,25
supervision,impenetr,impenetrable,1,16
supervision,imperil,imperil,1,46
supervision,impervi,imperviousness,1,31
supervision,implos,implosion,1,47
supervision,impot,impotent,1,32
supervision,impoverish,impoverished,1,43
supervision,imprint,imprint,1,64
supervision,improvis,improvisation,1,39
supervision,inaccess,inaccessible,1,34
supervision,inadvis,inadvisable,1,20
supervision,incapac,incapacity,1,16
supervision,incess,incessantly,1,30
supervision,incit,inciting,1,12
supervision,incompar,incomparable,1,26
supervision,incompet,incompetent,1,22
supervision,inconceiv,inconceivable,1,70
supervision,incred,incredible,1,166
supervision,indemn,indemnity,1,40
supervision,indetermin,indeterminent,1,17
supervision,indictor,indictors,1,12
supervision,indira,indira,1,25
supervision,indiscrimin,indiscriminate,1,69
supervision,individualist,individualistic,1,19
supervision,industrywid,industrywide,1,13
supervision,ine,ines,1,22
supervision,inelig,ineligible,1,28
supervision,inescap,inescapable,1,73
supervision,inexperienc,inexperienced,1,23
supervision,infal,infallible,1,34
supervision,inferior,inferior,1,88
supervision,infirm,infirmities,1,29
supervision,inflationtarget,inflationtargeting,1,80
supervision,inflect,inflection,1,48
supervision,inflex,inflexibility,1,178
supervision,influx,influx,1,79
supervision,initio,initio,1,13
supervision,injunct,injunctions,1,13
supervision,innat,innate,1,48
supervision,inop,inoperative,1,14
supervision,inr,inr,1,53
supervision,insati,insatiable,1,17
supervision,inscript,inscription,1,11
supervision,insert,insertion,1,62
supervision,intak,intake,1,28
supervision,interc,intercity,1,14
supervision,interestr,interestrate,1,13
supervision,interlock,interlocks,1,34
supervision,interlocutor,interlocutor,1,18
supervision,interpol,interpolated,1,55
supervision,interpos,interposing,1,14
supervision,interwoven,interwoven,1,32
supervision,intoler,intolerable,1,55
supervision,intragroup,intragroup,1,25
supervision,invers,inversely,1,184
supervision,investec,investec,1,11
supervision,inviol,inviolate,1,14
supervision,io,ios,1,14
supervision,ipo,ipos,1,57
supervision,irreconcil,irreconcilable,1,12
supervision,irreduc,irreducible,1,27
supervision,irrepar,irreparably,1,12
supervision,irreplac,irreplaceable,1,16
supervision,irrevers,irreversible,1,228
supervision,irst,irst,1,29
supervision,irwin,irwin,1,31
supervision,ite,ites,1,15
supervision,iti,ity,1,13
supervision,jae,jae,1,23
supervision,jam,jam,1,41
supervision,jamet,jamet,1,23
supervision,jan,jan,1,424
supervision,jane,jane,1,76
supervision,jarocinski,jarocinski,1,21
supervision,jason,jason,1,34
supervision,jeffrey,jeffrey,1,119
supervision,jenni,jenny,1,35
supervision,jensen,jensen,1,32
supervision,jersey,jersey,1,60
supervision,jet,jet,1,40
supervision,jgss,jgss,1,17
supervision,jiang,jiang,1,20
supervision,jinp,jinping,1,45
supervision,joao,joao,1,10
supervision,johannsen,johannsen,1,37
supervision,jorda,jorda,1,59
supervision,josh,joshing,1,43
supervision,jpi,jpy,1,33
supervision,jse,jse,1,55
supervision,julia,julia,1,30
supervision,jumptart,jumptart,1,13
supervision,juncker,juncker,1,50
supervision,jurgen,jurgen,1,98
supervision,juxtapos,juxtaposed,1,50
supervision,juxtaposit,juxtaposition,1,23
supervision,kahneman,kahneman,1,36
supervision,kai,kai,1,56
supervision,kalem,kalemli,1,43
supervision,karen,karen,1,75
supervision,karl,karl,1,88
supervision,karlsruh,karlsruhe,1,15
supervision,kashmir,kashmir,1,13
supervision,kataoka,kataoka,1,20
supervision,katherin,katherine,1,22
supervision,katrina,katrina,1,33
supervision,kauffman,kauffman,1,10
supervision,kaufman,kaufman,1,35
supervision,kccs,kccs,1,28
supervision,kearn,kearns,1,38
supervision,ken,ken,1,84
supervision,kermit,kermit,1,21
supervision,keyston,keystone,1,15
supervision,kganyago,kganyago,1,90
supervision,kill,killed,1,100
supervision,kimura,kimura,1,16
supervision,kindleberg,kindleberger,1,45
supervision,kiuchi,kiuchi,1,12
supervision,kiyotaki,kiyotaki,1,45
supervision,klenow,klenow,1,23
supervision,klingebiel,klingebiel,1,15
supervision,knightian,knightian,1,63
supervision,knott,knott,1,12
supervision,knowl,knowles,1,14
supervision,kobi,koby,1,19
supervision,kocherlakota,kocherlakota,1,17
supervision,koester,koester,1,23
supervision,kof,kof,1,15
supervision,koo,koo,1,28
supervision,kose,kose,1,46
supervision,krishnamurthi,krishnamurthy,1,66
supervision,kristen,kristen,1,10
supervision,krogstrup,krogstrup,1,12
supervision,krona,krona,1,27
supervision,kyushu,kyushu,1,16
supervision,lai,lai,1,15
supervision,laissez,laissez,1,42
supervision,lamont,lamont,1,10
supervision,landlord,landlords,1,29
supervision,lans,lansing,1,10
supervision,largevalu,largevalue,1,13
supervision,larri,larry,1,108
supervision,larsen,larsen,1,19
supervision,latitud,latitude,1,139
supervision,lavish,lavishly,1,11
supervision,laxton,laxton,1,27
supervision,layoff,layoffs,1,118
supervision,layout,layout,1,22
supervision,lbo,lbo,1,16
supervision,lcfis,lcfis,1,19
supervision,leaf,leaf,1,20
supervision,leigh,leigh,1,36
supervision,leisur,leisure,1,136
supervision,lenza,lenza,1,63
supervision,leonardo,leonardo,1,32
supervision,lesetja,lesetja,1,86
supervision,lewi,lewis,1,119
supervision,lexicon,lexicon,1,32
supervision,lfs,lfs,1,78
supervision,lian,lian,1,11
supervision,librari,library,1,102
supervision,lic,lics,1,22
supervision,lien,lien,1,66
supervision,lifespan,lifespan,1,41
supervision,liff,liffe,1,12
supervision,liftoff,liftoff,1,53
supervision,lightn,lightning,1,19
supervision,limelight,limelight,1,32
supervision,limpopo,limpopo,1,11
supervision,linchpin,linchpin,1,23
supervision,linda,linda,1,30
supervision,liquidationist,liquidationist,1,10
supervision,litani,litany,1,15
supervision,lober,lober,1,12
supervision,lockstep,lockstep,1,34
supervision,lombardelli,lombardelli,1,17
supervision,lone,lone,1,28
supervision,longerrun,longerrun,1,40
supervision,longitudin,longitudinal,1,28
supervision,loretta,loretta,1,10
supervision,los,los,1,99
supervision,lps,lps,1,19
supervision,ltvs,ltvs,1,18
supervision,luci,luci,1,30
supervision,lucki,lucky,1,110
supervision,ludwig,ludwig,1,48
supervision,luigi,luigi,1,31
supervision,lukasz,lukasz,1,28
supervision,lull,lulled,1,105
supervision,lumpi,lumpy,1,52
supervision,lure,lured,1,60
supervision,lurk,lurking,1,61
supervision,lvrs,lvrs,1,11
supervision,lynch,lynch,1,124
supervision,lyndon,lyndon,1,15
supervision,lyon,lyon,1,17
supervision,macklem,macklem,1,108
supervision,mad,mad,1,40
supervision,maestro,maestro,1,23
supervision,mahapatra,mahapatra,1,19
supervision,mai,mai,1,114
supervision,maiden,maiden,1,24
supervision,mainland,mainland,1,56
supervision,makoto,makoto,1,13
supervision,malign,malign,1,35
supervision,malus,malus,1,17
supervision,man,manned,1,50
supervision,manchest,manchester,1,74
supervision,mandarin,mandarin,1,12
supervision,mania,mania,1,65
supervision,mantl,mantle,1,20
supervision,manuscript,manuscript,1,55
supervision,marco,marco,1,115
supervision,marcus,marcus,1,73
supervision,marker,markers,1,33
supervision,marketis,marketisation,1,23
supervision,markus,markus,1,59
supervision,marquez,marquez,1,40
supervision,marshal,marshall,1,116
supervision,martinez,martinez,1,45
supervision,massachusett,massachusetts,1,191
supervision,massimo,massimo,1,27
supervision,mater,mater,1,26
supervision,maul,maule,1,25
supervision,max,max,1,68
supervision,mboweni,mboweni,1,119
supervision,mckinnon,mckinnon,1,32
supervision,mdgs,mdgs,1,15
supervision,mead,meads,1,62
supervision,meagr,meagre,1,51
supervision,meal,meals,1,53
supervision,meat,meat,1,103
supervision,medal,medals,1,37
supervision,megan,megan,1,11
supervision,meh,meh,1,30
supervision,meier,meier,1,14
supervision,mellon,mellon,1,32
supervision,melvill,melville,1,20
supervision,memo,memos,1,53
supervision,mendicino,mendicino,1,22
supervision,ment,ment,1,18
supervision,mep,mep,1,23
supervision,mercado,mercados,1,20
supervision,merchandis,merchandise,1,188
supervision,merril,merrill,1,106
supervision,meteorolog,meteorological,1,34
supervision,meter,meters,1,24
supervision,mfs,mfs,1,20
supervision,miami,miami,1,33
supervision,mian,mian,1,48
supervision,mibor,mibor,1,15
supervision,micr,micr,1,35
supervision,microcredit,microcredit,1,18
supervision,microfound,microfoundations,1,18
supervision,midland,midland,1,51
supervision,midpoint,midpoint,1,250
supervision,midsiz,midsize,1,16
supervision,midsumm,midsummer,1,17
supervision,midwest,midwest,1,31
supervision,mightili,mightily,1,10
supervision,mike,mike,1,63
supervision,milano,milano,1,10
supervision,milit,militating,1,39
supervision,miller,miller,1,121
supervision,milton,milton,1,232
supervision,mini,mini,1,63
supervision,minimalist,minimalist,1,31
supervision,minneapoli,minneapolis,1,121
supervision,minouch,minouche,1,35
supervision,miracl,miracles,1,152
supervision,mirag,mirage,1,39
supervision,misconstru,misconstrued,1,21
supervision,misde,misdeeds,1,12
supervision,misdemeanour,misdemeanour,1,10
supervision,mise,mise,1,11
supervision,miser,miserable,1,31
supervision,misgiv,misgivings,1,37
supervision,mishap,mishaps,1,19
supervision,misinform,misinformation,1,27
supervision,misperceiv,misperceived,1,13
supervision,mississippi,mississippi,1,23
supervision,mitchel,mitchell,1,55
supervision,mitsubishi,mitsubishi,1,13
supervision,mlf,mlf,1,16
supervision,mncs,mncs,1,18
supervision,mocht,mochte,1,37
supervision,mohanti,mohanty,1,90
supervision,moi,moi,1,21
supervision,mokyr,mokyr,1,22
supervision,momentarili,momentarily,1,24
supervision,monet,monetization,1,123
supervision,monetar,monetarism,1,57
supervision,monetario,monetarios,1,10
supervision,moneylend,moneylender,1,34
supervision,monolin,monoline,1,39
supervision,monolith,monolithic,1,28
supervision,monti,monti,1,38
supervision,moran,moran,1,19
supervision,moratorium,moratorium,1,91
supervision,mortal,mortal,1,115
supervision,mortgageback,mortgagebacked,1,40
supervision,moser,moser,1,47
supervision,mosqu,mosques,1,42
supervision,motto,motto,1,181
supervision,mpcs,mpcs,1,11
supervision,mps,mps,1,23
supervision,msa,msa,1,11
supervision,msbs,msbs,1,27
supervision,muellbauer,muellbauer,1,17
supervision,multicurr,multicurrency,1,14
supervision,multiprong,multipronged,1,15
supervision,multivari,multivariate,1,40
supervision,multiyear,multiyear,1,38
supervision,mulya,mulya,1,12
supervision,mundan,mundane,1,21
supervision,muscl,muscle,1,19
supervision,muslim,muslim,1,34
supervision,muster,muster,1,36
supervision,myburgh,myburgh,1,10
supervision,myopic,myopic,1,61
supervision,myth,myth,1,140
supervision,mytholog,mythology,1,22
supervision,nab,nab,1,34
supervision,nacion,nacional,1,17
supervision,nadu,nadu,1,36
supervision,nagano,nagano,1,10
supervision,nagoya,nagoya,1,36
supervision,nakajima,nakajima,1,22
supervision,nao,nao,1,11
supervision,nasscom,nasscom,1,10
supervision,nds,nds,1,52
supervision,ndtl,ndtl,1,44
supervision,neal,neal,1,55
supervision,nearest,nearest,1,39
supervision,negara,negara,1,40
supervision,neighbor,neighbor,1,205
supervision,neighbourhood,neighbourhood,1,68
supervision,nekarda,nekarda,1,11
supervision,nelson,nelson,1,209
supervision,nepal,nepal,1,28
supervision,nerlich,nerlich,1,13
supervision,neurolog,neurology,1,14
supervision,newcom,newcomers,1,63
supervision,newfound,newfound,1,16
supervision,newsev,newsevents,1,12
supervision,nfc,nfc,1,34
supervision,ngo,ngo,1,24
supervision,nhs,nhs,1,28
supervision,niall,niall,1,13
supervision,niel,niels,1,12
supervision,nier,nier,1,12
supervision,niesr,niesr,1,30
supervision,nigel,nigel,1,39
supervision,nil,nil,1,69
supervision,nineteen,nineteen,1,32
supervision,nip,nip,1,36
supervision,nobl,noble,1,52
supervision,nofp,nofp,1,16
supervision,nonclear,noncleared,1,11
supervision,noncomplex,noncomplex,1,10
supervision,noncompli,noncompliance,1,21
supervision,nonconvent,nonconventional,1,22
supervision,nondefens,nondefense,1,40
supervision,noneuro,noneuro,1,10
supervision,nonmanufactur,nonmanufacturing,1,201
supervision,nonmetropolitan,nonmetropolitan,1,15
supervision,nonprim,nonprime,1,19
supervision,nonresid,nonresidents,1,78
supervision,nonstandard,nonstandard,1,68
supervision,nonviabl,nonviable,1,15
supervision,noon,noon,1,31
supervision,nop,nop,1,39
supervision,norden,norden,1,22
supervision,nordhaus,nordhaus,1,22
supervision,norman,norman,1,78
supervision,nostalgia,nostalgia,1,20
supervision,nottingham,nottingham,1,34
supervision,nss,nss,1,13
supervision,nsw,nsw,1,25
supervision,numeraci,numeracy,1,16
supervision,nyse,nyse,1,16
supervision,nyu,nyu,1,26
supervision,obedi,obedience,1,12
supervision,oblivion,oblivion,1,12
supervision,obr,obr,1,28
supervision,obsolesc,obsolescent,1,93
supervision,obvers,obverse,1,36
supervision,oca,oca,1,31
supervision,oda,oda,1,21
supervision,odyssean,odyssean,1,15
supervision,oenb,oenb,1,16
supervision,ofc,ofc,1,19
supervision,offens,offenses,1,39
supervision,oic,oic,1,10
supervision,okina,okina,1,18
supervision,oliv,oliver,1,91
supervision,olymp,olympics,1,97
supervision,omb,omb,1,15
supervision,oneself,oneself,1,53
supervision,onetari,onetary,1,10
supervision,opera,opera,1,14
supervision,orat,oration,1,24
supervision,orderli,orderliness,1,22
supervision,oregon,oregon,1,16
supervision,oreopoulo,oreopoulos,1,10
supervision,orphan,orphan,1,17
supervision,osago,osago,1,18
supervision,osbat,osbat,1,28
supervision,osborn,osborne,1,25
supervision,ottaviano,ottaviano,1,12
supervision,outbound,outbounds,1,53
supervision,outburst,outburst,1,11
supervision,outgrowth,outgrowth,1,12
supervision,outrun,outrun,1,21
supervision,overbank,overbanking,1,17
supervision,overcam,overcame,1,50
supervision,overcrowd,overcrowded,1,11
supervision,overhead,overheads,1,49
supervision,overlaid,overlaid,1,20
supervision,overoptimist,overoptimistic,1,15
supervision,overpr,overpriced,1,33
supervision,overreach,overreach,1,17
supervision,overreli,overreliance,1,36
supervision,overshadow,overshadowed,1,88
supervision,overshot,overshot,1,49
supervision,oversuppli,oversupply,1,50
supervision,overtaken,overtaken,1,62
supervision,overtook,overtook,1,22
supervision,overus,overuse,1,22
supervision,overweight,overweight,1,30
supervision,ozcan,ozcan,1,41
supervision,pad,padded,1,18
supervision,painless,painless,1,45
supervision,palat,palatable,1,21
supervision,palett,palette,1,10
supervision,palgrav,palgrave,1,75
supervision,palliat,palliative,1,15
supervision,palumbo,palumbo,1,10
supervision,panicki,panicky,1,14
supervision,panizza,panizza,1,24
supervision,panorama,panorama,1,24
supervision,pantheon,pantheon,1,11
supervision,paolo,paolo,1,53
supervision,paradis,paradise,1,30
supervision,paraphras,paraphrase,1,112
supervision,pare,paring,1,59
supervision,parenthet,parenthetically,1,18
supervision,parker,parker,1,84
supervision,parliamentarian,parliamentarians,1,32
supervision,parmalat,parmalat,1,13
supervision,parochi,parochial,1,21
supervision,pars,parsing,1,28
supervision,partit,partition,1,28
supervision,passeng,passenger,1,82
supervision,passion,passionate,1,126
supervision,passmor,passmore,1,21
supervision,patchi,patchy,1,42
supervision,patel,patel,1,78
supervision,patil,patil,1,30
supervision,patra,patra,1,30
supervision,patron,patron,1,20
supervision,paulo,paulo,1,24
supervision,pawn,pawn,1,11
supervision,pcs,pcs,1,39
supervision,peacock,peacock,1,15
supervision,peersman,peersman,1,15
supervision,pen,pen,1,48
supervision,penc,pence,1,43
supervision,pendulum,pendulum,1,66
supervision,penni,penny,1,53
supervision,pennsylvania,pennsylvania,1,101
supervision,percentil,percentile,1,111
supervision,pereira,pereira,1,14
supervision,peripheri,periphery,1,186
supervision,perk,perk,1,16
supervision,permissionless,permissionless,1,11
supervision,pernici,pernicious,1,89
supervision,perotti,perotti,1,26
supervision,persaud,persaud,1,27
supervision,personalis,personalisation,1,34
supervision,petersburg,petersburg,1,34
supervision,petersen,petersen,1,18
supervision,petit,petition,1,19
supervision,petrol,petrol,1,210
supervision,petroleum,petroleum,1,284
supervision,pew,pew,1,35
supervision,pharmaceut,pharmaceutical,1,119
supervision,phelp,phelps,1,70
supervision,philosoph,philosophical,1,177
supervision,photograph,photographs,1,51
supervision,physician,physician,1,17
supervision,physicist,physicist,1,30
supervision,pierc,pierced,1,16
supervision,pierluigi,pierluigi,1,18
supervision,pigouvian,pigouvian,1,11
supervision,pill,pill,1,83
supervision,pink,pink,1,43
supervision,pit,pitting,1,33
supervision,piti,pity,1,32
supervision,planner,planner,1,63
supervision,plastic,plastic,1,69
supervision,plea,plea,1,37
supervision,plenum,plenum,1,19
supervision,pli,ply,1,13
supervision,plosser,plosser,1,14
supervision,pmi,pmi,1,167
supervision,poc,poc,1,10
supervision,point,pointedly,1,14
supervision,pointer,pointers,1,47
supervision,pointless,pointless,1,26
supervision,pois,poised,1,190
supervision,polar,polar,1,124
supervision,politi,polity,1,38
supervision,politicis,politicised,1,30
supervision,polym,polymer,1,61
supervision,poorer,poorer,1,240
supervision,pop,popped,1,72
supervision,pope,pope,1,23
supervision,popov,popov,1,56
supervision,portend,portends,1,38
supervision,portugues,portuguese,1,64
supervision,postmeet,postmeeting,1,42
supervision,postpandem,postpandemic,1,10
supervision,postul,postulated,1,77
supervision,pot,potted,1,34
supervision,pour,pouring,1,104
supervision,ppk,ppk,1,16
supervision,ppps,ppps,1,14
supervision,pradesh,pradesh,1,98
supervision,pravda,pravda,1,12
supervision,pray,pray,1,34
supervision,preambl,preamble,1,90
supervision,precari,precarious,1,122
supervision,preconceiv,preconceived,1,17
supervision,predat,predate,1,72
supervision,predictor,predictor,1,129
supervision,preempt,preempting,1,79
supervision,preexist,preexisting,1,24
supervision,prerecess,prerecession,1,14
supervision,prerecord,prerecorded,1,17
supervision,preschool,preschool,1,17
supervision,prescott,prescott,1,121
supervision,presidenti,presidential,1,175
supervision,preston,preston,1,12
supervision,pretenc,pretence,1,22
supervision,pretoria,pretoria,1,120
supervision,pri,pri,1,10
supervision,priceless,priceless,1,12
supervision,pricelevel,pricelevel,1,10
supervision,priceset,pricesetting,1,16
supervision,pride,pride,1,234
supervision,prima,prima,1,69
supervision,primeag,primeage,1,10
supervision,printer,printers,1,32
supervision,prism,prism,1,36
supervision,privatis,privatised,1,185
supervision,probiti,probity,1,23
supervision,professionalis,professionalise,1,21
supervision,profici,proficiency,1,37
supervision,programmat,programmatic,1,16
supervision,prolif,prolific,1,27
supervision,prop,prop,1,88
supervision,propens,propensity,1,363
supervision,propiti,propitious,1,40
supervision,propon,proponents,1,211
supervision,proprietorship,proprietorship,1,18
supervision,prosecutor,prosecutors,1,19
supervision,prospectus,prospectuses,1,37
supervision,protagonist,protagonist,1,36
supervision,protector,protectors,1,17
supervision,protein,protein,1,52
supervision,prototyp,prototype,1,61
supervision,provoc,provocative,1,60
supervision,prune,pruned,1,13
supervision,psl,psl,1,24
supervision,psu,psu,1,31
supervision,pub,pub,1,53
supervision,purest,purest,1,10
supervision,purs,purse,1,78
supervision,pursuanc,pursuance,1,55
supervision,purvey,purveying,1,13
supervision,pvp,pvp,1,19
supervision,pwc,pwc,1,49
supervision,quadrant,quadrants,1,12
supervision,quartil,quartile,1,56
supervision,quebec,quebec,1,113
supervision,quell,quelling,1,56
supervision,quibbl,quibble,1,14
supervision,quinn,quinn,1,17
supervision,quintini,quintini,1,21
supervision,quintupl,quintupled,1,17
supervision,quotat,quotations,1,116
supervision,racial,racial,1,107
supervision,raghu,raghu,1,14
supervision,rahman,rahman,1,10
supervision,raiser,raiser,1,12
supervision,raja,rajas,1,18
supervision,ralli,rally,1,121
supervision,ram,ram,1,23
supervision,ramon,ramon,1,19
supervision,rarer,rarer,1,16
supervision,ratif,ratification,1,54
supervision,ratner,ratner,1,21
supervision,rato,rato,1,15
supervision,razor,razor,1,11
supervision,rbnz,rbnz,1,14
supervision,reabsorb,reabsorbed,1,64
supervision,readabl,readability,1,45
supervision,reappear,reappearance,1,54
supervision,reappoint,reappointment,1,15
supervision,rebas,rebasing,1,27
supervision,rebuilt,rebuilt,1,80
supervision,rebut,rebut,1,12
supervision,rebutt,rebuttable,1,16
supervision,rec,rec,1,48
supervision,recalcul,recalculated,1,20
supervision,recapitul,recapitulate,1,28
supervision,reclaim,reclaimed,1,25
supervision,reclassifi,reclassified,1,20
supervision,recoup,recouped,1,110
supervision,recurs,recursive,1,13
supervision,redefinit,redefinition,1,27
supervision,redrado,redrado,1,34
supervision,redrawn,redrawn,1,10
supervision,reemerg,reemergence,1,68
supervision,reemploy,reemployed,1,27
supervision,reestablish,reestablished,1,72
supervision,referenda,referenda,1,12
supervision,reflex,reflexive,1,32
supervision,reg,reg,1,30
supervision,regret,regret,1,169
supervision,rehypothec,rehypothecation,1,11
supervision,reichlin,reichlin,1,65
supervision,reign,reign,1,76
supervision,reinstat,reinstated,1,68
supervision,reintermedi,reintermediation,1,20
supervision,reinterpret,reinterpretation,1,30
supervision,reissu,reissued,1,23
supervision,rejoin,rejoined,1,30
supervision,rejoui,rejouis,1,21
supervision,rejuven,rejuvenation,1,56
supervision,rekha,rekha,1,10
supervision,relaps,relapse,1,38
supervision,relativ,relativized,1,12
supervision,relay,relaying,1,27
supervision,religi,religious,1,85
supervision,relook,relook,1,24
supervision,remnant,remnants,1,33
supervision,remodel,remodelling,1,17
supervision,remun,remunerative,1,31
supervision,renam,renamed,1,48
supervision,renationalis,renationalisation,1,25
supervision,rengo,rengo,1,30
supervision,renown,renowned,1,141
supervision,reoccur,reoccur,1,12
supervision,repar,reparations,1,11
supervision,replay,replay,1,13
supervision,repossess,repossessed,1,32
supervision,repudi,repudiation,1,23
supervision,resal,resales,1,77
supervision,resecurit,resecuritizations,1,10
supervision,resign,resignation,1,81
supervision,respiratori,respiratory,1,31
supervision,restaur,restaurant,1,233
supervision,retire,retirees,1,136
supervision,retroact,retroactively,1,23
supervision,rev,rev,1,14
supervision,rewritten,rewritten,1,16
supervision,rfr,rfr,1,10
supervision,rice,rice,1,115
supervision,richardson,richardson,1,42
supervision,ridf,ridf,1,12
supervision,rife,rife,1,28
supervision,rim,rim,1,19
supervision,riskless,riskless,1,78
supervision,riskmeasur,riskmeasurement,1,11
supervision,risksensit,risksensitive,1,13
supervision,riskshar,risksharing,1,31
supervision,riskweight,riskweight,1,46
supervision,rival,rival,1,151
supervision,roar,roaring,1,38
supervision,robinson,robinson,1,99
supervision,rom,rom,1,23
supervision,ron,ron,1,57
supervision,ronald,ronald,1,68
supervision,rosi,rosy,1,52
supervision,roy,roy,1,43
supervision,rrr,rrr,1,23
supervision,rubber,rubber,1,42
supervision,rudd,rudd,1,21
supervision,rug,rug,1,11
supervision,rugbi,rugby,1,22
supervision,rumor,rumored,1,53
supervision,runnabl,runnable,1,24
supervision,runup,runup,1,25
supervision,ryan,ryan,1,93
supervision,sacrosanct,sacrosanct,1,20
supervision,salienc,salience,1,19
supervision,salmon,salmon,1,63
supervision,salvador,salvador,1,30
supervision,salzburg,salzburg,1,10
supervision,samuelson,samuelson,1,108
supervision,sanctiti,sanctity,1,20
supervision,santi,santis,1,32
supervision,sapienza,sapienza,1,12
supervision,sarfaesi,sarfaesi,1,30
supervision,saron,saron,1,36
supervision,sayuri,sayuri,1,23
supervision,sberbank,sberbank,1,21
supervision,sbi,sbi,1,76
supervision,scant,scant,1,63
supervision,scatterplot,scatterplot,1,10
supervision,schanz,schanz,1,22
supervision,schemat,schematic,1,30
supervision,schembri,schembri,1,34
supervision,schiller,schiller,1,18
supervision,schinasi,schinasi,1,10
supervision,schindler,schindler,1,13
supervision,schmiedel,schmiedel,1,14
supervision,schorfheid,schorfheide,1,11
supervision,schuknecht,schuknecht,1,11
supervision,schularick,schularick,1,69
supervision,scotland,scotland,1,116
supervision,scourg,scourge,1,29
supervision,scrambl,scrambled,1,94
supervision,scrape,scrape,1,11
supervision,sdrs,sdrs,1,26
supervision,sear,searing,1,18
supervision,seattl,seattle,1,27
supervision,sebastian,sebastian,1,44
supervision,seco,seco,1,16
supervision,secondround,secondround,1,19
supervision,seeker,seeker,1,85
supervision,segal,segal,1,17
supervision,selfinterest,selfinterest,1,10
supervision,selfless,selfless,1,11
supervision,selfregul,selfregulation,1,19
supervision,selfregulatori,selfregulatory,1,10
supervision,semant,semantic,1,33
supervision,semblanc,semblance,1,13
supervision,sentenc,sentence,1,165
supervision,seq,seq,1,13
supervision,sergio,sergio,1,24
supervision,sevenfold,sevenfold,1,10
supervision,seventeenth,seventeenth,1,30
supervision,seventi,seventy,1,192
supervision,sewa,sewa,1,13
supervision,sexual,sexually,1,28
supervision,shafik,shafik,1,42
supervision,shah,shah,1,24
supervision,shaken,shaken,1,143
supervision,shaki,shaky,1,26
supervision,shakir,shakir,1,20
supervision,sharpest,sharpest,1,109
supervision,shatter,shattered,1,67
supervision,sheep,sheep,1,15
supervision,shelbi,shelby,1,45
supervision,shell,shell,1,43
supervision,shelter,shelter,1,198
supervision,shirai,shirai,1,24
supervision,shirk,shirking,1,19
supervision,shleifer,shleifer,1,36
supervision,shook,shook,1,47
supervision,shorthand,shorthand,1,42
supervision,showcas,showcased,1,72
supervision,shrinkag,shrinkage,1,86
supervision,shut,shut,1,225
supervision,shutdown,shutdowns,1,121
supervision,shuttl,shuttle,1,10
supervision,sibl,sibling,1,14
supervision,sidelin,sidelines,1,101
supervision,sighted,sightedness,1,16
supervision,sigma,sigma,1,35
supervision,silk,silk,1,25
supervision,sim,sim,1,89
supervision,simsek,simsek,1,13
supervision,sin,sin,1,73
supervision,singular,singularly,1,83
supervision,sinha,sinha,1,44
supervision,sink,sinking,1,84
supervision,siren,siren,1,31
supervision,skil,skilfully,1,25
supervision,skittish,skittish,1,20
supervision,slam,slams,1,17
supervision,slaughter,slaughter,1,15
supervision,slave,slaving,1,33
supervision,slavish,slavish,1,18
supervision,slf,slf,1,11
supervision,slifman,slifman,1,21
supervision,slightest,slightest,1,41
supervision,slot,slotted,1,27
supervision,slump,slump,1,452
supervision,smf,smf,1,16
supervision,smoot,smoot,1,13
supervision,sms,sms,1,27
supervision,smuggl,smuggling,1,17
supervision,snowbal,snowballing,1,34
supervision,socialist,socialist,1,109
supervision,socioeconom,socioeconomics,1,67
supervision,sociolog,sociology,1,44
supervision,sofr,sofr,1,22
supervision,solan,solans,1,88
supervision,solomon,solomonic,1,16
supervision,sombr,sombre,1,11
supervision,soundest,soundest,1,18
supervision,sour,sour,1,53
supervision,spawn,spawn,1,106
supervision,spe,spe,1,18
supervision,specialti,specialties,1,40
supervision,spectacular,spectacular,1,257
supervision,sped,sped,1,45
supervision,spencer,spencer,1,68
supervision,spiegel,spiegel,1,12
supervision,spillback,spillback,1,23
supervision,spoil,spoils,1,31
supervision,sponsorship,sponsorship,1,37
supervision,sport,sport,1,130
supervision,spree,sprees,1,19
supervision,springer,springer,1,33
supervision,stabilit,stabilite,1,12
supervision,stabilityori,stabilityoriented,1,26
supervision,stacey,stacey,1,24
supervision,stagger,staggering,1,177
supervision,staiger,staiger,1,21
supervision,stal,stals,1,44
supervision,stansburi,stansbury,1,12
supervision,starv,starved,1,51
supervision,stat,stat,1,41
supervision,statu,statues,1,19
supervision,stead,stead,1,52
supervision,steadfast,steadfast,1,102
supervision,steal,stealing,1,45
supervision,steel,steel,1,322
supervision,steepen,steepening,1,134
supervision,steepest,steepest,1,29
supervision,stella,stella,1,34
supervision,stewart,stewart,1,43
supervision,stickier,stickier,1,30
supervision,stiftung,stiftung,1,17
supervision,stiglitz,stiglitz,1,101
supervision,stimulatori,stimulatory,1,65
supervision,stimuli,stimuli,1,108
supervision,sting,stinging,1,12
supervision,stint,stint,1,21
supervision,stir,stirred,1,78
supervision,stirl,stirling,1,16
supervision,stockbrok,stockbrokers,1,27
supervision,stockpil,stockpiling,1,31
supervision,stolen,stolen,1,48
supervision,straddl,straddle,1,39
supervision,strahan,strahan,1,26
supervision,straightaway,straightaway,1,23
supervision,stranger,stranger,1,35
supervision,strasbourg,strasbourg,1,49
supervision,strate,strate,1,11
supervision,strauss,strauss,1,11
supervision,stray,strayed,1,74
supervision,stuart,stuart,1,52
supervision,stubborn,stubbornly,1,179
supervision,stuff,stuff,1,64
supervision,stulz,stulz,1,23
supervision,stun,stunning,1,37
supervision,stuttgart,stuttgart,1,10
supervision,stymi,stymied,1,26
supervision,subir,subir,1,36
supervision,subt,subtly,1,32
supervision,subtleti,subtleties,1,34
supervision,subtract,subtracting,1,252
supervision,suburban,suburban,1,23
supervision,succinct,succinctly,1,64
supervision,suerf,suerf,1,54
supervision,sullivan,sullivan,1,31
supervision,summon,summons,1,38
supervision,sunil,sunil,1,16
supervision,sunlight,sunlight,1,15
supervision,sunshin,sunshine,1,20
supervision,superannu,superannuation,1,62
supervision,superimpos,superimposed,1,23
supervision,supplysid,supplyside,1,31
supervision,surgeon,surgeons,1,11
supervision,surmis,surmise,1,42
supervision,surmount,surmountable,1,45
supervision,surpass,surpassed,1,328
supervision,surrog,surrogate,1,35
supervision,swallow,swallowed,1,23
supervision,swanson,swanson,1,64
supervision,swaption,swaption,1,17
supervision,swath,swathe,1,92
supervision,sway,sway,1,49
supervision,swear,swearing,1,11
supervision,swedish,swedish,1,146
supervision,swept,swept,1,76
supervision,swfs,swfs,1,12
supervision,switchov,switchover,1,30
supervision,synchron,synchronized,1,271
supervision,syndrom,syndrome,1,79
supervision,tab,tabs,1,33
supervision,tabellini,tabellini,1,36
supervision,tablet,tablets,1,43
supervision,tabul,tabulations,1,40
supervision,tac,tac,1,20
supervision,taiwan,taiwan,1,176
supervision,taka,takaful,1,10
supervision,takahashi,takahashi,1,18
supervision,takahid,takahide,1,12
supervision,taleb,taleb,1,21
supervision,talf,talf,1,51
supervision,tamil,tamil,1,37
supervision,tankan,tankan,1,284
supervision,tantrum,tantrum,1,152
supervision,tardi,tardy,1,22
supervision,tat,tat,1,20
supervision,taut,taut,1,10
supervision,taxabl,taxable,1,49
supervision,tca,tca,1,10
supervision,tear,tear,1,92
supervision,techno,techno,1,20
supervision,technocrat,technocratic,1,70
supervision,tecton,tectonic,1,32
supervision,teleconfer,teleconference,1,25
supervision,telescop,telescopes,1,18
supervision,telkom,telkom,1,10
supervision,teller,teller,1,104
supervision,tellez,tellez,1,10
supervision,temp,temps,1,13
supervision,tempo,tempo,1,24
supervision,tenabl,tenable,1,24
supervision,tenfold,tenfold,1,65
supervision,tenreyro,tenreyro,1,105
supervision,tequila,tequila,1,20
supervision,tercentenari,tercentenary,1,18
supervision,terri,terry,1,21
supervision,terribl,terribly,1,189
supervision,tevlin,tevlin,1,18
supervision,textil,textiles,1,160
supervision,thecityuk,thecityuk,1,13
supervision,theft,theft,1,99
supervision,theorist,theorists,1,70
supervision,therapi,therapy,1,29
supervision,thereon,thereon,1,26
supervision,thermal,thermal,1,29
supervision,these,theses,1,17
supervision,thethird,thethird,1,12
supervision,thick,thick,1,71
supervision,thicker,thicker,1,13
supervision,thiessen,thiessen,1,56
supervision,thorat,thorat,1,55
supervision,threemonth,threemonth,1,37
supervision,thunder,thunder,1,12
supervision,thwart,thwarted,1,89
supervision,tietmey,tietmeyer,1,22
supervision,tim,tim,1,119
supervision,timothi,timothy,1,101
supervision,tini,tiny,1,97
supervision,tinker,tinker,1,20
supervision,tire,tires,1,56
supervision,tireless,tireless,1,104
supervision,toincom,toincome,1,19
supervision,tokenis,tokenised,1,36
supervision,tom,tom,1,159
supervision,tomasz,tomasz,1,20
supervision,ton,ton,1,56
supervision,toobig,toobig,1,14
supervision,toolset,toolset,1,10
supervision,topalova,topalova,1,13
supervision,topolog,topology,1,14
supervision,toshihiko,toshihiko,1,77
supervision,toughest,toughest,1,33
supervision,tournament,tournament,1,19
supervision,tpid,tpid,1,20
supervision,traceabl,traceability,1,31
supervision,traci,tracy,1,29
supervision,tract,tracts,1,48
supervision,trailblaz,trailblazer,1,10
supervision,trait,traits,1,78
supervision,tranquil,tranquil,1,94
supervision,traumat,traumatic,1,47
supervision,trebl,trebled,1,61
supervision,trepid,trepidation,1,31
supervision,tri,tri,1,38
supervision,triniti,trinity,1,124
supervision,trip,trips,1,122
supervision,triumph,triumph,1,76
supervision,trove,trove,1,13
supervision,truer,truer,1,21
supervision,truman,truman,1,20
supervision,trumpet,trumpet,1,10
supervision,tsatsaroni,tsatsaronis,1,22
supervision,tumultu,tumultuous,1,40
supervision,ture,ture,1,20
supervision,turf,turf,1,20
supervision,turkiy,turkiye,1,16
supervision,typolog,typology,1,13
supervision,ueda,ueda,1,38
supervision,ugai,ugai,1,14
supervision,uidai,uidai,1,22
supervision,ulf,ulf,1,15
supervision,umpir,umpire,1,13
supervision,unadjust,unadjusted,1,26
supervision,unafford,unaffordable,1,53
supervision,unauthor,unauthorized,1,36
supervision,unback,unbacked,1,18
supervision,unblock,unblocked,1,26
supervision,unbroken,unbroken,1,21
supervision,unconsci,unconsciously,1,31
supervision,unconstrain,unconstrained,1,71
supervision,uncontest,uncontested,1,18
supervision,uncontrol,uncontrolled,1,105
supervision,uncontroversi,uncontroversial,1,53
supervision,unctad,unctad,1,38
supervision,undercapit,undercapitalized,1,56
supervision,undercut,undercuts,1,57
supervision,undergird,undergirds,1,12
supervision,underground,underground,1,73
supervision,underlay,underlay,1,19
supervision,underperform,underperforming,1,162
supervision,underplay,underplay,1,27
supervision,underprivileg,underprivileged,1,45
supervision,undersecretari,undersecretary,1,36
supervision,underwhelm,underwhelming,1,16
supervision,undisciplin,undisciplined,1,24
supervision,undisput,undisputed,1,85
supervision,undp,undp,1,22
supervision,unearth,unearthing,1,40
supervision,uneasi,uneasy,1,70
supervision,unenvi,unenviable,1,18
supervision,unequ,unequal,1,148
supervision,unesco,unesco,1,16
supervision,unev,uneventful,1,10
supervision,unfamiliar,unfamiliar,1,100
supervision,unfavour,unfavourable,1,243
supervision,unfett,unfettered,1,93
supervision,unfil,unfilled,1,30
supervision,unfit,unfit,1,15
supervision,unflinch,unflinching,1,10
supervision,unfreez,unfreeze,1,20
supervision,unfund,unfunded,1,48
supervision,unimagin,unimaginably,1,80
supervision,unimport,unimportant,1,62
supervision,universitat,universitat,1,29
supervision,unleash,unleash,1,264
supervision,unlicens,unlicensed,1,19
supervision,unlist,unlisted,1,41
supervision,unmitig,unmitigated,1,12
supervision,unpack,unpacking,1,30
supervision,unpaid,unpaid,1,51
supervision,unpalat,unpalatable,1,24
supervision,unproduct,unproductive,1,118
supervision,unprofit,unprofitable,1,106
supervision,unqualifi,unqualified,1,33
supervision,unrecogn,unrecognized,1,10
supervision,unrecognis,unrecognised,1,18
supervision,unrival,unrivalled,1,13
supervision,unseen,unseen,1,41
supervision,unskil,unskilled,1,113
supervision,unsold,unsold,1,91
supervision,unspecifi,unspecified,1,24
supervision,unsteadi,unsteadiness,1,13
supervision,unsuit,unsuitable,1,55
supervision,unsupport,unsupported,1,23
supervision,untim,untimely,1,21
supervision,unweight,unweighted,1,83
supervision,unwin,unwin,1,25
supervision,upheav,upheavals,1,158
supervision,upstream,upstream,1,78
supervision,useless,useless,1,83
supervision,usuri,usurious,1,53
supervision,usurp,usurp,1,14
supervision,utopian,utopian,1,27
supervision,utter,utter,1,86
supervision,vacant,vacant,1,105
supervision,valencia,valencia,1,26
supervision,valletta,valletta,1,10
supervision,valuead,valueadded,1,24
supervision,vancouv,vancouver,1,91
supervision,vanilla,vanilla,1,94
supervision,vanish,vanished,1,119
supervision,vault,vault,1,74
supervision,vaus,vause,1,17
supervision,vayano,vayanos,1,36
supervision,veer,veered,1,39
supervision,veget,vegetable,1,143
supervision,veloc,velocity,1,185
supervision,venic,venice,1,25
supervision,vessel,vessel,1,40
supervision,vestig,vestiges,1,16
supervision,veto,veto,1,38
supervision,vibranc,vibrancy,1,58
supervision,vicin,vicinity,1,86
supervision,victori,victory,1,132
supervision,vila,vila,1,20
supervision,vincent,vincent,1,48
supervision,viral,viral,1,44
supervision,virginia,virginia,1,128
supervision,virul,virulent,1,59
supervision,visa,visa,1,106
supervision,vishni,vishny,1,24
supervision,vishwanathan,vishwanathan,1,11
supervision,visitor,visitors,1,186
supervision,vista,vistas,1,30
supervision,vive,vives,1,16
supervision,volumin,voluminous,1,26
supervision,voter,voters,1,111
supervision,voucher,vouchers,1,23
supervision,vous,vous,1,37
supervision,vow,vow,1,15
supervision,vox,vox,1,21
supervision,voxeu,voxeu,1,65
supervision,wadhwani,wadhwani,1,62
supervision,waigel,waigel,1,13
supervision,walker,walker,1,51
supervision,waller,waller,1,50
supervision,walmart,walmart,1,17
supervision,warsh,warsh,1,38
supervision,watson,watson,1,101
supervision,wax,waxed,1,33
supervision,wayn,wayne,1,37
supervision,waysid,wayside,1,16
supervision,wealthi,wealthy,1,103
supervision,weapon,weapons,1,91
supervision,weav,weave,1,40
supervision,wed,wedded,1,30
supervision,weed,weed,1,31
supervision,weidmann,weidmann,1,10
supervision,weightag,weightage,1,13
supervision,weinstein,weinstein,1,17
supervision,wellestablish,wellestablished,1,18
supervision,wellfunct,wellfunctioning,1,60
supervision,werd,werde,1,22
supervision,werner,werner,1,75
supervision,wesley,wesley,1,20
supervision,wharf,wharf,1,12
supervision,wheatley,wheatley,1,21
supervision,whichev,whichever,1,97
supervision,wick,wicked,1,20
supervision,wicksellian,wicksellian,1,19
supervision,widerang,wideranging,1,19
supervision,width,width,1,93
supervision,wilcox,wilcox,1,70
supervision,wildfir,wildfires,1,43
supervision,wiley,wiley,1,85
supervision,wilhelm,wilhelm,1,14
supervision,wilkin,wilkins,1,115
supervision,will,willingly,1,121
supervision,willi,willis,1,30
supervision,williamson,williamson,1,47
supervision,willison,willison,1,16
supervision,wincoop,wincoop,1,13
supervision,wipe,wiped,1,136
supervision,wisconsin,wisconsin,1,24
supervision,wither,wither,1,25
supervision,withhold,withholding,1,105
supervision,withstood,withstood,1,64
supervision,withth,withthe,1,14
supervision,woefulli,woefully,1,34
supervision,wolf,wolf,1,82
supervision,woman,woman,1,86
supervision,woo,woo,1,11
supervision,workload,workload,1,36
supervision,workplan,workplan,1,11
supervision,workweek,workweek,1,20
supervision,wos,wos,1,13
supervision,woven,woven,1,36
supervision,writ,writ,1,10
supervision,writedown,writedowns,1,40
supervision,wrought,wrought,1,47
supervision,wyman,wyman,1,23
supervision,wyplosz,wyplosz,1,32
supervision,xiaochuan,xiaochuan,1,67
supervision,xiii,xiii,1,23
supervision,xiv,xiv,1,17
supervision,xix,xix,1,21
supervision,yearn,yearn,1,20
supervision,yellow,yellow,1,116
supervision,ytl,ytl,1,24
supervision,yuan,yuan,1,156
supervision,zeitung,zeitung,1,32
supervision,zero,zeros,1,35
supervision,zheng,zheng,1,25
supervision,zhu,zhu,1,90
supervision,zimbabw,zimbabwe,1,29
supervision,zlb,zlb,1,51
supervision,zoom,zoom,1,28
supervision,zunachst,zunachst,1,10
regulation,capit,capital,36894,8213
regulation,financi,financial,36603,11020
regulation,market,market,30118,10959
regulation,risk,risk,28244,10030
regulation,polici,policy,24897,10709
regulation,requir,requirements,22323,8790
regulation,system,system,19670,9713
regulation,regul,regulation,17583,5973
regulation,regulatori,regulatory,15410,4746
regulation,intern,international,14353,8709
regulation,institut,institutions,13581,8879
regulation,monetari,monetary,13244,9284
regulation,framework,framework,13232,6855
regulation,rate,rate,12882,9894
regulation,develop,development,11391,10457
regulation,liquid,liquidity,11317,6135
regulation,increas,increase,11076,10583
regulation,basel,basel,10967,1855
regulation,standard,standards,10936,6601
regulation,account,account,10294,8766
regulation,manag,management,9757,7932
regulation,effect,effective,9565,10241
regulation,rule,rules,9415,4848
regulation,countri,countries,9338,9235
regulation,supervis,supervision,9227,3610
regulation,sector,sector,9050,9120
regulation,level,level,9011,10168
regulation,econom,economic,8987,10620
regulation,implement,implementation,8974,6763
regulation,economi,economy,8746,10465
regulation,reserv,reserve,8733,7263
regulation,measur,measures,8632,8738
regulation,flow,flows,8551,4872
regulation,global,global,8506,8321
regulation,govern,government,8438,9133
regulation,firm,firms,8247,6384
regulation,stabil,stability,8152,9133
regulation,set,set,8082,8333
regulation,crisi,crisis,7959,6867
regulation,base,based,7883,8633
regulation,issu,issues,7818,8997
regulation,credit,credit,7814,7641
regulation,includ,including,7731,9574
regulation,invest,investment,7588,8269
regulation,asset,assets,7570,7410
regulation,term,term,7554,10189
regulation,growth,growth,7407,9465
regulation,oper,operational,7406,7933
regulation,approach,approach,7138,6265
regulation,improv,improve,6970,8792
regulation,ensur,ensure,6933,7857
regulation,provid,provide,6910,9462
regulation,ratio,ratio,6776,3989
regulation,supervisori,supervisory,6624,2828
regulation,inflat,inflation,6459,7215
regulation,activ,activities,6265,9007
regulation,prudenti,prudential,6219,2326
regulation,product,productivity,6091,8348
regulation,reform,reforms,6086,4984
regulation,cost,costs,5924,8280
regulation,propos,proposed,5920,3522
regulation,busi,business,5855,8485
regulation,current,current,5823,8650
regulation,price,price,5808,9451
regulation,fund,funds,5798,7282
regulation,process,process,5701,8084
regulation,author,authorities,5543,5818
regulation,respons,response,5431,8552
regulation,continu,continue,5420,9976
regulation,addit,additional,5414,8164
regulation,minimum,minimum,5352,2266
regulation,public,public,5296,8564
regulation,relat,related,5181,8871
regulation,committe,committee,5133,5312
regulation,buffer,buffer,5108,1675
regulation,iii,iii,5062,2415
regulation,expect,expected,4987,9383
regulation,financ,finance,4936,7947
regulation,feder,federal,4915,5239
regulation,recent,recent,4908,9964
regulation,support,support,4892,9094
regulation,signific,significant,4829,9163
regulation,strengthen,strengthen,4821,5767
regulation,nation,national,4714,7868
regulation,practic,practices,4697,5878
regulation,structur,structure,4678,7775
regulation,reduc,reduce,4634,8135
regulation,assess,assessment,4631,6990
regulation,chang,change,4561,8419
regulation,lend,lending,4500,5111
regulation,hold,hold,4432,5862
regulation,balanc,balance,4416,7850
regulation,payment,payment,4383,4842
regulation,result,result,4361,9045
regulation,role,role,4336,8407
regulation,exchang,exchange,4325,6673
regulation,report,reporting,4324,6754
regulation,meet,meet,4315,7390
regulation,servic,services,4314,7323
regulation,secur,securities,4300,6601
regulation,model,models,4248,4920
regulation,target,targeting,4227,6532
regulation,stress,stress,4219,4165
regulation,loan,loans,4213,4960
regulation,inform,information,4127,7195
regulation,address,address,4126,7166
regulation,adopt,adopted,4033,5126
regulation,loss,losses,4025,4683
regulation,foreign,foreign,4018,5387
regulation,direct,direct,3954,7938
regulation,establish,established,3939,5907
regulation,board,board,3932,7158
regulation,act,act,3912,5643
regulation,fiscal,fiscal,3907,5322
regulation,trade,trade,3850,6904
regulation,challeng,challenges,3829,7798
regulation,remain,remain,3820,9103
regulation,review,review,3797,5541
regulation,enhanc,enhanced,3771,5519
regulation,focus,focus,3740,7569
regulation,compani,companies,3719,4805
regulation,rais,raise,3659,6572
regulation,legal,legal,3624,3081
regulation,appli,apply,3622,4339
regulation,function,function,3622,6247
regulation,achiev,achieve,3610,7812
regulation,view,view,3587,8264
regulation,industri,industry,3559,6331
regulation,exist,existing,3552,5905
regulation,limit,limited,3530,6979
regulation,control,control,3527,4877
regulation,insur,insurance,3518,3705
regulation,discuss,discussion,3488,7832
regulation,potenti,potential,3473,8063
regulation,strong,strong,3449,7686
regulation,period,period,3412,8245
regulation,equiti,equity,3408,3634
regulation,integr,integration,3400,4734
regulation,consist,consistent,3393,6299
regulation,regim,regime,3392,2921
regulation,maintain,maintain,3390,6909
regulation,supervisor,supervisors,3381,1946
regulation,effort,efforts,3378,6395
regulation,impact,impact,3373,7300
regulation,speech,speeches,3359,8530
regulation,object,objective,3333,6194
regulation,futur,future,3313,8690
regulation,leverag,leverage,3308,2679
regulation,creat,create,3293,6978
regulation,effici,efficient,3291,5774
regulation,principl,principles,3245,4188
regulation,law,law,3241,3005
regulation,emerg,emerging,3206,6997
regulation,adjust,adjustment,3188,6490
regulation,agenc,agencies,3178,2767
regulation,concern,concerns,3178,7040
regulation,debt,debt,3177,5835
regulation,action,action,3166,6262
regulation,competit,competition,3165,5606
regulation,final,final,3163,6498
regulation,decis,decisions,3143,7263
regulation,design,designed,3141,4675
regulation,adequaci,adequacy,3118,1116
regulation,import,importance,3118,7879
regulation,instrument,instruments,3107,4945
regulation,world,world,3101,7906
regulation,data,data,3094,6189
regulation,condit,conditions,3089,7994
regulation,domest,domestic,3088,6736
regulation,posit,position,3084,8017
regulation,privat,private,3071,6610
regulation,benefit,benefits,3038,6921
regulation,key,key,3023,7407
regulation,particip,participants,3004,7010
regulation,specif,specific,2982,6090
regulation,provis,provisions,2977,3736
regulation,plan,plan,2971,5148
regulation,complex,complex,2959,4160
regulation,money,money,2931,6018
regulation,real,real,2922,7991
regulation,test,testing,2902,3021
regulation,transpar,transparency,2898,4038
regulation,qualiti,quality,2893,4331
regulation,build,build,2886,5420
regulation,inflow,inflows,2886,1492
regulation,lower,lower,2859,7285
regulation,major,major,2858,7491
regulation,time,times,2848,7372
regulation,innov,innovation,2842,4308
regulation,unit,united,2838,6310
regulation,initi,initiatives,2827,6367
regulation,common,common,2811,4841
regulation,subject,subject,2809,4454
regulation,complianc,compliance,2800,1436
regulation,technolog,technology,2787,4506
regulation,organ,organizations,2780,2677
regulation,corpor,corporate,2726,5308
regulation,banker,bankers,2714,4685
regulation,sound,sound,2709,4564
regulation,resolut,resolution,2693,2307
regulation,demand,demand,2691,7913
regulation,conduct,conduct,2686,5768
regulation,reason,reason,2686,7337
regulation,low,low,2677,7975
regulation,question,question,2654,6406
regulation,resili,resilience,2653,3793
regulation,reflect,reflect,2645,7691
regulation,take,taking,2631,7277
regulation,protect,protection,2623,4221
regulation,form,form,2602,5808
regulation,return,return,2602,6112
regulation,macroprudenti,macroprudential,2573,1188
regulation,contribut,contribute,2566,8230
regulation,call,called,2563,6369
regulation,live,living,2545,4149
regulation,ecb,ecb,2530,3421
regulation,share,share,2518,7446
regulation,india,india,2512,1734
regulation,factor,factors,2494,7296
regulation,union,union,2490,3482
regulation,tool,tools,2436,4019
regulation,amount,amount,2422,5372
regulation,advanc,advanced,2421,5758
regulation,introduc,introduced,2414,4266
regulation,move,move,2408,6696
regulation,short,short,2407,7530
regulation,entiti,entities,2389,2372
regulation,consider,considerable,2388,6594
regulation,past,past,2383,8140
regulation,progress,progress,2380,5891
regulation,excess,excessive,2379,4950
regulation,flexibl,flexibility,2369,4337
regulation,investor,investors,2367,4780
regulation,close,close,2364,8084
regulation,currenc,currency,2364,5601
regulation,environ,environment,2343,6623
regulation,lead,lead,2331,7389
regulation,applic,application,2326,2695
regulation,transact,transactions,2326,4298
regulation,consum,consumer,2302,5907
regulation,individu,individual,2297,5664
regulation,disclosur,disclosure,2295,1453
regulation,understand,understand,2291,6350
regulation,infrastructur,infrastructure,2272,3553
regulation,step,steps,2267,5589
regulation,communiti,community,2266,3178
regulation,determin,determine,2264,5448
regulation,singl,single,2263,4320
regulation,stock,stock,2260,4154
regulation,sustain,sustainable,2254,6785
regulation,play,play,2217,6968
regulation,suggest,suggests,2208,6226
regulation,net,net,2189,4339
regulation,legisl,legislation,2152,2218
regulation,revis,revised,2151,3010
regulation,borrow,borrowers,2132,4702
regulation,aim,aim,2131,5618
regulation,monitor,monitoring,2129,4618
regulation,forward,forward,2124,6157
regulation,element,elements,2119,4027
regulation,bis,bis,2108,3371
regulation,access,access,2107,4722
regulation,promot,promote,2100,5002
regulation,suffici,sufficient,2088,4569
regulation,exposur,exposures,2085,2633
regulation,percent,percent,2079,3380
regulation,start,start,2078,7535
regulation,pillar,pillar,2076,1299
regulation,macroeconom,macroeconomic,2070,4932
regulation,basi,basis,2069,6516
regulation,respect,respect,2059,5217
regulation,line,line,2045,6109
regulation,incent,incentives,2033,3538
regulation,weight,weighted,2028,2721
regulation,rise,rise,2026,7022
regulation,substanti,substantial,2007,5408
regulation,mean,means,2004,6380
regulation,mortgag,mortgage,1983,2713
regulation,experi,experience,1979,6689
regulation,natur,nature,1979,6192
regulation,accord,accord,1954,1560
regulation,cent,cent,1948,2484
regulation,note,note,1942,5956
regulation,regard,regard,1942,4875
regulation,resourc,resources,1934,4839
regulation,context,context,1917,5224
regulation,cross,cross,1910,3361
regulation,border,border,1909,2760
regulation,countercycl,countercyclical,1908,641
regulation,similar,similar,1902,5903
regulation,encourag,encourage,1886,5189
regulation,labour,labour,1883,3179
regulation,adequ,adequate,1866,3011
regulation,sheet,sheet,1863,4079
regulation,deposit,deposit,1862,3816
regulation,mechan,mechanism,1859,4932
regulation,broad,broad,1853,5923
regulation,identifi,identify,1853,4297
regulation,involv,involved,1852,5293
regulation,relev,relevant,1849,4824
regulation,sourc,source,1836,5581
regulation,deriv,derivatives,1830,2836
regulation,total,total,1826,5354
regulation,analysi,analysis,1806,4674
regulation,independ,independent,1802,3752
regulation,affect,affect,1787,6920
regulation,averag,average,1784,6041
regulation,custom,customer,1770,2736
regulation,prevent,prevent,1755,4443
regulation,robust,robust,1755,3552
regulation,shock,shocks,1747,5222
regulation,run,run,1746,5763
regulation,perform,performance,1744,5665
regulation,taylor,taylor,1744,608
regulation,impos,impose,1741,2117
regulation,oversight,oversight,1722,1478
regulation,commit,commitment,1720,4988
regulation,size,size,1718,4799
regulation,essenti,essential,1707,5155
regulation,agre,agreed,1706,3071
regulation,due,due,1697,5903
regulation,critic,critical,1696,4617
regulation,wide,wide,1691,5803
regulation,absorb,absorb,1688,2346
regulation,strategi,strategy,1688,4744
regulation,incom,income,1684,5907
regulation,paper,paper,1682,4384
regulation,rang,range,1679,6504
regulation,macro,macro,1674,2241
regulation,bond,bonds,1667,4573
regulation,type,types,1662,4001
regulation,opportun,opportunities,1649,6607
regulation,human,human,1645,1998
regulation,billion,billion,1642,3614
regulation,comprehens,comprehensive,1627,2979
regulation,profit,profitability,1626,4029
regulation,volatil,volatility,1624,4316
regulation,estim,estimates,1622,4772
regulation,restrict,restrictions,1620,2987
regulation,perspect,perspective,1605,5084
regulation,simpl,simple,1605,2530
regulation,cooper,cooperation,1587,2931
regulation,jurisdict,jurisdictions,1587,1489
regulation,forc,force,1570,5721
regulation,situat,situation,1569,6008
regulation,coordin,coordination,1566,2789
regulation,europ,europe,1548,4129
regulation,declin,decline,1545,6188
regulation,differ,differences,1545,4555
regulation,aspect,aspects,1542,3980
regulation,extern,external,1542,4632
regulation,rbi,rbi,1542,796
regulation,difficult,difficult,1538,5983
regulation,avoid,avoid,1532,4650
regulation,complet,complete,1531,4635
regulation,success,successful,1527,5993
regulation,alloc,allocation,1526,2823
regulation,depend,depends,1522,5969
regulation,purpos,purpose,1516,3718
regulation,confid,confidence,1515,5939
regulation,margin,margin,1515,3172
regulation,capac,capacity,1504,4840
regulation,examin,examination,1504,3060
regulation,power,powers,1503,4667
regulation,detail,detailed,1502,4336
regulation,deal,deal,1500,4464
regulation,gain,gains,1494,4780
regulation,bring,bring,1490,5629
regulation,attent,attention,1486,5485
regulation,tighten,tightening,1479,3224
regulation,arbitrag,arbitrage,1478,858
regulation,fail,fail,1475,2908
regulation,enabl,enable,1469,3737
regulation,enforc,enforcement,1469,1452
regulation,extent,extent,1469,5514
regulation,fall,fall,1468,5581
regulation,hand,hand,1468,5113
regulation,chart,chart,1462,1899
regulation,settlement,settlement,1458,2885
regulation,cover,cover,1457,3606
regulation,main,main,1452,6282
regulation,compar,compared,1444,5859
regulation,save,savings,1433,4278
regulation,help,helped,1431,5770
regulation,failur,failure,1429,2839
regulation,consequ,consequences,1428,4799
regulation,abil,ability,1420,4424
regulation,tier,tier,1420,751
regulation,collater,collateral,1413,2346
regulation,fundament,fundamental,1413,4789
regulation,charg,charge,1409,1993
regulation,allow,allowed,1407,4080
regulation,earlier,earlier,1405,5384
regulation,eas,easing,1396,4083
regulation,event,event,1392,5598
regulation,degre,degree,1391,4821
regulation,procedur,procedures,1391,2184
regulation,recommend,recommendations,1386,2292
regulation,core,core,1383,3742
regulation,employ,employment,1383,5494
regulation,consolid,consolidated,1376,2659
regulation,evid,evidence,1375,5478
regulation,calcul,calculations,1374,2373
regulation,deviat,deviation,1374,1729
regulation,suppli,supply,1370,5737
regulation,defin,defined,1368,3667
regulation,commerci,commercial,1361,3206
regulation,refer,reference,1352,4827
regulation,code,codes,1351,915
regulation,safeti,safety,1350,2192
regulation,program,program,1343,2747
regulation,transit,transition,1342,2681
regulation,free,free,1339,3165
regulation,sensit,sensitive,1335,2129
regulation,uncertainti,uncertainty,1335,5626
regulation,evalu,evaluate,1330,2784
regulation,gap,gap,1330,3416
regulation,month,months,1329,6674
regulation,disciplin,discipline,1327,2124
regulation,pressur,pressure,1325,6229
regulation,introduct,introduction,1319,4569
regulation,goal,goal,1315,3967
regulation,largest,largest,1311,2884
regulation,project,projects,1310,5236
regulation,stabl,stable,1309,5338
regulation,facilit,facilitate,1308,4061
regulation,outflow,outflows,1307,1075
regulation,comment,comment,1303,3061
regulation,movement,movements,1301,3430
regulation,mandat,mandate,1300,3649
regulation,releas,release,1298,3160
regulation,shift,shift,1287,4564
regulation,fix,fixed,1282,3772
regulation,mention,mentioned,1279,4830
regulation,implic,implications,1275,4541
regulation,agreement,agreement,1272,2752
regulation,output,output,1270,4169
regulation,combin,combination,1269,4393
regulation,guidanc,guidance,1264,2239
regulation,accept,accepted,1263,3648
regulation,evolv,evolving,1261,3250
regulation,gold,gold,1249,961
regulation,care,carefully,1246,4292
regulation,commiss,commission,1241,2759
regulation,hous,housing,1237,4407
regulation,research,research,1235,4438
regulation,task,task,1235,3882
regulation,burden,burden,1230,2424
regulation,bodi,bodies,1228,1972
regulation,grow,growing,1228,6088
regulation,serv,serve,1228,4077
regulation,decad,decade,1224,5228
regulation,observ,observed,1222,5207
regulation,possibl,possibility,1217,4520
regulation,cycl,cycle,1216,3735
regulation,post,post,1213,3439
regulation,credibl,credibility,1212,3193
regulation,offer,offer,1209,4724
regulation,repres,represents,1207,5228
regulation,guidelin,guidelines,1206,1449
regulation,basic,basic,1201,3135
regulation,clear,clearing,1201,1395
regulation,council,council,1200,3123
regulation,rapid,rapid,1199,5422
regulation,amend,amendments,1194,998
regulation,harmonis,harmonisation,1188,1097
regulation,intend,intended,1182,2884
regulation,arrang,arrangements,1181,2990
regulation,tax,tax,1181,3313
regulation,region,regional,1179,4177
regulation,tradit,traditional,1178,3507
regulation,spend,spending,1177,3936
regulation,cyclic,cyclical,1176,2325
regulation,medium,medium,1176,5233
regulation,norm,norms,1173,1052
regulation,matter,matter,1168,4323
regulation,weak,weak,1164,4607
regulation,gdp,gdp,1155,5136
regulation,portfolio,portfolio,1153,2898
regulation,larger,larger,1149,3756
regulation,reach,reach,1149,5976
regulation,led,led,1142,5135
regulation,histor,historical,1138,4234
regulation,recoveri,recovery,1137,4800
regulation,day,day,1135,4852
regulation,indian,indian,1135,993
regulation,peopl,people,1133,5413
regulation,expand,expand,1131,4898
regulation,conclus,conclusion,1129,5817
regulation,seek,seek,1121,3424
regulation,consid,considered,1120,3852
regulation,stronger,stronger,1120,3531
regulation,begin,beginning,1119,5699
regulation,reduct,reduction,1113,4021
regulation,explain,explain,1110,4709
regulation,march,march,1106,4840
regulation,calibr,calibrated,1102,1204
regulation,publish,published,1099,3838
regulation,prepar,prepared,1097,4534
regulation,held,held,1091,4386
regulation,circumst,circumstances,1077,3925
regulation,engag,engage,1077,2783
regulation,confer,conference,1075,5250
regulation,communic,communication,1070,3721
regulation,special,special,1069,3422
regulation,household,households,1059,5310
regulation,lender,lenders,1058,2096
regulation,social,social,1058,3539
regulation,technic,technical,1057,2593
regulation,liabil,liabilities,1052,2428
regulation,compon,component,1051,2891
regulation,quarter,quarter,1049,5450
regulation,distribut,distribution,1048,3296
regulation,compli,comply,1044,920
regulation,argu,argue,1043,3180
regulation,converg,convergence,1042,1915
regulation,fair,fair,1042,3244
regulation,instanc,instance,1042,3308
regulation,respond,respond,1042,4529
regulation,manner,manner,1037,3493
regulation,option,options,1037,2835
regulation,scope,scope,1037,2997
regulation,scenario,scenario,1032,2946
regulation,featur,features,1028,3557
regulation,consult,consultation,1027,1903
regulation,extend,extended,1027,4305
regulation,generat,generate,1027,4528
regulation,counterparti,counterparties,1024,1795
regulation,england,england,1024,2199
regulation,mitig,mitigate,1024,2719
regulation,dynam,dynamic,1021,3823
regulation,indic,indicators,1020,5116
regulation,equal,equal,1017,3343
regulation,optim,optimal,1016,2390
regulation,carri,carry,1015,3762
regulation,book,book,1011,1919
regulation,studi,study,1010,3809
regulation,deficit,deficit,1008,2942
regulation,trend,trend,1005,5708
regulation,gradual,gradually,1004,4439
regulation,accumul,accumulation,1003,2386
regulation,home,home,1000,3416
regulation,under,underlying,999,4241
regulation,definit,definition,998,2543
regulation,scale,scale,995,4021
regulation,lesson,lessons,992,3078
regulation,remark,remarks,991,6926
regulation,vulner,vulnerabilities,988,3071
regulation,lack,lack,986,3483
regulation,debat,debate,977,3084
regulation,labor,labor,975,1955
regulation,ultim,ultimately,974,4061
regulation,governor,governor,972,7839
regulation,field,field,967,2664
regulation,polit,political,964,3423
regulation,aris,arise,962,3583
regulation,adapt,adapt,961,2469
regulation,produc,produce,960,3898
regulation,exercis,exercise,959,2272
regulation,south,south,958,1453
regulation,word,words,958,4336
regulation,annual,annual,956,5704
regulation,purchas,purchases,952,4610
regulation,align,align,951,1536
regulation,recognis,recognised,951,2457
regulation,aggreg,aggregate,950,4100
regulation,phase,phase,948,2872
regulation,solvenc,solvency,948,844
regulation,high,highly,944,4413
regulation,impli,implies,939,3651
regulation,link,linked,937,4095
regulation,shadow,shadow,928,769
regulation,conclud,conclude,924,5131
regulation,surcharg,surcharge,918,211
regulation,ongo,ongoing,917,3354
regulation,deliv,deliver,916,3718
regulation,pre,pre,916,3355
regulation,policymak,policymakers,914,2553
regulation,stage,stage,913,3566
regulation,correct,correct,911,3173
regulation,crise,crises,910,2583
regulation,occur,occur,910,4124
regulation,previous,previous,910,4976
regulation,face,faced,909,4985
regulation,counter,counter,908,1961
regulation,decid,decided,906,3906
regulation,reli,rely,906,3074
regulation,announc,announced,904,3667
regulation,sens,sense,904,3852
regulation,discret,discretion,903,931
regulation,transfer,transfer,902,2788
regulation,origin,original,901,3289
regulation,desir,desirable,899,3117
regulation,altern,alternative,898,3154
regulation,crucial,crucial,896,3640
regulation,intervent,intervention,890,2138
regulation,collect,collection,886,3120
regulation,recogn,recognize,884,2260
regulation,highlight,highlight,882,3534
regulation,conserv,conservation,881,787
regulation,climat,climate,876,1275
regulation,negat,negative,876,4577
regulation,statist,statistics,876,2959
regulation,proper,proper,875,2532
regulation,advantag,advantage,873,3617
regulation,relationship,relationship,871,3652
regulation,constraint,constraints,868,2529
regulation,solut,solutions,866,2734
regulation,explicit,explicit,862,2070
regulation,job,job,859,4016
regulation,forecast,forecast,858,3715
regulation,fsb,fsb,858,603
regulation,receiv,received,858,3684
regulation,broader,broader,857,3139
regulation,vari,varying,857,2554
regulation,outcom,outcome,853,3729
regulation,scheme,scheme,847,2039
regulation,yield,yield,847,3716
regulation,attract,attract,846,2992
regulation,influenc,influence,846,4466
regulation,light,light,846,3061
regulation,canada,canada,844,1436
regulation,prioriti,priority,844,2617
regulation,skill,skills,837,2025
regulation,trust,trust,837,2474
regulation,june,june,835,4627
regulation,imf,imf,834,2589
regulation,extens,extensive,833,2882
regulation,remov,remove,832,2372
regulation,awar,aware,826,3533
regulation,separ,separate,823,2212
regulation,pose,pose,822,3217
regulation,pra,pra,822,278
regulation,approv,approval,817,1618
regulation,quantit,quantitative,817,2434
regulation,contract,contracts,813,3181
regulation,januari,january,813,4072
regulation,intermedi,intermediation,812,2405
regulation,agenda,agenda,808,1964
regulation,intens,intensive,808,2404
regulation,behaviour,behaviour,799,2367
regulation,assum,assume,798,3309
regulation,complement,complement,798,1713
regulation,export,exports,797,3721
regulation,decemb,december,796,4036
regulation,china,china,795,2379
regulation,subsidiari,subsidiaries,793,712
regulation,local,local,792,2779
regulation,septemb,september,791,4825
regulation,mind,mind,788,3694
regulation,foster,foster,786,2729
regulation,mobil,mobility,785,1566
regulation,organis,organisations,785,2694
regulation,pursu,pursue,783,3418
regulation,section,section,781,1437
regulation,guid,guide,780,2476
regulation,pace,pace,780,4311
regulation,audit,audit,778,630
regulation,april,april,777,4379
regulation,format,formation,777,1682
regulation,materi,material,777,3070
regulation,revers,reversal,777,2875
regulation,date,date,775,3333
regulation,channel,channels,774,3566
regulation,card,card,773,1207
regulation,statutori,statutory,772,1033
regulation,imbal,imbalances,771,2698
regulation,incorpor,incorporate,769,1872
regulation,found,found,768,3982
regulation,enterpris,enterprises,766,2158
regulation,expans,expansion,766,4100
regulation,pay,pay,766,4025
regulation,cash,cash,761,3130
regulation,guarante,guarantee,761,2526
regulation,frank,frank,758,774
regulation,primari,primary,758,3344
regulation,idea,idea,757,2951
regulation,simpli,simply,756,2910
regulation,ago,ago,753,4544
regulation,advers,adverse,751,3374
regulation,liberalis,liberalisation,749,789
regulation,quick,quickly,748,4009
regulation,ahead,ahead,740,4302
regulation,true,true,740,3497
regulation,figur,figure,739,3021
regulation,reinforc,reinforce,739,2608
regulation,societi,society,739,3110
regulation,statement,statement,739,3338
regulation,sever,severe,737,3547
regulation,make,makes,733,3612
regulation,benchmark,benchmark,729,1560
regulation,japan,japan,726,2754
regulation,eurosystem,eurosystem,725,1270
regulation,staff,staff,720,3358
regulation,permit,permitted,718,1451
regulation,normal,normal,717,3395
regulation,creation,creation,715,2976
regulation,stringent,stringent,712,532
regulation,restructur,restructuring,709,1643
regulation,follow,follow,708,2625
regulation,nbfcs,nbfcs,708,252
regulation,coverag,coverage,705,1102
regulation,ventur,venture,703,636
regulation,inclus,inclusion,702,1563
regulation,appropri,appropriately,701,1782
regulation,updat,update,700,2211
regulation,built,built,698,2054
regulation,intermediari,intermediaries,698,1604
regulation,safe,safe,697,2315
regulation,input,input,696,1955
regulation,interact,interaction,695,2489
regulation,adher,adherence,694,869
regulation,convert,convertibility,692,1146
regulation,strict,strict,691,1215
regulation,captur,capture,689,1759
regulation,oblig,obligations,689,2218
regulation,dodd,dodd,688,283
regulation,budget,budget,687,2287
regulation,worker,workers,687,2145
regulation,formal,formal,686,1914
regulation,learn,learned,686,3451
regulation,matur,maturity,685,3104
regulation,path,path,685,4059
regulation,treasuri,treasury,684,2328
regulation,treatment,treatment,684,1132
regulation,stand,stand,682,3730
regulation,answer,answer,681,3179
regulation,draw,draw,681,3060
regulation,exceed,exceed,681,2667
regulation,resolv,resolve,680,2082
regulation,prescrib,prescribed,678,603
regulation,prescript,prescriptions,678,621
regulation,preserv,preserve,676,2261
regulation,choic,choice,673,2608
regulation,offic,office,673,2793
regulation,hope,hope,672,3767
regulation,document,document,671,1895
regulation,dollar,dollar,671,3458
regulation,congress,congress,669,1283
regulation,percentag,percentage,669,3393
regulation,prudent,prudent,669,1682
regulation,tailor,tailored,666,742
regulation,regular,regular,662,2911
regulation,swiss,swiss,662,936
regulation,foundat,foundation,660,2405
regulation,sib,sibs,660,141
regulation,except,exception,659,2735
regulation,earn,earnings,658,2536
regulation,treati,treaty,655,1147
regulation,parti,parties,654,2064
regulation,concentr,concentration,651,2622
regulation,talk,talk,651,3760
regulation,game,game,650,961
regulation,univers,university,650,3310
regulation,prefer,preferred,648,2604
regulation,aml,aml,645,130
regulation,octob,october,644,4380
regulation,ad,added,643,3076
regulation,joint,joint,643,2421
regulation,facil,facilities,640,2596
regulation,histori,history,640,3584
regulation,journal,journal,640,1844
regulation,relax,relaxed,640,921
regulation,variabl,variable,639,2343
regulation,compens,compensation,638,1922
regulation,concept,concept,637,2274
regulation,fulfil,fulfil,637,2423
regulation,switzerland,switzerland,634,1019
regulation,safeguard,safeguards,633,1633
regulation,list,list,632,2101
regulation,retail,retail,631,2615
regulation,actual,actual,630,2717
regulation,ccps,ccps,627,210
regulation,sharehold,shareholders,627,1158
regulation,half,half,625,5314
regulation,hard,hard,625,3140
regulation,gross,gross,624,2393
regulation,late,late,624,3495
regulation,modern,modern,624,1997
regulation,smooth,smooth,623,3000
regulation,typic,typically,623,3034
regulation,orient,oriented,622,2029
regulation,educ,education,621,2206
regulation,fit,fit,621,1495
regulation,deepen,deepening,618,1695
regulation,juli,july,616,3522
regulation,physic,physical,616,1424
regulation,tend,tend,616,3419
regulation,equip,equipment,615,1574
regulation,micro,micro,615,1379
regulation,execut,executive,614,3754
regulation,novemb,november,614,4044
regulation,demonstr,demonstrated,610,2663
regulation,packag,package,610,1398
regulation,spread,spread,610,3945
regulation,underwrit,underwriting,610,692
regulation,constitut,constitute,609,2278
regulation,expenditur,expenditure,607,2140
regulation,inject,injections,606,945
regulation,cut,cut,605,3228
regulation,surplus,surplus,605,1750
regulation,mark,mark,604,4235
regulation,replac,replace,604,1990
regulation,securitis,securitisation,599,721
regulation,criteria,criteria,597,1428
regulation,extrem,extremely,597,3449
regulation,topic,topic,595,3059
regulation,construct,construction,594,2949
regulation,digit,digital,594,1766
regulation,maker,makers,594,2292
regulation,knowledg,knowledge,593,2303
regulation,predict,predictable,593,2939
regulation,add,add,592,2589
regulation,prove,proved,590,2940
regulation,attempt,attempt,588,2403
regulation,compet,compete,588,2168
regulation,wage,wage,588,3451
regulation,australia,australia,587,1128
regulation,brought,brought,585,2944
regulation,prompt,prompt,585,1981
regulation,indonesia,indonesia,584,531
regulation,acceler,accelerated,582,3380
regulation,favour,favour,582,2680
regulation,lcr,lcr,582,131
regulation,restor,restore,582,2240
regulation,outlook,outlook,580,4647
regulation,default,default,577,1811
regulation,argument,argument,576,1979
regulation,happen,happen,576,3181
regulation,segment,segments,576,2149
regulation,fourth,fourth,574,2967
regulation,unemploy,unemployment,574,3709
regulation,seri,series,573,3345
regulation,driven,driven,572,3229
regulation,eme,emes,571,305
regulation,top,top,571,2448
regulation,administr,administrative,570,1742
regulation,elimin,eliminate,570,1980
regulation,prospect,prospects,570,3926
regulation,profil,profile,569,1422
regulation,analyt,analytical,567,1252
regulation,architectur,architecture,567,1033
regulation,barrier,barriers,567,1425
regulation,push,push,567,2861
regulation,assumpt,assumptions,563,2185
regulation,strength,strength,563,3067
regulation,multipl,multiple,560,1854
regulation,otc,otc,559,445
regulation,press,press,559,3160
regulation,emphasi,emphasis,558,1669
regulation,person,personal,558,3413
regulation,come,coming,557,3586
regulation,precis,precisely,556,2526
regulation,bcbs,bcbs,554,254
regulation,theori,theory,553,2021
regulation,retain,retain,552,1565
regulation,bear,bear,549,3060
regulation,ccyb,ccyb,549,54
regulation,pact,pact,549,666
regulation,fpc,fpc,548,271
regulation,survey,survey,548,3745
regulation,shown,shown,547,3475
regulation,simplifi,simplified,546,750
regulation,doubt,doubt,545,2902
regulation,trigger,triggered,544,2522
regulation,africa,africa,543,838
regulation,assist,assistance,543,2924
regulation,quantiti,quantity,542,1342
regulation,depositori,depository,541,703
regulation,host,host,541,1692
regulation,persist,persistent,541,3977
regulation,liber,liberalization,539,827
regulation,avail,availability,538,2336
regulation,contrast,contrast,537,3156
regulation,appear,appears,536,3517
regulation,snb,snb,536,493
regulation,proport,proportion,535,2122
regulation,branch,branches,533,1482
regulation,nomin,nominal,533,3211
regulation,formul,formulation,531,1494
regulation,hedg,hedge,531,1452
regulation,curv,curve,529,2035
regulation,recognit,recognition,529,1610
regulation,substitut,substitute,529,1551
regulation,emphas,emphasize,528,1830
regulation,lot,lot,528,2569
regulation,rest,rest,528,2876
regulation,sovereign,sovereign,528,1930
regulation,difficulti,difficulties,527,3114
regulation,think,thinking,527,2284
regulation,slow,slow,525,3983
regulation,temporari,temporary,524,3009
regulation,constrain,constrained,523,1765
regulation,evolut,evolution,523,2271
regulation,sale,sales,522,2704
regulation,uniform,uniform,522,810
regulation,threshold,threshold,519,881
regulation,creditor,creditors,518,1060
regulation,stanc,stance,517,2989
regulation,notic,notice,514,1858
regulation,volum,volume,514,2834
regulation,leav,leave,513,2765
regulation,stricter,stricter,513,348
regulation,inadequ,inadequate,512,983
regulation,offici,official,512,2490
regulation,stakehold,stakeholders,512,1248
regulation,convent,conventional,511,1970
regulation,met,met,511,1733
regulation,notabl,notably,511,2809
regulation,categori,categories,510,1573
regulation,necessarili,necessarily,508,2857
regulation,australian,australian,507,643
regulation,fed,fed,507,1795
regulation,enter,enter,505,2638
regulation,user,users,505,1337
regulation,draft,draft,504,1031
regulation,procycl,procyclicality,504,436
regulation,absenc,absence,503,1949
regulation,interpret,interpretation,501,1925
regulation,elig,eligible,500,1193
regulation,boost,boost,499,2761
regulation,conting,contingent,499,1046
regulation,tighter,tighter,499,1106
regulation,method,methods,498,1854
regulation,transmiss,transmission,498,2723
regulation,network,network,497,2132
regulation,illustr,illustrate,496,2580
regulation,keep,keeping,496,2514
regulation,mutual,mutual,495,1864
regulation,sophist,sophisticated,494,1329
regulation,shape,shape,493,2324
regulation,accommod,accommodate,492,2864
regulation,asian,asian,491,1718
regulation,distinct,distinction,491,1937
regulation,differenti,differentiated,489,1648
regulation,tabl,table,488,1486
regulation,worth,worth,488,2593
regulation,easi,easy,487,2585
regulation,microprudenti,microprudential,487,322
regulation,player,players,487,1621
regulation,right,rights,487,1708
regulation,surveil,surveillance,487,741
regulation,forum,forum,486,2325
regulation,programm,programme,486,2393
regulation,centr,centre,485,2140
regulation,trillion,trillion,485,1898
regulation,disrupt,disruptive,484,2793
regulation,cra,cra,483,127
regulation,securit,securitization,483,704
regulation,capabl,capabilities,482,1908
regulation,cultur,culture,482,1529
regulation,refin,refine,482,1091
regulation,consensus,consensus,481,1950
regulation,consumpt,consumption,481,3544
regulation,centuri,century,480,2500
regulation,canadian,canadian,478,756
regulation,bad,bad,477,2045
regulation,boom,boom,477,1865
regulation,assur,assurance,475,1469
regulation,pension,pension,475,1534
regulation,parliament,parliament,473,1316
regulation,explor,explore,472,1980
regulation,grant,granted,472,1905
regulation,nonbank,nonbank,471,518
regulation,probabl,probability,470,1664
regulation,rigor,rigorous,470,793
regulation,insolv,insolvency,469,704
regulation,onlin,online,467,974
regulation,properti,property,466,1669
regulation,exampl,examples,465,2122
regulation,intent,intention,465,1885
regulation,poor,poor,464,1859
regulation,match,match,463,1479
regulation,sifi,sifis,463,145
regulation,drive,drive,462,2678
regulation,anticip,anticipate,461,2653
regulation,green,green,461,813
regulation,prior,prior,461,2136
regulation,sign,signs,461,3926
regulation,februari,february,460,3374
regulation,riski,risky,460,1364
regulation,abroad,abroad,459,2269
regulation,choos,choose,459,1632
regulation,collabor,collaboration,458,1308
regulation,subsequ,subsequent,458,2908
regulation,valuat,valuation,458,1291
regulation,judgment,judgment,456,1384
regulation,launch,launched,456,2609
regulation,valu,values,456,2317
regulation,issuanc,issuance,455,1701
regulation,popul,population,455,2918
regulation,constant,constant,454,2098
regulation,fintech,fintech,454,422
regulation,insuffici,insufficient,454,1397
regulation,transform,transformation,453,2241
regulation,repo,repo,452,1314
regulation,speak,speak,452,3502
regulation,american,american,451,2487
regulation,august,august,450,3284
regulation,undertak,undertake,450,1744
regulation,launder,laundering,449,373
regulation,estat,estate,446,1659
regulation,readi,ready,446,1837
regulation,methodolog,methodology,445,956
regulation,dimens,dimension,444,1760
regulation,standardis,standardised,444,562
regulation,anchor,anchor,442,2595
regulation,varieti,variety,440,2266
regulation,pass,passed,437,3005
regulation,deterior,deterioration,436,2621
regulation,minim,minimize,436,1293
regulation,record,record,435,3774
regulation,tlac,tlac,435,65
regulation,associ,association,434,2577
regulation,caus,caused,434,3263
regulation,moder,moderate,434,3610
regulation,kyc,kyc,433,170
regulation,solid,solid,433,2019
regulation,entir,entire,429,2254
regulation,judgement,judgement,429,1049
regulation,mix,mix,428,1763
regulation,paramet,parameters,427,864
regulation,premium,premium,427,1864
regulation,wider,wider,427,2198
regulation,outlin,outlined,426,1754
regulation,underpin,underpin,426,1746
regulation,week,week,426,3380
regulation,check,check,425,1394
regulation,disclos,disclose,425,714
regulation,recess,recession,425,2811
regulation,cushion,cushion,423,829
regulation,electron,electronic,423,1349
regulation,inter,inter,422,1400
regulation,mid,mid,422,3196
regulation,bail,bail,421,508
regulation,obtain,obtain,421,2140
regulation,profession,professional,421,1731
regulation,experienc,experienced,420,3718
regulation,offset,offset,420,2135
regulation,train,training,420,1606
regulation,appreci,appreciation,419,2730
regulation,dealer,dealers,419,823
regulation,bubbl,bubbles,418,1532
regulation,express,expressed,418,3319
regulation,modifi,modified,418,707
regulation,sudden,sudden,415,1543
regulation,describ,describe,414,1676
regulation,characterist,characteristics,412,2008
regulation,briefli,briefly,411,2485
regulation,coupl,coupled,410,2534
regulation,easier,easier,410,1990
regulation,connect,connection,409,2157
regulation,primarili,primarily,409,2257
regulation,opinion,opinion,408,2026
regulation,fee,fees,407,883
regulation,migrat,migration,407,771
regulation,senior,senior,407,1487
regulation,comput,computer,406,1307
regulation,page,page,406,981
regulation,depart,department,405,1797
regulation,domin,dominant,405,2130
regulation,weaken,weakening,404,2480
regulation,downturn,downturn,403,1827
regulation,util,utilization,402,1587
regulation,acknowledg,acknowledged,401,1880
regulation,energi,energy,401,2882
regulation,realiz,realized,401,1675
regulation,write,write,401,1103
regulation,laid,laid,398,1101
regulation,moment,moment,398,2291
regulation,sepa,sepa,398,138
regulation,equival,equivalent,397,1572
regulation,conceptu,conceptual,396,709
regulation,director,directors,396,2119
regulation,life,life,396,2425
regulation,closer,closer,395,2074
regulation,ownership,ownership,395,1066
regulation,pro,pro,395,753
regulation,realiti,reality,394,1969
regulation,decreas,decrease,393,2401
regulation,statut,statute,393,548
regulation,expens,expensive,392,1733
regulation,head,heads,392,2054
regulation,left,left,391,2434
regulation,signal,signals,391,2467
regulation,anti,anti,389,654
regulation,background,background,389,2511
regulation,find,finding,388,2128
regulation,qualifi,qualify,388,900
regulation,volcker,volcker,388,223
regulation,articl,article,387,1327
regulation,distort,distortions,387,1589
regulation,globalis,globalisation,387,1194
regulation,supplement,supplement,387,914
regulation,treat,treated,387,1085
regulation,accompani,accompanied,386,2491
regulation,pandem,pandemic,386,1193
regulation,automat,automatic,385,1412
regulation,emu,emu,385,737
regulation,suitabl,suitable,385,1019
regulation,undermin,undermine,384,1659
regulation,divers,diversity,383,1999
regulation,irb,irb,383,74
regulation,lie,lies,383,2167
regulation,order,orderly,383,1236
regulation,prohibit,prohibit,383,676
regulation,vol,vol,382,1389
regulation,bill,bill,380,1528
regulation,comfort,comfort,380,1239
regulation,reveal,revealed,380,1819
regulation,fragment,fragmentation,379,976
regulation,touch,touch,379,1878
regulation,age,age,377,2337
regulation,composit,composition,377,1653
regulation,horizon,horizon,377,2269
regulation,maximum,maximum,377,1635
regulation,part,partly,377,2445
regulation,threat,threat,377,2005
regulation,uniqu,unique,377,2049
regulation,vital,vital,377,1992
regulation,sum,sum,376,2043
regulation,complic,complicated,375,1691
regulation,eventu,eventually,375,2456
regulation,empir,empirical,374,1955
regulation,ten,ten,374,2188
regulation,perimet,perimeter,373,202
regulation,commod,commodity,371,2784
regulation,undertaken,undertaken,371,1533
regulation,induc,induce,370,1592
regulation,track,track,370,2006
regulation,economist,economists,369,2644
regulation,ssm,ssm,369,197
regulation,depreci,depreciation,368,1844
regulation,judg,judged,368,2373
regulation,paid,paid,368,1993
regulation,state,stated,368,1641
regulation,ground,ground,367,1777
regulation,pattern,pattern,367,2225
regulation,understood,understood,367,1704
regulation,analys,analyses,366,1951
regulation,messag,message,366,1523
regulation,bind,binding,365,673
regulation,front,front,365,2179
regulation,delay,delay,364,1985
regulation,expos,exposed,364,1965
regulation,surpris,surprising,364,2977
regulation,perceiv,perceived,363,2014
regulation,wholesal,wholesale,363,1341
regulation,fluctuat,fluctuations,362,2436
regulation,inher,inherent,362,1483
regulation,satisfi,satisfy,362,1008
regulation,asia,asia,358,1718
regulation,shortcom,shortcomings,358,604
regulation,stop,stop,358,1811
regulation,version,version,358,897
regulation,conflict,conflict,357,1437
regulation,feedback,feedback,357,1256
regulation,stabilis,stabilisation,357,1982
regulation,war,war,357,1994
regulation,platform,platform,356,1351
regulation,inevit,inevitably,355,2058
regulation,depositor,depositors,351,850
regulation,modest,modest,351,1978
regulation,index,index,350,3414
regulation,sell,sell,350,2030
regulation,strike,strike,350,1628
regulation,drawn,drawn,348,1487
regulation,finalis,finalised,348,464
regulation,issuer,issuers,348,946
regulation,strateg,strategic,348,1377
regulation,huge,huge,347,1681
regulation,sharp,sharp,347,3042
regulation,elabor,elaborate,346,1280
regulation,african,african,345,645
regulation,behavior,behavior,345,1631
regulation,perman,permanent,344,1995
regulation,sanction,sanctions,344,596
regulation,bound,bound,343,1846
regulation,defici,deficiencies,343,669
regulation,relianc,reliance,343,1075
regulation,exclud,excluding,342,2434
regulation,meaning,meaningful,342,1160
regulation,wealth,wealth,342,2059
regulation,employe,employees,341,1679
regulation,oversea,overseas,341,1364
regulation,parallel,parallel,341,1282
regulation,tight,tight,341,1751
regulation,emphasis,emphasise,340,1654
regulation,dividend,dividends,339,719
regulation,resid,residents,339,1181
regulation,agent,agents,338,1852
regulation,attribut,attributes,338,2055
regulation,doubl,double,337,2044
regulation,entri,entry,337,1227
regulation,floor,floor,335,670
regulation,letter,letter,335,902
regulation,prevail,prevailing,335,2090
regulation,resort,resort,334,1302
regulation,envisag,envisaged,333,1046
regulation,equilibrium,equilibrium,333,1333
regulation,open,openness,333,1225
regulation,reliabl,reliable,333,1717
regulation,float,floating,332,1188
regulation,justifi,justified,332,1362
regulation,techniqu,techniques,332,1076
regulation,warrant,warranted,332,1631
regulation,clariti,clarity,331,884
regulation,crypto,crypto,331,135
regulation,promis,promise,331,1813
regulation,put,putting,331,1782
regulation,claim,claims,330,1848
regulation,impair,impaired,330,1402
regulation,unexpect,unexpected,330,1425
regulation,compris,comprises,329,1361
regulation,owner,owners,329,917
regulation,simpler,simpler,329,372
regulation,unintend,unintended,329,514
regulation,mandatori,mandatory,328,469
regulation,rulemak,rulemaking,328,211
regulation,spirit,spirit,328,1177
regulation,mexico,mexico,327,803
regulation,motiv,motivation,327,1390
regulation,unlik,unlike,326,1567
regulation,assign,assigned,325,1231
regulation,extra,extra,325,923
regulation,budgetari,budgetary,324,692
regulation,healthi,healthy,324,1626
regulation,nonetheless,nonetheless,324,1675
regulation,reput,reputation,324,1020
regulation,swap,swap,324,1573
regulation,faster,faster,323,2611
regulation,health,health,323,2291
regulation,indirect,indirect,323,1913
regulation,presenc,presence,323,1597
regulation,reaction,reaction,323,1657
regulation,space,space,323,1327
regulation,easili,easily,321,2076
regulation,entail,entail,321,1577
regulation,instabl,instability,321,1772
regulation,status,status,321,1427
regulation,lay,lay,320,1047
regulation,academ,academic,319,1745
regulation,oil,oil,319,3013
regulation,schedul,scheduled,319,1283
regulation,meant,meant,318,1568
regulation,moral,moral,318,1104
regulation,streamlin,streamlined,318,499
regulation,proceed,proceed,317,2105
regulation,heavili,heavily,316,1555
regulation,inconsist,inconsistent,316,764
regulation,setter,setters,316,246
regulation,deep,deep,315,1903
regulation,stablecoin,stablecoins,315,121
regulation,exempt,exempt,314,464
regulation,imper,imperative,314,958
regulation,appar,apparent,313,2002
regulation,clarifi,clarify,313,1107
regulation,convers,conversion,312,1450
regulation,landscap,landscape,312,1145
regulation,million,million,312,2765
regulation,acquir,acquire,311,1361
regulation,coher,coherent,310,527
regulation,graph,graph,309,520
regulation,neutral,neutral,309,1210
regulation,percept,perception,308,1887
regulation,distinguish,distinguish,307,2354
regulation,licens,licensing,307,454
regulation,london,london,307,1862
regulation,princip,principal,307,1431
regulation,accur,accurate,306,1439
regulation,believ,believes,306,1412
regulation,sole,solely,306,1420
regulation,suffer,suffer,305,2177
regulation,underway,underway,305,1036
regulation,dramat,dramatic,304,1909
regulation,covid,covid,303,908
regulation,citi,city,302,2222
regulation,confirm,confirmed,302,2168
regulation,massiv,massive,302,1300
regulation,russia,russia,302,853
regulation,surg,surge,302,1572
regulation,ccar,ccar,301,47
regulation,frequent,frequently,301,1903
regulation,expertis,expertise,300,1220
regulation,sort,sort,299,1267
regulation,stem,stemming,299,1922
regulation,sec,sec,298,234
regulation,select,selection,298,1785
regulation,buy,buy,296,2058
regulation,class,class,296,1524
regulation,enact,enacted,296,758
regulation,perfect,perfect,296,1254
regulation,rational,rationale,296,793
regulation,versus,versus,296,870
regulation,embodi,embodied,295,683
regulation,exit,exit,294,1277
regulation,manufactur,manufacturing,294,2306
regulation,narrow,narrow,294,2072
regulation,repay,repayment,294,1126
regulation,certainti,certainty,293,931
regulation,obvious,obvious,293,1878
regulation,theme,theme,293,1680
regulation,intang,intangible,292,199
regulation,renew,renewed,292,1701
regulation,absolut,absolutely,291,1349
regulation,cft,cft,291,55
regulation,colleagu,colleagues,291,2360
regulation,pool,pool,291,1173
regulation,handl,handle,290,1282
regulation,relief,relief,290,612
regulation,convinc,convinced,289,1642
regulation,give,giving,289,1919
regulation,literatur,literature,289,1295
regulation,rough,roughly,289,1935
regulation,stipul,stipulated,288,577
regulation,distress,distress,287,930
regulation,numer,numerous,287,1495
regulation,withstand,withstand,287,716
regulation,deregul,deregulation,286,904
regulation,negoti,negotiations,286,1250
regulation,damag,damage,285,1889
regulation,hazard,hazard,285,977
regulation,request,request,285,1044
regulation,speed,speed,285,1947
regulation,mpc,mpc,284,914
regulation,revenu,revenue,284,1681
regulation,franc,franc,283,1653
regulation,systemat,systematic,283,1033
regulation,favor,favorable,282,1575
regulation,freedom,freedom,282,726
regulation,john,john,282,1062
regulation,yen,yen,282,932
regulation,rigid,rigid,281,971
regulation,basl,basle,280,145
regulation,central,centrally,280,583
regulation,afford,afford,279,1427
regulation,auditor,auditors,279,256
regulation,bit,bit,279,1585
regulation,complementari,complementary,279,896
regulation,fear,fear,279,1845
regulation,turmoil,turmoil,279,1251
regulation,ethic,ethical,278,364
regulation,episod,episode,277,1880
regulation,kingdom,kingdom,277,1608
regulation,tie,tied,277,1148
regulation,unnecessari,unnecessary,277,692
regulation,viabl,viable,276,850
regulation,vigil,vigilance,276,912
regulation,chairman,chairman,275,2614
regulation,count,count,275,1017
regulation,qualit,qualitative,275,989
regulation,virtual,virtually,275,1742
regulation,vis,vis,275,814
regulation,worldwid,worldwide,275,1475
regulation,augment,augment,274,666
regulation,capitalis,capitalised,274,658
regulation,merger,mergers,274,662
regulation,wrong,wrong,274,1421
regulation,tackl,tackle,273,1347
regulation,urgent,urgent,273,943
regulation,widespread,widespread,273,1984
regulation,hit,hit,272,2177
regulation,backstop,backstop,271,586
regulation,ccp,ccp,271,172
regulation,ideal,ideal,271,918
regulation,multilater,multilateral,271,751
regulation,suit,suited,271,1038
regulation,upgrad,upgrade,271,793
regulation,lag,lag,268,2066
regulation,mainten,maintenance,267,1017
regulation,ration,rational,267,1012
regulation,bankruptci,bankruptcy,266,826
regulation,deploy,deployed,266,917
regulation,great,greatly,266,1665
regulation,leader,leaders,266,1755
regulation,portion,portion,266,1035
regulation,embed,embedded,265,911
regulation,frame,frame,265,815
regulation,own,owned,265,1126
regulation,spillov,spillovers,265,1283
regulation,identif,identification,264,767
regulation,pdf,pdf,264,549
regulation,simultan,simultaneously,263,1449
regulation,expert,experts,262,1493
regulation,explan,explanation,262,1555
regulation,overcom,overcome,262,1805
regulation,benefici,beneficial,261,1244
regulation,citizen,citizens,261,1737
regulation,dialogu,dialogue,261,958
regulation,encompass,encompass,261,839
regulation,haircut,haircuts,261,318
regulation,peer,peer,261,897
regulation,sought,sought,261,1150
regulation,overhaul,overhaul,260,312
regulation,peak,peaks,260,2452
regulation,safer,safer,260,581
regulation,analyz,analyze,259,1026
regulation,apra,apra,259,125
regulation,insight,insights,259,1725
regulation,vehicl,vehicles,259,1292
regulation,error,errors,258,952
regulation,ordin,ordination,258,662
regulation,remind,remind,258,1690
regulation,deliber,deliberations,257,1496
regulation,drop,drop,257,2041
regulation,flight,flight,257,448
regulation,magnitud,magnitude,257,1585
regulation,affili,affiliates,256,353
regulation,danger,danger,256,1327
regulation,implicit,implicit,256,1054
regulation,widen,widening,256,1702
regulation,strive,strive,254,1047
regulation,alongsid,alongside,253,1050
regulation,diversifi,diversified,253,1382
regulation,inflationari,inflationary,253,2750
regulation,specul,speculative,253,1290
regulation,compat,compatible,252,657
regulation,era,era,252,1267
regulation,alter,alter,251,1203
regulation,harmon,harmonization,251,291
regulation,valid,valid,251,994
regulation,cyber,cyber,250,377
regulation,pbc,pbc,250,139
regulation,submit,submit,250,939
regulation,classif,classification,249,394
regulation,exploit,exploit,249,1123
regulation,charter,chartered,248,522
regulation,metric,metrics,248,542
regulation,repeat,repeat,248,1840
regulation,gsib,gsibs,247,40
regulation,realloc,reallocation,247,536
regulation,regist,registered,246,1210
regulation,road,road,246,1324
regulation,agricultur,agriculture,245,1379
regulation,conform,conform,245,395
regulation,fast,fast,245,1666
regulation,theoret,theoretical,245,1071
regulation,violat,violations,245,381
regulation,advis,advised,244,976
regulation,advoc,advocated,244,835
regulation,cap,cap,244,617
regulation,contain,contained,244,1670
regulation,feel,feel,244,1948
regulation,nsfr,nsfr,244,77
regulation,break,break,243,1522
regulation,deeper,deeper,243,1252
regulation,fine,fine,243,956
regulation,collaps,collapse,242,1881
regulation,banknot,banknotes,241,873
regulation,diverg,divergence,241,1322
regulation,ministri,ministry,241,945
regulation,modif,modifications,241,382
regulation,oecd,oecd,241,1054
regulation,twenti,twenty,241,1138
regulation,exclus,exclusively,240,1305
regulation,vast,vast,240,1252
regulation,appetit,appetite,239,979
regulation,comparison,comparison,239,1907
regulation,contagion,contagion,239,1103
regulation,hear,hear,239,1580
regulation,join,join,239,2010
regulation,linkag,linkages,239,1031
regulation,stay,stay,239,1999
regulation,taxpay,taxpayers,239,731
regulation,fraud,fraud,238,493
regulation,rememb,remember,238,1565
regulation,withdraw,withdrawal,238,1386
regulation,feasibl,feasible,237,950
regulation,genuin,genuine,237,906
regulation,authoris,authorised,236,512
regulation,breach,breaches,236,508
regulation,compromis,compromise,236,852
regulation,depress,depression,236,1700
regulation,enjoy,enjoy,236,1801
regulation,intensifi,intensified,236,1563
regulation,merchant,merchant,236,456
regulation,solv,solve,236,1272
regulation,instruct,instructions,235,709
regulation,obstacl,obstacles,235,798
regulation,subordin,subordinated,235,343
regulation,depth,depth,234,1439
regulation,steadi,steady,234,1955
regulation,crd,crd,233,83
regulation,deem,deemed,233,829
regulation,imposs,impossible,233,1174
regulation,locat,location,233,1481
regulation,root,root,233,1322
regulation,denomin,denominated,232,1452
regulation,interim,interim,232,513
regulation,present,presentation,232,1611
regulation,risen,risen,232,2316
regulation,concret,concrete,231,1112
regulation,deputi,deputy,231,2603
regulation,forthcom,forthcoming,231,998
regulation,last,lasting,231,2029
regulation,prosper,prosperity,231,1670
regulation,rulebook,rulebook,231,197
regulation,rural,rural,231,819
regulation,stimulus,stimulus,231,1912
regulation,driver,drivers,230,1609
regulation,search,search,230,1319
regulation,recal,recall,229,1379
regulation,tension,tensions,229,1266
regulation,chair,chair,227,1542
regulation,japanes,japanese,227,1315
regulation,logic,logic,227,834
regulation,multi,multi,227,951
regulation,remedi,remedy,227,656
regulation,slight,slightly,227,2576
regulation,aid,aid,226,924
regulation,client,clients,226,862
regulation,fsa,fsa,226,217
regulation,immedi,immediately,226,1729
regulation,ineffici,inefficient,226,879
regulation,unpreced,unprecedented,226,1825
regulation,valuabl,valuable,226,1646
regulation,washington,washington,226,1838
regulation,hour,hours,225,1495
regulation,promin,prominent,225,1606
regulation,secondari,secondary,225,1187
regulation,acquisit,acquisition,224,806
regulation,formula,formula,224,334
regulation,presid,president,224,2858
regulation,vision,vision,224,949
regulation,extraordinari,extraordinary,223,1494
regulation,layer,layers,223,421
regulation,proactiv,proactive,223,780
regulation,recov,recover,223,2671
regulation,tendenc,tendency,223,1447
regulation,translat,translate,223,1473
regulation,enorm,enormous,222,1335
regulation,familiar,familiar,222,1006
regulation,heart,heart,222,1162
regulation,incur,incurred,222,947
regulation,outstand,outstanding,222,1998
regulation,parent,parent,222,502
regulation,ambiti,ambitious,221,889
regulation,contact,contact,221,3282
regulation,crr,crr,221,202
regulation,deleverag,deleveraging,221,712
regulation,qqe,qqe,221,291
regulation,item,items,220,1385
regulation,lose,lose,220,1853
regulation,unregul,unregulated,220,261
regulation,center,center,219,1514
regulation,duti,duties,219,902
regulation,iosco,iosco,219,271
regulation,occas,occasions,219,2208
regulation,shortfal,shortfalls,219,675
regulation,tech,tech,219,582
regulation,cope,cope,218,1125
regulation,deflat,deflation,217,1643
regulation,interconnect,interconnected,217,827
regulation,miss,missing,217,1025
regulation,penalti,penalties,217,404
regulation,diminish,diminish,216,1406
regulation,germani,germany,216,3407
regulation,refinanc,refinancing,216,1128
regulation,summit,summit,216,857
regulation,ant,ante,215,623
regulation,investig,investigation,215,828
regulation,invit,invitation,215,3025
regulation,membership,membership,215,829
regulation,partial,partial,215,1259
regulation,slide,slide,215,479
regulation,stimul,stimulate,215,2144
regulation,sure,surely,215,944
regulation,upward,upward,215,2854
regulation,discretionari,discretionary,214,514
regulation,heighten,heightened,214,1624
regulation,owe,owing,214,1565
regulation,sharpli,sharply,214,2356
regulation,third,thirdly,214,1279
regulation,devis,devised,213,603
regulation,diversif,diversification,213,1019
regulation,essenc,essence,213,858
regulation,forex,forex,213,345
regulation,gear,gearing,212,760
regulation,interchang,interchange,212,182
regulation,conduc,conducive,211,847
regulation,fallen,fallen,211,2304
regulation,fdic,fdic,211,288
regulation,fell,fell,211,2248
regulation,likelihood,likelihood,211,1264
regulation,npr,npr,211,22
regulation,uncertain,uncertain,211,2112
regulation,deduct,deductions,210,234
regulation,shortag,shortage,210,1410
regulation,slr,slr,210,172
regulation,unusu,unusual,210,1593
regulation,bottom,bottom,209,1253
regulation,daniel,daniel,209,446
regulation,fomc,fomc,209,737
regulation,toolkit,toolkit,209,502
regulation,unifi,unified,209,506
regulation,panel,panel,208,1292
regulation,turkey,turkey,208,482
regulation,written,written,208,874
regulation,cautious,cautious,207,1369
regulation,domain,domain,207,633
regulation,interbank,interbank,207,1250
regulation,kind,kinds,207,879
regulation,overlap,overlap,207,450
regulation,sponsor,sponsored,207,1101
regulation,summer,summer,207,2026
regulation,commensur,commensurate,206,517
regulation,correspond,correspondent,206,1249
regulation,elev,elevated,206,1629
regulation,pick,pick,206,2382
regulation,wake,wake,205,1280
regulation,warn,warning,205,1118
regulation,boundari,boundaries,204,502
regulation,daili,daily,204,1611
regulation,sterl,sterling,204,746
regulation,voluntari,voluntary,204,532
regulation,block,blocks,203,638
regulation,erod,eroded,203,887
regulation,holder,holders,203,886
regulation,round,round,203,1603
regulation,counterpart,counterparts,202,946
regulation,mrel,mrel,202,44
regulation,rebuild,rebuild,202,518
regulation,recapitalis,recapitalisation,202,384
regulation,court,court,201,533
regulation,ident,identity,201,815
regulation,inventori,inventory,201,942
regulation,welfar,welfare,201,1576
regulation,escb,escb,200,345
regulation,ifr,ifrs,200,107
regulation,impress,impressive,200,1576
regulation,rba,rba,200,356
regulation,supplementari,supplementary,200,292
regulation,thumb,thumb,200,119
regulation,broker,broker,199,534
regulation,chosen,chosen,199,1121
regulation,islam,islamic,199,92
regulation,residenti,residential,199,940
regulation,ampl,ample,198,1062
regulation,discount,discount,198,1220
regulation,realis,realise,198,1311
regulation,catch,catching,197,858
regulation,mismatch,mismatches,197,843
regulation,remuner,remuneration,197,446
regulation,bernank,bernanke,196,965
regulation,environment,environmental,196,589
regulation,fashion,fashion,196,956
regulation,fca,fca,196,237
regulation,prime,prime,195,1452
regulation,react,react,195,1661
regulation,realist,realistic,195,842
regulation,troubl,troubled,195,1073
regulation,necess,necessity,194,829
regulation,pure,purely,194,1041
regulation,variat,variation,194,977
regulation,baselin,baseline,193,815
regulation,dissemin,dissemination,193,609
regulation,downward,downward,193,2653
regulation,news,news,193,2023
regulation,oppos,opposed,193,860
regulation,tarullo,tarullo,193,118
regulation,taxat,taxation,193,466
regulation,lamfalussi,lamfalussy,192,143
regulation,pictur,picture,192,1909
regulation,ucb,ucbs,192,61
regulation,urban,urban,192,953
regulation,willing,willingness,192,1099
regulation,exacerb,exacerbated,191,1288
regulation,intellectu,intellectual,191,674
regulation,land,land,191,999
regulation,lean,lean,191,537
regulation,outset,outset,191,958
regulation,stori,story,191,1627
regulation,slowdown,slowdown,190,2256
regulation,aftermath,aftermath,189,1202
regulation,attain,attain,189,1060
regulation,bias,bias,189,1028
regulation,dispos,disposal,189,1449
regulation,lost,lost,189,2019
regulation,middl,middle,189,2030
regulation,chanc,chance,188,1286
regulation,chicago,chicago,188,745
regulation,libor,libor,188,449
regulation,wood,woods,188,667
regulation,accomplish,accomplished,187,874
regulation,approxim,approximately,187,1547
regulation,compliant,compliant,187,208
regulation,correl,correlation,187,1312
regulation,subsidi,subsidies,187,695
regulation,swift,swift,187,971
regulation,disadvantag,disadvantage,186,674
regulation,discourag,discourage,186,825
regulation,lax,lax,186,289
regulation,overnight,overnight,186,1521
regulation,paradigm,paradigm,186,595
regulation,preced,preceding,186,1472
regulation,revisit,revisit,186,547
regulation,begun,begun,185,1352
regulation,crar,crar,185,88
regulation,rose,rose,185,2361
regulation,smes,smes,185,460
regulation,opt,opt,184,486
regulation,proportion,proportionate,184,338
regulation,threaten,threaten,184,1597
regulation,contempl,contemplated,183,490
regulation,merit,merits,183,866
regulation,summari,summary,183,1625
regulation,suppos,supposed,183,899
regulation,tougher,tougher,183,197
regulation,vote,voting,183,947
regulation,nbfc,nbfc,182,73
regulation,broaden,broadening,181,1086
regulation,chain,chain,181,1696
regulation,endors,endorsed,181,495
regulation,loosen,loosening,181,555
regulation,partner,partners,181,1857
regulation,burdensom,burdensome,180,186
regulation,interconnected,interconnectedness,180,475
regulation,likewis,likewise,180,891
regulation,pursuit,pursuit,179,1141
regulation,amplifi,amplify,178,1071
regulation,gather,gathering,178,1554
regulation,minimis,minimise,178,853
regulation,momentum,momentum,178,2011
regulation,overse,oversee,178,495
regulation,roll,rolling,178,965
regulation,site,site,178,819
regulation,cmu,cmu,177,62
regulation,contrari,contrary,177,1331
regulation,globe,globe,177,813
regulation,predomin,predominantly,177,959
regulation,truth,truth,177,576
regulation,erm,erm,176,259
regulation,holist,holistic,176,295
regulation,underscor,underscores,176,863
regulation,characteris,characterised,175,1196
regulation,deliveri,delivery,175,1293
regulation,retir,retirement,175,868
regulation,worri,worry,175,1304
regulation,actor,actors,174,694
regulation,advic,advice,174,814
regulation,bsa,bsa,174,29
regulation,conglomer,conglomerates,174,204
regulation,equat,equation,174,599
regulation,pertain,pertaining,174,549
regulation,sampl,sample,174,766
regulation,sebi,sebi,174,132
regulation,bolster,bolster,173,658
regulation,cumul,cumulative,173,1230
regulation,insist,insist,173,402
regulation,minist,minister,173,1294
regulation,weigh,weigh,173,1547
regulation,proven,proven,172,877
regulation,school,school,172,1710
regulation,tune,tune,172,708
regulation,caution,caution,171,978
regulation,devot,devoted,171,996
regulation,forbear,forbearance,171,170
regulation,maastricht,maastricht,171,537
regulation,aggress,aggressive,170,1238
regulation,engin,engine,170,1292
regulation,ignor,ignore,170,1001
regulation,permiss,permissible,170,386
regulation,steadili,steadily,170,1548
regulation,subprim,subprime,170,520
regulation,unchang,unchanged,170,1576
regulation,york,york,170,1643
regulation,ab,abs,169,319
regulation,advisori,advisory,169,541
regulation,backdrop,backdrop,169,1367
regulation,dispers,dispersion,169,689
regulation,surviv,survive,169,752
regulation,wit,witnessed,169,1579
regulation,abus,abuse,168,364
regulation,dilig,diligence,168,475
regulation,durabl,durable,168,1112
regulation,eye,eye,168,1010
regulation,incomplet,incomplete,168,667
regulation,unabl,unable,168,1104
regulation,articul,articulated,167,543
regulation,avers,aversion,167,960
regulation,cpi,cpi,167,1766
regulation,divid,divided,167,899
regulation,interoper,interoperability,167,258
regulation,minor,minor,167,786
regulation,opposit,opposite,167,1139
regulation,workforc,workforce,167,893
regulation,chines,chinese,166,1016
regulation,confront,confronted,166,1468
regulation,gentlemen,gentlemen,166,2466
regulation,ladi,ladies,166,2554
regulation,tail,tail,166,691
regulation,tangibl,tangible,166,599
regulation,turbul,turbulence,166,1244
regulation,endeavour,endeavour,165,675
regulation,friend,friendly,165,1229
regulation,interven,intervene,165,951
regulation,over,overly,165,716
regulation,privaci,privacy,165,292
regulation,remit,remit,165,539
regulation,scrutini,scrutiny,165,579
regulation,guard,guard,164,612
regulation,pleas,pleased,164,1678
regulation,repair,repair,164,671
regulation,settl,settled,164,1285
regulation,team,team,164,945
regulation,usd,usd,164,684
regulation,fenc,fencing,163,207
regulation,focuss,focussed,163,539
regulation,imagin,imagine,163,1054
regulation,map,map,163,635
regulation,simul,simulations,163,563
regulation,newli,newly,162,887
regulation,concert,concerted,161,526
regulation,democrat,democratic,161,712
regulation,fewer,fewer,161,1025
regulation,rich,rich,161,884
regulation,underlin,underline,161,870
regulation,harm,harm,160,932
regulation,necessit,necessitated,160,527
regulation,slower,slower,160,1427
regulation,text,text,160,771
regulation,grown,grown,159,1720
regulation,sight,sight,159,981
regulation,steer,steering,159,806
regulation,swing,swings,159,887
regulation,undoubt,undoubtedly,159,943
regulation,brexit,brexit,158,354
regulation,conscious,conscious,158,652
regulation,twin,twin,158,433
regulation,certif,certification,157,438
regulation,creditworthi,creditworthiness,157,635
regulation,curb,curb,157,576
regulation,first,firstly,157,682
regulation,qualif,qualification,157,351
regulation,increment,incremental,156,468
regulation,languag,language,156,843
regulation,piec,pieces,156,808
regulation,registr,registration,156,250
regulation,turkish,turkish,156,261
regulation,wave,wave,156,983
regulation,defenc,defence,155,542
regulation,read,read,155,1588
regulation,temporarili,temporarily,155,1242
regulation,umbrella,umbrella,155,221
regulation,urg,urge,155,633
regulation,absorpt,absorption,154,497
regulation,admit,admittedly,154,917
regulation,ccb,ccb,154,46
regulation,divis,division,154,705
regulation,flaw,flawed,154,402
regulation,intellig,intelligence,154,704
regulation,legitim,legitimate,154,567
regulation,restrain,restrain,154,1014
regulation,ring,ring,154,261
regulation,albeit,albeit,153,1431
regulation,combat,combating,153,628
regulation,debit,debit,153,437
regulation,inappropri,inappropriate,153,582
regulation,intrus,intrusive,153,180
regulation,pain,painful,153,1260
regulation,reward,reward,153,793
regulation,softwar,software,153,599
regulation,bigger,bigger,152,782
regulation,demograph,demographic,152,1135
regulation,esrb,esrb,152,209
regulation,frequenc,frequency,152,1077
regulation,iasb,iasb,152,58
regulation,lift,lift,152,1064
regulation,notion,notion,152,957
regulation,resist,resist,152,828
regulation,weaker,weaker,152,1692
regulation,hinder,hinder,151,709
regulation,phenomenon,phenomenon,151,1569
regulation,retent,retention,151,221
regulation,straightforward,straightforward,151,739
regulation,alik,alike,150,604
regulation,autonomi,autonomy,150,538
regulation,detect,detect,150,700
regulation,ecosystem,ecosystem,150,377
regulation,illiquid,illiquid,150,728
regulation,usabl,usable,150,124
regulation,freeli,freely,149,549
regulation,reluct,reluctant,149,881
regulation,titl,title,149,876
regulation,character,characterized,148,880
regulation,content,content,148,979
regulation,cornerston,cornerstone,148,370
regulation,downsid,downside,148,1935
regulation,file,file,148,431
regulation,reap,reap,148,751
regulation,rethink,rethinking,148,440
regulation,attitud,attitude,147,1021
regulation,fresh,fresh,147,957
regulation,thrift,thrift,147,291
regulation,attach,attached,146,1116
regulation,classifi,classified,146,500
regulation,impedi,impediments,146,524
regulation,leadership,leadership,146,941
regulation,mistak,mistake,146,877
regulation,riskier,riskier,146,543
regulation,spur,spur,146,783
regulation,unconvent,unconventional,146,1008
regulation,appoint,appointed,145,695
regulation,craft,crafting,145,283
regulation,fill,fill,145,814
regulation,fragil,fragile,145,1135
regulation,on,ons,145,420
regulation,revolut,revolution,145,840
regulation,simplif,simplification,145,209
regulation,synergi,synergies,145,505
regulation,bridg,bridge,144,793
regulation,rare,rare,144,961
regulation,simplic,simplicity,144,272
regulation,edg,edge,143,1001
regulation,frankfurt,frankfurt,143,2690
regulation,notwithstand,notwithstanding,143,1057
regulation,prerequisit,prerequisite,143,801
regulation,readili,readily,143,753
regulation,usual,usual,143,1182
regulation,car,car,142,716
regulation,coin,coins,142,976
regulation,contractu,contractual,142,371
regulation,imposit,imposition,142,242
regulation,sandbox,sandbox,142,72
regulation,toler,tolerance,142,801
regulation,chief,chief,141,765
regulation,sarb,sarb,141,177
regulation,anpr,anpr,140,33
regulation,bilater,bilateral,140,831
regulation,dual,dual,140,733
regulation,fire,fire,140,593
regulation,fuel,fuel,140,966
regulation,iso,iso,140,81
regulation,pull,pull,140,829
regulation,window,window,140,875
regulation,attend,attendant,139,1191
regulation,dedic,dedicated,139,864
regulation,dilemma,dilemma,139,521
regulation,empow,empowered,139,485
regulation,materialis,materialise,139,855
regulation,premia,premia,139,945
regulation,rebalanc,rebalancing,139,654
regulation,tfp,tfp,139,118
regulation,belief,belief,138,885
regulation,borio,borio,138,256
regulation,foremost,foremost,138,676
regulation,overview,overview,138,922
regulation,partnership,partnership,138,744
regulation,proof,proof,138,458
regulation,quantifi,quantify,138,696
regulation,sit,sit,138,553
regulation,stake,stake,138,665
regulation,vice,vice,138,1683
regulation,america,america,137,1164
regulation,circul,circulation,137,910
regulation,classic,classical,137,674
regulation,deleg,delegated,137,562
regulation,embrac,embrace,137,620
regulation,enlarg,enlargement,137,604
regulation,imperfect,imperfect,137,608
regulation,par,par,137,445
regulation,popular,popular,137,998
regulation,race,race,137,370
regulation,soft,soft,137,714
regulation,underestim,underestimated,137,832
regulation,switch,switch,136,942
regulation,watch,watching,136,1114
regulation,wind,wind,136,774
regulation,ama,ama,135,30
regulation,carbon,carbon,135,329
regulation,cite,cited,135,889
regulation,commerc,commerce,135,1152
regulation,confidenti,confidentiality,135,304
regulation,enshrin,enshrined,135,362
regulation,friction,frictions,135,561
regulation,reiter,reiterate,135,705
regulation,scarc,scarce,135,525
regulation,affair,affairs,134,1542
regulation,circumv,circumvent,134,181
regulation,creativ,creative,134,710
regulation,food,food,134,2266
regulation,imped,impede,134,612
regulation,incid,incidence,134,643
regulation,inhibit,inhibit,134,439
regulation,marketplac,marketplace,134,480
regulation,promulg,promulgated,134,145
regulation,sequenc,sequencing,134,704
regulation,welcom,welcomed,134,731
regulation,dilut,dilution,133,269
regulation,faith,faith,133,546
regulation,inequ,inequality,133,619
regulation,succeed,succeed,133,1195
regulation,wors,worse,133,1157
regulation,abund,abundant,132,704
regulation,exert,exert,132,1345
regulation,fraction,fraction,132,584
regulation,reinvest,reinvestment,132,527
regulation,summar,summarize,132,739
regulation,descript,description,131,794
regulation,deserv,deserve,131,731
regulation,geograph,geographical,131,1026
regulation,heavi,heavy,131,816
regulation,spring,spring,131,1543
regulation,david,david,130,1042
regulation,defer,deferred,130,379
regulation,finish,finish,130,618
regulation,mode,mode,130,576
regulation,nber,nber,130,915
regulation,npls,npls,130,185
regulation,phillip,phillips,130,538
regulation,prudenc,prudence,130,438
regulation,satisfactori,satisfactory,130,495
regulation,score,scores,130,567
regulation,spectrum,spectrum,130,707
regulation,bulletin,bulletin,129,1173
regulation,competitor,competitors,129,624
regulation,loos,loose,129,573
regulation,optimis,optimising,129,304
regulation,store,store,129,851
regulation,unfair,unfair,129,383
regulation,voic,voice,129,748
regulation,wait,wait,129,1033
regulation,born,borne,128,1157
regulation,fdi,fdi,128,306
regulation,forese,foreseeable,128,910
regulation,hamper,hamper,128,777
regulation,heard,heard,128,784
regulation,insid,inside,128,779
regulation,interag,interagency,128,205
regulation,render,render,128,613
regulation,sizeabl,sizeable,128,790
regulation,crore,crore,127,273
regulation,deadlin,deadline,127,285
regulation,east,east,127,1284
regulation,keynesian,keynesian,127,329
regulation,mere,mere,127,526
regulation,rubl,rubles,127,160
regulation,box,box,126,701
regulation,compel,compelling,126,649
regulation,emiss,emissions,126,279
regulation,excel,excellent,126,1130
regulation,harder,harder,126,967
regulation,hybrid,hybrid,126,186
regulation,mfis,mfis,126,122
regulation,princeton,princeton,126,509
regulation,struggl,struggle,126,997
regulation,surround,surrounding,126,1538
regulation,tap,tap,126,507
regulation,ict,ict,125,254
regulation,media,media,125,3321
regulation,radic,radical,125,466
regulation,verifi,verify,125,378
regulation,administ,administered,124,640
regulation,arguabl,arguably,124,636
regulation,databas,database,124,646
regulation,internet,internet,124,903
regulation,judici,judicial,124,320
regulation,overhang,overhang,124,347
regulation,ceil,ceiling,123,562
regulation,conceiv,conceived,123,588
regulation,eros,erosion,123,446
regulation,interdepend,interdependence,123,624
regulation,profound,profound,123,1047
regulation,session,session,123,928
regulation,tough,tough,123,447
regulation,unduli,unduly,123,385
regulation,british,british,122,835
regulation,emir,emir,122,83
regulation,fsoc,fsoc,122,74
regulation,infus,infusion,122,157
regulation,machineri,machinery,122,554
regulation,manifest,manifest,122,881
regulation,philosophi,philosophy,122,333
regulation,routin,routine,122,499
regulation,testimoni,testimony,122,697
regulation,tila,tila,122,22
regulation,fortun,fortunately,121,1176
regulation,german,german,121,1081
regulation,grew,grew,121,1482
regulation,william,williams,121,620
regulation,abrupt,abrupt,120,832
regulation,ambit,ambit,120,391
regulation,apprais,appraisal,120,339
regulation,bar,bar,120,588
regulation,entitl,entitled,120,656
regulation,famili,families,120,1333
regulation,granular,granular,120,294
regulation,learnt,learnt,120,479
regulation,mobilis,mobilisation,120,318
regulation,pronounc,pronounced,120,1218
regulation,secreci,secrecy,120,129
regulation,abandon,abandoned,119,584
regulation,alert,alert,119,626
regulation,coincid,coincided,119,980
regulation,ingredi,ingredient,119,469
regulation,strain,strains,119,1083
regulation,undu,undue,119,465
regulation,unsustain,unsustainable,119,1019
regulation,ben,ben,118,891
regulation,complac,complacency,118,812
regulation,deplet,depleted,118,207
regulation,eba,eba,118,140
regulation,forget,forget,118,752
regulation,profess,profession,118,473
regulation,reassess,reassess,118,577
regulation,russian,russian,118,508
regulation,saver,savers,118,683
regulation,scb,scb,118,15
regulation,unsecur,unsecured,118,640
regulation,alia,alia,117,475
regulation,coeffici,coefficient,117,342
regulation,visibl,visible,117,1159
regulation,whilst,whilst,117,385
regulation,acut,acute,116,954
regulation,bretton,bretton,116,400
regulation,conveni,convenience,116,794
regulation,ineffect,ineffective,116,415
regulation,misalloc,misallocation,116,250
regulation,mission,mission,116,911
regulation,replenish,replenish,116,135
regulation,reviv,revival,116,764
regulation,rout,route,116,583
regulation,transport,transport,116,1136
regulation,undesir,undesirable,116,731
regulation,wall,wall,116,579
regulation,dampen,dampen,115,1029
regulation,legaci,legacy,115,797
regulation,machin,machines,115,592
regulation,secretari,secretary,115,574
regulation,worst,worst,115,969
regulation,quot,quote,114,1151
regulation,rmb,rmb,114,160
regulation,sentiment,sentiment,114,1428
regulation,use,usefulness,114,453
regulation,array,array,113,542
regulation,conjunct,conjunction,113,501
regulation,heterogen,heterogeneity,113,602
regulation,isol,isolation,113,779
regulation,pan,pan,113,408
regulation,shore,shore,113,352
regulation,stood,stood,113,957
regulation,art,art,112,713
regulation,hire,hiring,112,734
regulation,length,length,112,739
regulation,north,north,112,893
regulation,sama,sama,112,73
regulation,fellow,fellow,111,582
regulation,off,offs,111,590
regulation,roadmap,roadmap,111,346
regulation,cater,cater,110,336
regulation,clearer,clearer,110,694
regulation,gfc,gfc,110,175
regulation,inadequaci,inadequacy,110,181
regulation,prolong,prolonged,110,1579
regulation,substant,substantive,110,314
regulation,tradeoff,tradeoffs,110,335
regulation,attack,attack,109,798
regulation,hmda,hmda,109,52
regulation,hqla,hqla,109,45
regulation,keen,keen,109,587
regulation,lectur,lecture,109,1205
regulation,plausibl,plausible,109,812
regulation,websit,website,109,1398
regulation,andrew,andrew,108,841
regulation,biggest,biggest,108,1035
regulation,fight,fight,108,846
regulation,pretti,pretty,108,648
regulation,analyst,analysts,107,971
regulation,avenu,avenues,107,447
regulation,brook,brookings,107,620
regulation,capita,capita,107,793
regulation,incentivis,incentivise,107,300
regulation,inspect,inspection,107,268
regulation,loophol,loopholes,107,101
regulation,oner,onerous,107,148
regulation,street,street,107,894
regulation,viabil,viability,107,551
regulation,wise,wise,107,581
regulation,allevi,alleviate,106,835
regulation,dictat,dictated,106,292
regulation,durat,duration,106,1077
regulation,happi,happy,106,1179
regulation,justic,justice,106,442
regulation,look,looked,106,837
regulation,preliminari,preliminary,106,680
regulation,repositori,repositories,106,217
regulation,territori,territory,106,1061
regulation,vigor,vigorous,106,742
regulation,golden,golden,105,250
regulation,latin,latin,105,649
regulation,lehman,lehman,105,942
regulation,organiz,organizational,105,336
regulation,peg,pegged,105,537
regulation,quantum,quantum,105,344
regulation,republ,republic,105,706
regulation,seminar,seminar,105,822
regulation,utmost,utmost,105,729
regulation,amid,amid,104,910
regulation,arriv,arrive,104,883
regulation,autom,automated,104,638
regulation,civil,civil,104,476
regulation,cre,cre,104,70
regulation,entrust,entrusted,104,479
regulation,fhcs,fhcs,104,12
regulation,graduat,graduated,104,547
regulation,mine,mining,104,693
regulation,outlay,outlays,104,246
regulation,premis,premise,104,471
regulation,recalibr,recalibration,104,171
regulation,audienc,audience,103,1007
regulation,extant,extant,103,108
regulation,impetus,impetus,103,661
regulation,mexican,mexican,103,379
regulation,needless,needless,103,476
regulation,outweigh,outweigh,103,519
regulation,redempt,redemption,103,377
regulation,robert,robert,103,774
regulation,rtgs,rtgs,103,314
regulation,spain,spain,103,849
regulation,unwind,unwinding,103,860
regulation,utilis,utilisation,103,697
regulation,abid,abide,102,167
regulation,bust,bust,102,672
regulation,colleg,colleges,102,752
regulation,criterion,criterion,102,327
regulation,entrepreneur,entrepreneurs,102,483
regulation,microfin,microfinance,102,109
regulation,mileston,milestone,102,530
regulation,place,placing,102,534
regulation,proprietari,proprietary,102,212
regulation,residu,residual,102,452
regulation,appeal,appeal,101,506
regulation,bold,bold,101,513
regulation,brazil,brazil,101,667
regulation,complaint,complaints,101,267
regulation,fuller,fuller,101,200
regulation,greec,greece,101,685
regulation,overarch,overarching,101,242
regulation,precondit,precondition,101,617
regulation,shrink,shrink,101,796
regulation,stifl,stifle,101,208
regulation,transmit,transmitted,101,1055
regulation,weather,weather,101,1125
regulation,democraci,democracy,100,479
regulation,korea,korea,100,791
regulation,manual,manual,100,281
regulation,npas,npas,100,171
regulation,pca,pca,100,26
regulation,requisit,requisite,100,283
regulation,undergo,undergoing,100,618
regulation,disturb,disturbances,99,848
regulation,maxim,maximize,99,524
regulation,nabiullina,nabiullina,99,124
regulation,rank,rank,99,835
regulation,upsw,upswing,99,511
regulation,dwell,dwell,98,558
regulation,expansionari,expansionary,98,1061
regulation,fold,fold,98,387
regulation,grade,grade,98,520
regulation,optimist,optimistic,98,1064
regulation,overwhelm,overwhelming,98,577
regulation,recipi,recipient,98,390
regulation,saudi,saudi,98,153
regulation,slowli,slowly,98,1218
regulation,spot,spot,98,698
regulation,behav,behave,97,654
regulation,catalyst,catalyst,97,616
regulation,confus,confusion,97,613
regulation,declar,declaration,97,745
regulation,facto,facto,97,371
regulation,fora,fora,97,371
regulation,gaug,gauge,97,732
regulation,literaci,literacy,97,433
regulation,red,red,97,533
regulation,scap,scap,97,38
regulation,zone,zone,97,737
regulation,auction,auctions,96,644
regulation,brrd,brrd,96,62
regulation,cybersecur,cybersecurity,96,115
regulation,elect,elected,96,766
regulation,gas,gas,96,759
regulation,haldan,haldane,96,274
regulation,iai,iais,96,50
regulation,indispens,indispensable,96,592
regulation,irrespect,irrespective,96,489
regulation,legitimaci,legitimacy,96,343
regulation,pilot,pilot,96,417
regulation,psbs,psbs,96,68
regulation,spare,spare,96,616
regulation,termin,termination,96,485
regulation,water,water,96,794
regulation,aspir,aspirations,95,494
regulation,band,band,95,609
regulation,bucket,buckets,95,87
regulation,congression,congressional,95,342
regulation,crimin,criminal,95,239
regulation,licenc,licence,95,190
regulation,privileg,privilege,95,902
regulation,thirti,thirty,95,559
regulation,compil,compilation,94,474
regulation,confin,confined,94,672
regulation,coso,coso,94,24
regulation,disproportion,disproportionate,94,573
regulation,exact,exact,94,578
regulation,frontier,frontier,94,467
regulation,interfac,interface,94,325
regulation,occasion,occasional,94,903
regulation,specialis,specialised,94,446
regulation,stretch,stretched,94,526
regulation,submiss,submission,94,265
regulation,summaris,summarise,94,746
regulation,tell,tells,94,754
regulation,terror,terrorism,94,218
regulation,unclear,unclear,94,537
regulation,candid,candidates,93,461
regulation,circl,circle,93,838
regulation,defens,defense,93,432
regulation,hurdl,hurdle,93,307
regulation,lowest,lowest,93,1547
regulation,send,send,93,671
regulation,superior,superior,93,408
regulation,timelin,timeline,93,233
regulation,arm,arm,92,442
regulation,asymmetri,asymmetry,92,538
regulation,bulk,bulk,92,679
regulation,bureau,bureau,92,1012
regulation,devic,devices,92,554
regulation,fmis,fmis,92,67
regulation,glb,glb,92,21
regulation,morn,morning,92,1544
regulation,onset,onset,92,785
regulation,worsen,worsening,92,1018
regulation,centralis,centralised,91,425
regulation,controversi,controversial,91,460
regulation,discrimin,discrimination,91,316
regulation,maximis,maximise,91,410
regulation,minima,minima,91,47
regulation,revamp,revamping,91,161
regulation,rupe,rupee,91,287
regulation,stringenc,stringency,91,61
regulation,tariff,tariffs,91,408
regulation,unfold,unfold,91,762
regulation,autumn,autumn,90,971
regulation,crunch,crunch,90,512
regulation,debtor,debtors,90,417
regulation,destin,destination,90,574
regulation,disput,disputes,90,437
regulation,greenspan,greenspan,90,685
regulation,mis,mis,90,266
regulation,proposit,proposition,90,450
regulation,sixth,sixth,90,518
regulation,symposium,symposium,90,873
regulation,unstabl,unstable,90,575
regulation,foot,footing,89,557
regulation,listen,listen,89,723
regulation,michael,michael,89,695
regulation,multipli,multiplier,89,573
regulation,panic,panic,89,537
regulation,restraint,restraint,89,502
regulation,talent,talent,89,428
regulation,upcom,upcoming,89,476
regulation,backward,backward,88,459
regulation,eman,emanating,88,557
regulation,epc,epc,88,49
regulation,feed,feed,88,953
regulation,interplay,interplay,88,323
regulation,minut,minutes,88,1164
regulation,modernis,modernise,88,283
regulation,personnel,personnel,88,428
regulation,protocol,protocols,88,263
regulation,scienc,science,88,931
regulation,tranch,tranche,88,254
regulation,uneven,uneven,88,624
regulation,variant,variant,88,352
regulation,workshop,workshop,88,472
regulation,chapter,chapter,87,668
regulation,counteract,counteract,87,469
regulation,dealt,dealt,87,514
regulation,dispens,dispensation,87,222
regulation,justif,justification,87,285
regulation,ltv,ltv,87,135
regulation,median,median,87,846
regulation,shin,shin,87,232
regulation,stick,stick,87,392
regulation,usa,usa,87,432
regulation,var,var,87,184
regulation,west,west,87,532
regulation,breakdown,breakdown,86,574
regulation,disappear,disappear,86,946
regulation,foreclosur,foreclosure,86,235
regulation,gaap,gaap,86,51
regulation,punish,punishment,86,221
regulation,repurchas,repurchase,86,515
regulation,scr,scr,86,20
regulation,static,static,86,235
regulation,benign,benign,85,792
regulation,bid,bid,85,661
regulation,deepli,deeply,85,782
regulation,embark,embarked,85,691
regulation,escap,escape,85,541
regulation,incumb,incumbent,85,242
regulation,microeconom,microeconomic,85,355
regulation,outright,outright,85,769
regulation,suspect,suspect,85,624
regulation,thousand,thousands,85,653
regulation,ceo,ceo,84,375
regulation,duplic,duplication,84,154
regulation,efficaci,efficacy,84,396
regulation,fruit,fruitful,84,969
regulation,journey,journey,84,558
regulation,npl,npl,84,168
regulation,postpon,postpone,84,476
regulation,prepared,preparedness,84,224
regulation,rajan,rajan,84,302
regulation,subdu,subdued,84,1285
regulation,terrorist,terrorist,84,386
regulation,woodford,woodford,84,330
regulation,arena,arena,83,354
regulation,deceler,deceleration,83,968
regulation,decisionmak,decisionmaking,83,360
regulation,detriment,detrimental,83,502
regulation,exhaust,exhausted,83,545
regulation,foreseen,foreseen,83,368
regulation,friedman,friedman,83,370
regulation,itali,italy,83,853
regulation,mimeo,mimeo,83,323
regulation,noteworthi,noteworthy,83,489
regulation,sold,sold,83,739
regulation,sterilis,sterilisation,83,142
regulation,sweep,sweeping,83,232
regulation,analog,analogy,82,459
regulation,annex,annex,82,265
regulation,clarif,clarification,82,261
regulation,elvira,elvira,82,138
regulation,fsap,fsap,82,96
regulation,interfer,interference,82,427
regulation,intuit,intuitive,82,341
regulation,pervers,perverse,82,241
regulation,policyhold,policyholders,82,115
regulation,purview,purview,82,144
regulation,shed,shed,82,590
regulation,suspend,suspended,82,318
regulation,timet,timetable,82,220
regulation,curtail,curtailed,81,461
regulation,disord,disorderly,81,565
regulation,electr,electricity,81,957
regulation,hypothet,hypothetical,81,303
regulation,novo,novo,81,42
regulation,poverti,poverty,81,693
regulation,rationalis,rationalisation,81,235
regulation,recours,recourse,81,393
regulation,artifici,artificial,80,557
regulation,buyer,buyers,80,611
regulation,destabil,destabilizing,80,436
regulation,drastic,drastic,80,535
regulation,hoc,hoc,80,284
regulation,insul,insulate,80,445
regulation,nonperform,nonperforming,80,287
regulation,nuanc,nuanced,80,293
regulation,redefin,redefine,80,184
regulation,regain,regain,80,738
regulation,represent,representation,80,483
regulation,riskmanag,riskmanagement,80,123
regulation,sphere,sphere,80,479
regulation,altogeth,altogether,79,429
regulation,assert,assert,79,425
regulation,asymmetr,asymmetric,79,632
regulation,clean,clean,79,529
regulation,cpmi,cpmi,79,103
regulation,destruct,destruction,79,539
regulation,encount,encountered,79,543
regulation,gse,gse,79,44
regulation,pragmat,pragmatic,79,359
regulation,problemat,problematic,79,421
regulation,prone,prone,79,538
regulation,recurr,recurrence,79,313
regulation,redress,redress,79,257
regulation,remitt,remittance,79,379
regulation,sooner,sooner,79,622
regulation,transpos,transposed,79,81
regulation,cds,cds,78,325
regulation,contour,contours,78,215
regulation,display,display,78,696
regulation,homogen,homogeneous,78,319
regulation,ill,ill,78,455
regulation,king,king,78,633
regulation,symmetr,symmetric,78,539
regulation,zhu,zhu,78,90
regulation,aig,aig,77,134
regulation,bailout,bailout,77,314
regulation,commenc,commenced,77,495
regulation,departur,departure,77,316
regulation,endeavor,endeavor,77,440
regulation,fatf,fatf,77,58
regulation,forefront,forefront,77,430
regulation,fsf,fsf,77,100
regulation,nurtur,nurturing,77,358
regulation,sros,sros,77,22
regulation,tcfd,tcfd,77,58
regulation,unweight,unweighted,77,83
regulation,verif,verification,77,153
regulation,viewpoint,viewpoint,77,485
regulation,virtu,virtue,77,432
regulation,arbitrari,arbitrary,76,226
regulation,ban,ban,76,208
regulation,bcsbi,bcsbi,76,30
regulation,buildup,buildup,76,339
regulation,convey,convey,76,729
regulation,exhibit,exhibit,76,940
regulation,extract,extraction,76,591
regulation,gses,gses,76,65
regulation,inspir,inspired,76,658
regulation,lira,lira,76,232
regulation,outsourc,outsourcing,76,353
regulation,secular,secular,76,439
regulation,sizabl,sizable,76,490
regulation,stein,stein,76,194
regulation,tbtf,tbtf,76,51
regulation,till,till,76,401
regulation,cambridg,cambridge,75,628
regulation,crime,crimes,75,243
regulation,crude,crude,75,900
regulation,deni,deny,75,556
regulation,entrant,entrants,75,311
regulation,hundr,hundred,75,676
regulation,intra,intra,75,531
regulation,leap,leap,75,346
regulation,monopoli,monopoly,75,308
regulation,opaqu,opaque,75,425
regulation,pertin,pertinent,75,359
regulation,precautionari,precautionary,75,471
regulation,redesign,redesign,75,162
regulation,riskweight,riskweighted,75,46
regulation,substanc,substance,75,281
regulation,telecommun,telecommunications,75,567
regulation,told,told,75,637
regulation,tomorrow,tomorrow,75,670
regulation,abolish,abolished,74,280
regulation,autonom,autonomous,74,391
regulation,bailey,bailey,74,278
regulation,carney,carney,74,378
regulation,comptrol,comptroller,74,233
regulation,concurr,concurrent,74,269
regulation,diffus,diffusion,74,459
regulation,disincent,disincentives,74,170
regulation,famous,famous,74,714
regulation,kashyap,kashyap,74,157
regulation,lesser,lesser,74,580
regulation,levi,levy,74,318
regulation,manipul,manipulation,74,322
regulation,meantim,meantime,74,604
regulation,practition,practitioners,74,400
regulation,randal,randall,74,141
regulation,receipt,receipts,74,426
regulation,redund,redundant,74,197
regulation,supplier,suppliers,74,595
regulation,suscept,susceptible,74,404
regulation,thrive,thrive,74,443
regulation,upsid,upside,74,1223
regulation,usag,usage,74,472
regulation,vibrant,vibrant,74,411
regulation,wisdom,wisdom,74,633
regulation,asic,asic,73,67
regulation,cbdc,cbdc,73,131
regulation,mainstream,mainstream,73,317
regulation,mirror,mirror,73,537
regulation,presumpt,presumption,73,248
regulation,reciproc,reciprocity,73,154
regulation,reinsur,reinsurance,73,102
regulation,rent,rent,73,649
regulation,sfts,sfts,73,24
regulation,singapor,singapore,73,462
regulation,split,split,73,358
regulation,subcommitte,subcommittee,73,151
regulation,sydney,sydney,73,460
regulation,ub,ubs,73,143
regulation,uphold,uphold,73,180
regulation,advertis,advertising,72,276
regulation,alan,alan,72,776
regulation,dear,dear,72,765
regulation,har,harness,72,339
regulation,manageri,managerial,72,228
regulation,navig,navigate,72,474
regulation,onward,onwards,72,710
regulation,pari,paris,72,584
regulation,spent,spent,72,758
regulation,style,style,72,387
regulation,white,white,72,483
regulation,bonus,bonus,71,440
regulation,compos,composed,71,377
regulation,decentralis,decentralised,71,331
regulation,defend,defend,71,447
regulation,impart,impart,71,404
regulation,lei,lei,71,46
regulation,reject,rejected,71,425
regulation,resum,resumed,71,737
regulation,slack,slack,71,935
regulation,unknown,unknown,71,444
regulation,ceas,cease,70,487
regulation,crash,crash,70,454
regulation,distanc,distance,70,678
regulation,endgam,endgame,70,29
regulation,formalis,formalised,70,178
regulation,lessen,lessen,70,453
regulation,reassur,reassure,70,560
regulation,season,seasons,70,754
regulation,seiz,seize,70,511
regulation,soften,softening,70,434
regulation,taker,takers,70,180
regulation,tandem,tandem,70,376
regulation,vein,vein,70,336
regulation,absent,absent,69,438
regulation,api,api,69,75
regulation,authent,authentication,69,218
regulation,fasb,fasb,69,39
regulation,footprint,footprint,69,222
regulation,gordon,gordon,69,321
regulation,hike,hike,69,912
regulation,icaap,icaap,69,23
regulation,inclin,inclined,69,430
regulation,mass,mass,69,804
regulation,midst,midst,69,465
regulation,mile,miles,69,324
regulation,notif,notification,69,97
regulation,offshor,offshore,69,336
regulation,ordinari,ordinary,69,460
regulation,pbi,pbi,69,28
regulation,print,printing,69,587
regulation,reorient,reorientation,69,198
regulation,rwas,rwas,69,25
regulation,sam,sam,69,114
regulation,shorter,shorter,69,885
regulation,sovereignti,sovereignty,69,405
regulation,spiral,spiral,69,742
regulation,voluntarili,voluntarily,69,229
regulation,wholli,wholly,69,343
regulation,coco,cocos,68,35
regulation,constitu,constituents,68,403
regulation,contend,contend,68,306
regulation,fledg,fledged,68,315
regulation,msmes,msmes,68,114
regulation,normalis,normalisation,68,626
regulation,operationalis,operationalise,68,196
regulation,patient,patient,68,392
regulation,pleasur,pleasure,68,2526
regulation,pledg,pledge,68,434
regulation,rupiah,rupiah,68,116
regulation,specialist,specialists,68,348
regulation,squar,squarely,68,448
regulation,squeez,squeeze,68,597
regulation,stack,stack,68,67
regulation,win,win,68,551
regulation,worthwhil,worthwhile,68,346
regulation,cad,cad,67,68
regulation,compact,compact,67,124
regulation,cryptocurr,cryptocurrencies,67,80
regulation,downgrad,downgrade,67,439
regulation,envis,envisioned,67,237
regulation,hoepa,hoepa,67,36
regulation,ireland,ireland,67,677
regulation,paul,paul,67,708
regulation,prioritis,prioritise,67,269
regulation,proxi,proxy,67,453
regulation,rbs,rbs,67,94
regulation,reconcil,reconcile,67,365
regulation,rwa,rwa,67,34
regulation,sharia,sharia,67,47
regulation,sme,sme,67,236
regulation,struck,struck,67,478
regulation,accru,accrue,66,352
regulation,argentina,argentina,66,314
regulation,cast,cast,66,423
regulation,chancellor,chancellor,66,378
regulation,con,cons,66,249
regulation,ficc,ficc,66,35
regulation,gertler,gertler,66,190
regulation,headlin,headline,66,1228
regulation,hindsight,hindsight,66,475
regulation,ltcm,ltcm,66,109
regulation,multin,multinational,66,291
regulation,overrid,overriding,66,324
regulation,paramount,paramount,66,355
regulation,pave,pave,66,438
regulation,politician,politicians,66,444
regulation,predatori,predatory,66,71
regulation,professor,professor,66,764
regulation,rental,rental,66,251
regulation,solvent,solvent,66,318
regulation,stagnat,stagnation,66,793
regulation,subscrib,subscribe,66,223
regulation,tremend,tremendous,66,614
regulation,unavoid,unavoidable,66,447
regulation,cancel,cancel,65,259
regulation,coeur,coeure,65,242
regulation,commentari,commentary,65,305
regulation,conduit,conduits,65,247
regulation,dismantl,dismantling,65,192
regulation,dri,dried,65,549
regulation,earliest,earliest,65,404
regulation,evidenc,evidenced,65,601
regulation,fiduciari,fiduciary,65,116
regulation,lock,lock,65,358
regulation,mislead,misleading,65,467
regulation,plenti,plenty,65,523
regulation,protection,protectionism,65,376
regulation,quest,quest,65,261
regulation,sii,sii,65,21
regulation,spell,spelled,65,350
regulation,student,students,65,860
regulation,thrust,thrust,65,273
regulation,up,ups,65,533
regulation,western,western,65,620
regulation,corridor,corridor,64,288
regulation,disast,disaster,64,662
regulation,ed,eds,64,545
regulation,egrpra,egrpra,64,21
regulation,engend,engender,64,324
regulation,even,evening,64,779
regulation,label,label,64,438
regulation,neglect,neglect,64,533
regulation,outdat,outdated,64,148
regulation,preval,prevalent,64,537
regulation,reckon,reckoned,64,194
regulation,span,span,64,583
regulation,travel,travel,64,894
regulation,uninsur,uninsured,64,174
regulation,atm,atm,63,400
regulation,burst,burst,63,767
regulation,chose,chose,63,384
regulation,circular,circular,63,139
regulation,cpss,cpss,63,102
regulation,delinqu,delinquency,63,340
regulation,devalu,devaluation,63,437
regulation,development,developmental,63,196
regulation,door,door,63,424
regulation,ensu,ensuing,63,602
regulation,hong,hong,63,463
regulation,hurt,hurt,63,418
regulation,instal,installed,63,275
regulation,irrelev,irrelevant,63,224
regulation,manoeuvr,manoeuvre,63,366
regulation,pound,pound,63,404
regulation,priorit,prioritize,63,220
regulation,thin,thin,63,251
regulation,trajectori,trajectory,63,699
regulation,unnecessarili,unnecessarily,63,241
regulation,adi,adis,62,45
regulation,endur,enduring,62,514
regulation,hypothesi,hypothesis,62,547
regulation,inabl,inability,62,424
regulation,intrins,intrinsic,62,408
regulation,keynot,keynote,62,817
regulation,occ,occ,62,87
regulation,overs,overseers,62,103
regulation,precipit,precipitated,62,379
regulation,reshap,reshape,62,247
regulation,retrench,retrenchment,62,253
regulation,riskbas,riskbased,62,30
regulation,suspici,suspicious,62,109
regulation,unwarr,unwarranted,62,287
regulation,aegi,aegis,61,136
regulation,decept,deceptive,61,142
regulation,econometr,econometric,61,499
regulation,flourish,flourish,61,278
regulation,honour,honour,61,1149
regulation,junctur,juncture,61,645
regulation,leas,leasing,61,241
regulation,liter,literally,61,344
regulation,load,loaded,61,398
regulation,neglig,negligible,61,415
regulation,shri,shri,61,488
regulation,specifi,specifies,61,141
regulation,stream,stream,61,529
regulation,suffic,suffice,61,254
regulation,tender,tender,61,431
regulation,trace,trace,61,446
regulation,vest,vested,61,234
regulation,aforement,aforementioned,60,397
regulation,annum,annum,60,582
regulation,bare,barely,60,533
regulation,blueprint,blueprint,60,189
regulation,brother,brothers,60,782
regulation,claus,clause,60,336
regulation,deter,deter,60,227
regulation,endow,endowed,60,307
regulation,goodhart,goodhart,60,227
regulation,idiosyncrat,idiosyncratic,60,372
regulation,irda,irda,60,45
regulation,master,master,60,331
regulation,miller,miller,60,121
regulation,orphanid,orphanides,60,144
regulation,remot,remote,60,611
regulation,scientif,scientific,60,434
regulation,super,super,60,222
regulation,arisen,arisen,59,298
regulation,automobil,automobiles,59,429
regulation,barclay,barclays,59,153
regulation,black,black,59,561
regulation,dispar,disparities,59,465
regulation,dozen,dozen,59,196
regulation,drawback,drawbacks,59,220
regulation,halt,halt,59,507
regulation,ibc,ibc,59,24
regulation,misconduct,misconduct,59,143
regulation,overlook,overlooked,59,437
regulation,overshoot,overshooting,59,483
regulation,oxley,oxley,59,53
regulation,parliamentari,parliamentary,59,246
regulation,placement,placement,59,227
regulation,sarban,sarbanes,59,60
regulation,schmidt,schmidt,59,140
regulation,taught,taught,59,452
regulation,temptat,temptation,59,347
regulation,urgenc,urgency,59,337
regulation,van,van,59,448
regulation,afternoon,afternoon,58,767
regulation,annuiti,annuity,58,114
regulation,auspic,auspices,58,160
regulation,belong,belong,58,494
regulation,collateralis,collateralised,58,318
regulation,consent,consent,58,159
regulation,entrepreneurship,entrepreneurship,58,295
regulation,hole,hole,58,608
regulation,ica,icas,58,24
regulation,illeg,illegal,58,233
regulation,iron,iron,58,447
regulation,linear,linear,58,406
regulation,pack,pack,58,169
regulation,pariti,parity,58,418
regulation,prescott,prescott,58,121
regulation,quasi,quasi,58,290
regulation,rand,rand,58,308
regulation,replic,replicate,58,332
regulation,spanish,spanish,58,271
regulation,srep,srep,58,31
regulation,supran,supranational,58,264
regulation,teach,teaches,58,428
regulation,twelv,twelve,58,677
regulation,upper,upper,58,781
regulation,usher,ushered,58,206
regulation,workabl,workable,58,142
regulation,beneficiari,beneficiary,57,346
regulation,breadth,breadth,57,398
regulation,clf,clf,57,23
regulation,club,club,57,642
regulation,disagre,disagree,57,302
regulation,guest,guests,57,753
regulation,incept,inception,57,401
regulation,indebted,indebtedness,57,584
regulation,inquiri,inquiry,57,244
regulation,know,knowing,57,382
regulation,minus,minus,57,617
regulation,paperwork,paperwork,57,57
regulation,pickup,pickup,57,480
regulation,prematur,premature,57,480
regulation,propag,propagation,57,425
regulation,recapit,recapitalization,57,199
regulation,reconsid,reconsider,57,223
regulation,richer,richer,57,256
regulation,shipment,shipments,57,198
regulation,spill,spill,57,652
regulation,spite,spite,57,475
regulation,thoma,thomas,57,663
regulation,undergon,undergone,57,389
regulation,yesterday,yesterday,57,483
regulation,cgfs,cgfs,56,96
regulation,deflationari,deflationary,56,788
regulation,disappoint,disappointing,56,814
regulation,escrow,escrow,56,63
regulation,eurozon,eurozone,56,366
regulation,fanni,fannie,56,158
regulation,hierarchi,hierarchy,56,156
regulation,horizont,horizontal,56,254
regulation,jump,jump,56,604
regulation,memori,memory,56,805
regulation,modigliani,modigliani,56,74
regulation,omt,omts,56,149
regulation,plant,plant,56,421
regulation,plot,plots,56,323
regulation,shanghai,shanghai,56,151
regulation,suiss,suisse,56,136
regulation,triniti,trinity,56,124
regulation,tucker,tucker,56,156
regulation,turner,turner,56,101
regulation,web,web,56,461
regulation,behalf,behalf,55,895
regulation,blind,blind,55,258
regulation,blunt,blunt,55,289
regulation,compound,compounded,55,556
regulation,corner,corner,55,365
regulation,crossbord,crossborder,55,204
regulation,culmin,culmination,55,352
regulation,edward,edward,55,364
regulation,eurobaromet,eurobarometer,55,85
regulation,headwind,headwinds,55,636
regulation,ia,ias,55,45
regulation,internationalis,internationalisation,55,174
regulation,ncbs,ncbs,55,133
regulation,occupi,occupied,55,526
regulation,paygo,paygo,55,12
regulation,pend,pending,55,217
regulation,predecessor,predecessor,55,423
regulation,provinci,provincial,55,229
regulation,puzzl,puzzle,55,515
regulation,rescu,rescue,55,400
regulation,sro,sro,55,27
regulation,surfac,surface,55,479
regulation,timefram,timeframe,55,191
regulation,unaccept,unacceptable,55,368
regulation,affirm,affirm,54,246
regulation,ambigu,ambiguity,54,334
regulation,blue,blue,54,491
regulation,britain,britain,54,326
regulation,broken,broken,54,373
regulation,brussel,brussels,54,490
regulation,cfpb,cfpb,54,21
regulation,cheaper,cheaper,54,567
regulation,commend,commend,54,307
regulation,emi,emi,54,92
regulation,escal,escalation,54,522
regulation,exuber,exuberance,54,292
regulation,fore,fore,54,341
regulation,hesit,hesitate,54,622
regulation,inflex,inflexible,54,178
regulation,kick,kick,54,245
regulation,kydland,kydland,54,75
regulation,merg,merge,54,278
regulation,mount,mounting,54,490
regulation,nonfinanci,nonfinancial,54,364
regulation,passag,passage,54,298
regulation,patienc,patience,54,191
regulation,presum,presume,54,324
regulation,protract,protracted,54,811
regulation,sceptic,sceptical,54,401
regulation,straight,straight,54,347
regulation,svensson,svensson,54,155
regulation,timeli,timeliness,54,273
regulation,trap,trap,54,429
regulation,wish,wishing,54,555
regulation,women,women,54,643
regulation,akin,akin,53,262
regulation,appendix,appendix,53,201
regulation,assembl,assembly,53,469
regulation,bankcard,bankcard,53,16
regulation,bloomberg,bloomberg,53,605
regulation,cfr,cfr,53,33
regulation,charl,charles,53,466
regulation,disinfl,disinflation,53,510
regulation,esm,esm,53,166
regulation,evolutionari,evolutionary,53,139
regulation,fdicia,fdicia,53,39
regulation,fuell,fuelled,53,478
regulation,government,governmental,53,289
regulation,internation,internationalization,53,101
regulation,kong,kong,53,441
regulation,macroeconomi,macroeconomy,53,334
regulation,modal,modal,53,275
regulation,notifi,notified,53,151
regulation,pivot,pivotal,53,377
regulation,polic,police,53,257
regulation,realm,realm,53,298
regulation,reconstruct,reconstruction,53,340
regulation,regress,regression,53,329
regulation,sgp,sgp,53,52
regulation,smart,smart,53,338
regulation,susan,susan,53,138
regulation,tradabl,tradable,53,345
regulation,advent,advent,52,359
regulation,aros,arose,52,376
regulation,brake,brake,52,219
regulation,changeov,changeover,52,271
regulation,charact,character,52,505
regulation,destabilis,destabilising,52,388
regulation,evad,evade,52,79
regulation,grappl,grappling,52,305
regulation,motion,motion,52,296
regulation,msme,msme,52,109
regulation,npa,npa,52,118
regulation,odd,odds,52,434
regulation,overh,overheating,52,597
regulation,paradox,paradox,52,336
regulation,pds,pds,52,79
regulation,possess,possess,52,360
regulation,strand,strands,52,211
regulation,wto,wto,52,194
regulation,angl,angle,51,264
regulation,brand,brand,51,304
regulation,buttress,buttress,51,164
regulation,certifi,certified,51,139
regulation,eichengreen,eichengreen,51,181
regulation,entrench,entrenched,51,611
regulation,equit,equitable,51,304
regulation,extraordinarili,extraordinarily,51,367
regulation,fade,fade,51,649
regulation,flag,flag,51,315
regulation,fsr,fsr,51,115
regulation,glass,glass,51,191
regulation,imping,impinge,51,180
regulation,lengthi,lengthy,51,302
regulation,liscc,liscc,51,24
regulation,misus,misuse,51,206
regulation,obsolet,obsolete,51,188
regulation,optimum,optimum,51,251
regulation,propon,proponents,51,211
regulation,rebound,rebound,51,970
regulation,semi,semi,51,399
regulation,signatur,signature,51,159
regulation,spoke,spoke,51,495
regulation,taxonomi,taxonomy,51,113
regulation,unanticip,unanticipated,51,347
regulation,unlimit,unlimited,51,486
regulation,upturn,upturn,51,384
regulation,accentu,accentuated,50,286
regulation,bhc,bhc,50,26
regulation,buoyant,buoyant,50,408
regulation,carnegi,carnegie,50,103
regulation,cheap,cheap,50,429
regulation,commission,commissioners,50,219
regulation,counsel,counsel,50,266
regulation,destroy,destroyed,50,329
regulation,disburs,disbursement,50,274
regulation,divert,diverted,50,227
regulation,elb,elb,50,59
regulation,endogen,endogenous,50,403
regulation,exam,exam,50,95
regulation,freddi,freddie,50,153
regulation,gali,gali,50,123
regulation,gilt,gilt,50,335
regulation,honest,honest,50,302
regulation,immens,immense,50,483
regulation,instant,instant,50,337
regulation,jackson,jackson,50,579
regulation,ldi,ldi,50,28
regulation,overlay,overlay,50,66
regulation,payout,payouts,50,132
regulation,reliev,relieve,50,322
regulation,renminbi,renminbi,50,147
regulation,richard,richard,50,473
regulation,sheer,sheer,50,269
regulation,sluggish,sluggish,50,855
regulation,stride,strides,50,271
regulation,textbook,textbook,50,354
regulation,tonight,tonight,50,504
regulation,tripl,triple,50,376
regulation,wari,wary,50,218
regulation,allud,alluded,49,231
regulation,app,app,49,302
regulation,bifurc,bifurcated,49,51
regulation,blame,blame,49,366
regulation,boe,boe,49,183
regulation,cbrt,cbrt,49,110
regulation,chf,chf,49,218
regulation,cluster,clusters,49,247
regulation,command,command,49,275
regulation,crystal,crystal,49,198
regulation,delic,delicate,49,230
regulation,emb,embed,49,184
regulation,emptiv,emptive,49,307
regulation,entrepreneuri,entrepreneurial,49,285
regulation,fema,fema,49,40
regulation,haven,haven,49,359
regulation,interv,intervals,49,381
regulation,lever,levered,49,256
regulation,looser,looser,49,204
regulation,martin,martin,49,592
regulation,modul,modulate,49,139
regulation,myth,myths,49,140
regulation,overdraft,overdraft,49,197
regulation,plain,plain,49,321
regulation,pursuant,pursuant,49,135
regulation,recruit,recruitment,49,318
regulation,reddi,reddy,49,223
regulation,repatri,repatriation,49,99
regulation,repeal,repeal,49,131
regulation,solicit,solicit,49,140
regulation,spoken,spoken,49,331
regulation,subsid,subsidized,49,539
regulation,token,token,49,219
regulation,visit,visit,49,858
regulation,wast,waste,49,314
regulation,allot,allotment,48,301
regulation,award,award,48,497
regulation,bba,bba,48,31
regulation,bie,bies,48,87
regulation,broke,broke,48,345
regulation,cesr,cesr,48,36
regulation,cftc,cftc,48,55
regulation,complementar,complementarity,48,202
regulation,contributor,contributor,48,459
regulation,courag,courage,48,255
regulation,exagger,exaggerated,48,461
regulation,harmoni,harmony,48,264
regulation,industrialis,industrialised,48,446
regulation,inherit,inherited,48,197
regulation,interrel,interrelated,48,283
regulation,manpow,manpower,48,116
regulation,name,named,48,400
regulation,occup,occupational,48,366
regulation,outbreak,outbreak,48,594
regulation,outreach,outreach,48,392
regulation,overst,overstate,48,351
regulation,overvalu,overvalued,48,334
regulation,passiv,passive,48,295
regulation,penetr,penetration,48,434
regulation,preparatori,preparatory,48,187
regulation,realign,realignment,48,181
regulation,rochest,rochester,48,95
regulation,sacrific,sacrifice,48,221
regulation,satisfact,satisfaction,48,335
regulation,sdds,sdds,48,36
regulation,srm,srm,48,77
regulation,supplant,supplant,48,51
regulation,trilemma,trilemma,48,120
regulation,unambigu,unambiguously,48,324
regulation,unreal,unrealized,48,72
regulation,varianc,variance,48,249
regulation,contin,continent,47,483
regulation,crdiv,crdiv,47,12
regulation,crowd,crowd,47,455
regulation,drag,drag,47,770
regulation,farm,farm,47,391
regulation,fortifi,fortified,47,80
regulation,geopolit,geopolitical,47,820
regulation,grate,grateful,47,1383
regulation,indonesian,indonesian,47,168
regulation,kohn,kohn,47,205
regulation,loop,loop,47,507
regulation,misalign,misalignments,47,338
regulation,nairu,nairu,47,166
regulation,pittsburgh,pittsburgh,47,107
regulation,prolifer,proliferation,47,295
regulation,raw,raw,47,560
regulation,seamless,seamless,47,279
regulation,skew,skewed,47,377
regulation,turnov,turnover,47,599
regulation,vii,vii,47,184
regulation,aliv,alive,46,253
regulation,corrupt,corruption,46,195
regulation,drift,drift,46,405
regulation,elast,elasticity,46,380
regulation,farmer,farmers,46,320
regulation,finma,finma,46,62
regulation,hub,hub,46,339
regulation,ic,ics,46,15
regulation,influenti,influential,46,328
regulation,interst,interstate,46,159
regulation,kroszner,kroszner,46,67
regulation,myriad,myriad,46,222
regulation,pros,pros,46,192
regulation,reactiv,reactivation,46,169
regulation,rival,rivals,46,151
regulation,scarciti,scarcity,46,239
regulation,silver,silver,46,233
regulation,simplest,simplest,46,154
regulation,thailand,thailand,46,395
regulation,trader,traders,46,364
regulation,uncomfort,uncomfortable,46,311
regulation,waiver,waivers,46,67
regulation,atlant,atlantic,45,366
regulation,avert,avert,45,395
regulation,blur,blurred,45,357
regulation,bureaucrat,bureaucratic,45,139
regulation,caveat,caveats,45,305
regulation,chap,chaps,45,68
regulation,clarida,clarida,45,115
regulation,complain,complain,45,193
regulation,damp,damp,45,236
regulation,delin,delineated,45,131
regulation,dip,dip,45,284
regulation,discharg,discharge,45,224
regulation,disintermedi,disintermediation,45,132
regulation,dysfunct,dysfunction,45,306
regulation,exogen,exogenous,45,453
regulation,flat,flat,45,748
regulation,freer,freer,45,83
regulation,hidden,hidden,45,288
regulation,imprud,imprudent,45,195
regulation,invari,invariably,45,296
regulation,lakh,lakh,45,211
regulation,mild,mild,45,450
regulation,overseen,overseen,45,108
regulation,pfmis,pfmis,45,26
regulation,privatis,privatisation,45,185
regulation,proxim,proximate,45,359
regulation,quo,quo,45,252
regulation,reaffirm,reaffirmed,45,328
regulation,redistribut,redistribution,45,427
regulation,retrospect,retrospect,45,416
regulation,scrap,scrapping,45,84
regulation,seed,seed,45,350
regulation,senat,senate,45,440
regulation,shortterm,shortterm,45,357
regulation,staf,staffing,45,112
regulation,standpoint,standpoint,45,295
regulation,unanim,unanimity,45,287
regulation,walk,walk,45,374
regulation,withdrawn,withdrawn,45,374
regulation,accret,accretion,44,80
regulation,await,await,44,232
regulation,codifi,codified,44,101
regulation,contemporari,contemporary,44,323
regulation,counterproduct,counterproductive,44,253
regulation,cras,cras,44,13
regulation,expediti,expeditiously,44,190
regulation,fhc,fhc,44,17
regulation,fiat,fiat,44,156
regulation,fis,fis,44,79
regulation,fsdc,fsdc,44,59
regulation,geneva,geneva,44,256
regulation,handbook,handbook,44,310
regulation,illus,illusion,44,265
regulation,intraday,intraday,44,165
regulation,issb,issb,44,20
regulation,motor,motor,44,348
regulation,municip,municipal,44,256
regulation,penalis,penalised,44,142
regulation,peripheri,periphery,44,186
regulation,persever,perseverance,44,135
regulation,pioneer,pioneering,44,427
regulation,prc,prc,44,42
regulation,referendum,referendum,44,255
regulation,remaind,remainder,44,505
regulation,resumpt,resumption,44,264
regulation,retreat,retreat,44,248
regulation,sake,sake,44,331
regulation,salient,salient,44,251
regulation,scandal,scandals,44,217
regulation,skeptic,skeptical,44,248
regulation,societ,societal,44,243
regulation,tarp,tarp,44,51
regulation,abss,abss,43,73
regulation,aggrav,aggravated,43,430
regulation,barro,barro,43,128
regulation,canton,cantons,43,133
regulation,compulsori,compulsory,43,159
regulation,concomit,concomitant,43,210
regulation,concordat,concordat,43,18
regulation,daunt,daunting,43,270
regulation,flood,flood,43,347
regulation,headroom,headroom,43,54
regulation,immigr,immigration,43,319
regulation,impend,impending,43,175
regulation,internalis,internalise,43,216
regulation,ledger,ledger,43,264
regulation,longterm,longterm,43,431
regulation,luca,lucas,43,312
regulation,mental,mentality,43,175
regulation,narrowli,narrowly,43,215
regulation,occurr,occurrence,43,300
regulation,opac,opacity,43,166
regulation,patchwork,patchwork,43,59
regulation,phone,phone,43,509
regulation,portug,portugal,43,461
regulation,refrain,refrain,43,325
regulation,reliant,reliant,43,345
regulation,repercuss,repercussions,43,451
regulation,seventh,seventh,43,278
regulation,sketch,sketch,43,217
regulation,storm,storm,43,384
regulation,stylis,stylised,43,244
regulation,suspens,suspension,43,162
regulation,templat,template,43,133
regulation,thereof,thereof,43,174
regulation,thought,thoughtful,43,192
regulation,underdevelop,underdeveloped,43,206
regulation,unpredict,unpredictable,43,424
regulation,abnorm,abnormal,42,208
regulation,activist,activist,42,166
regulation,banco,banco,42,328
regulation,bottleneck,bottlenecks,42,515
regulation,categor,categorized,42,167
regulation,cohes,cohesion,42,297
regulation,collin,collins,42,60
regulation,confeder,confederation,42,290
regulation,discern,discern,42,351
regulation,grievanc,grievance,42,150
regulation,headquart,headquartered,42,223
regulation,irregular,irregularities,42,144
regulation,lent,lent,42,267
regulation,logist,logistical,42,385
regulation,multifactor,multifactor,42,47
regulation,nineteenth,nineteenth,42,189
regulation,oxford,oxford,42,439
regulation,pfmi,pfmi,42,29
regulation,preferenti,preferential,42,168
regulation,provinc,province,42,297
regulation,revolv,revolved,42,198
regulation,rigour,rigour,42,115
regulation,roe,roe,42,74
regulation,screen,screen,42,351
regulation,tilt,tilt,42,374
regulation,tokyo,tokyo,42,587
regulation,toxic,toxic,42,143
regulation,upfront,upfront,42,137
regulation,viii,viii,42,152
regulation,basket,basket,41,670
regulation,cea,cea,41,15
regulation,compress,compression,41,498
regulation,continent,continental,41,317
regulation,discontinu,discontinued,41,370
regulation,drew,drew,41,247
regulation,endang,endanger,41,353
regulation,evas,evasion,41,98
regulation,expedit,expedited,41,151
regulation,guess,guess,41,360
regulation,incident,incidentally,41,359
regulation,jame,james,41,479
regulation,leeway,leeway,41,193
regulation,lobbi,lobby,41,94
regulation,lossabsorb,lossabsorbing,41,32
regulation,nexus,nexus,41,234
regulation,nudg,nudge,41,112
regulation,paus,pause,41,376
regulation,peso,peso,41,211
regulation,revalu,revaluation,41,172
regulation,shield,shield,41,307
regulation,shoulder,shoulder,41,238
regulation,spike,spike,41,518
regulation,steril,sterilization,41,158
regulation,sticki,sticky,41,321
regulation,sweden,sweden,41,507
regulation,unrealist,unrealistic,41,305
regulation,vendor,vendor,41,172
regulation,accuraci,accuracy,40,327
regulation,anomali,anomaly,40,138
regulation,attest,attest,40,168
regulation,ball,ball,40,229
regulation,brainard,brainard,40,202
regulation,capitalist,capitalists,40,117
regulation,digitalis,digitalisation,40,230
regulation,discov,discovered,40,390
regulation,disregard,disregard,40,206
regulation,enron,enron,40,95
regulation,facet,facets,40,238
regulation,factori,factories,40,294
regulation,fals,false,40,374
regulation,giant,giant,40,205
regulation,goodwil,goodwill,40,68
regulation,humil,humility,40,127
regulation,impuls,impulses,40,574
regulation,invis,invisible,40,178
regulation,irrat,irrational,40,247
regulation,jgbs,jgbs,40,304
regulation,lcbos,lcbos,40,14
regulation,mishkin,mishkin,40,195
regulation,nationwid,nationwide,40,432
regulation,ombudsman,ombudsman,40,87
regulation,overestim,overestimated,40,251
regulation,peter,peter,40,586
regulation,pollut,pollution,40,130
regulation,psps,psps,40,24
regulation,rebal,rebalance,40,244
regulation,sir,sir,40,400
regulation,slump,slump,40,452
regulation,sounder,sounder,40,187
regulation,unrel,unrelated,40,305
regulation,wallet,wallets,40,198
regulation,will,wills,40,121
regulation,winter,winter,40,449
regulation,wipe,wiped,40,136
regulation,workout,workouts,40,99
regulation,angel,angel,39,118
regulation,arrear,arrears,39,155
regulation,bhcs,bhcs,39,24
regulation,blend,blend,39,121
regulation,boj,boj,39,180
regulation,clearinghous,clearinghouses,39,84
regulation,constancio,constancio,39,152
regulation,convict,conviction,39,380
regulation,counterfeit,counterfeiting,39,223
regulation,fifteen,fifteen,39,312
regulation,freez,freezing,39,210
regulation,inaugur,inaugural,39,550
regulation,institution,institutionalized,39,91
regulation,lisbon,lisbon,39,280
regulation,longstand,longstanding,39,180
regulation,luxembourg,luxembourg,39,274
regulation,mask,mask,39,298
regulation,mega,mega,39,93
regulation,menu,menu,39,177
regulation,meyer,meyer,39,196
regulation,neighborhood,neighborhoods,39,246
regulation,nutshel,nutshell,39,188
regulation,phenomena,phenomena,39,394
regulation,prong,pronged,39,161
regulation,refus,refuse,39,260
regulation,reorgan,reorganization,39,195
regulation,roundtabl,roundtable,39,208
regulation,standstil,standstill,39,137
regulation,stark,stark,39,454
regulation,strongest,strongest,39,429
regulation,taper,taper,39,351
regulation,telecom,telecom,39,159
regulation,unfett,unfettered,39,93
regulation,unleash,unleashed,39,264
regulation,unrestrict,unrestricted,39,70
regulation,visa,visa,39,106
regulation,walli,wallis,39,54
regulation,wedg,wedge,39,168
regulation,agil,agility,38,173
regulation,air,air,38,432
regulation,bliley,bliley,38,78
regulation,brief,briefing,38,253
regulation,catastroph,catastrophe,38,272
regulation,chile,chile,38,239
regulation,divest,divest,38,107
regulation,dlt,dlt,38,78
regulation,doubtless,doubtless,38,200
regulation,emd,emdes,38,35
regulation,euro,euros,38,313
regulation,expir,expire,38,261
regulation,explos,explosion,38,284
regulation,fault,fault,38,243
regulation,fedai,fedai,38,27
regulation,firewal,firewalls,38,104
regulation,generalis,generalised,38,318
regulation,generous,generous,38,315
regulation,hud,hud,38,21
regulation,ilc,ilcs,38,11
regulation,infanc,infancy,38,143
regulation,interlinkag,interlinkages,38,169
regulation,intertwin,intertwined,38,255
regulation,invent,invention,38,323
regulation,jean,jean,38,795
regulation,lighter,lighter,38,62
regulation,lolr,lolr,38,42
regulation,mccallum,mccallum,38,52
regulation,mindset,mindset,38,319
regulation,procur,procurement,38,228
regulation,revert,revert,38,315
regulation,rosc,roscs,38,25
regulation,seem,seemingly,38,407
regulation,steagal,steagall,38,67
regulation,tide,tide,38,247
regulation,toolbox,toolbox,38,124
regulation,unsound,unsound,38,157
regulation,uphil,uphill,38,44
regulation,bespok,bespoke,37,74
regulation,cbi,cbi,37,176
regulation,corollari,corollary,37,164
regulation,coupon,coupon,37,210
regulation,dfis,dfis,37,31
regulation,expressli,expressly,37,80
regulation,gramm,gramm,37,82
regulation,greek,greek,37,271
regulation,hicp,hicp,37,529
regulation,indefinit,indefinitely,37,359
regulation,invoic,invoicing,37,218
regulation,invok,invoke,37,159
regulation,jgb,jgb,37,223
regulation,landmark,landmark,37,141
regulation,liftoff,liftoff,37,53
regulation,misunderstand,misunderstanding,37,262
regulation,nineti,nineties,37,316
regulation,normat,normative,37,96
regulation,osfi,osfi,37,33
regulation,pacif,pacific,37,297
regulation,perpetu,perpetual,37,251
regulation,poorer,poorer,37,240
regulation,rebuilt,rebuilt,37,80
regulation,reced,receded,37,517
regulation,registrar,registrar,37,49
regulation,roger,roger,37,301
regulation,sft,sft,37,18
regulation,sharper,sharper,37,349
regulation,stone,stone,37,234
regulation,superintend,superintendent,37,77
regulation,tinbergen,tinbergen,37,72
regulation,uncondit,unconditional,37,156
regulation,valley,valley,37,168
regulation,vicious,vicious,37,416
regulation,vicker,vickers,37,66
regulation,wane,waned,37,545
regulation,abstract,abstract,36,402
regulation,amalgam,amalgamation,36,66
regulation,apr,apr,36,235
regulation,cbdcs,cbdcs,36,70
regulation,centric,centric,36,135
regulation,cliff,cliff,36,197
regulation,closur,closure,36,310
regulation,column,column,36,156
regulation,costless,costless,36,111
regulation,cryptoasset,cryptoassets,36,37
regulation,debell,debelle,36,151
regulation,dismiss,dismissal,36,286
regulation,dsge,dsge,36,128
regulation,edit,edition,36,515
regulation,fare,fare,36,318
regulation,ferguson,ferguson,36,202
regulation,fmi,fmi,36,54
regulation,formid,formidable,36,326
regulation,harvard,harvard,36,317
regulation,inact,inaction,36,304
regulation,inadvert,inadvertently,36,135
regulation,insensit,insensitive,36,102
regulation,kit,kit,36,116
regulation,mechanist,mechanistic,36,125
regulation,medic,medical,36,431
regulation,mundel,mundell,36,98
regulation,outward,outward,36,233
regulation,pervas,pervasive,36,323
regulation,phrase,phrase,36,383
regulation,plug,plug,36,111
regulation,propens,propensity,36,363
regulation,random,random,36,279
regulation,recip,recipe,36,198
regulation,redeem,redeem,36,221
regulation,refocus,refocus,36,140
regulation,rehabilit,rehabilitation,36,141
regulation,seller,sellers,36,384
regulation,silicon,silicon,36,107
regulation,testifi,testify,36,229
regulation,tone,tone,36,229
regulation,unaffect,unaffected,36,248
regulation,unreason,unreasonable,36,189
regulation,wire,wire,36,143
regulation,won,won,36,356
regulation,zealand,zealand,36,412
regulation,apprehens,apprehension,35,110
regulation,bagehot,bagehot,35,144
regulation,blanket,blanket,35,103
regulation,bop,bop,35,76
regulation,career,career,35,606
regulation,configur,configuration,35,252
regulation,densiti,density,35,186
regulation,enunci,enunciated,35,79
regulation,eur,eur,35,310
regulation,fallaci,fallacies,35,125
regulation,forb,forbes,35,98
regulation,freed,freed,35,126
regulation,habit,habits,35,370
regulation,hoard,hoarding,35,261
regulation,legislatur,legislatures,35,123
regulation,lopez,lopez,35,146
regulation,mae,mae,35,156
regulation,netherland,netherlands,35,494
regulation,obstfeld,obstfeld,35,104
regulation,persuad,persuade,35,253
regulation,pocket,pockets,35,307
regulation,prepay,prepayment,35,144
regulation,prof,prof,35,260
regulation,quarl,quarles,35,76
regulation,rrbs,rrbs,35,100
regulation,rush,rush,35,282
regulation,sadc,sadc,35,66
regulation,sfbc,sfbc,35,22
regulation,shop,shop,35,543
regulation,sichel,sichel,35,66
regulation,tempt,tempted,35,408
regulation,traction,traction,35,256
regulation,worthi,worthy,35,310
regulation,wound,wound,35,177
regulation,academia,academia,34,343
regulation,apparatus,apparatus,34,91
regulation,bought,bought,34,399
regulation,bypass,bypass,34,90
regulation,chip,chip,34,260
regulation,conven,convened,34,260
regulation,cumbersom,cumbersome,34,110
regulation,discriminatori,discriminatory,34,110
regulation,disloc,dislocation,34,358
regulation,dot,dotted,34,356
regulation,eastern,eastern,34,683
regulation,fallout,fallout,34,346
regulation,frb,frb,34,146
regulation,fungibl,fungible,34,74
regulation,georg,george,34,398
regulation,grasp,grasp,34,311
regulation,haskel,haskel,34,81
regulation,height,height,34,410
regulation,herd,herd,34,240
regulation,homeown,homeowners,34,294
regulation,icai,icai,34,29
regulation,iif,iif,34,100
regulation,immun,immune,34,351
regulation,jan,jan,34,424
regulation,manifold,manifold,34,168
regulation,mute,muted,34,454
regulation,nationalis,nationalised,34,158
regulation,out,outs,34,166
regulation,primaci,primacy,34,145
regulation,rein,rein,34,254
regulation,revitalis,revitalising,34,101
regulation,shorten,shortened,34,329
regulation,solo,solo,34,24
regulation,tenet,tenets,34,131
regulation,tenth,tenth,34,316
regulation,throw,throw,34,265
regulation,transitori,transitory,34,523
regulation,turnaround,turnaround,34,323
regulation,undertook,undertook,34,262
regulation,unforeseen,unforeseen,34,280
regulation,unlock,unlock,34,205
regulation,yuan,yuan,34,156
regulation,aadhaar,aadhaar,33,67
regulation,anim,animal,33,278
regulation,bright,bright,33,290
regulation,children,children,33,462
regulation,cit,cit,33,202
regulation,cloud,cloud,33,423
regulation,contextu,contextual,33,101
regulation,copi,copy,33,185
regulation,custodi,custody,33,142
regulation,debentur,debentures,33,112
regulation,disciplinari,disciplinary,33,119
regulation,echo,echoes,33,253
regulation,economis,economise,33,70
regulation,fmsb,fmsb,33,11
regulation,footnot,footnote,33,237
regulation,grain,grain,33,230
regulation,hing,hinges,33,249
regulation,incipi,incipient,33,239
regulation,incompat,incompatible,33,176
regulation,inertia,inertia,33,238
regulation,interlink,interlinked,33,176
regulation,keyn,keynes,33,298
regulation,laurenc,laurence,33,149
regulation,leach,leach,33,85
regulation,lengthen,lengthening,33,350
regulation,mit,mit,33,333
regulation,naiv,naive,33,119
regulation,onshor,onshore,33,87
regulation,ppp,ppp,33,196
regulation,preclud,preclude,33,225
regulation,preemptiv,preemptive,33,195
regulation,rectifi,rectify,33,138
regulation,registri,registry,33,77
regulation,revit,revitalization,33,265
regulation,shade,shaded,33,231
regulation,simplist,simplistic,33,136
regulation,suppress,suppress,33,302
regulation,systemwid,systemwide,33,70
regulation,town,town,33,440
regulation,trivial,trivial,33,186
regulation,undercapit,undercapitalized,33,56
regulation,vacuum,vacuum,33,132
regulation,accus,accused,32,153
regulation,antitrust,antitrust,32,53
regulation,bowman,bowman,32,99
regulation,campaign,campaign,32,425
regulation,cognit,cognitive,32,96
regulation,croni,crony,32,18
regulation,csds,csds,32,54
regulation,custodian,custodians,32,202
regulation,diagnosi,diagnosis,32,246
regulation,duisenberg,duisenberg,32,231
regulation,eurostat,eurostat,32,311
regulation,fera,fera,32,27
regulation,filter,filter,32,229
regulation,forego,foregoing,32,107
regulation,forestal,forestall,32,208
regulation,general,generalized,32,311
regulation,glad,glad,32,302
regulation,honor,honor,32,897
regulation,imparti,impartial,32,124
regulation,interest,interestingly,32,376
regulation,jeopardis,jeopardise,32,386
regulation,knock,knock,32,273
regulation,leakag,leakage,32,91
regulation,multitud,multitude,32,167
regulation,mumbai,mumbai,32,490
regulation,nbfis,nbfis,32,28
regulation,orthodoxi,orthodoxy,32,76
regulation,outperform,outperform,32,203
regulation,overdu,overdue,32,144
regulation,prejudic,prejudice,32,234
regulation,rollov,rollover,32,144
regulation,sensibl,sensibly,32,123
regulation,sharpen,sharpen,32,169
regulation,tentat,tentative,32,402
regulation,toughen,toughen,32,39
regulation,trial,trial,32,167
regulation,twentieth,twentieth,32,308
regulation,unbundl,unbundling,32,129
regulation,underli,underlie,32,140
regulation,unequivoc,unequivocal,32,155
regulation,unfortun,unfortunate,32,240
regulation,unif,unification,32,196
regulation,accredit,accreditation,31,65
regulation,alm,alm,31,66
regulation,amort,amortization,31,117
regulation,asean,asean,31,236
regulation,attenu,attenuating,31,159
regulation,backlog,backlogs,31,141
regulation,bundesbank,bundesbank,31,431
regulation,caught,caught,31,316
regulation,cdfis,cdfis,31,33
regulation,coast,coast,31,128
regulation,conjunctur,conjuncture,31,253
regulation,contradict,contradiction,31,244
regulation,coven,covenants,31,113
regulation,criticis,criticised,31,228
regulation,decentr,decentralized,31,152
regulation,denot,denote,31,195
regulation,disagr,disagreement,31,222
regulation,displac,displaced,31,276
regulation,doctrin,doctrine,31,133
regulation,doddfrank,doddfrank,31,30
regulation,eager,eager,31,224
regulation,eighth,eighth,31,211
regulation,emin,eminent,31,326
regulation,enrich,enrich,31,308
regulation,frustrat,frustrate,31,266
regulation,gamut,gamut,31,83
regulation,geographi,geography,31,268
regulation,hallmark,hallmark,31,154
regulation,hardwar,hardware,31,128
regulation,inflationtarget,inflationtargeting,31,80
regulation,isda,isda,31,61
regulation,len,lens,31,175
regulation,longev,longevity,31,178
regulation,memorandum,memorandum,31,217
regulation,mica,mica,31,17
regulation,mistaken,mistaken,31,201
regulation,nascent,nascent,31,204
regulation,nondefens,nondefense,31,40
regulation,nondepositori,nondepository,31,52
regulation,obviat,obviate,31,107
regulation,omo,omos,31,94
regulation,onus,onus,31,105
regulation,penal,penal,31,116
regulation,regtech,regtech,31,20
regulation,row,row,31,208
regulation,scene,scene,31,371
regulation,surrog,surrogates,31,35
regulation,thread,thread,31,101
regulation,trough,trough,31,457
regulation,uncov,uncovered,31,233
regulation,undervalu,undervalued,31,155
regulation,unscrupul,unscrupulous,31,66
regulation,villag,villages,31,257
regulation,waiv,waive,31,61
regulation,apex,apex,30,75
regulation,apt,aptly,30,204
regulation,bargain,bargaining,30,360
regulation,barrel,barrel,30,416
regulation,brokerag,brokerage,30,150
regulation,camel,camels,30,54
regulation,chequ,cheque,30,219
regulation,claudio,claudio,30,97
regulation,crack,cracks,30,137
regulation,csd,csd,30,37
regulation,dash,dashed,30,248
regulation,devast,devastating,30,401
regulation,discoveri,discovery,30,426
regulation,distant,distant,30,402
regulation,district,district,30,355
regulation,experiment,experimentation,30,241
regulation,flux,flux,30,65
regulation,heuvel,heuvel,30,25
regulation,infer,infer,30,465
regulation,institutionalis,institutionalised,30,93
regulation,jordan,jordan,30,232
regulation,laf,laf,30,92
regulation,linger,lingering,30,320
regulation,michell,michelle,30,111
regulation,mra,mra,30,18
regulation,nich,niche,30,212
regulation,obscur,obscure,30,259
regulation,pendulum,pendulum,30,66
regulation,philip,philip,30,358
regulation,propel,propel,30,186
regulation,proud,proud,30,440
regulation,psycholog,psychology,30,312
regulation,quota,quotas,30,214
regulation,reconsider,reconsideration,30,56
regulation,revok,revoked,30,61
regulation,saporta,saporta,30,56
regulation,sbi,sbi,30,76
regulation,sea,sea,30,380
regulation,segreg,segregation,30,138
regulation,setup,setup,30,126
regulation,statutorili,statutorily,30,58
regulation,stochast,stochastic,30,159
regulation,subtract,subtracting,30,252
regulation,tempor,temporal,30,161
regulation,tweak,tweaking,30,53
regulation,underserv,underserved,30,161
regulation,underst,understated,30,194
regulation,unilater,unilateral,30,192
regulation,valv,valve,30,69
regulation,versa,versa,30,348
regulation,westlak,westlake,30,15
regulation,adrian,adrian,29,221
regulation,algorithm,algorithms,29,177
regulation,alleg,alleged,29,224
regulation,anecdot,anecdotal,29,381
regulation,annualis,annualised,29,325
regulation,beg,begs,29,133
regulation,blanchard,blanchard,29,250
regulation,calm,calm,29,462
regulation,carv,carved,29,80
regulation,comprehend,comprehend,29,130
regulation,compuls,compulsions,29,142
regulation,conservat,conservatism,29,58
regulation,den,den,29,116
regulation,desk,desks,29,163
regulation,drain,drain,29,248
regulation,dubious,dubious,29,96
regulation,english,english,29,695
regulation,euribor,euribor,29,121
regulation,european,europeans,29,358
regulation,fifth,fifthly,29,160
regulation,forti,forty,29,273
regulation,french,french,29,452
regulation,hitherto,hitherto,29,252
regulation,incentiv,incentivize,29,87
regulation,kansa,kansas,29,611
regulation,lifetim,lifetime,29,294
regulation,mss,mss,29,49
regulation,mysteri,mystery,29,102
regulation,nabard,nabard,29,83
regulation,nelson,nelson,29,209
regulation,park,park,29,230
regulation,patent,patent,29,129
regulation,pipelin,pipeline,29,294
regulation,plung,plunge,29,404
regulation,powel,powell,29,262
regulation,quantif,quantification,29,146
regulation,ramif,ramifications,29,179
regulation,reuter,reuters,29,273
regulation,seoul,seoul,29,166
regulation,sep,sep,29,264
regulation,shelter,sheltered,29,198
regulation,steep,steep,29,492
regulation,strip,stripping,29,220
regulation,subscript,subscription,29,106
regulation,truste,trustees,29,120
regulation,unsurpris,unsurprisingly,29,186
regulation,unwil,unwilling,29,208
regulation,vardoulaki,vardoulakis,29,16
regulation,wonder,wonderful,29,394
regulation,adam,adam,28,289
regulation,amortis,amortisation,28,53
regulation,auto,auto,28,352
regulation,backup,backup,28,150
regulation,bitcoin,bitcoin,28,99
regulation,concess,concessions,28,107
regulation,contenti,contentious,28,132
regulation,crystallis,crystallise,28,193
regulation,cultiv,cultivate,28,244
regulation,cure,cure,28,210
regulation,decent,decent,28,116
regulation,decomposit,decomposition,28,214
regulation,delv,delve,28,155
regulation,deutsch,deutsche,28,480
regulation,dti,dti,28,45
regulation,ecofin,ecofin,28,238
regulation,esma,esma,28,49
regulation,feldstein,feldstein,28,87
regulation,fimmda,fimmda,28,54
regulation,flip,flip,28,159
regulation,forev,forever,28,259
regulation,gradat,gradation,28,38
regulation,hasten,hasten,28,182
regulation,imag,image,28,427
regulation,irrespons,irresponsible,28,141
regulation,jeremi,jeremy,28,164
regulation,levin,levine,28,196
regulation,magnifi,magnify,28,265
regulation,millennium,millennium,28,301
regulation,mohan,mohan,28,105
regulation,narrat,narrative,28,300
regulation,neoclass,neoclassical,28,64
regulation,nice,nice,28,261
regulation,ninth,ninth,28,138
regulation,nps,nps,28,19
regulation,paragraph,paragraph,28,204
regulation,percentil,percentile,28,111
regulation,persuas,persuasive,28,248
regulation,pitfal,pitfalls,28,179
regulation,prosecut,prosecution,28,67
regulation,provision,provisional,28,160
regulation,recap,recap,28,135
regulation,reinhart,reinhart,28,241
regulation,reorganis,reorganisation,28,108
regulation,rmbs,rmbs,28,75
regulation,roof,roof,28,117
regulation,satisfactorili,satisfactorily,28,113
regulation,scar,scarring,28,257
regulation,scholar,scholars,28,327
regulation,smith,smith,28,353
regulation,socio,socio,28,227
regulation,storag,storage,28,264
regulation,suboptim,suboptimal,28,101
regulation,thank,thankfully,28,479
regulation,unbank,unbanked,28,189
regulation,unquestion,unquestionably,28,100
regulation,virtuous,virtuous,28,577
regulation,yardstick,yardstick,28,176
regulation,alarm,alarm,27,226
regulation,biodivers,biodiversity,27,49
regulation,brazilian,brazilian,27,118
regulation,cac,cac,27,40
regulation,calendar,calendar,27,341
regulation,cecchetti,cecchetti,27,128
regulation,chronic,chronic,27,292
regulation,coexist,coexistence,27,210
regulation,congratul,congratulate,27,681
regulation,contest,contested,27,201
regulation,critiqu,critique,27,141
regulation,cva,cva,27,12
regulation,deactiv,deactivated,27,16
regulation,defeat,defeating,27,173
regulation,delight,delighted,27,648
regulation,dinner,dinner,27,464
regulation,dose,dose,27,144
regulation,downsiz,downsizing,27,128
regulation,emption,emption,27,83
regulation,exploratori,exploratory,27,87
regulation,fii,fii,27,96
regulation,fisher,fisher,27,257
regulation,generic,generic,27,135
regulation,heat,heat,27,309
regulation,hot,hot,27,324
regulation,imput,imputed,27,106
regulation,intact,intact,27,205
regulation,ir,irs,27,56
regulation,korean,korean,27,221
regulation,lawmak,lawmakers,27,48
regulation,loom,looming,27,249
regulation,moot,moot,27,82
regulation,northern,northern,27,331
regulation,nowaday,nowadays,27,311
regulation,ontario,ontario,27,314
regulation,passport,passport,27,70
regulation,peripher,peripheral,27,253
regulation,pfrda,pfrda,27,29
regulation,plethora,plethora,27,90
regulation,predic,predicated,27,153
regulation,provok,provoked,27,269
regulation,ran,ran,27,321
regulation,redirect,redirect,27,120
regulation,repaid,repaid,27,238
regulation,repetit,repetition,27,157
regulation,resurg,resurgence,27,271
regulation,rewrit,rewrite,27,49
regulation,rogoff,rogoff,27,338
regulation,schumpet,schumpeter,27,123
regulation,scrutinis,scrutinised,27,116
regulation,siv,sivs,27,85
regulation,skin,skin,27,71
regulation,slope,slope,27,329
regulation,stigma,stigma,27,119
regulation,stocktak,stocktake,27,69
regulation,suarez,suarez,27,40
regulation,subset,subset,27,160
regulation,subtl,subtle,27,203
regulation,successor,successor,27,183
regulation,surpass,surpass,27,328
regulation,svb,svb,27,20
regulation,swfs,swfs,27,12
regulation,telephon,telephone,27,255
regulation,tower,tower,27,98
regulation,vacanc,vacancies,27,385
regulation,warnock,warnock,27,31
regulation,weakest,weakest,27,203
regulation,accid,accident,26,229
regulation,actuari,actuarial,26,99
regulation,amen,amenable,26,121
regulation,applaud,applaud,26,114
regulation,bcc,bcc,26,69
regulation,captiv,captive,26,83
regulation,catalys,catalyse,26,111
regulation,categoris,categorisation,26,90
regulation,cic,cics,26,22
regulation,defect,defects,26,60
regulation,disaggreg,disaggregated,26,175
regulation,discrep,discrepancies,26,218
regulation,dissip,dissipate,26,539
regulation,donald,donald,26,185
regulation,downsw,downswing,26,102
regulation,duli,duly,26,143
regulation,ela,ela,26,32
regulation,emot,emotional,26,150
regulation,equilibr,equilibrating,26,101
regulation,excit,exciting,26,416
regulation,excus,excuse,26,165
regulation,fertil,fertile,26,235
regulation,fifti,fifty,26,353
regulation,fullest,fullest,26,91
regulation,heurist,heuristics,26,45
regulation,humbl,humble,26,175
regulation,illicit,illicit,26,73
regulation,indebt,indebted,26,380
regulation,italian,italian,26,251
regulation,leg,leg,26,213
regulation,lord,lord,26,259
regulation,mathemat,mathematics,26,231
regulation,metal,metal,26,394
regulation,ministeri,ministerial,26,49
regulation,multifacet,multifaceted,26,129
regulation,nonmanufactur,nonmanufacturing,26,201
regulation,outlier,outlier,26,130
regulation,payer,payers,26,139
regulation,pepp,pepp,26,90
regulation,pin,pin,26,218
regulation,prize,prize,26,354
regulation,quicker,quicker,26,224
regulation,raghuram,raghuram,26,150
regulation,recur,recurring,26,303
regulation,reloc,relocate,26,196
regulation,retire,retirees,26,136
regulation,salido,salido,26,87
regulation,sar,sars,26,120
regulation,sim,sim,26,89
regulation,soar,soared,26,432
regulation,spark,sparked,26,289
regulation,styliz,stylized,26,87
regulation,toronto,toronto,26,230
regulation,trim,trim,26,185
regulation,undo,undoing,26,94
regulation,vat,vat,26,184
regulation,warm,warmly,26,525
regulation,webinar,webinar,26,129
regulation,withhold,withholding,26,105
regulation,yellen,yellen,26,221
regulation,acharya,acharya,25,83
regulation,arrest,arrest,25,175
regulation,babi,baby,25,271
regulation,backbon,backbone,25,187
regulation,bbsw,bbsw,25,28
regulation,belgium,belgium,25,293
regulation,bet,bet,25,208
regulation,brunnermei,brunnermeier,25,157
regulation,cognis,cognisance,25,114
regulation,csrc,csrc,25,19
regulation,cutback,cutbacks,25,121
regulation,dataset,dataset,25,190
regulation,davi,davies,25,189
regulation,decompos,decomposed,25,183
regulation,decre,decrees,25,82
regulation,disinflationari,disinflationary,25,430
regulation,distract,distract,25,158
regulation,eclect,eclectic,25,78
regulation,emul,emulate,25,108
regulation,encapsul,encapsulated,25,95
regulation,envelop,envelope,25,107
regulation,esa,esas,25,62
regulation,eschew,eschewed,25,92
regulation,exemplifi,exemplified,25,198
regulation,franchis,franchise,25,110
regulation,fslrc,fslrc,25,17
regulation,gift,gift,25,138
regulation,gopinath,gopinath,25,108
regulation,healthier,healthier,25,205
regulation,highqual,highquality,25,49
regulation,hyun,hyun,25,97
regulation,intensif,intensification,25,299
regulation,intersect,intersection,25,125
regulation,intim,intimate,25,173
regulation,lcbgs,lcbgs,25,12
regulation,loui,louis,25,328
regulation,mckinsey,mckinsey,25,140
regulation,mifid,mifid,25,46
regulation,morgan,morgan,25,287
regulation,nonlinear,nonlinear,25,105
regulation,nontradit,nontraditional,25,96
regulation,obsolesc,obsolescent,25,93
regulation,opportunist,opportunistic,25,76
regulation,outsiz,outsized,25,194
regulation,plagu,plagued,25,164
regulation,plumb,plumbing,25,144
regulation,port,ports,25,257
regulation,predetermin,predetermined,25,192
regulation,prospectus,prospectuses,25,37
regulation,railway,railways,25,166
regulation,reader,readers,25,135
regulation,reconcili,reconciliation,25,125
regulation,recycl,recycling,25,141
regulation,redeploy,redeployment,25,47
regulation,renov,renovation,25,108
regulation,repress,repression,25,107
regulation,ride,ride,25,262
regulation,rock,rock,25,228
regulation,scbs,scbs,25,71
regulation,sequenti,sequential,25,92
regulation,snapshot,snapshot,25,121
regulation,solidar,solidarity,25,170
regulation,speaker,speakers,25,649
regulation,standalon,standalone,25,70
regulation,stanley,stanley,25,214
regulation,suasion,suasion,25,56
regulation,tarapor,tarapore,25,37
regulation,twofold,twofold,25,150
regulation,unwis,unwise,25,140
regulation,vocat,vocational,25,144
regulation,watersh,watershed,25,94
regulation,zingal,zingales,25,60
regulation,admiss,admission,24,92
regulation,amplif,amplification,24,178
regulation,barri,barry,24,98
regulation,benoit,benoit,24,225
regulation,blow,blow,24,270
regulation,cepr,cepr,24,285
regulation,cfs,cfs,24,45
regulation,chase,chase,24,214
regulation,coal,coal,24,292
regulation,coronavirus,coronavirus,24,373
regulation,dispel,dispel,24,223
regulation,earnest,earnest,24,192
regulation,ede,edes,24,11
regulation,empower,empowerment,24,164
regulation,enthusiasm,enthusiasm,24,242
regulation,entireti,entirety,24,83
regulation,erect,erected,24,65
regulation,fincen,fincen,24,15
regulation,forgotten,forgotten,24,288
regulation,group,groupings,24,90
regulation,guardrail,guardrails,24,28
regulation,heavier,heavier,24,56
regulation,hft,hft,24,24
regulation,holiday,holidays,24,284
regulation,hysteresi,hysteresis,24,160
regulation,improp,improper,24,98
regulation,inflict,inflict,24,209
regulation,introductori,introductory,24,737
regulation,krugman,krugman,24,173
regulation,laps,lapses,24,89
regulation,mac,mac,24,156
regulation,medicin,medicine,24,207
regulation,metropolitan,metropolitan,24,285
regulation,neighbour,neighbours,24,396
regulation,nov,nov,24,188
regulation,outpac,outpaced,24,262
regulation,outsid,outsiders,24,140
regulation,painstak,painstaking,24,71
regulation,payoff,payoff,24,191
regulation,peac,peace,24,407
regulation,plate,plating,24,69
regulation,pretend,pretend,24,156
regulation,scratch,scratch,24,110
regulation,semin,seminal,24,188
regulation,shut,shut,24,225
regulation,side,sided,24,152
regulation,socal,socalled,24,126
regulation,spectacular,spectacular,24,257
regulation,subsidis,subsidised,24,179
regulation,teacher,teachers,24,253
regulation,tobin,tobin,24,74
regulation,transposit,transposition,24,47
regulation,uneconom,uneconomic,24,43
regulation,unhedg,unhedged,24,117
regulation,unproduct,unproductive,24,118
regulation,unsaf,unsafe,24,48
regulation,vertic,vertical,24,274
regulation,acronym,acronym,23,87
regulation,amidst,amidst,23,249
regulation,ascertain,ascertain,23,180
regulation,barr,barr,23,32
regulation,battl,battle,23,273
regulation,beef,beef,23,66
regulation,blinder,blinder,23,165
regulation,bye,bye,23,17
regulation,california,california,23,276
regulation,celebr,celebrate,23,768
regulation,chiefli,chiefly,23,73
regulation,circumvent,circumvention,23,28
regulation,congruent,congruent,23,41
regulation,conson,consonance,23,68
regulation,cpc,cpc,23,110
regulation,denmark,denmark,23,275
regulation,dream,dream,23,241
regulation,elicit,elicit,23,116
regulation,erupt,erupted,23,273
regulation,esg,esg,23,69
regulation,eve,eve,23,155
regulation,ffiec,ffiec,23,43
regulation,fischer,fischer,23,208
regulation,forg,forge,23,244
regulation,gateway,gateway,23,130
regulation,halv,halved,23,250
regulation,heed,heed,23,129
regulation,insignific,insignificant,23,189
regulation,intercept,intercept,23,36
regulation,interview,interview,23,362
regulation,invers,inverse,23,184
regulation,latitud,latitude,23,139
regulation,lloyd,lloyds,23,75
regulation,macrofinanci,macrofinancial,23,78
regulation,malaysia,malaysia,23,308
regulation,mastercard,mastercard,23,60
regulation,misplac,misplaced,23,130
regulation,morri,morris,23,76
regulation,neo,neo,23,56
regulation,nimbl,nimble,23,152
regulation,noncomplex,noncomplex,23,10
regulation,pboc,pboc,23,50
regulation,piecem,piecemeal,23,65
regulation,postur,posture,23,99
regulation,recreat,recreate,23,143
regulation,risksensit,risksensitive,23,13
regulation,rrr,rrr,23,23
regulation,sacrif,sacrificing,23,116
regulation,secretariat,secretariat,23,178
regulation,silo,silos,23,93
regulation,spe,spe,23,18
regulation,spvs,spvs,23,50
regulation,stamp,stamp,23,160
regulation,steel,steel,23,322
regulation,straitjacket,straitjacket,23,22
regulation,stuck,stuck,23,223
regulation,superflu,superfluous,23,51
regulation,surrend,surrender,23,69
regulation,symptom,symptoms,23,300
regulation,teeth,teeth,23,82
regulation,terminolog,terminology,23,145
regulation,treasur,treasurer,23,175
regulation,unavail,unavailable,23,186
regulation,unfinish,unfinished,23,102
regulation,unprofit,unprofitable,23,106
regulation,upheld,upheld,23,46
regulation,workplac,workplace,23,210
regulation,writedown,writedowns,23,40
regulation,wrote,wrote,23,381
regulation,yang,yang,23,61
regulation,aaa,aaa,22,178
regulation,abreast,abreast,22,86
regulation,aikman,aikman,22,57
regulation,aircraft,aircraft,22,82
regulation,anniversari,anniversary,22,719
regulation,atmospher,atmosphere,22,213
regulation,axi,axis,22,219
regulation,bout,bouts,22,264
regulation,bps,bps,22,166
regulation,calomiri,calomiris,22,36
regulation,cbrc,cbrc,22,14
regulation,ceb,cebs,22,35
regulation,checklist,checklist,22,38
regulation,cls,cls,22,113
regulation,cogniz,cognizant,22,82
regulation,collegi,collegial,22,105
regulation,counterfactu,counterfactual,22,204
regulation,curriculum,curriculum,22,111
regulation,death,death,22,305
regulation,deterr,deterrent,22,123
regulation,detract,detract,22,105
regulation,dimension,dimensional,22,88
regulation,diseas,disease,22,278
regulation,distortionari,distortionary,22,84
regulation,drill,drill,22,116
regulation,empt,empt,22,145
regulation,enlighten,enlightened,22,151
regulation,evapor,evaporated,22,154
regulation,exemplari,exemplary,22,128
regulation,explanatori,explanatory,22,161
regulation,faculti,faculty,22,217
regulation,fastest,fastest,22,469
regulation,fate,fate,22,158
regulation,feet,feet,22,140
regulation,finn,finn,22,33
regulation,frontlin,frontline,22,81
regulation,hanson,hanson,22,81
regulation,harsh,harsh,22,183
regulation,hearten,heartening,22,152
regulation,hsbc,hsbc,22,79
regulation,ifsb,ifsb,22,18
regulation,incorrect,incorrect,22,199
regulation,inerti,inertial,22,44
regulation,irrevers,irreversible,22,228
regulation,jargon,jargon,22,182
regulation,jerom,jerome,22,214
regulation,kevin,kevin,22,142
regulation,ladder,ladder,22,112
regulation,lake,lake,22,71
regulation,lenient,lenient,22,36
regulation,let,letting,22,203
regulation,mansion,mansion,22,105
regulation,mar,mars,22,275
regulation,marshal,marshaled,22,116
regulation,mervyn,mervyn,22,270
regulation,migrant,migrant,22,162
regulation,misconcept,misconceptions,22,113
regulation,nativ,native,22,90
regulation,ostri,ostry,22,43
regulation,panacea,panacea,22,167
regulation,parlanc,parlance,22,68
regulation,pile,pile,22,112
regulation,plank,plank,22,72
regulation,preambl,preamble,22,90
regulation,qis,qis,22,27
regulation,repric,repricing,22,212
regulation,revolutionari,revolutionary,22,151
regulation,sic,sic,22,63
regulation,slippag,slippage,22,103
regulation,song,song,22,151
regulation,startup,startups,22,76
regulation,stockhold,stockholders,22,75
regulation,subbarao,subbarao,22,151
regulation,synchron,synchronization,22,271
regulation,tape,tape,22,94
regulation,termism,termism,22,91
regulation,thrown,thrown,22,171
regulation,trustworthi,trustworthy,22,101
regulation,unfavour,unfavourable,22,243
regulation,uniti,unity,22,231
regulation,unobserv,unobservable,22,147
regulation,untest,untested,22,93
regulation,unwound,unwound,22,208
regulation,venu,venue,22,216
regulation,vogu,vogue,22,42
regulation,wild,wild,22,117
regulation,winner,winners,22,330
regulation,year,yearly,22,258
regulation,zurich,zurich,22,288
regulation,abat,abating,21,408
regulation,abolit,abolition,21,128
regulation,acqui,acquis,21,53
regulation,arbitr,arbitration,21,48
regulation,bankrupt,bankrupt,21,127
regulation,banqu,banque,21,257
regulation,bcs,bcs,21,86
regulation,belt,belt,21,82
regulation,breakthrough,breakthroughs,21,192
regulation,bureaucraci,bureaucracy,21,80
regulation,caruana,caruana,21,52
regulation,cashflow,cashflow,21,61
regulation,causal,causality,21,295
regulation,cbirc,cbirc,21,22
regulation,cbs,cbs,21,85
regulation,chairmanship,chairmanship,21,151
regulation,columbia,columbia,21,211
regulation,consequenti,consequential,21,142
regulation,contradictori,contradictory,21,123
regulation,dent,dent,21,172
regulation,disconnect,disconnect,21,217
regulation,distil,distil,21,104
regulation,dougla,douglas,21,143
regulation,draghi,draghi,21,318
regulation,eighteen,eighteen,21,190
regulation,eleven,eleven,21,259
regulation,em,ems,21,76
regulation,fierc,fierce,21,187
regulation,focal,focal,21,131
regulation,ghos,ghos,21,15
regulation,gorton,gorton,21,80
regulation,gradualist,gradualist,21,81
regulation,harbor,harbor,21,61
regulation,herring,herring,21,27
regulation,iba,iba,21,125
regulation,ideolog,ideology,21,113
regulation,immin,imminent,21,360
regulation,indulg,indulging,21,96
regulation,intertempor,intertemporal,21,138
regulation,joseph,joseph,21,295
regulation,log,log,21,132
regulation,macmillan,macmillan,21,171
regulation,metaphor,metaphor,21,165
regulation,minski,minsky,21,106
regulation,mpm,mpm,21,147
regulation,near,nearing,21,137
regulation,nonclear,noncleared,21,11
regulation,peculiar,peculiarities,21,172
regulation,postul,postulate,21,77
regulation,presuppos,presupposes,21,112
regulation,recept,receptive,21,151
regulation,reinvent,reinvent,21,105
regulation,restat,restated,21,107
regulation,rid,rid,21,86
regulation,salari,salaries,21,431
regulation,scan,scanning,21,94
regulation,seat,seat,21,234
regulation,secret,secret,21,187
regulation,smf,smf,21,16
regulation,spv,spv,21,46
regulation,stanford,stanford,21,164
regulation,statistician,statisticians,21,119
regulation,steven,stevens,21,368
regulation,subsum,subsume,21,49
regulation,supersed,superseded,21,53
regulation,symbol,symbols,21,337
regulation,syndic,syndicated,21,233
regulation,temper,tempered,21,215
regulation,theft,theft,21,99
regulation,theorem,theorem,21,54
regulation,tip,tips,21,278
regulation,tokenis,tokenised,21,36
regulation,tonn,tonnes,21,98
regulation,transcend,transcend,21,109
regulation,uidai,uidai,21,22
regulation,underwritten,underwritten,21,85
regulation,unravel,unravelling,21,143
regulation,unskil,unskilled,21,113
regulation,vanilla,vanilla,21,94
regulation,webpag,webpage,21,68
regulation,work,workings,21,155
regulation,wrap,wrap,21,155
regulation,acced,acceding,20,65
regulation,accustom,accustomed,20,201
regulation,anglo,anglo,20,100
regulation,arabia,arabia,20,114
regulation,ascrib,ascribe,20,150
regulation,bang,bang,20,105
regulation,bern,berne,20,184
regulation,bite,bite,20,102
regulation,blog,blog,20,190
regulation,bondhold,bondholders,20,95
regulation,bore,boring,20,150
regulation,brisban,brisbane,20,77
regulation,brisk,brisk,20,159
regulation,brown,brown,20,176
regulation,bruno,bruno,20,89
regulation,calvo,calvo,20,47
regulation,cold,cold,20,249
regulation,communautair,communautaire,20,44
regulation,communiqu,communique,20,129
regulation,connected,connectedness,20,66
regulation,constel,constellation,20,164
regulation,cup,cup,20,69
regulation,customis,customised,20,75
regulation,deepak,deepak,20,68
regulation,deferr,deferral,20,78
regulation,department,departmental,20,47
regulation,domicil,domiciled,20,84
regulation,dovetail,dovetailed,20,51
regulation,drove,drove,20,236
regulation,everyday,everyday,20,309
regulation,fairer,fairer,20,84
regulation,fleme,fleming,20,43
regulation,francisco,francisco,20,372
regulation,fratzscher,fratzscher,20,68
regulation,frontload,frontloading,20,171
regulation,hindranc,hindrance,20,57
regulation,interrelationship,interrelationships,20,73
regulation,intric,intricate,20,78
regulation,invalu,invaluable,20,293
regulation,invas,invasion,20,238
regulation,janet,janet,20,199
regulation,jonathan,jonathan,20,269
regulation,lawyer,lawyers,20,165
regulation,marcheggiano,marcheggiano,20,19
regulation,milton,milton,20,232
regulation,ngfs,ngfs,20,105
regulation,ojk,ojk,20,41
regulation,persaud,persaud,20,27
regulation,philippin,philippines,20,209
regulation,piketti,piketty,20,19
regulation,postcrisi,postcrisis,20,59
regulation,presidenti,presidential,20,175
regulation,protectionist,protectionist,20,296
regulation,pub,pub,20,53
regulation,pwg,pwg,20,14
regulation,ramp,ramp,20,143
regulation,redraw,redrawing,20,42
regulation,referenc,referenced,20,121
regulation,referr,referral,20,30
regulation,refresh,refresh,20,80
regulation,reopen,reopening,20,298
regulation,resembl,resemble,20,221
regulation,retrain,retraining,20,110
regulation,setback,setbacks,20,308
regulation,shallow,shallow,20,161
regulation,southern,southern,20,306
regulation,sport,sport,20,130
regulation,subramanian,subramanian,20,36
regulation,sync,sync,20,93
regulation,synchronis,synchronised,20,315
regulation,takeov,takeover,20,93
regulation,tame,tame,20,150
regulation,taskforc,taskforce,20,61
regulation,tear,tear,20,92
regulation,threefold,threefold,20,94
regulation,tiber,tiber,20,11
regulation,ticket,ticket,20,160
regulation,tourism,tourism,20,508
regulation,unresolv,unresolved,20,177
regulation,unthink,unthinkable,20,139
regulation,unwelcom,unwelcome,20,184
regulation,upto,upto,20,94
regulation,useabl,useable,20,22
regulation,vantag,vantage,20,83
regulation,walter,walter,20,160
regulation,warehous,warehouse,20,135
regulation,youth,youth,20,328
regulation,admati,admati,19,25
regulation,ail,ailing,19,92
regulation,allen,allen,19,169
regulation,bedrock,bedrock,19,105
regulation,birth,birth,19,376
regulation,brokerdeal,brokerdealers,19,17
regulation,brsa,brsa,19,30
regulation,burn,burn,19,135
regulation,calculus,calculus,19,67
regulation,cement,cement,19,107
regulation,chamber,chamber,19,604
regulation,cherri,cherry,19,30
regulation,chg,chg,19,129
regulation,clock,clock,19,178
regulation,conceal,conceal,19,139
regulation,deed,deeds,19,119
regulation,delhi,delhi,19,229
regulation,delimit,delimitation,19,30
regulation,depriv,deprived,19,217
regulation,discours,discourse,19,170
regulation,eea,eea,19,48
regulation,eighti,eighties,19,208
regulation,eleventh,eleventh,19,95
regulation,enthusiast,enthusiastic,19,165
regulation,estonia,estonia,19,127
regulation,expedi,expedient,19,88
regulation,expiri,expiry,19,48
regulation,finland,finland,19,315
regulation,fraught,fraught,19,170
regulation,ftc,ftc,19,17
regulation,functionari,functionaries,19,49
regulation,gender,gender,19,206
regulation,giavazzi,giavazzi,19,50
regulation,goi,goi,19,52
regulation,gongsheng,gongsheng,19,20
regulation,grave,grave,19,147
regulation,grey,grey,19,122
regulation,groundwork,groundwork,19,158
regulation,harvest,harvest,19,174
regulation,hfcs,hfcs,19,40
regulation,horioka,horioka,19,27
regulation,indiffer,indifferent,19,151
regulation,instantan,instantaneous,19,199
regulation,lab,lab,19,83
regulation,lael,lael,19,130
regulation,liabl,liable,19,151
regulation,liaison,liaison,19,200
regulation,loser,losers,19,146
regulation,luck,luck,19,247
regulation,lump,lump,19,71
regulation,matrix,matrix,19,56
regulation,mediat,mediation,19,110
regulation,meh,meh,19,30
regulation,mfi,mfi,19,77
regulation,moratorium,moratorium,19,91
regulation,mou,mou,19,93
regulation,mpr,mpr,19,200
regulation,nikolov,nikolov,19,45
regulation,orthodox,orthodox,19,66
regulation,panopli,panoply,19,32
regulation,pessimist,pessimistic,19,416
regulation,philadelphia,philadelphia,19,174
regulation,philippon,philippon,19,51
regulation,plummet,plummeted,19,214
regulation,prejudg,prejudge,19,49
regulation,probe,probe,19,81
regulation,quiet,quietly,19,173
regulation,reclassifi,reclassified,19,20
regulation,reifschneid,reifschneider,19,124
regulation,robot,robots,19,106
regulation,rotat,rotation,19,180
regulation,scalabl,scalability,19,105
regulation,semest,semester,19,88
regulation,singular,singular,19,83
regulation,sixti,sixty,19,155
regulation,slip,slipping,19,241
regulation,smoother,smoother,19,156
regulation,smr,smr,19,14
regulation,suppl,supple,19,15
regulation,suspicion,suspicion,19,150
regulation,thomson,thomson,19,138
regulation,thorni,thorny,19,53
regulation,tireless,tirelessly,19,104
regulation,underw,underwent,19,126
regulation,unequ,unequal,19,148
regulation,unitari,unitary,19,48
regulation,unsatisfactori,unsatisfactory,19,155
regulation,vicki,vicky,19,34
regulation,wareh,warehousing,19,88
regulation,wellink,wellink,19,16
regulation,accrual,accruals,18,48
regulation,ach,ach,18,63
regulation,airlin,airline,18,118
regulation,anna,anna,18,117
regulation,arduous,arduous,18,78
regulation,biometr,biometric,18,76
regulation,bipartisan,bipartisan,18,48
regulation,bless,blessing,18,254
regulation,bls,bls,18,92
regulation,bracket,brackets,18,147
regulation,broadest,broadest,18,125
regulation,ccil,ccil,18,72
regulation,cdfi,cdfi,18,25
regulation,cessat,cessation,18,79
regulation,climb,climb,18,357
regulation,conspicu,conspicuous,18,98
regulation,contemporan,contemporaneous,18,126
regulation,cours,courses,18,195
regulation,crop,crop,18,275
regulation,dead,dead,18,165
regulation,defus,defuse,18,74
regulation,demis,demise,18,180
regulation,depict,depicted,18,236
regulation,diamond,diamond,18,159
regulation,dub,dubbed,18,102
regulation,dwarf,dwarf,18,99
regulation,eat,eat,18,232
regulation,elder,elderly,18,304
regulation,emv,emv,18,28
regulation,equilibria,equilibria,18,113
regulation,fatal,fatal,18,115
regulation,father,father,18,253
regulation,fetter,fetters,18,19
regulation,foreshorten,foreshortened,18,14
regulation,fossil,fossil,18,113
regulation,frictionless,frictionless,18,64
regulation,fsma,fsma,18,12
regulation,gambl,gamble,18,118
regulation,gao,gao,18,38
regulation,grand,grand,18,197
regulation,guidotti,guidotti,18,19
regulation,guis,guise,18,59
regulation,hmt,hmt,18,90
regulation,homeownership,homeownership,18,148
regulation,illusori,illusory,18,66
regulation,influx,influx,18,79
regulation,intergovernment,intergovernmental,18,136
regulation,intragroup,intragroup,18,25
regulation,jose,jose,18,244
regulation,laxiti,laxity,18,52
regulation,leak,leak,18,64
regulation,lumpi,lumpy,18,52
regulation,mag,mag,18,16
regulation,magic,magic,18,131
regulation,mantra,mantra,18,59
regulation,medicar,medicare,18,64
regulation,melbourn,melbourne,18,184
regulation,monetis,monetisation,18,124
regulation,monopolist,monopolistic,18,75
regulation,motto,motto,18,181
regulation,mpms,mpms,18,43
regulation,narasimham,narasimham,18,78
regulation,neat,neatly,18,109
regulation,nishimura,nishimura,18,55
regulation,novelti,novelty,18,85
regulation,olson,olson,18,64
regulation,orsa,orsa,18,11
regulation,outmod,outmoded,18,29
regulation,overreact,overreaction,18,181
regulation,particular,particulars,18,59
regulation,permeat,permeate,18,161
regulation,pessim,pessimism,18,242
regulation,ppis,ppis,18,16
regulation,raiffeisen,raiffeisen,18,20
regulation,raini,rainy,18,52
regulation,reevalu,reevaluate,18,57
regulation,reexamin,reexamine,18,72
regulation,refere,referee,18,30
regulation,rhs,rhs,18,195
regulation,saxon,saxon,18,73
regulation,scf,scf,18,29
regulation,ship,shipping,18,332
regulation,speedi,speedy,18,127
regulation,spontan,spontaneously,18,99
regulation,squam,squam,18,12
regulation,star,star,18,155
regulation,starv,starved,18,51
regulation,stern,stern,18,123
regulation,stracca,stracca,18,47
regulation,subsidiar,subsidiarity,18,84
regulation,suprem,supreme,18,116
regulation,sympathet,sympathetic,18,48
regulation,synthet,synthetic,18,197
regulation,tactic,tactics,18,150
regulation,tick,tick,18,149
regulation,traffic,traffic,18,185
regulation,tree,trees,18,111
regulation,unconstrain,unconstrained,18,71
regulation,unimpair,unimpaired,18,19
regulation,unjustifi,unjustified,18,144
regulation,unus,unusable,18,99
regulation,useless,useless,18,83
regulation,vault,vault,18,74
regulation,vet,vetting,18,47
regulation,vintag,vintages,18,113
regulation,vocal,vocal,18,67
regulation,weekend,weekend,18,211
regulation,wheel,wheel,18,168
regulation,workstream,workstreams,18,49
regulation,ac,acs,17,15
regulation,alli,allied,17,183
regulation,arc,arcs,17,56
regulation,armouri,armoury,17,41
regulation,bell,bell,17,177
regulation,bend,bend,17,54
regulation,berlin,berlin,17,295
regulation,blockchain,blockchain,17,99
regulation,brave,brave,17,77
regulation,breed,breed,17,124
regulation,catalyt,catalytic,17,76
regulation,cdos,cdos,17,106
regulation,cell,cells,17,104
regulation,changer,changers,17,91
regulation,chemic,chemicals,17,174
regulation,consortium,consortium,17,92
regulation,crockett,crockett,17,58
regulation,dare,dare,17,129
regulation,discomfort,discomfort,17,76
regulation,disinvest,disinvestment,17,53
regulation,distrust,distrust,17,107
regulation,eco,eco,17,113
regulation,eonia,eonia,17,150
regulation,essay,essays,17,215
regulation,eurogroup,eurogroup,17,142
regulation,expend,expend,17,63
regulation,gambacorta,gambacorta,17,50
regulation,gdds,gdds,17,13
regulation,haibin,haibin,17,10
regulation,hardship,hardship,17,318
regulation,hospit,hospital,17,342
regulation,hulten,hulten,17,13
regulation,icma,icma,17,17
regulation,icor,icor,17,17
regulation,idr,idr,17,27
regulation,ind,ind,17,27
regulation,inescap,inescapable,17,73
regulation,inexor,inexorable,17,122
regulation,infring,infringements,17,47
regulation,instinct,instinct,17,96
regulation,insurmount,insurmountable,17,91
regulation,interrupt,interruption,17,363
regulation,island,island,17,320
regulation,istanbul,istanbul,17,114
regulation,judiciari,judiciary,17,68
regulation,kiley,kiley,17,103
regulation,lane,lane,17,227
regulation,litig,litigation,17,98
regulation,madrid,madrid,17,179
regulation,meltdown,meltdown,17,199
regulation,mint,mint,17,131
regulation,mmf,mmf,17,44
regulation,monetar,monetarism,17,57
regulation,mountain,mountain,17,127
regulation,myopia,myopia,17,42
regulation,nois,noise,17,269
regulation,opin,opined,17,44
regulation,ottawa,ottawa,17,298
regulation,overkil,overkill,17,19
regulation,patel,patel,17,78
regulation,payabl,payable,17,92
regulation,porter,porter,17,40
regulation,portray,portrayed,17,117
regulation,prepaid,prepaid,17,69
regulation,prerog,prerogatives,17,84
regulation,railroad,railroads,17,73
regulation,readjust,readjustment,17,77
regulation,realism,realism,17,66
regulation,regrett,regrettable,17,161
regulation,rey,rey,17,99
regulation,rollout,rollout,17,96
regulation,royal,royal,17,253
regulation,scotland,scotland,17,116
regulation,seldom,seldom,17,112
regulation,shi,shy,17,156
regulation,sleep,sleep,17,92
regulation,slovakia,slovakia,17,99
regulation,spearhead,spearheaded,17,69
regulation,stiglitz,stiglitz,17,101
regulation,sukuk,sukuk,17,28
regulation,swath,swathe,17,92
regulation,swung,swung,17,67
regulation,tenor,tenor,17,198
regulation,terribl,terrible,17,189
regulation,treadway,treadway,17,28
regulation,triumph,triumph,17,76
regulation,unrat,unrated,17,45
regulation,video,video,17,187
regulation,vitor,vitor,17,145
regulation,whichev,whichever,17,97
regulation,woefulli,woefully,17,34
regulation,abcp,abcp,16,101
regulation,acc,acc,16,14
regulation,advocaci,advocacy,16,69
regulation,amelior,ameliorate,16,108
regulation,apart,apartment,16,114
regulation,architect,architects,16,106
regulation,arsenal,arsenal,16,69
regulation,attun,attuned,16,81
regulation,balkan,balkanized,16,44
regulation,boston,boston,16,313
regulation,bpss,bpss,16,14
regulation,bulwark,bulwark,16,63
regulation,burgeon,burgeoning,16,138
regulation,ceiop,ceiops,16,11
regulation,centrepiec,centrepiece,16,48
regulation,champion,champion,16,122
regulation,cheapli,cheaply,16,142
regulation,chen,chen,16,98
regulation,chilean,chilean,16,40
regulation,circuit,circuit,16,109
regulation,contractionari,contractionary,16,265
regulation,cool,cooling,16,324
regulation,countervail,countervailing,16,100
regulation,creep,creep,16,93
regulation,docket,docket,16,17
regulation,dodg,dodge,16,180
regulation,dwindl,dwindled,16,115
regulation,efsf,efsf,16,82
regulation,esteem,esteemed,16,238
regulation,etf,etfs,16,249
regulation,extrapol,extrapolate,16,221
regulation,fallback,fallback,16,47
regulation,fan,fan,16,196
regulation,flesh,flesh,16,74
regulation,footbal,football,16,56
regulation,frbm,frbm,16,57
regulation,furnish,furnish,16,96
regulation,gandhi,gandhi,16,112
regulation,garner,garner,16,114
regulation,gasolin,gasoline,16,271
regulation,glanc,glance,16,207
regulation,htm,htm,16,43
regulation,iban,iban,16,24
regulation,impract,impractical,16,49
regulation,indigen,indigenous,16,79
regulation,insert,inserted,16,62
regulation,jobless,jobless,16,178
regulation,juri,jury,16,137
regulation,kay,kay,16,23
regulation,kok,kok,16,66
regulation,kristin,kristin,16,45
regulation,lacuna,lacuna,16,31
regulation,lgd,lgd,16,22
regulation,lhs,lhs,16,178
regulation,liang,liang,16,79
regulation,libra,libra,16,31
regulation,lien,lien,16,66
regulation,loud,loud,16,72
regulation,luxuri,luxury,16,128
regulation,manila,manila,16,14
regulation,marketbas,marketbased,16,77
regulation,misguid,misguided,16,160
regulation,naic,naic,16,11
regulation,nomine,nominee,16,35
regulation,nonresid,nonresidents,16,78
regulation,nout,nout,16,11
regulation,omit,omitted,16,116
regulation,pare,pare,16,59
regulation,patriot,patriot,16,40
regulation,payrol,payroll,16,396
regulation,peck,pecking,16,34
regulation,perenni,perennial,16,64
regulation,peril,perils,16,146
regulation,peterson,peterson,16,199
regulation,pfandbrief,pfandbrief,16,30
regulation,pipe,pipes,16,75
regulation,plenari,plenary,16,162
regulation,poland,poland,16,213
regulation,polar,polar,16,124
regulation,ponder,ponder,16,99
regulation,postwar,postwar,16,191
regulation,precious,precious,16,158
regulation,psd,psd,16,19
regulation,qua,qua,16,104
regulation,recast,recast,16,33
regulation,receivership,receivership,16,35
regulation,recordkeep,recordkeeping,16,26
regulation,regret,regret,16,169
regulation,reinstat,reinstate,16,68
regulation,restart,restart,16,168
regulation,resurrect,resurrection,16,50
regulation,risktak,risktaking,16,74
regulation,runnabl,runnable,16,24
regulation,san,san,16,437
regulation,scarcer,scarcer,16,52
regulation,semiannu,semiannual,16,239
regulation,semiconductor,semiconductors,16,176
regulation,sensitis,sensitise,16,56
regulation,simon,simon,16,237
regulation,sine,sine,16,102
regulation,speedier,speedier,16,55
regulation,stagger,staggered,16,177
regulation,stagnant,stagnant,16,261
regulation,stead,stead,16,52
regulation,synonym,synonymous,16,106
regulation,thorat,thorat,16,55
regulation,trebl,trebled,16,61
regulation,underpr,underpricing,16,127
regulation,unrealis,unrealised,16,42
regulation,veloc,velocity,16,185
regulation,vivid,vivid,16,222
regulation,warranti,warranties,16,21
regulation,webcast,webcast,16,178
regulation,whatsoev,whatsoever,16,87
regulation,yale,yale,16,124
regulation,adult,adults,15,357
regulation,advisor,advisors,15,178
regulation,af,afs,15,12
regulation,afraid,afraid,15,217
regulation,aiyar,aiyar,15,20
regulation,antiqu,antiquated,15,30
regulation,athanasio,athanasios,15,69
regulation,baker,baker,15,67
regulation,beij,beijing,15,168
regulation,benjamin,benjamin,15,159
regulation,bordo,bordo,15,88
regulation,cardhold,cardholders,15,46
regulation,christiano,christiano,15,80
regulation,cip,cip,15,69
regulation,clearanc,clearance,15,93
regulation,closest,closest,15,154
regulation,cohort,cohorts,15,145
regulation,commonplac,commonplace,15,87
regulation,commonwealth,commonwealth,15,120
regulation,dark,dark,15,267
regulation,dec,dec,15,204
regulation,defi,defi,15,82
regulation,dens,dense,15,78
regulation,der,der,15,244
regulation,disguis,disguise,15,104
regulation,downhil,downhill,15,16
regulation,duffi,duffie,15,53
regulation,earthquak,earthquake,15,244
regulation,ebb,ebb,15,94
regulation,enrol,enrollment,15,134
regulation,err,err,15,81
regulation,eucken,eucken,15,19
regulation,finsia,finsia,15,16
regulation,flatten,flattening,15,379
regulation,flatter,flatter,15,179
regulation,fool,fool,15,74
regulation,forerunn,forerunner,15,68
regulation,foresight,foresight,15,157
regulation,freder,frederic,15,119
regulation,frozen,frozen,15,111
regulation,genesi,genesis,15,105
regulation,glenn,glenn,15,232
regulation,glut,glut,15,197
regulation,gray,gray,15,57
regulation,handicap,handicap,15,93
regulation,hint,hint,15,189
regulation,hypothes,hypotheses,15,169
regulation,inbuilt,inbuilt,15,32
regulation,infinit,infinitely,15,99
regulation,irrevoc,irrevocable,15,172
regulation,jeopard,jeopardizing,15,174
regulation,liberti,liberty,15,110
regulation,lti,lti,15,34
regulation,lunch,lunch,15,228
regulation,malcolm,malcolm,15,41
regulation,malfunct,malfunctioning,15,163
regulation,mbs,mbs,15,122
regulation,mca,mca,15,17
regulation,merton,merton,15,36
regulation,microstructur,microstructure,15,64
regulation,milieu,milieu,15,59
regulation,mimic,mimic,15,63
regulation,mismeasur,mismeasurement,15,81
regulation,mixtur,mixture,15,111
regulation,mmfs,mmfs,15,53
regulation,monday,monday,15,190
regulation,mover,mover,15,99
regulation,multidisciplinari,multidisciplinary,15,40
regulation,nbfi,nbfi,15,27
regulation,nicoletti,nicoletti,15,41
regulation,ofth,ofthe,15,40
regulation,ot,ots,15,29
regulation,overregul,overregulation,15,19
regulation,padoa,padoa,15,117
regulation,para,para,15,59
regulation,pathway,pathways,15,102
regulation,pcr,pcr,15,16
regulation,philosoph,philosophical,15,177
regulation,posen,posen,15,83
regulation,prais,praise,15,224
regulation,prefund,prefunding,15,30
regulation,rearrang,rearrange,15,45
regulation,recessionari,recessionary,15,175
regulation,reschedul,rescheduling,15,71
regulation,scarpetta,scarpetta,15,24
regulation,scrupul,scrupulous,15,41
regulation,sdd,sdd,15,15
regulation,shgs,shgs,15,57
regulation,shrunk,shrunk,15,170
regulation,shyamala,shyamala,15,50
regulation,sin,sin,15,73
regulation,slot,slotting,15,27
regulation,smaghi,smaghi,15,123
regulation,smartphon,smartphone,15,162
regulation,smoothen,smoothen,15,95
regulation,spawn,spawned,15,106
regulation,stabli,stably,15,95
regulation,steeper,steeper,15,143
regulation,substandard,substandard,15,24
regulation,sweeney,sweeney,15,14
regulation,takeaway,takeaways,15,80
regulation,themat,thematic,15,104
regulation,truck,trucks,15,101
regulation,unlist,unlisted,15,41
regulation,upset,upset,15,64
regulation,uptrend,uptrend,15,250
regulation,vagari,vagaries,15,72
regulation,wear,wear,15,134
regulation,aci,aci,14,48
regulation,admir,admirably,14,195
regulation,ae,aes,14,67
regulation,allianc,alliances,14,199
regulation,amc,amcs,14,17
regulation,ampli,amply,14,115
regulation,amsterdam,amsterdam,14,209
regulation,andrea,andrea,14,213
regulation,anonym,anonymous,14,197
regulation,argentin,argentine,14,88
regulation,arithmet,arithmetic,14,207
regulation,arrow,arrow,14,85
regulation,arvind,arvind,14,50
regulation,beauti,beautiful,14,348
regulation,bestow,bestowed,14,134
regulation,binari,binary,14,51
regulation,bini,bini,14,125
regulation,bona,bona,14,26
regulation,brush,brush,14,79
regulation,bureaus,bureaus,14,65
regulation,caballero,caballero,14,100
regulation,cabinet,cabinet,14,302
regulation,cadr,cadre,14,56
regulation,cape,cape,14,112
regulation,cleveland,cleveland,14,141
regulation,codif,codification,14,16
regulation,companion,companion,14,59
regulation,congruenc,congruence,14,27
regulation,constru,construed,14,57
regulation,copenhagen,copenhagen,14,45
regulation,counterbal,counterbalance,14,56
regulation,credenti,credentials,14,90
regulation,csbs,csbs,14,23
regulation,decarbonis,decarbonisation,14,39
regulation,dichotomi,dichotomy,14,82
regulation,die,die,14,331
regulation,disallow,disallow,14,24
regulation,disentangl,disentangle,14,197
regulation,dutch,dutch,14,172
regulation,duvvuri,duvvuri,14,105
regulation,eiopa,eiopa,14,41
regulation,elsevi,elsevier,14,132
regulation,endless,endless,14,102
regulation,enquiri,enquiry,14,121
regulation,enumer,enumerate,14,80
regulation,est,est,14,153
regulation,euphoria,euphoria,14,132
regulation,evan,evans,14,173
regulation,evergreen,evergreening,14,39
regulation,fitch,fitch,14,63
regulation,flavour,flavour,14,96
regulation,franci,francis,14,79
regulation,gari,gary,14,82
regulation,gate,gates,14,114
regulation,gcc,gcc,14,49
regulation,hall,hall,14,263
regulation,heal,healing,14,150
regulation,howard,howard,14,65
regulation,inconveni,inconvenient,14,120
regulation,incred,incredible,14,166
regulation,infeas,infeasible,14,39
regulation,instil,instill,14,138
regulation,interf,interfering,14,81
regulation,interwar,interwar,14,40
regulation,jalan,jalan,14,68
regulation,jimenez,jimenez,14,51
regulation,kill,kill,14,100
regulation,kim,kim,14,168
regulation,laeven,laeven,14,73
regulation,lighten,lighten,14,40
regulation,mediumterm,mediumterm,14,128
regulation,mend,mend,14,82
regulation,miracl,miracle,14,152
regulation,modular,modular,14,30
regulation,mohanti,mohanty,14,90
regulation,nba,nba,14,24
regulation,ndtl,ndtl,14,44
regulation,nervous,nervous,14,199
regulation,neutralis,neutralise,14,87
regulation,nordic,nordic,14,80
regulation,norway,norway,14,230
regulation,npp,npp,14,21
regulation,offenc,offence,14,40
regulation,olin,oliner,14,45
regulation,outlet,outlets,14,161
regulation,panetta,panetta,14,99
regulation,philipp,philipp,14,185
regulation,plough,ploughed,14,14
regulation,portabl,portability,14,76
regulation,potent,potent,14,142
regulation,processor,processors,14,39
regulation,purport,purported,14,85
regulation,recoup,recoup,14,110
regulation,reg,reg,14,30
regulation,remnant,remnants,14,33
regulation,rescind,rescind,14,18
regulation,reshef,reshef,14,13
regulation,rodriguez,rodriguez,14,85
regulation,roman,roman,14,89
regulation,rome,rome,14,194
regulation,sba,sba,14,28
regulation,scatter,scattered,14,73
regulation,schioppa,schioppa,14,115
regulation,scrambl,scramble,14,94
regulation,selfregul,selfregulation,14,19
regulation,selfregulatori,selfregulatory,14,10
regulation,servant,servant,14,156
regulation,signifi,signifies,14,140
regulation,sober,sobering,14,144
regulation,socialist,socialist,14,109
regulation,stiff,stiff,14,41
regulation,strictest,strictest,14,24
regulation,sunshin,sunshine,14,20
regulation,tini,tiny,14,97
regulation,tommaso,tommaso,14,103
regulation,tragic,tragic,14,185
regulation,trai,trai,14,13
regulation,tricki,tricky,14,103
regulation,ukrain,ukraine,14,406
regulation,unchart,uncharted,14,194
regulation,undercapitalis,undercapitalised,14,52
regulation,undisput,undisputed,14,85
regulation,unhelp,unhelpful,14,89
regulation,unpopular,unpopular,14,130
regulation,unreli,unreliable,14,126
regulation,vaccin,vaccinations,14,288
regulation,vindic,vindicated,14,81
regulation,wherewith,wherewithal,14,56
regulation,wilkin,wilkins,14,115
regulation,writer,writers,14,123
regulation,zhou,zhou,14,109
regulation,adjunct,adjuncts,13,37
regulation,anacredit,anacredit,13,12
regulation,ancillari,ancillary,13,81
regulation,arch,arching,13,36
regulation,bank,banked,13,76
regulation,bean,bean,13,239
regulation,beta,beta,13,38
regulation,bolt,bolts,13,29
regulation,bounc,bounce,13,276
regulation,brink,brink,13,114
regulation,bullet,bullet,13,99
regulation,cadburi,cadbury,13,15
regulation,carnegierochest,carnegierochester,13,12
regulation,cas,cas,13,14
regulation,cautionari,cautionary,13,69
regulation,cbest,cbest,13,18
regulation,choke,choking,13,82
regulation,churn,churning,13,109
regulation,citigroup,citigroup,13,93
regulation,clientel,clientele,13,72
regulation,compass,compass,13,126
regulation,consecut,consecutive,13,630
regulation,conundrum,conundrum,13,108
regulation,costlier,costlier,13,38
regulation,diagram,diagram,13,69
regulation,dictionari,dictionary,13,85
regulation,diminut,diminution,13,50
regulation,dissimilar,dissimilar,13,92
regulation,dissolv,dissolved,13,47
regulation,drafter,drafters,13,31
regulation,drawdown,drawdown,13,56
regulation,earth,earth,13,125
regulation,edi,edis,13,45
regulation,edific,edifice,13,50
regulation,eftpo,eftpos,13,25
regulation,encrypt,encryption,13,54
regulation,enterprisewid,enterprisewide,13,14
regulation,espous,espoused,13,48
regulation,feat,feat,13,51
regulation,fide,fide,13,30
regulation,finit,finite,13,75
regulation,foolish,foolish,13,67
regulation,fraudul,fraudulent,13,136
regulation,furlough,furlough,13,61
regulation,gnp,gnp,13,99
regulation,god,god,13,220
regulation,grace,grace,13,110
regulation,gravit,gravitate,13,81
regulation,greenhous,greenhouse,13,98
regulation,greenwood,greenwood,13,38
regulation,grid,grid,13,69
regulation,guilti,guilty,13,40
regulation,gulf,gulf,13,133
regulation,hardwir,hardwired,13,26
regulation,harri,harris,13,101
regulation,hast,haste,13,35
regulation,hellwig,hellwig,13,35
regulation,holi,holy,13,106
regulation,hover,hover,13,349
regulation,hunter,hunter,13,35
regulation,idrbt,idrbt,13,58
regulation,imprecis,imprecise,13,142
regulation,inculc,inculcate,13,61
regulation,infrequ,infrequent,13,125
regulation,jlf,jlf,13,18
regulation,jone,jones,13,193
regulation,lagard,lagarde,13,191
regulation,lar,lars,13,115
regulation,latent,latent,13,149
regulation,liraiz,liraization,13,10
regulation,lombard,lombard,13,145
regulation,longerterm,longerterm,13,152
regulation,lorenzo,lorenzo,13,124
regulation,ltros,ltros,13,104
regulation,lvrs,lvrs,13,11
regulation,mari,mary,13,135
regulation,mdis,mdis,13,15
regulation,miner,mineral,13,162
regulation,misunderstood,misunderstood,13,109
regulation,mood,mood,13,185
regulation,mous,mous,13,59
regulation,ngos,ngos,13,82
regulation,omiss,omissions,13,85
regulation,overburden,overburden,13,80
regulation,pdai,pdai,13,28
regulation,peseta,peseta,13,27
regulation,pill,pill,13,83
regulation,pisa,pisa,13,27
regulation,pois,poised,13,190
regulation,pour,pouring,13,104
regulation,prasad,prasad,13,68
regulation,predictor,predictor,13,129
regulation,preposit,prepositioned,13,11
regulation,pride,pride,13,234
regulation,priori,priori,13,90
regulation,rage,rage,13,81
regulation,rail,rails,13,139
regulation,reappear,reappear,13,54
regulation,reconfigur,reconfigure,13,53
regulation,redefinit,redefinition,13,27
regulation,redoubl,redouble,13,92
regulation,reemphas,reemphasized,13,46
regulation,refund,refund,13,58
regulation,regimen,regimen,13,17
regulation,rekindl,rekindle,13,49
regulation,res,res,13,26
regulation,rotemberg,rotemberg,13,37
regulation,schoenmak,schoenmaker,13,53
regulation,seventi,seventies,13,192
regulation,shame,shame,13,35
regulation,siegert,siegert,13,17
regulation,slash,slashed,13,87
regulation,slovenia,slovenia,13,153
regulation,son,sons,13,158
regulation,sonia,sonia,13,43
regulation,stall,stalled,13,291
regulation,stat,stat,13,41
regulation,steadfast,steadfast,13,102
regulation,strahan,strahan,13,26
regulation,subsist,subsistence,13,51
regulation,sun,sun,13,136
regulation,sweet,sweet,13,47
regulation,synergist,synergistic,13,35
regulation,synthesi,synthesis,13,85
regulation,tenur,tenure,13,207
regulation,testament,testament,13,139
regulation,thwart,thwart,13,89
regulation,toll,toll,13,262
regulation,trail,trail,13,121
regulation,transatlant,transatlantic,13,57
regulation,unbias,unbiased,13,83
regulation,unfavor,unfavorable,13,241
regulation,unsettl,unsettled,13,187
regulation,unsuccess,unsuccessful,13,121
regulation,usha,usha,13,56
regulation,verit,veritable,13,49
regulation,wellfunct,wellfunctioning,13,60
regulation,wing,wings,13,75
regulation,wyom,wyoming,13,202
regulation,zlate,zlate,13,12
regulation,adjud,adjudication,12,41
regulation,ahm,ahmed,12,50
regulation,antidot,antidote,12,48
regulation,anxieti,anxiety,12,270
regulation,appl,apple,12,110
regulation,aqr,aqr,12,36
regulation,beneath,beneath,12,108
regulation,bfs,bfs,12,41
regulation,breath,breathing,12,110
regulation,brick,brick,12,172
regulation,broadbent,broadbent,12,193
regulation,broadcast,broadcasting,12,91
regulation,buyback,buybacks,12,84
regulation,casualti,casualties,12,82
regulation,census,census,12,246
regulation,cet,cet,12,26
regulation,cfm,cfm,12,16
regulation,chakrabarti,chakrabarty,12,118
regulation,chris,chris,12,235
regulation,christoph,christopher,12,290
regulation,chunk,chunk,12,68
regulation,circumscrib,circumscribed,12,67
regulation,claessen,claessens,12,78
regulation,clue,clue,12,136
regulation,cme,cme,12,38
regulation,confess,confess,12,124
regulation,cook,cooking,12,83
regulation,counti,county,12,148
regulation,crowdfund,crowdfunding,12,30
regulation,cts,cts,12,24
regulation,cunliff,cunliffe,12,132
regulation,curious,curious,12,83
regulation,cyprus,cyprus,12,151
regulation,debacl,debacle,12,62
regulation,deepest,deepest,12,224
regulation,deliver,deliverable,12,87
regulation,desist,desist,12,24
regulation,diagnost,diagnostic,12,79
regulation,dicgc,dicgc,12,26
regulation,dig,dig,12,102
regulation,disabl,disabled,12,144
regulation,disposit,disposition,12,68
regulation,doctor,doctors,12,181
regulation,draconian,draconian,12,27
regulation,dress,dressing,12,57
regulation,dualiti,duality,12,29
regulation,egg,eggs,12,118
regulation,elector,electoral,12,148
regulation,embargo,embargo,12,132
regulation,emphat,emphatically,12,63
regulation,eponym,eponymous,12,19
regulation,etho,ethos,12,53
regulation,feb,feb,12,191
regulation,fip,fips,12,48
regulation,firmer,firmer,12,133
regulation,fledgl,fledgling,12,44
regulation,flee,flee,12,38
regulation,fli,fly,12,134
regulation,fluid,fluid,12,78
regulation,foodgrain,foodgrains,12,34
regulation,founder,founders,12,191
regulation,franklin,franklin,12,101
regulation,friday,friday,12,225
regulation,ghosh,ghosh,12,67
regulation,gini,gini,12,54
regulation,glare,glaringly,12,50
regulation,goldilock,goldilocks,12,32
regulation,googl,google,12,115
regulation,grandfath,grandfathering,12,51
regulation,graveyard,graveyard,12,20
regulation,grenvill,grenville,12,28
regulation,grossman,grossman,12,21
regulation,guy,guy,12,144
regulation,hammer,hammer,12,51
regulation,headway,headway,12,67
regulation,henri,henry,12,167
regulation,heritag,heritage,12,167
regulation,hide,hide,12,191
regulation,honesti,honesty,12,60
regulation,hors,horse,12,79
regulation,illumin,illuminating,12,98
regulation,im,ims,12,11
regulation,infinet,infinet,12,38
regulation,ipo,ipo,12,57
regulation,irish,irish,12,122
regulation,jaim,jaime,12,70
regulation,jeann,jeanne,12,50
regulation,jeffrey,jeffrey,12,119
regulation,johannesburg,johannesburg,12,169
regulation,journalist,journalist,12,183
regulation,jse,jse,12,55
regulation,kaufman,kaufman,12,35
regulation,kenneth,kenneth,12,237
regulation,laubach,laubach,12,136
regulation,lautenschlag,lautenschlager,12,82
regulation,lithuania,lithuania,12,86
regulation,livelihood,livelihoods,12,230
regulation,love,love,12,200
regulation,lse,lse,12,96
regulation,lull,lulled,12,105
regulation,maechler,maechler,12,61
regulation,mario,mario,12,302
regulation,marri,married,12,76
regulation,metrick,metrick,12,39
regulation,monet,monetization,12,123
regulation,mtm,mtm,12,28
regulation,multiannu,multiannual,12,13
regulation,mutat,mutation,12,80
regulation,networth,networth,12,11
regulation,noncompli,noncompliance,12,21
regulation,nonstandard,nonstandard,12,68
regulation,nris,nris,12,26
regulation,obstruct,obstruct,12,85
regulation,offbal,offbalance,12,32
regulation,offlin,offline,12,51
regulation,oftentim,oftentimes,12,41
regulation,orbit,orbit,12,21
regulation,ostens,ostensibly,12,54
regulation,oulton,oulton,12,20
regulation,outgrown,outgrown,12,12
regulation,outturn,outturn,12,177
regulation,pauciti,paucity,12,69
regulation,pce,pce,12,251
regulation,petroleum,petroleum,12,284
regulation,pie,pie,12,70
regulation,pitch,pitch,12,61
regulation,popov,popov,12,56
regulation,ppi,ppi,12,83
regulation,practis,practised,12,100
regulation,precaut,precaution,12,125
regulation,psr,psr,12,11
regulation,pullback,pullback,12,108
regulation,purpl,purple,12,44
regulation,raf,raf,12,10
regulation,rangarajan,rangarajan,12,103
regulation,recalcul,recalculated,12,20
regulation,recount,recount,12,104
regulation,redenomin,redenomination,12,92
regulation,rediscount,rediscount,12,77
regulation,reemerg,reemergence,12,68
regulation,reinhardt,reinhardt,12,21
regulation,reinterpret,reinterpreted,12,30
regulation,relentless,relentless,12,120
regulation,repli,reply,12,161
regulation,revel,revelation,12,83
regulation,rhetor,rhetoric,12,111
regulation,ricardo,ricardo,12,124
regulation,riskless,riskless,12,78
regulation,rls,rls,12,14
regulation,roa,roa,12,60
regulation,rostagno,rostagno,12,104
regulation,sach,sachs,12,173
regulation,salutari,salutary,12,71
regulation,sand,sand,12,94
regulation,scrutin,scrutinize,12,85
regulation,seal,seal,12,59
regulation,sebastian,sebastian,12,44
regulation,shake,shake,12,97
regulation,shiller,shiller,12,96
regulation,shorthand,shorthand,12,42
regulation,signatori,signatory,12,47
regulation,sincer,sincerely,12,437
regulation,softer,softer,12,157
regulation,soviet,soviet,12,139
regulation,spurt,spurt,12,109
regulation,stephen,stephen,12,355
regulation,straightjacket,straightjacket,12,15
regulation,strenuous,strenuous,12,76
regulation,stuff,stuff,12,64
regulation,superfici,superficially,12,87
regulation,swedish,swedish,12,146
regulation,syariah,syariah,12,12
regulation,sympathi,sympathy,12,108
regulation,tantrum,tantrum,12,152
regulation,texa,texas,12,123
regulation,tfeu,tfeu,12,23
regulation,thereund,thereunder,12,11
regulation,thou,thou,12,14
regulation,tragedi,tragedy,12,157
regulation,tran,trans,12,91
regulation,trichet,trichet,12,430
regulation,truncat,truncation,12,74
regulation,tsatsaroni,tsatsaronis,12,22
regulation,twist,twist,12,152
regulation,unbalanc,unbalanced,12,129
regulation,unbridl,unbridled,12,41
regulation,und,und,12,199
regulation,undeni,undeniable,12,200
regulation,undercut,undercut,12,57
regulation,underground,underground,12,73
regulation,underperform,underperforming,12,162
regulation,unelect,unelected,12,60
regulation,uneth,unethical,12,50
regulation,unorthodox,unorthodox,12,38
regulation,unscath,unscathed,12,101
regulation,unveil,unveiled,12,131
regulation,unviabl,unviable,12,80
regulation,unwilling,unwillingness,12,68
regulation,urjit,urjit,12,26
regulation,vanish,vanished,12,119
regulation,victoria,victoria,12,178
regulation,virus,virus,12,279
regulation,von,von,12,217
regulation,width,width,12,93
regulation,workhors,workhorse,12,48
regulation,wos,wos,12,13
regulation,abound,abound,11,73
regulation,academician,academicians,11,77
regulation,adair,adair,11,17
regulation,adept,adept,11,43
regulation,alexandr,alexandre,11,40
regulation,anand,anand,11,57
regulation,andi,andy,11,99
regulation,anil,anil,11,85
regulation,anticipatori,anticipatory,11,39
regulation,apolog,apology,11,61
regulation,artifact,artifacts,11,16
regulation,ascend,ascend,11,65
regulation,astonish,astonishing,11,108
regulation,austria,austria,11,256
regulation,avalanch,avalanche,11,29
regulation,balkanis,balkanisation,11,13
regulation,bbb,bbb,11,101
regulation,bloc,bloc,11,145
regulation,bode,bode,11,96
regulation,booklet,booklet,11,38
regulation,bundl,bundle,11,158
regulation,byproduct,byproduct,11,61
regulation,camp,camp,11,105
regulation,caprici,capricious,11,27
regulation,caribbean,caribbean,11,90
regulation,cascad,cascade,11,145
regulation,cashless,cashless,11,155
regulation,ccbs,ccbs,11,16
regulation,cdr,cdr,11,22
regulation,chakravarti,chakravarty,11,19
regulation,cleans,cleansing,11,38
regulation,clearest,clearest,11,98
regulation,colour,colour,11,188
regulation,cop,cop,11,21
regulation,corrado,corrado,11,28
regulation,cousin,cousin,11,37
regulation,crilc,crilc,11,26
regulation,crux,crux,11,42
regulation,curios,curiosity,11,67
regulation,datastream,datastream,11,144
regulation,dawn,dawn,11,113
regulation,demystifi,demystify,11,34
regulation,despair,despair,11,64
regulation,dial,dial,11,47
regulation,dialect,dialectics,11,16
regulation,digest,digested,11,111
regulation,digress,digress,11,66
regulation,dissent,dissenting,11,112
regulation,divestitur,divestiture,11,25
regulation,drehmann,drehmann,11,44
regulation,drought,drought,11,262
regulation,duma,duma,11,71
regulation,eddi,eddie,11,67
regulation,elud,elude,11,39
regulation,emeap,emeap,11,59
regulation,enjoin,enjoined,11,47
regulation,enviabl,enviable,11,40
regulation,epidemiolog,epidemiological,11,39
regulation,erad,eradicated,11,114
regulation,etern,eternal,11,70
regulation,euromoney,euromoney,11,50
regulation,exchequ,exchequer,11,119
regulation,existenti,existential,11,68
regulation,exposit,exposition,11,121
regulation,fabric,fabric,11,158
regulation,familiaris,familiarise,11,60
regulation,femal,female,11,215
regulation,fickl,fickle,11,28
regulation,flash,flash,11,208
regulation,foreclos,foreclosed,11,90
regulation,fpi,fpi,11,19
regulation,frisbe,frisbee,11,15
regulation,fscs,fscs,11,20
regulation,futil,futile,11,70
regulation,govt,govt,11,43
regulation,graviti,gravity,11,138
regulation,guindo,guindos,11,101
regulation,harden,hardening,11,85
regulation,hastili,hastily,11,35
regulation,hebden,hebden,11,29
regulation,hill,hill,11,160
regulation,homebuy,homebuyers,11,109
regulation,hostil,hostilities,11,100
regulation,iceland,icelandic,11,103
regulation,idl,idle,11,160
regulation,immut,immutable,11,45
regulation,impati,impatient,11,45
regulation,incap,incapable,11,73
regulation,inferior,inferior,11,88
regulation,ingrain,ingrained,11,69
regulation,intrigu,intriguing,11,118
regulation,iss,issing,11,212
regulation,jakarta,jakarta,11,141
regulation,kalem,kalemli,11,43
regulation,khan,khan,11,102
regulation,krueger,krueger,11,66
regulation,laissez,laissez,11,42
regulation,laudabl,laudable,11,61
regulation,lawrenc,lawrence,11,199
regulation,leeladhar,leeladhar,11,28
regulation,lifelong,lifelong,11,101
regulation,liu,liu,11,59
regulation,lng,lng,11,55
regulation,lockdown,lockdown,11,279
regulation,lodg,lodged,11,55
regulation,logarithm,logarithm,11,21
regulation,mai,mai,11,114
regulation,mail,mail,11,128
regulation,mainland,mainland,11,56
regulation,mayor,mayor,11,147
regulation,mediterranean,mediterranean,11,82
regulation,merchandis,merchandise,11,188
regulation,mesh,meshed,11,32
regulation,meticul,meticulous,11,58
regulation,midpoint,midpoint,11,250
regulation,midsiz,midsize,11,16
regulation,militari,military,11,177
regulation,moor,moore,11,118
regulation,mtp,mtp,11,27
regulation,multiyear,multiyear,11,38
regulation,mutualis,mutualised,11,49
regulation,ndp,ndp,11,17
regulation,newspap,newspapers,11,259
regulation,night,night,11,204
regulation,nop,nop,11,39
regulation,nri,nri,11,46
regulation,number,numbering,11,55
regulation,obey,obey,11,37
regulation,oct,oct,11,223
regulation,oft,oft,11,79
regulation,ohio,ohio,11,75
regulation,olivi,olivier,11,151
regulation,ombudsmen,ombudsmen,11,24
regulation,onboard,onboarding,11,33
regulation,operation,operationalizing,11,46
regulation,overhead,overhead,11,49
regulation,overt,overt,11,46
regulation,padmanabhan,padmanabhan,11,43
regulation,painless,painlessly,11,45
regulation,pair,pair,11,188
regulation,panelist,panelists,11,124
regulation,parcel,parcel,11,73
regulation,penc,pence,11,43
regulation,photograph,photographs,11,51
regulation,pierr,pierre,11,297
regulation,pinpoint,pinpoint,11,68
regulation,planet,planet,11,121
regulation,plc,plc,11,27
regulation,precrisi,precrisis,11,76
regulation,precursor,precursor,11,103
regulation,preempt,preempting,11,79
regulation,protest,protest,11,87
regulation,psp,psp,11,12
regulation,punit,punitive,11,47
regulation,purs,purse,11,78
regulation,queri,queries,11,59
regulation,quicken,quicken,11,79
regulation,rakesh,rakesh,11,92
regulation,ratchet,ratchet,11,84
regulation,recit,recital,11,39
regulation,reckless,reckless,11,95
regulation,reconstitut,reconstituted,11,36
regulation,reflex,reflex,11,32
regulation,reformul,reformulated,11,30
regulation,rei,reis,11,61
regulation,renam,renamed,11,48
regulation,reset,reset,11,118
regulation,richardson,richardson,11,42
regulation,riegl,riegle,11,31
regulation,ripe,ripe,11,85
regulation,rpix,rpix,11,115
regulation,samuelson,samuelson,11,108
regulation,scottish,scottish,11,76
regulation,sdls,sdls,11,12
regulation,sept,sept,11,79
regulation,serious,seriousness,11,105
regulation,shg,shg,11,35
regulation,sis,sis,11,29
regulation,slice,slice,11,106
regulation,sna,sna,11,50
regulation,sour,sour,11,53
regulation,spelt,spelt,11,64
regulation,steam,steam,11,189
regulation,supra,supra,11,48
regulation,suptech,suptech,11,13
regulation,tast,taste,11,108
regulation,tetlow,tetlow,11,48
regulation,tourist,tourist,11,195
regulation,transient,transient,11,98
regulation,travers,traverse,11,73
regulation,troublesom,troublesome,11,64
regulation,tsomoco,tsomocos,11,14
regulation,ultra,ultra,11,124
regulation,umpir,umpire,11,13
regulation,unattract,unattractive,11,98
regulation,unhealthi,unhealthy,11,99
regulation,unintent,unintentionally,11,60
regulation,unsur,unsure,11,70
regulation,upi,upi,11,52
regulation,vagu,vague,11,127
regulation,vector,vector,11,90
regulation,victim,victim,11,180
regulation,ward,ward,11,126
regulation,wheat,wheat,11,142
regulation,windfal,windfall,11,92
regulation,wpi,wpi,11,124
regulation,zabotkin,zabotkin,11,20
regulation,addict,addiction,10,37
regulation,afresh,afresh,10,25
regulation,alex,alex,10,140
regulation,alexand,alexander,10,122
regulation,amplitud,amplitude,10,114
regulation,andrei,andrei,10,30
regulation,antimoney,antimoney,10,11
regulation,anton,anton,10,26
regulation,appris,apprised,10,15
regulation,arbitrageur,arbitrageur,10,28
regulation,armi,army,10,77
regulation,arthur,arthur,10,145
regulation,assidu,assiduously,10,35
regulation,attorney,attorneys,10,76
regulation,auster,austerity,10,174
regulation,automot,automotive,10,133
regulation,barth,barth,10,14
regulation,bay,bay,10,82
regulation,bcci,bcci,10,30
regulation,bea,bea,10,36
regulation,beat,beat,10,129
regulation,becker,becker,10,40
regulation,bed,bed,10,53
regulation,berg,berg,10,46
regulation,berger,berger,10,69
regulation,bimetal,bimetallic,10,14
regulation,blattner,blattner,10,56
regulation,bocconi,bocconi,10,36
regulation,boil,boils,10,92
regulation,bolder,bolder,10,37
regulation,bric,brics,10,119
regulation,brunt,brunt,10,103
regulation,buiter,buiter,10,76
regulation,carolina,carolina,10,89
regulation,cartel,cartel,10,31
regulation,cataclysm,cataclysm,10,25
regulation,cdcs,cdcs,10,14
regulation,cellular,cellular,10,41
regulation,cgs,cgs,10,14
regulation,chao,chaos,10,84
regulation,chest,chests,10,40
regulation,christensen,christensen,10,21
regulation,clark,clark,10,98
regulation,claud,claude,10,412
regulation,clever,clever,10,62
regulation,cloth,cloth,10,245
regulation,coalit,coalition,10,146
regulation,coincident,coincidentally,10,60
regulation,colloquium,colloquium,10,73
regulation,concession,concessional,10,65
regulation,concur,concurs,10,92
regulation,condemn,condemn,10,80
regulation,conjectur,conjecture,10,156
regulation,conscienti,conscientiously,10,31
regulation,crm,crm,10,18
regulation,degrad,degradation,10,100
regulation,demirguc,demirguc,10,36
regulation,demographi,demography,10,86
regulation,des,des,10,192
regulation,destini,destiny,10,140
regulation,dire,dire,10,134
regulation,disincentivis,disincentivise,10,27
regulation,dog,dog,10,117
regulation,dvp,dvp,10,82
regulation,earmark,earmarking,10,73
regulation,easiest,easiest,10,72
regulation,ecolog,ecological,10,74
regulation,econd,econd,10,23
regulation,elementari,elementary,10,94
regulation,elizabeth,elizabeth,10,126
regulation,elus,elusive,10,177
regulation,engel,engels,10,29
regulation,er,erring,10,46
regulation,esoter,esoteric,10,41
regulation,eurepo,eurepo,10,14
regulation,euroland,euroland,10,63
regulation,explod,exploded,10,95
regulation,fallibl,fallible,10,22
regulation,farther,farther,10,56
regulation,fertilis,fertilisation,10,71
regulation,fha,fha,10,37
regulation,fig,fig,10,24
regulation,fisc,fisc,10,40
regulation,foolproof,foolproof,10,25
regulation,forbidden,forbidden,10,31
regulation,fsc,fsc,10,24
regulation,fuzzi,fuzzy,10,33
regulation,gang,gang,10,66
regulation,gestat,gestation,10,51
regulation,goodfriend,goodfriend,10,75
regulation,gratifi,gratifying,10,104
regulation,grip,grips,10,159
regulation,guarantor,guarantor,10,82
regulation,hancock,hancock,10,26
regulation,hartmann,hartmann,10,71
regulation,haul,haul,10,60
regulation,haunt,haunt,10,53
regulation,historian,historians,10,164
regulation,hoggarth,hoggarth,10,16
regulation,holland,holland,10,108
regulation,hubbard,hubbard,10,23
regulation,icb,icb,10,14
regulation,ice,ice,10,120
regulation,idbi,idbi,10,38
regulation,ignit,ignited,10,98
regulation,inextric,inextricably,10,96
regulation,inr,inr,10,53
regulation,inspector,inspectors,10,32
regulation,interfax,interfax,10,43
regulation,interlock,interlock,10,34
regulation,introspect,introspection,10,75
regulation,jon,jon,10,204
regulation,jorgensen,jorgensen,10,44
regulation,jorgenson,jorgenson,10,31
regulation,junior,junior,10,87
regulation,jure,jure,10,63
regulation,kiyotaki,kiyotaki,10,45
regulation,klem,klems,10,20
regulation,larosier,larosiere,10,62
regulation,latvia,latvia,10,94
regulation,les,les,10,93
regulation,lrs,lrs,10,11
regulation,manuel,manuel,10,268
regulation,marcel,marcel,10,42
regulation,markus,markus,10,59
regulation,math,math,10,67
regulation,mauric,maurice,10,47
regulation,mckinnon,mckinnon,10,32
regulation,meat,meat,10,103
regulation,menon,menon,10,19
regulation,mfp,mfp,10,12
regulation,misjudg,misjudgments,10,104
regulation,mispric,mispricing,10,137
regulation,moran,moran,10,19
regulation,multidimension,multidimensional,10,68
regulation,murray,murray,10,60
regulation,music,music,10,142
regulation,ncds,ncds,10,20
regulation,nichola,nicholas,10,88
regulation,nie,nies,10,87
regulation,nodal,nodal,10,23
regulation,node,node,10,70
regulation,notori,notorious,10,130
regulation,npc,npc,10,14
regulation,obligatori,obligatory,10,40
regulation,ongena,ongena,10,55
regulation,onslaught,onslaught,10,37
regulation,ore,ore,10,144
regulation,ounc,ounce,10,45
regulation,ozcan,ozcan,10,41
regulation,parsimoni,parsimonious,10,28
regulation,passion,passion,10,126
regulation,peru,peru,10,95
regulation,polish,polish,10,47
regulation,pos,pos,10,66
regulation,prop,prop,10,88
regulation,proprieti,propriety,10,24
regulation,pyramid,pyramid,10,120
regulation,radar,radar,10,69
regulation,ratnovski,ratnovski,10,21
regulation,readabl,readable,10,45
regulation,reintroduc,reintroduce,10,67
regulation,religi,religious,10,85
regulation,relook,relook,10,24
regulation,retard,retard,10,61
regulation,rework,reworked,10,32
regulation,riksbank,riksbank,10,163
regulation,riskiest,riskiest,10,49
regulation,rodrik,rodrik,10,37
regulation,routledg,routledge,10,52
regulation,sad,sadly,10,156
regulation,sanit,sanitation,10,80
regulation,sap,sap,10,54
regulation,sarah,sarah,10,154
regulation,sct,sct,10,27
regulation,sdgs,sdgs,10,16
regulation,seigniorag,seigniorage,10,64
regulation,serial,serial,10,74
regulation,shackl,shackles,10,48
regulation,shaken,shaken,10,143
regulation,shann,shann,10,11
regulation,silent,silent,10,122
regulation,sixteen,sixteen,10,89
regulation,slate,slate,10,65
regulation,slavish,slavishly,10,18
regulation,smet,smets,10,133
regulation,sow,sow,10,176
regulation,spatial,spatial,10,67
regulation,spei,spei,10,26
regulation,standardset,standardsetting,10,11
regulation,steve,steve,10,85
regulation,sturdi,sturdy,10,29
regulation,subgroup,subgroup,10,63
regulation,subsidiaris,subsidiarisation,10,20
regulation,suerf,suerf,10,54
regulation,swan,swan,10,66
regulation,symptomat,symptomatic,10,48
regulation,temperatur,temperatures,10,155
regulation,thereon,thereon,10,26
regulation,thesi,thesis,10,105
regulation,thick,thick,10,71
regulation,tirol,tirole,10,45
regulation,touchston,touchstone,10,25
regulation,tour,tour,10,127
regulation,tread,tread,10,88
regulation,trick,trick,10,58
regulation,trip,trip,10,122
regulation,tsunami,tsunami,10,93
regulation,ump,ump,10,19
regulation,unauthoris,unauthorised,10,36
regulation,uncheck,unchecked,10,150
regulation,uncommon,uncommon,10,113
regulation,underneath,underneath,10,36
regulation,undershoot,undershooting,10,229
regulation,unencumb,unencumbered,10,61
regulation,unimport,unimportant,10,62
regulation,unnot,unnoticed,10,76
regulation,unrest,unrest,10,129
regulation,unwant,unwanted,10,111
regulation,volker,volker,10,32
regulation,wale,wales,10,148
regulation,wash,washed,10,78
regulation,welldevelop,welldeveloped,10,20
regulation,wicksel,wicksell,10,42
regulation,withstood,withstood,10,64
regulation,worrisom,worrisome,10,185
regulation,wrestl,wrestling,10,55
regulation,xiaochuan,xiaochuan,10,67
regulation,zakat,zakat,10,21
regulation,zealous,zealous,10,26
regulation,zlb,zlb,10,51
regulation,abet,abetted,9,22
regulation,adversari,adversarial,9,37
regulation,aforesaid,aforesaid,9,20
regulation,airport,airports,9,107
regulation,arbit,arbiters,9,28
regulation,atlanta,atlanta,9,229
regulation,austrian,austrian,9,83
regulation,authorit,authoritative,9,48
regulation,autopilot,autopilot,9,34
regulation,awaken,awakening,9,55
regulation,backlash,backlash,9,60
regulation,balancesheet,balancesheet,9,29
regulation,bankabl,bankable,9,45
regulation,bcra,bcra,9,20
regulation,belat,belatedly,9,59
regulation,bimal,bimal,9,48
regulation,bindseil,bindseil,9,32
regulation,bns,bns,9,18
regulation,boast,boast,9,93
regulation,bok,bok,9,57
regulation,boy,boys,9,65
regulation,brain,brain,9,77
regulation,brighter,brighter,9,136
regulation,buffet,buffeted,9,158
regulation,caprio,caprio,9,17
regulation,carlson,carlson,9,46
regulation,carrier,carriers,9,59
regulation,carrot,carrot,9,19
regulation,cdo,cdo,9,59
regulation,centerpiec,centerpiece,9,25
regulation,chalk,chalk,9,35
regulation,choongsoo,choongsoo,9,49
regulation,claw,claw,9,41
regulation,coerciv,coercive,9,24
regulation,collat,collate,9,48
regulation,collus,collusion,9,44
regulation,commercialis,commercialisation,9,29
regulation,compliment,complimented,9,111
regulation,contraven,contravening,9,19
regulation,crossroad,crossroads,9,83
regulation,cyberattack,cyberattacks,9,53
regulation,decim,decimal,9,61
regulation,decoupl,decoupling,9,223
regulation,delet,deleted,9,49
regulation,deleteri,deleterious,9,49
regulation,delib,deliberative,9,32
regulation,delor,delors,9,65
regulation,demarc,demarcation,9,48
regulation,denial,denial,9,84
regulation,depoliticis,depoliticisation,9,23
regulation,deregulatori,deregulatory,9,18
regulation,descend,descendant,9,68
regulation,desper,desperate,9,83
regulation,diagnos,diagnoses,9,111
regulation,discard,discard,9,96
regulation,dissuad,dissuade,9,40
regulation,divorc,divorced,9,63
regulation,doc,doc,9,25
regulation,dogmat,dogmatic,9,41
regulation,dollaris,dollarisation,9,42
regulation,dornbusch,dornbusch,9,50
regulation,doubli,doubly,9,48
regulation,drug,drugs,9,107
regulation,dudley,dudley,9,30
regulation,duke,duke,9,89
regulation,duress,duress,9,26
regulation,earner,earners,9,138
regulation,eb,ebbed,9,69
regulation,eber,eberly,9,19
regulation,edey,edey,9,25
regulation,edt,edt,9,152
regulation,eleg,elegant,9,81
regulation,elliott,elliott,9,41
regulation,encroach,encroach,9,30
regulation,entertain,entertained,9,187
regulation,epicent,epicenter,9,77
regulation,erron,erroneous,9,114
regulation,ethnic,ethnicity,9,130
regulation,exhort,exhorting,9,52
regulation,exponenti,exponentially,9,153
regulation,extraterritori,extraterritorial,9,11
regulation,faci,facie,9,63
regulation,faulti,faulty,9,62
regulation,fillip,fillip,9,70
regulation,finger,finger,9,73
regulation,fish,fish,9,124
regulation,forest,forest,9,102
regulation,forgiv,forgive,9,83
regulation,fortnight,fortnight,9,91
regulation,framer,framers,9,18
regulation,friendli,friendliness,9,21
regulation,fun,fun,9,60
regulation,gfk,gfk,9,45
regulation,giovannini,giovannini,9,61
regulation,goldman,goldman,9,131
regulation,greenwash,greenwashing,9,23
regulation,guidepost,guideposts,9,68
regulation,hassl,hassle,9,53
regulation,healthcar,healthcare,9,149
regulation,herald,herald,9,124
regulation,herzegovina,herzegovina,9,27
regulation,hildebrand,hildebrand,9,107
regulation,hive,hiving,9,25
regulation,hoenig,hoenig,9,18
regulation,holm,holmes,9,54
regulation,hood,hood,9,28
regulation,hotel,hotel,9,262
regulation,illinoi,illinois,9,104
regulation,incarn,incarnation,9,40
regulation,incess,incessantly,9,30
regulation,incub,incubator,9,48
regulation,inelast,inelastic,9,64
regulation,infirm,infirmities,9,29
regulation,initio,initio,9,13
regulation,innoc,innocent,9,104
regulation,interinstitut,interinstitutional,9,13
regulation,intricaci,intricacies,9,41
regulation,invalid,invalidate,9,55
regulation,investe,investee,9,16
regulation,israel,israel,9,142
regulation,iter,iterative,9,81
regulation,jeopardi,jeopardy,9,57
regulation,jorda,jorda,9,59
regulation,kapadia,kapadia,9,35
regulation,kcc,kcc,9,39
regulation,kiyohiko,kiyohiko,9,50
regulation,kumar,kumar,9,127
regulation,kunt,kunt,9,37
regulation,laboratori,laboratory,9,70
regulation,lawsuit,lawsuits,9,38
regulation,ldr,ldr,9,13
regulation,lendabl,lendable,9,26
regulation,leonardo,leonardo,9,32
regulation,lewi,lewis,9,119
regulation,like,likes,9,72
regulation,lion,lions,9,29
regulation,lite,lite,9,32
regulation,localis,localised,9,95
regulation,longrun,longrun,9,65
regulation,lucid,lucid,9,65
regulation,luigi,luigi,9,31
regulation,macroeconomist,macroeconomists,9,99
regulation,malfeas,malfeasance,9,32
regulation,max,max,9,68
regulation,maze,maze,9,23
regulation,mboweni,mboweni,9,119
regulation,meaningless,meaningless,9,40
regulation,memoranda,memoranda,9,38
regulation,mersch,mersch,9,172
regulation,mess,mess,9,71
regulation,milan,milan,9,68
regulation,minimalist,minimalist,9,31
regulation,misinterpret,misinterpret,9,123
regulation,momentarili,momentarily,9,24
regulation,monetarist,monetarists,9,110
regulation,mother,mother,9,158
regulation,multivari,multivariate,9,40
regulation,nafta,nafta,9,77
regulation,nav,nav,9,25
regulation,nearer,nearer,9,73
regulation,nfc,nfc,9,34
regulation,nonmemb,nonmember,9,18
regulation,nut,nuts,9,24
regulation,obsess,obsession,9,77
regulation,odi,odi,9,10
regulation,onsit,onsite,9,43
regulation,orang,orange,9,83
regulation,orderli,orderliness,9,22
regulation,overlaid,overlaid,9,20
regulation,overleverag,overleveraged,9,32
regulation,overshadow,overshadowed,9,88
regulation,palenzuela,palenzuela,9,23
regulation,panellist,panellists,9,61
regulation,parameteris,parameterisation,9,15
regulation,parenthes,parentheses,9,55
regulation,pcaob,pcaob,9,11
regulation,percol,percolation,9,65
regulation,perotti,perotti,9,26
regulation,pfleider,pfleiderer,9,11
regulation,pharmaceut,pharmaceuticals,9,119
regulation,planner,planner,9,63
regulation,plural,plural,9,65
regulation,pnfcs,pnfcs,9,41
regulation,poc,poc,9,10
regulation,pointless,pointless,9,26
regulation,portal,portal,9,92
regulation,precari,precarious,9,122
regulation,preview,preview,9,51
regulation,prod,prodding,9,26
regulation,profici,proficient,9,37
regulation,psb,psb,9,21
regulation,pump,pump,9,117
regulation,punch,punch,9,70
regulation,purist,purist,9,18
regulation,quell,quelle,9,56
regulation,quotat,quotation,9,116
regulation,raison,raison,9,87
regulation,rao,rao,9,88
regulation,ratif,ratification,9,54
regulation,rectif,rectification,9,30
regulation,reign,reign,9,76
regulation,reintegr,reintegrated,9,61
regulation,renegoti,renegotiated,9,74
regulation,replet,replete,9,39
regulation,reproduc,reproduced,9,101
regulation,retriev,retrieved,9,70
regulation,riskmeasur,riskmeasurement,9,11
regulation,roadblock,roadblocks,9,29
regulation,robin,robin,9,66
regulation,rochet,rochet,9,26
regulation,sabin,sabine,9,85
regulation,schemat,schematic,9,30
regulation,scott,scott,9,132
regulation,seizur,seizure,9,64
regulation,shatter,shattered,9,67
regulation,shine,shining,9,102
regulation,shun,shun,9,54
regulation,sidelin,sidelines,9,101
regulation,sister,sister,9,74
regulation,slacken,slacken,9,76
regulation,smarter,smarter,9,46
regulation,snap,snap,9,42
regulation,solow,solow,9,99
regulation,sponsorship,sponsorship,9,37
regulation,sporad,sporadic,9,51
regulation,spotlight,spotlight,9,144
regulation,srf,srf,9,26
regulation,staunch,staunch,9,27
regulation,steffen,steffen,9,17
regulation,stresstest,stresstesting,9,18
regulation,strove,strove,9,21
regulation,taka,takaful,9,10
regulation,taxabl,taxable,9,49
regulation,tepid,tepid,9,85
regulation,terrain,terrain,9,70
regulation,textual,textual,9,15
regulation,thursday,thursday,9,195
regulation,tinker,tinkering,9,20
regulation,tofail,tofail,9,16
regulation,toobig,toobig,9,14
regulation,transgress,transgressions,9,27
regulation,tribun,tribunal,9,57
regulation,triparti,triparty,9,61
regulation,trs,trs,9,13
regulation,tug,tug,9,14
regulation,ucit,ucits,9,20
regulation,unback,unbacked,9,18
regulation,uncollater,uncollateralized,9,174
regulation,uncompromis,uncompromising,9,30
regulation,uncontroversi,uncontroversial,9,53
regulation,underutilis,underutilised,9,59
regulation,unfamiliar,unfamiliar,9,100
regulation,unforese,unforeseeable,9,52
regulation,unfriend,unfriendly,9,33
regulation,unfund,unfunded,9,48
regulation,unincorpor,unincorporated,9,28
regulation,uninform,uninformative,9,45
regulation,uninterrupt,uninterrupted,9,164
regulation,unlaw,unlawful,9,41
regulation,unwav,unwavering,9,119
regulation,upheav,upheaval,9,158
regulation,upshot,upshot,9,89
regulation,valentina,valentina,9,14
regulation,vanguard,vanguard,9,57
regulation,veer,veering,9,39
regulation,vers,versed,9,31
regulation,vicissitud,vicissitudes,9,41
regulation,visual,visual,9,164
regulation,vliegh,vlieghe,9,88
regulation,warsh,warsh,9,38
regulation,wartim,wartime,9,52
regulation,watcher,watchers,9,192
regulation,wholeheart,wholeheartedly,9,57
regulation,wieladek,wieladek,9,38
regulation,xml,xml,9,10
regulation,yellow,yellow,9,116
regulation,yves,yves,9,173
regulation,zombi,zombie,9,76
regulation,accent,accent,8,34
regulation,acemoglu,acemoglu,8,75
regulation,afflict,afflicted,8,107
regulation,afoot,afoot,8,21
regulation,aksakov,aksakov,8,15
regulation,allah,allah,8,104
regulation,allay,allay,8,54
regulation,alphabet,alphabet,8,36
regulation,anew,anew,8,55
regulation,anymor,anymore,8,79
regulation,arcan,arcane,8,51
regulation,asa,asa,8,10
regulation,assessor,assessors,8,16
regulation,aug,aug,8,167
regulation,avg,avg,8,61
regulation,backtrack,backtracking,8,26
regulation,bake,bake,8,38
regulation,batini,batini,8,34
regulation,bcb,bcb,8,15
regulation,benati,benati,8,50
regulation,bianchi,bianchi,8,51
regulation,bleak,bleak,8,70
regulation,bosnia,bosnia,8,27
regulation,breaker,breakers,8,37
regulation,breakup,breakup,8,40
regulation,bumpi,bumpy,8,121
regulation,buri,burying,8,59
regulation,bush,bush,8,81
regulation,campbel,campbell,8,97
regulation,capi,capie,8,47
regulation,cardin,cardinal,8,30
regulation,caricatur,caricature,8,35
regulation,cat,cat,8,53
regulation,cathedr,cathedral,8,15
regulation,cbes,cbes,8,12
regulation,cede,cede,8,55
regulation,cfms,cfms,8,15
regulation,chariti,charity,8,74
regulation,chiang,chiang,8,73
regulation,circumspect,circumspect,8,35
regulation,claimant,claimants,8,89
regulation,climaterel,climaterelated,8,27
regulation,clout,clout,8,36
regulation,cmim,cmim,8,24
regulation,coinag,coinage,8,35
regulation,compart,compartments,8,16
regulation,compendium,compendium,8,24
regulation,concis,concise,8,81
regulation,confluenc,confluence,8,106
regulation,consumm,consummated,8,37
regulation,contagi,contagious,8,107
regulation,contamin,contamination,8,101
regulation,continuum,continuum,8,63
regulation,convex,convex,8,43
regulation,cps,cps,8,61
regulation,credenc,credence,8,40
regulation,crosscountri,crosscountry,8,47
regulation,culprit,culprit,8,59
regulation,czech,czech,8,157
regulation,dale,dale,8,103
regulation,dani,dani,8,30
regulation,decarbon,decarbonization,8,38
regulation,dematerialis,dematerialised,8,51
regulation,deviant,deviant,8,14
regulation,devolv,devolve,8,50
regulation,dislodg,dislodged,8,53
regulation,dna,dna,8,44
regulation,donor,donors,8,43
regulation,doorstep,doorstep,8,67
regulation,download,download,8,85
regulation,downpay,downpayment,8,16
regulation,downplay,downplayed,8,99
regulation,duck,duck,8,26
regulation,econ,econ,8,79
regulation,eft,eft,8,43
regulation,eighteenth,eighteenth,8,60
regulation,elit,elite,8,77
regulation,eloqu,eloquent,8,93
regulation,email,email,8,87
regulation,endpoint,endpoint,8,35
regulation,enlist,enlisting,8,51
regulation,entic,entice,8,56
regulation,epidem,epidemic,8,91
regulation,esf,esfs,8,21
regulation,evok,evoked,8,68
regulation,exot,exotic,8,94
regulation,faq,faqs,8,22
regulation,fatigu,fatigue,8,56
regulation,fhfa,fhfa,8,16
regulation,financialis,financialisation,8,24
regulation,flare,flare,8,46
regulation,flighti,flighty,8,19
regulation,flown,flown,8,26
regulation,fog,fog,8,55
regulation,forgo,forgo,8,59
regulation,fsi,fsi,8,27
regulation,garcia,garcia,8,99
regulation,gentl,gentle,8,99
regulation,giannon,giannone,8,54
regulation,gigerenz,gigerenzer,8,12
regulation,glean,gleaned,8,101
regulation,goldstein,goldstein,8,26
regulation,gramlich,gramlich,8,90
regulation,grass,grass,8,64
regulation,grossli,grossly,8,47
regulation,groupthink,groupthink,8,30
regulation,gst,gst,8,67
regulation,guardian,guardian,8,134
regulation,harper,harper,8,39
regulation,hart,hart,8,31
regulation,hat,hat,8,93
regulation,havoc,havoc,8,61
regulation,hayek,hayek,8,56
regulation,hector,hector,8,21
regulation,helen,helene,8,73
regulation,henceforth,henceforth,8,78
regulation,hereinaft,hereinafter,8,13
regulation,hernando,hernando,8,12
regulation,herstatt,herstatt,8,33
regulation,hlccfm,hlccfm,8,10
regulation,hoerova,hoerova,8,39
regulation,hone,hone,8,62
regulation,hungari,hungary,8,172
regulation,ibid,ibid,8,130
regulation,impass,impasse,8,29
regulation,implaus,implausible,8,80
regulation,implos,implosion,8,47
regulation,indemn,indemnity,8,40
regulation,indict,indictment,8,10
regulation,induct,induct,8,63
regulation,inelig,ineligible,8,28
regulation,inim,inimical,8,36
regulation,jettison,jettison,8,13
regulation,jigsaw,jigsaw,8,26
regulation,julian,julian,8,30
regulation,jurist,jurist,8,16
regulation,keyword,keyword,8,50
regulation,knight,knight,8,66
regulation,korinek,korinek,8,16
regulation,lac,lac,8,11
regulation,lacklust,lackluster,8,108
regulation,lacklustr,lacklustre,8,86
regulation,lament,lament,8,44
regulation,larri,larry,8,108
regulation,laureat,laureate,8,112
regulation,lexicon,lexicon,8,32
regulation,lifestyl,lifestyle,8,111
regulation,lmi,lmi,8,17
regulation,lucrat,lucrative,8,53
regulation,ludwig,ludwig,8,48
regulation,lynchpin,lynchpin,8,11
regulation,macklem,macklem,8,108
regulation,makeup,makeup,8,48
regulation,malegam,malegam,8,19
regulation,malpractic,malpractice,8,33
regulation,marathon,marathon,8,20
regulation,markup,markup,8,82
regulation,massachusett,massachusetts,8,191
regulation,mcdonough,mcdonough,8,38
regulation,merril,merrill,8,106
regulation,micromanag,micromanage,8,16
regulation,min,min,8,51
regulation,mip,mip,8,24
regulation,mortal,mortality,8,115
regulation,mortar,mortar,8,141
regulation,moser,moser,8,47
regulation,multilay,multilayered,8,15
regulation,multipolar,multipolar,8,27
regulation,mushroom,mushroomed,8,33
regulation,neighbor,neighbor,8,205
regulation,nelli,nellie,8,59
regulation,nickel,nickell,8,143
regulation,nobel,nobel,8,283
regulation,norg,norges,8,39
regulation,nurs,nursing,8,110
regulation,ofr,ofr,8,14
regulation,olymp,olympic,8,97
regulation,operandi,operandi,8,44
regulation,oppon,opponents,8,58
regulation,oscil,oscillations,8,48
regulation,outstrip,outstripping,8,197
regulation,overconfid,overconfidence,8,45
regulation,overextend,overextended,8,58
regulation,pad,pad,8,18
regulation,paint,painting,8,242
regulation,pen,pen,8,48
regulation,perforc,perforce,8,16
regulation,pernici,pernicious,8,89
regulation,petersburg,petersburg,8,34
regulation,peydro,peydro,8,73
regulation,plane,plane,8,77
regulation,poloz,poloz,8,155
regulation,pond,pond,8,13
regulation,poorest,poorest,8,149
regulation,postal,postal,8,89
regulation,prefectur,prefecture,8,140
regulation,prelud,prelude,8,47
regulation,premier,premier,8,136
regulation,pretext,pretext,8,27
regulation,prima,prima,8,69
regulation,primit,primitive,8,41
regulation,promissori,promissory,8,23
regulation,psl,psl,8,24
regulation,pts,pts,8,25
regulation,publicis,publicised,8,47
regulation,puls,pulse,8,111
regulation,purg,purge,8,27
regulation,pursuanc,pursuance,8,55
regulation,qureshi,qureshi,8,17
regulation,raft,raft,8,43
regulation,rebat,rebate,8,51
regulation,recapitul,recapitulate,8,28
regulation,reimburs,reimbursed,8,53
regulation,reimpos,reimpose,8,10
regulation,repurpos,repurposing,8,12
regulation,ria,ria,8,47
regulation,rice,rice,8,115
regulation,riskadjust,riskadjusted,8,14
regulation,robinson,robinson,8,99
regulation,rosengren,rosengren,8,47
regulation,ross,ross,8,58
regulation,rpi,rpi,8,101
regulation,safest,safest,8,102
regulation,sail,sail,8,101
regulation,samo,samos,8,25
regulation,sargent,sargent,8,99
regulation,satellit,satellite,8,145
regulation,saurina,saurina,8,31
regulation,scare,scared,8,73
regulation,schmitz,schmitz,8,15
regulation,scientist,scientists,8,180
regulation,sdr,sdr,8,85
regulation,seeker,seekers,8,85
regulation,sfms,sfms,8,17
regulation,shirakawa,shirakawa,8,134
regulation,sidestep,sidestepping,8,25
regulation,sinha,sinha,8,44
regulation,sink,sinking,8,84
regulation,soul,soul,8,64
regulation,statur,stature,8,67
regulation,stir,stir,8,78
regulation,strang,strange,8,140
regulation,stray,strays,8,74
regulation,stubborn,stubbornly,8,179
regulation,stymi,stymied,8,26
regulation,succumb,succumb,8,78
regulation,sunderam,sunderam,8,10
regulation,swept,swept,8,76
regulation,tale,tale,8,160
regulation,tankan,tankan,8,284
regulation,tarnish,tarnish,8,39
regulation,technician,technicians,8,45
regulation,technocrat,technocrats,8,70
regulation,tertiari,tertiary,8,115
regulation,throughput,throughput,8,16
regulation,tidal,tidal,8,22
regulation,tobia,tobias,8,69
regulation,trump,trump,8,48
regulation,unaddress,unaddressed,8,78
regulation,unadjust,unadjusted,8,26
regulation,unawar,unaware,8,95
regulation,uncontrol,uncontrolled,8,105
regulation,underappreci,underappreciated,8,49
regulation,unhappi,unhappy,8,59
regulation,unmanag,unmanageable,8,52
regulation,unpublish,unpublished,8,125
regulation,untouch,untouched,8,50
regulation,upsurg,upsurge,8,99
regulation,vacant,vacant,8,105
regulation,verg,verge,8,87
regulation,versatil,versatile,8,58
regulation,vicin,vicinity,8,86
regulation,violent,violent,8,87
regulation,vocabulari,vocabulary,8,36
regulation,voxeu,voxeu,8,65
regulation,wednesday,wednesday,8,121
regulation,wicksellian,wicksellian,8,19
regulation,wilson,wilson,8,124
regulation,ytl,ytl,8,24
regulation,zurbrugg,zurbrugg,8,73
regulation,aadhar,aadhar,7,26
regulation,abi,abi,7,30
regulation,abraham,abraham,7,41
regulation,adb,adb,7,63
regulation,alexey,alexey,7,22
regulation,alien,alien,7,42
regulation,allsopp,allsopp,7,20
regulation,alpha,alpha,7,27
regulation,antonio,antonio,7,75
regulation,anytim,anytime,7,108
regulation,apac,apace,7,76
regulation,appal,appalled,7,33
regulation,appel,appellate,7,20
regulation,archaic,archaic,7,23
regulation,asx,asx,7,28
regulation,atom,atom,7,43
regulation,awkward,awkward,7,44
regulation,bag,bags,7,45
regulation,bahaj,bahaj,7,12
regulation,banquet,banquet,7,67
regulation,barcelona,barcelona,7,75
regulation,barnett,barnett,7,59
regulation,barter,barter,7,46
regulation,bayesian,bayesian,7,66
regulation,befit,befitting,7,53
regulation,beset,beset,7,86
regulation,bfsi,bfsi,7,11
regulation,biennial,biennial,7,101
regulation,bil,bil,7,63
regulation,bin,bin,7,52
regulation,bio,bio,7,61
regulation,bitter,bitter,7,108
regulation,blown,blown,7,136
regulation,boat,boat,7,89
regulation,bog,bogged,7,23
regulation,brazier,brazier,7,39
regulation,bread,bread,7,65
regulation,bystand,bystanders,7,65
regulation,canberra,canberra,7,99
regulation,cann,cannes,7,27
regulation,carlo,carlos,7,120
regulation,carsten,carstens,7,141
regulation,casino,casino,7,25
regulation,catalogu,catalogue,7,42
regulation,catalyz,catalyze,7,39
regulation,cbt,cbt,7,31
regulation,cdss,cdss,7,28
regulation,cesair,cesaire,7,10
regulation,cesifo,cesifo,7,44
regulation,cfa,cfa,7,80
regulation,cfsa,cfsa,7,10
regulation,changeabl,changeable,7,21
regulation,charlott,charlotte,7,74
regulation,child,child,7,215
regulation,codi,codi,7,22
regulation,colin,colin,7,25
regulation,coloni,colonial,7,93
regulation,combust,combustion,7,33
regulation,conceptualis,conceptualised,7,24
regulation,conscienc,conscience,7,34
regulation,counterbalanc,counterbalanced,7,56
regulation,counterweight,counterweight,7,48
regulation,covari,covariance,7,23
regulation,cpix,cpix,7,87
regulation,crippl,crippling,7,44
regulation,crown,crown,7,118
regulation,crt,crt,7,16
regulation,culpabl,culpability,7,12
regulation,customari,customary,7,80
regulation,cybercrim,cybercrime,7,31
regulation,dan,dan,7,103
regulation,dean,dean,7,112
regulation,debilit,debilitating,7,62
regulation,deglob,deglobalization,7,13
regulation,delev,delever,7,23
regulation,derail,derail,7,153
regulation,derog,derogations,7,35
regulation,detragiach,detragiache,7,13
regulation,disastr,disastrous,7,157
regulation,disclaim,disclaimer,7,86
regulation,dispatch,dispatch,7,34
regulation,dissatisfact,dissatisfaction,7,71
regulation,dogma,dogma,7,20
regulation,downstream,downstream,7,100
regulation,dss,dss,7,12
regulation,dump,dumping,7,63
regulation,editor,editors,7,117
regulation,eec,eec,7,18
regulation,eggertsson,eggertsson,7,104
regulation,elaps,elapsed,7,71
regulation,emergingmarket,emergingmarket,7,29
regulation,empti,empty,7,80
regulation,emptor,emptor,7,29
regulation,encumbr,encumbrance,7,34
regulation,endem,endemic,7,38
regulation,engulf,engulfed,7,73
regulation,entranc,entrance,7,41
regulation,epoch,epoch,7,39
regulation,exig,exigent,7,62
regulation,exodus,exodus,7,27
regulation,factual,factual,7,94
regulation,fat,fat,7,67
regulation,fend,fend,7,64
regulation,festiv,festival,7,97
regulation,fidora,fidora,7,14
regulation,finer,finer,7,47
regulation,finetun,finetune,7,19
regulation,fisheri,fisheries,7,80
regulation,florida,florida,7,99
regulation,fls,fls,7,30
regulation,footloos,footloose,7,11
regulation,footstep,footsteps,7,40
regulation,forwardlook,forwardlooking,7,76
regulation,foul,foul,7,24
regulation,fritz,fritz,7,83
regulation,frontrunn,frontrunners,7,22
regulation,fruition,fruition,7,85
regulation,ftse,ftse,7,87
regulation,fxc,fxc,7,10
regulation,gabriel,gabriel,7,41
regulation,gatt,gatt,7,38
regulation,gfsn,gfsn,7,20
regulation,giannoni,giannoni,7,54
regulation,gigant,gigantic,7,63
regulation,gloss,gloss,7,36
regulation,grail,grail,7,45
regulation,grandpar,grandparents,7,27
regulation,graphic,graphic,7,114
regulation,greed,greed,7,68
regulation,grilich,griliches,7,13
regulation,grill,grill,7,13
regulation,halifax,halifax,7,79
regulation,hardest,hardest,7,189
regulation,headach,headache,7,18
regulation,heider,heider,7,53
regulation,heyday,heyday,7,35
regulation,highway,highways,7,74
regulation,hogan,hogan,7,12
regulation,huang,huang,7,37
regulation,hubri,hubris,7,44
regulation,hunt,hunt,7,86
regulation,hyper,hyper,7,42
regulation,ian,ian,7,110
regulation,icbc,icbc,7,17
regulation,icsd,icsds,7,15
regulation,idf,idf,7,22
regulation,idiosyncrasi,idiosyncrasies,7,37
regulation,ifc,ifc,7,54
regulation,ifi,ifis,7,28
regulation,il,ils,7,19
regulation,improvis,improvised,7,39
regulation,in,ins,7,55
regulation,incongru,incongruity,7,16
regulation,inexpens,inexpensive,7,86
regulation,inflexion,inflexion,7,27
regulation,ingenu,ingenuity,7,92
regulation,ingv,ingves,7,16
regulation,ink,ink,7,48
regulation,intergener,intergenerational,7,63
regulation,intoler,intolerable,7,55
regulation,iran,iran,7,31
regulation,jacqu,jacques,7,119
regulation,jerk,jerk,7,20
regulation,johnson,johnson,7,150
regulation,kanganew,kanganews,7,22
regulation,kent,kent,7,109
regulation,knee,knee,7,30
regulation,kpmg,kpmg,7,40
regulation,later,lateral,7,53
regulation,lee,lee,7,232
regulation,leisur,leisure,7,136
regulation,lenza,lenza,7,63
regulation,librari,library,7,102
regulation,lieu,lieu,7,62
regulation,liikanen,liikanen,7,27
regulation,lucern,lucerne,7,26
regulation,lucki,lucky,7,110
regulation,lure,lure,7,60
regulation,lynch,lynch,7,124
regulation,magnet,magnetic,7,60
regulation,maneuv,maneuver,7,82
regulation,manhattan,manhattan,7,27
regulation,memo,memo,7,53
regulation,minouch,minouche,7,35
regulation,mismanag,mismanagement,7,74
regulation,modus,modus,7,46
regulation,moni,monies,7,55
regulation,mop,mopping,7,82
regulation,mor,mor,7,24
regulation,morph,morph,7,95
regulation,moyen,moyen,7,11
regulation,mpra,mpra,7,11
regulation,mse,mse,7,31
regulation,mundra,mundra,7,39
regulation,napoleon,napoleonic,7,36
regulation,nederlandsch,nederlandsche,7,82
regulation,nest,nested,7,40
regulation,newcom,newcomers,7,63
regulation,nguyen,nguyen,7,21
regulation,niklaus,niklaus,7,36
regulation,nonprofit,nonprofit,7,120
regulation,novosti,novosti,7,30
regulation,npg,npg,7,11
regulation,obligor,obligor,7,17
regulation,oi,ois,7,201
regulation,outag,outage,7,72
regulation,outgrowth,outgrowth,7,12
regulation,outliv,outlived,7,21
regulation,overbank,overbanked,7,17
regulation,overemphas,overemphasize,7,59
regulation,overload,overload,7,48
regulation,overtaken,overtaken,7,62
regulation,overturn,overturned,7,51
regulation,overzeal,overzealousness,7,11
regulation,paneuropean,paneuropean,7,35
regulation,participatori,participatory,7,26
regulation,paypal,paypal,7,40
regulation,penguin,penguin,7,72
regulation,phenomen,phenomenal,7,115
regulation,pit,pit,7,33
regulation,pix,pix,7,14
regulation,pointer,pointer,7,47
regulation,pop,pop,7,72
regulation,predefin,predefined,7,38
regulation,preoccup,preoccupation,7,74
regulation,probiti,probity,7,23
regulation,propiti,propitious,7,40
regulation,prosaic,prosaic,7,32
regulation,quadrat,quadratic,7,38
regulation,questionnair,questionnaire,7,82
regulation,radio,radio,7,78
regulation,rajeshwar,rajeshwar,7,20
regulation,ralli,rally,7,121
regulation,ratifi,ratified,7,118
regulation,reachabl,reachability,7,28
regulation,recollect,recollection,7,51
regulation,redrado,redrado,7,34
regulation,reengin,reengineering,7,34
regulation,reestablish,reestablish,7,72
regulation,rehears,rehearsal,7,35
regulation,reichlin,reichlin,7,65
regulation,reintroduct,reintroduction,7,17
regulation,resal,resale,7,77
regulation,restaur,restaurants,7,233
regulation,restitut,restitution,7,10
regulation,resurfac,resurfaced,7,58
regulation,reverber,reverberations,7,90
regulation,revoc,revocation,7,31
regulation,revolution,revolutionized,7,54
regulation,rollback,rollback,7,13
regulation,romer,romer,7,124
regulation,rompuy,rompuy,7,53
regulation,saharan,saharan,7,85
regulation,salmon,salmon,7,63
regulation,sanchez,sanchez,7,103
regulation,santand,santander,7,35
regulation,saron,saron,7,36
regulation,sat,sat,7,62
regulation,sbn,sbn,7,13
regulation,scholarship,scholarship,7,89
regulation,serbia,serbia,7,20
regulation,seventeen,seventeen,7,55
regulation,shaghil,shaghil,7,18
regulation,shoe,shoes,7,70
regulation,shortcut,shortcuts,7,44
regulation,sick,sick,7,146
regulation,sideeffect,sideeffects,7,16
regulation,slovak,slovak,7,35
regulation,sore,sorely,7,34
regulation,soundest,soundest,7,18
regulation,ssa,ssa,7,23
regulation,ssss,ssss,7,13
regulation,stewardship,stewardship,7,49
regulation,stiroh,stiroh,7,43
regulation,stockholm,stockholm,7,65
regulation,str,str,7,26
regulation,strap,strapped,7,21
regulation,striven,striven,7,23
regulation,stumbl,stumbling,7,63
regulation,subvert,subvert,7,14
regulation,surgic,surgical,7,29
regulation,swamp,swamped,7,58
regulation,sword,sword,7,68
regulation,taint,tainting,7,31
regulation,taiwan,taiwan,7,176
regulation,tall,tall,7,44
regulation,tenfold,tenfold,7,65
regulation,thicker,thicker,7,13
regulation,thirteen,thirteen,7,90
regulation,tiger,tigers,7,81
regulation,tightrop,tightrope,7,25
regulation,tire,tire,7,56
regulation,transnat,transnational,7,34
regulation,travail,travails,7,34
regulation,tribal,tribal,7,32
regulation,tsc,tsc,7,13
regulation,udeshi,udeshi,7,15
regulation,uip,uip,7,12
regulation,unauthor,unauthorized,7,36
regulation,unconsci,unconscious,7,31
regulation,undersecretariat,undersecretariat,7,24
regulation,understat,understatement,7,45
regulation,underutil,underutilized,7,63
regulation,unearth,unearth,7,40
regulation,unfccc,unfccc,7,12
regulation,unfil,unfilled,7,30
regulation,unidirect,unidirectional,7,34
regulation,unknow,unknowable,7,49
regulation,unorganis,unorganised,7,47
regulation,unplan,unplanned,7,29
regulation,unpleas,unpleasant,7,100
regulation,uplift,uplift,7,67
regulation,urbanis,urbanisation,7,60
regulation,usc,usc,7,11
regulation,utter,utterance,7,86
regulation,veto,veto,7,38
regulation,violenc,violence,7,58
regulation,vix,vix,7,72
regulation,void,void,7,56
regulation,wal,wal,7,23
regulation,wallac,wallace,7,49
regulation,waterfal,waterfall,7,27
regulation,wayn,wayne,7,37
regulation,wealthier,wealthier,7,64
regulation,weber,weber,7,83
regulation,wei,wei,7,83
regulation,wellb,wellbeing,7,103
regulation,wilcox,wilcox,7,70
regulation,wiley,wiley,7,85
regulation,wolf,wolf,7,82
regulation,wrench,wrenching,7,51
regulation,wright,wright,7,120
regulation,wrongdo,wrongdoing,7,21
regulation,aberr,aberration,6,67
regulation,abmi,abmi,6,19
regulation,abn,abn,6,21
regulation,accessori,accessories,6,12
regulation,acquiesc,acquiesce,6,31
regulation,adag,adage,6,78
regulation,addresse,addressees,6,17
regulation,adject,adjective,6,32
regulation,afi,afi,6,10
regulation,afloat,afloat,6,54
regulation,aghion,aghion,6,72
regulation,aifi,aifis,6,11
regulation,alberta,alberta,6,104
regulation,altavilla,altavilla,6,65
regulation,amaz,amazed,6,106
regulation,ammunit,ammunition,6,44
regulation,amro,amro,6,30
regulation,analogu,analogue,6,45
regulation,anat,anat,6,11
regulation,anathema,anathema,6,14
regulation,ancient,ancient,6,144
regulation,angri,angry,6,23
regulation,ankara,ankara,6,118
regulation,arbitrarili,arbitrarily,6,42
regulation,armor,armor,6,11
regulation,ass,asse,6,14
regulation,assimil,assimilate,6,79
regulation,backfir,backfire,6,21
regulation,bali,bali,6,50
regulation,balloon,balloon,6,106
regulation,baromet,barometer,6,77
regulation,batch,batch,6,66
regulation,beast,beast,6,19
regulation,bewar,beware,6,44
regulation,bimonth,bimonthly,6,11
regulation,biotechnolog,biotechnology,6,42
regulation,blair,blair,6,26
regulation,blank,blank,6,39
regulation,bloom,bloom,6,152
regulation,bone,bone,6,36
regulation,bookkeep,bookkeeping,6,24
regulation,bottl,bottle,6,63
regulation,bpr,bpr,6,14
regulation,brace,bracing,6,44
regulation,branchless,branchless,6,28
regulation,brutal,brutally,6,79
regulation,bueno,buenos,6,61
regulation,bulgaria,bulgaria,6,90
regulation,bump,bump,6,88
regulation,bunch,bunching,6,61
regulation,callabl,callable,6,20
regulation,camouflag,camouflage,6,23
regulation,canon,canonical,6,62
regulation,carmen,carmen,6,87
regulation,carolyn,carolyn,6,103
regulation,carrol,carroll,6,27
regulation,causat,causative,6,89
regulation,cba,cba,6,13
regulation,cbps,cbps,6,12
regulation,cep,ceps,6,51
regulation,cepii,cepii,6,19
regulation,ceteri,ceteris,6,63
regulation,cfo,cfo,6,56
regulation,channelis,channelise,6,23
regulation,chronolog,chronological,6,56
regulation,cii,cii,6,36
regulation,citat,citation,6,39
regulation,civilis,civilisation,6,54
regulation,clairvoy,clairvoyance,6,12
regulation,clamour,clamour,6,21
regulation,clog,clogged,6,40
regulation,cma,cma,6,21
regulation,cobb,cobb,6,12
regulation,cocktail,cocktail,6,44
regulation,coercion,coercion,6,20
regulation,col,col,6,11
regulation,coloss,colossal,6,20
regulation,complimentari,complimentary,6,18
regulation,comport,comport,6,12
regulation,computeris,computerisation,6,77
regulation,conced,concede,6,70
regulation,conservatorship,conservatorship,6,30
regulation,contravent,contravention,6,10
regulation,corelog,corelogic,6,27
regulation,corrobor,corroborates,6,140
regulation,countless,countless,6,107
regulation,cri,cry,6,84
regulation,crow,crowe,6,36
regulation,crush,crushing,6,31
regulation,cyberspac,cyberspace,6,20
regulation,dalla,dallas,6,134
regulation,danish,danish,6,72
regulation,darracq,darracq,6,23
regulation,delta,delta,6,86
regulation,demerit,demerits,6,21
regulation,demonet,demonetization,6,10
regulation,denounc,denounce,6,15
regulation,detken,detken,6,46
regulation,diet,diet,6,147
regulation,dimsdal,dimsdale,6,41
regulation,disequilibria,disequilibria,6,51
regulation,disprov,disproved,6,29
regulation,dissatisfi,dissatisfied,6,18
regulation,dive,dive,6,66
regulation,documentari,documentary,6,25
regulation,doha,doha,6,65
regulation,don,don,6,104
regulation,downfal,downfall,6,31
regulation,ec,ecs,6,45
regulation,edp,edp,6,11
regulation,effectu,effectual,6,14
regulation,egregi,egregious,6,37
regulation,enclos,enclosing,6,15
regulation,endnot,endnotes,6,143
regulation,enemi,enemies,6,80
regulation,epa,epa,6,13
regulation,epitom,epitomize,6,44
regulation,equalis,equalise,6,56
regulation,estrella,estrella,6,22
regulation,et,ets,6,18
regulation,excis,excise,6,65
regulation,explic,explicable,6,27
regulation,extremi,extremis,6,39
regulation,falter,falter,6,190
regulation,fascin,fascinating,6,184
regulation,favourit,favourite,6,71
regulation,feebl,feeble,6,28
regulation,fictiti,fictitious,6,21
regulation,fin,fin,6,37
regulation,fixat,fixated,6,60
regulation,flagrant,flagrant,6,11
regulation,flavor,flavor,6,31
regulation,fleet,fleet,6,64
regulation,flew,flew,6,10
regulation,flu,flu,6,50
regulation,foreword,foreword,6,26
regulation,fpis,fpis,6,16
regulation,francoi,francois,6,95
regulation,frantic,frantically,6,20
regulation,frown,frowned,6,29
regulation,froze,froze,6,60
regulation,ftx,ftx,6,11
regulation,funder,funders,6,31
regulation,garden,gardens,6,61
regulation,gatekeep,gatekeepers,6,20
regulation,genius,genius,6,43
regulation,gerken,gerken,6,26
regulation,gfxc,gfxc,6,17
regulation,giordano,giordano,6,13
regulation,greener,greener,6,89
regulation,grind,grind,6,43
regulation,groep,groepe,6,43
regulation,grohe,grohe,6,16
regulation,gva,gva,6,37
regulation,habitat,habitat,6,68
regulation,hamilton,hamilton,6,110
regulation,hang,hanging,6,146
regulation,hansen,hansen,6,46
regulation,harbour,harbour,6,69
regulation,harsher,harsher,6,28
regulation,hawala,hawala,6,10
regulation,hbos,hbos,6,23
regulation,heel,heel,6,77
regulation,hefti,hefty,6,35
regulation,homework,homework,6,74
regulation,hyderabad,hyderabad,6,104
regulation,idealis,idealised,6,20
regulation,iea,iea,6,40
regulation,imit,imitation,6,66
regulation,immers,immersed,6,50
regulation,immobil,immobilize,6,30
regulation,improb,improbable,6,63
regulation,inconceiv,inconceivable,6,70
regulation,indepth,indepth,6,19
regulation,indistinguish,indistinguishable,6,49
regulation,inexact,inexact,6,16
regulation,infect,infected,6,179
regulation,innat,innate,6,48
regulation,intermitt,intermittently,6,56
regulation,invert,inverted,6,135
regulation,involuntari,involuntary,6,79
regulation,involuntarili,involuntarily,6,29
regulation,ipso,ipso,6,25
regulation,irf,irf,6,32
regulation,isa,isa,6,11
regulation,jagdish,jagdish,6,30
regulation,jonung,jonung,6,12
regulation,jordi,jordi,6,53
regulation,kahn,kahn,6,56
regulation,kamin,kamin,6,64
regulation,kangaroo,kangaroo,6,13
regulation,keel,keel,6,45
regulation,ken,ken,6,84
regulation,kennedi,kennedy,6,75
regulation,kisan,kisan,6,46
regulation,kishori,kishori,6,10
regulation,knightian,knightian,6,63
regulation,kose,kose,6,46
regulation,kotlikoff,kotlikoff,6,14
regulation,kyoto,kyoto,6,41
regulation,labori,laborious,6,30
regulation,lambert,lambert,6,34
regulation,lang,lang,6,32
regulation,laud,lauded,6,21
regulation,layout,layout,6,22
regulation,legitimis,legitimised,6,42
regulation,loanabl,loanable,6,30
regulation,lockstep,lockstep,6,34
regulation,long,longed,6,10
regulation,louder,louder,6,48
regulation,lubric,lubricant,6,61
regulation,lurk,lurking,6,61
regulation,macroprud,macroprudence,6,18
regulation,mad,madness,6,40
regulation,madouro,madouros,6,24
regulation,mainfram,mainframe,6,22
regulation,mainstay,mainstay,6,90
regulation,mankind,mankind,6,52
regulation,manuscript,manuscript,6,55
regulation,mart,mart,6,24
regulation,maryland,maryland,6,41
regulation,mason,mason,6,17
regulation,mcleay,mcleay,6,41
regulation,menac,menace,6,39
regulation,merci,merci,6,84
regulation,messi,messy,6,45
regulation,mezzanin,mezzanine,6,26
regulation,milesi,milesi,6,28
regulation,millennia,millennia,6,34
regulation,mire,mired,6,58
regulation,misl,misled,6,52
regulation,misspecifi,misspecified,6,11
regulation,mitra,mitra,6,24
regulation,mminel,mminele,6,90
regulation,mof,mof,6,22
regulation,moscow,moscow,6,105
regulation,mosqu,mosques,6,42
regulation,mould,mould,6,36
regulation,movi,movie,6,62
regulation,mro,mro,6,34
regulation,muslim,muslim,6,34
regulation,myopic,myopic,6,61
regulation,nake,naked,6,22
regulation,ncb,ncb,6,46
regulation,nearest,nearest,6,39
regulation,needl,needle,6,33
regulation,negro,negro,6,48
regulation,neil,neil,6,81
regulation,nepal,nepal,6,28
regulation,nhb,nhb,6,26
regulation,nick,nick,6,127
regulation,nicola,nicolas,6,69
regulation,nier,nier,6,12
regulation,nineteen,nineteen,6,32
regulation,nippon,nippon,6,58
regulation,noncor,noncore,6,28
regulation,noninflationari,noninflationary,6,52
regulation,nonresidenti,nonresidential,6,98
regulation,normalci,normalcy,6,51
regulation,nuclear,nuclear,6,115
regulation,nwf,nwf,6,13
regulation,optic,optical,6,80
regulation,oral,oral,6,45
regulation,ordinarili,ordinarily,6,70
regulation,overcam,overcame,6,50
regulation,overcapac,overcapacity,6,85
regulation,overcollater,overcollateralized,6,14
regulation,oversimplifi,oversimplified,6,48
regulation,pakistan,pakistan,6,60
regulation,pale,pale,6,58
regulation,paramo,paramo,6,106
regulation,paraphras,paraphrase,6,112
regulation,partit,partition,6,28
regulation,patch,patch,6,92
regulation,paycheck,paycheck,6,79
regulation,persev,persevering,6,30
regulation,perturb,perturbations,6,29
regulation,pki,pki,6,14
regulation,pleasant,pleasant,6,111
regulation,plr,plr,6,29
regulation,pole,poles,6,65
regulation,politicis,politicised,6,30
regulation,poll,polls,6,132
regulation,populac,populace,6,47
regulation,popularis,popularise,6,28
regulation,populist,populist,6,60
regulation,portugues,portuguese,6,64
regulation,poster,poster,6,43
regulation,precept,precepts,6,35
regulation,predica,predicament,6,61
regulation,presag,presage,6,48
regulation,prick,prick,6,46
regulation,privatesector,privatesector,6,44
regulation,productivityenhanc,productivityenhancing,6,10
regulation,propheci,prophecy,6,51
regulation,prosecutor,prosecutors,6,19
regulation,provoc,provocative,6,60
regulation,punchbowl,punchbowl,6,27
regulation,quebec,quebec,6,113
regulation,quirk,quirks,6,10
regulation,rain,rains,6,102
regulation,rampant,rampant,6,60
regulation,rap,rap,6,12
regulation,rbc,rbc,6,43
regulation,reassign,reassignment,6,10
regulation,reichsbank,reichsbank,6,11
regulation,remiss,remiss,6,54
regulation,reoccur,reoccur,6,12
regulation,repos,reposes,6,33
regulation,reproduct,reproduction,6,169
regulation,reshuffl,reshuffle,6,27
regulation,resign,resign,6,81
regulation,reson,resonate,6,107
regulation,rick,ricks,6,14
regulation,rider,rider,6,32
regulation,rig,rigging,6,44
regulation,ringfenc,ringfence,6,21
regulation,rippl,ripple,6,116
regulation,riyal,riyals,6,12
regulation,ronald,ronald,6,68
regulation,roth,roth,6,163
regulation,rubber,rubber,6,42
regulation,sanctiti,sanctity,6,20
regulation,sanguin,sanguine,6,93
regulation,savvi,savvy,6,65
regulation,schmitt,schmitt,6,20
regulation,schnabel,schnabel,6,82
regulation,schumpeterian,schumpeterian,6,39
regulation,sdif,sdif,6,11
regulation,sdrs,sdrs,6,26
regulation,semblanc,semblance,6,13
regulation,shelf,shelf,6,44
regulation,shook,shook,6,47
regulation,shoot,shoot,6,108
regulation,shove,shove,6,11
regulation,shrank,shrank,6,109
regulation,shrinkag,shrinkage,6,86
regulation,shutdown,shutdown,6,121
regulation,sidbi,sidbi,6,40
regulation,sinist,sinister,6,10
regulation,sky,sky,6,108
regulation,skyrocket,skyrocket,6,50
regulation,slew,slew,6,33
regulation,snl,snl,6,12
regulation,soc,soc,6,13
regulation,socialis,socialises,6,43
regulation,soil,soil,6,71
regulation,sop,sop,6,11
regulation,sowerbutt,sowerbutts,6,17
regulation,sped,sped,6,45
regulation,squander,squandered,6,42
regulation,sri,sri,6,85
regulation,stan,stan,6,19
regulation,stare,staring,6,32
regulation,stave,stave,6,73
regulation,steepen,steepening,6,134
regulation,stefan,stefan,6,45
regulation,stiffen,stiffening,6,10
regulation,stimuli,stimuli,6,108
regulation,straub,straub,6,55
regulation,strictur,strictures,6,24
regulation,stulz,stulz,6,23
regulation,subt,subtly,6,32
regulation,subtleti,subtleties,6,34
regulation,sunk,sunk,6,41
regulation,surgeri,surgery,6,29
regulation,sverig,sveriges,6,81
regulation,swell,swelled,6,65
regulation,synerg,synergized,6,42
regulation,tag,tagged,6,51
regulation,tantamount,tantamount,6,75
regulation,televis,television,6,159
regulation,tenuous,tenuous,6,51
regulation,theolog,theology,6,21
regulation,thinner,thinner,6,26
regulation,thoroughgo,thoroughgoing,6,13
regulation,throe,throes,6,28
regulation,throttl,throttle,6,17
regulation,tiff,tiff,6,112
regulation,tim,tim,6,119
regulation,timescal,timescales,6,27
regulation,tltro,tltro,6,123
regulation,toe,toes,6,26
regulation,tom,tom,6,159
regulation,traceabl,traceability,6,31
regulation,tradeabl,tradeable,6,80
regulation,traumat,traumatic,6,47
regulation,trialogu,trialogue,6,18
regulation,tribut,tribute,6,204
regulation,trickl,trickle,6,44
regulation,tril,tril,6,110
regulation,tuckett,tuckett,6,25
regulation,tuesday,tuesday,6,153
regulation,tumpel,tumpel,6,164
regulation,uid,uid,6,24
regulation,unab,unabated,6,73
regulation,unansw,unanswered,6,60
regulation,uncoordin,uncoordinated,6,53
regulation,uneasi,uneasy,6,70
regulation,unfound,unfounded,6,141
regulation,unhind,unhindered,6,19
regulation,unimagin,unimaginable,6,80
regulation,unlicens,unlicensed,6,19
regulation,unmet,unmet,6,44
regulation,unnatur,unnatural,6,22
regulation,unpaid,unpaid,6,51
regulation,unremuner,unremunerated,6,16
regulation,unspecifi,unspecified,6,24
regulation,unsuit,unsuitable,6,55
regulation,unwork,unworkable,6,19
regulation,uptak,uptake,6,41
regulation,uptick,uptick,6,94
regulation,urib,uribe,6,18
regulation,utopian,utopian,6,27
regulation,valencia,valencia,6,26
regulation,vedomosti,vedomosti,6,31
regulation,veget,vegetables,6,143
regulation,verdict,verdict,6,67
regulation,vessel,vessel,6,40
regulation,victori,victory,6,132
regulation,vienna,vienna,6,134
regulation,vigour,vigour,6,89
regulation,villega,villegas,6,12
regulation,virginia,virginia,6,128
regulation,visualis,visualise,6,42
regulation,volunt,volunteering,6,59
regulation,walker,walker,6,51
regulation,weapon,weapon,6,91
regulation,westminst,westminster,6,40
regulation,wharton,wharton,6,29
regulation,widerang,wideranging,6,19
regulation,withheld,withheld,6,18
regulation,woe,woes,6,39
regulation,workflow,workflows,6,20
regulation,aborigin,aboriginal,5,48
regulation,abovement,abovementioned,5,23
regulation,absa,absa,5,18
regulation,absolv,absolve,5,36
regulation,academi,academy,5,120
regulation,accident,accidental,5,42
regulation,acr,acre,5,22
regulation,adjudg,adjudged,5,10
regulation,adventur,adventure,5,83
regulation,afm,afme,5,21
regulation,afoul,afoul,5,11
regulation,aicpa,aicpa,5,11
regulation,aifmd,aifmd,5,11
regulation,alchemi,alchemy,5,38
regulation,alessandri,alessandri,5,16
regulation,altruism,altruism,5,14
regulation,amazon,amazon,5,67
regulation,anachronist,anachronistic,5,21
regulation,anderson,anderson,5,56
regulation,ann,anne,5,192
regulation,anomal,anomalous,5,35
regulation,anonymis,anonymised,5,24
regulation,apec,apec,5,22
regulation,apf,apf,5,48
regulation,arabian,arabian,5,57
regulation,archego,archegos,5,18
regulation,archiv,archive,5,95
regulation,arrc,arrc,5,14
regulation,assuag,assuage,5,38
regulation,atop,atop,5,13
regulation,axiom,axioms,5,17
regulation,balassa,balassa,5,57
regulation,baldwin,baldwin,5,66
regulation,baltic,baltic,5,62
regulation,bangladesh,bangladesh,5,73
regulation,barker,barker,5,61
regulation,bassett,bassett,5,10
regulation,batteri,battery,5,48
regulation,bauer,bauer,5,27
regulation,bcp,bcp,5,20
regulation,beck,beck,5,46
regulation,bedevil,bedevil,5,39
regulation,bench,bench,5,21
regulation,benigno,benigno,5,16
regulation,bent,bent,5,17
regulation,bhagwati,bhagwati,5,25
regulation,bird,birds,5,56
regulation,birthday,birthday,5,90
regulation,blanchflow,blanchflower,5,40
regulation,bliss,bliss,5,29
regulation,blood,blood,5,76
regulation,blundel,blundell,5,20
regulation,bombay,bombay,5,41
regulation,bonanza,bonanza,5,18
regulation,bother,bother,5,51
regulation,bowl,bowl,5,68
regulation,bplr,bplr,5,10
regulation,breeden,breeden,5,82
regulation,brilliant,brilliant,5,118
regulation,broadband,broadband,5,32
regulation,buck,buck,5,106
regulation,bug,bugs,5,45
regulation,bulgarian,bulgarian,5,11
regulation,bulli,bullies,5,10
regulation,bullion,bullion,5,27
regulation,bund,bund,5,88
regulation,buoyanc,buoyancy,5,108
regulation,cafral,cafral,5,29
regulation,cake,cake,5,47
regulation,canva,canvas,5,41
regulation,carl,carl,5,52
regulation,cashier,cashier,5,63
regulation,casual,casual,5,68
regulation,chairperson,chairperson,5,104
regulation,chari,chari,5,14
regulation,chime,chimed,5,25
regulation,civic,civic,5,82
regulation,clara,clara,5,11
regulation,claudia,claudia,5,45
regulation,clinton,clinton,5,49
regulation,cloak,cloaks,5,15
regulation,cmd,cmd,5,37
regulation,collector,collectors,5,32
regulation,compensatori,compensatory,5,28
regulation,computer,computerized,5,63
regulation,conflat,conflate,5,34
regulation,connot,connotation,5,74
regulation,conquer,conquer,5,53
regulation,contributori,contributory,5,65
regulation,corsetti,corsetti,5,22
regulation,couch,couched,5,36
regulation,counsellor,counsellors,5,33
regulation,counterintuit,counterintuitive,5,41
regulation,countermeasur,countermeasures,5,70
regulation,countrysid,countryside,5,32
regulation,countryspecif,countryspecific,5,32
regulation,cox,cox,5,28
regulation,craig,craig,5,18
regulation,creator,creators,5,59
regulation,cruis,cruising,5,32
regulation,csdb,csdb,5,10
regulation,cukierman,cukierman,5,46
regulation,cum,cum,5,57
regulation,cusp,cusp,5,50
regulation,darkest,darkest,5,58
regulation,darva,darvas,5,11
regulation,deciph,deciphering,5,42
regulation,deck,deck,5,18
regulation,delink,delinking,5,30
regulation,delug,deluge,5,23
regulation,denni,dennis,5,41
regulation,desert,desert,5,49
regulation,detach,detach,5,95
regulation,dewet,dewet,5,23
regulation,diari,diary,5,50
regulation,dice,dice,5,47
regulation,dictum,dictum,5,76
regulation,digitis,digitisation,5,84
regulation,digniti,dignity,5,77
regulation,dim,dimmed,5,48
regulation,dis,dis,5,88
regulation,disequilibrium,disequilibrium,5,64
regulation,doctrinair,doctrinaire,5,17
regulation,dos,dos,5,20
regulation,douglass,douglass,5,15
regulation,dsti,dsti,5,11
regulation,dublin,dublin,5,85
regulation,dwelt,dwelt,5,30
regulation,ear,ears,5,88
regulation,economia,economia,5,47
regulation,ecu,ecu,5,24
regulation,elgar,elgar,5,38
regulation,emigr,emigrate,5,53
regulation,encumb,encumbered,5,28
regulation,endmarch,endmarch,5,19
regulation,erpb,erpb,5,21
regulation,especi,especial,5,22
regulation,euler,euler,5,17
regulation,exp,exp,5,15
regulation,fake,fake,5,53
regulation,farhi,farhi,5,68
regulation,fernandez,fernandez,5,69
regulation,fieldwork,fieldwork,5,11
regulation,fiercer,fiercer,5,12
regulation,financier,financiere,5,36
regulation,firepow,firepower,5,35
regulation,flagship,flagship,5,76
regulation,fled,fled,5,21
regulation,fluiditi,fluidity,5,18
regulation,flurri,flurry,5,24
regulation,flush,flush,5,40
regulation,fourteen,fourteen,5,69
regulation,fox,foxes,5,21
regulation,frbni,frbny,5,34
regulation,freixa,freixas,5,27
regulation,frighten,frightening,5,44
regulation,frs,frs,5,12
regulation,fudg,fudged,5,11
regulation,fukuyama,fukuyama,5,13
regulation,fuse,fused,5,14
regulation,gai,gai,5,17
regulation,gale,gale,5,53
regulation,gallen,gallen,5,35
regulation,galvanis,galvanised,5,22
regulation,gaussian,gaussian,5,18
regulation,gdps,gdps,5,24
regulation,gertrud,gertrude,5,163
regulation,glide,glide,5,26
regulation,gokarn,gokarn,5,37
regulation,goldberg,goldberg,5,45
regulation,gome,gomes,5,19
regulation,gonzalez,gonzalez,5,174
regulation,granit,granite,5,10
regulation,gsdp,gsdp,5,12
regulation,guild,guilds,5,28
regulation,gupta,gupta,5,53
regulation,gust,gust,5,30
regulation,gvcs,gvcs,5,15
regulation,gyrat,gyrations,5,41
regulation,halfway,halfway,5,79
regulation,hangov,hangover,5,32
regulation,harass,harassment,5,25
regulation,hardi,hardiness,5,11
regulation,hawkin,hawkins,5,39
regulation,heckman,heckman,5,21
regulation,henderson,henderson,5,47
regulation,herculean,herculean,5,17
regulation,hhi,hhi,5,13
regulation,hierarch,hierarchical,5,49
regulation,hirschman,hirschman,5,22
regulation,hofmann,hofmann,5,51
regulation,honohan,honohan,5,15
regulation,hoover,hoover,5,42
regulation,html,html,5,35
regulation,hume,hume,5,42
regulation,humphrey,humphrey,5,52
regulation,icon,icon,5,44
regulation,icpf,icpfs,5,13
regulation,ieo,ieo,5,20
regulation,if,ifs,5,70
regulation,igan,igan,5,21
regulation,illiter,illiterate,5,38
regulation,illiteraci,illiteracy,5,42
regulation,immateri,immaterial,5,24
regulation,immobl,immobility,5,24
regulation,imprint,imprint,5,64
regulation,inaccur,inaccurate,5,97
regulation,inadvis,inadvisable,5,20
regulation,inconclus,inconclusive,5,63
regulation,indeterminaci,indeterminacy,5,22
regulation,indisput,indisputable,5,59
regulation,ineffectu,ineffectual,5,14
regulation,infal,infallible,5,34
regulation,infra,infra,5,24
regulation,inordin,inordinately,5,42
regulation,insepar,inseparable,5,70
regulation,interventionist,interventionist,5,31
regulation,invigor,invigorated,5,60
regulation,iraq,iraq,5,152
regulation,irrig,irrigation,5,66
regulation,isaac,isaac,5,21
regulation,ito,ito,5,42
regulation,iwata,iwata,5,37
regulation,jacket,jacket,5,22
regulation,jacobsson,jacobsson,5,28
regulation,jane,jane,5,76
regulation,jenkinson,jenkinson,5,17
regulation,joyc,joyce,5,109
regulation,jungl,jungle,5,17
regulation,kahneman,kahneman,5,36
regulation,karadi,karadi,5,62
regulation,kelli,kelly,5,35
regulation,knit,knit,5,36
regulation,kuttner,kuttner,5,45
regulation,lambda,lambda,5,21
regulation,languish,languish,5,44
regulation,lanka,lanka,5,62
regulation,lbg,lbg,5,11
regulation,leagu,league,5,119
regulation,lifeblood,lifeblood,5,56
regulation,lifeboat,lifeboat,5,11
regulation,lifecycl,lifecycle,5,38
regulation,ltro,ltro,5,50
regulation,lvts,lvts,5,11
regulation,macfarlan,macfarlane,5,93
regulation,magazin,magazine,5,112
regulation,mahadeva,mahadeva,5,22
regulation,male,males,5,136
regulation,malthusian,malthusian,5,12
regulation,malus,malus,5,17
regulation,mania,manias,5,65
regulation,marco,marco,5,115
regulation,marcus,marcus,5,73
regulation,marketis,marketisation,5,23
regulation,marketwid,marketwide,5,29
regulation,marquez,marquez,5,40
regulation,marx,marx,5,34
regulation,matthew,matthew,5,168
regulation,mediums,mediumsized,5,48
regulation,mentor,mentoring,5,96
regulation,meta,meta,5,41
regulation,metamorphos,metamorphosed,5,13
regulation,microenterpris,microenterprise,5,26
regulation,midyear,midyear,5,38
regulation,mike,mike,5,63
regulation,mir,mir,5,56
regulation,misgiv,misgivings,5,37
regulation,misinform,misinformation,5,27
regulation,mispercept,misperceptions,5,115
regulation,mistrust,mistrust,5,65
regulation,monnet,monnet,5,109
regulation,mouth,mouths,5,95
regulation,msb,msb,5,15
regulation,msbs,msbs,5,27
regulation,msf,msf,5,20
regulation,muellbauer,muellbauer,5,17
regulation,mull,mulled,5,13
regulation,multicurr,multicurrency,5,14
regulation,multiprong,multipronged,5,15
regulation,muster,muster,5,36
regulation,nachiket,nachiket,5,23
regulation,nail,nail,5,26
regulation,nasti,nasty,5,49
regulation,neal,neal,5,55
regulation,newton,newton,5,29
regulation,nightmar,nightmare,5,34
regulation,nondeposit,nondeposit,5,16
regulation,nonpubl,nonpublic,5,16
regulation,northeast,northeast,5,37
regulation,norwegian,norwegian,5,17
regulation,nostalgia,nostalgia,5,20
regulation,npci,npci,5,43
regulation,nse,nse,5,44
regulation,nutrit,nutrition,5,49
regulation,obfusc,obfuscate,5,28
regulation,ocean,ocean,5,103
regulation,offend,offenders,5,27
regulation,offsit,offsite,5,33
regulation,ofz,ofz,5,33
regulation,okun,okun,5,45
regulation,omnibus,omnibus,5,24
regulation,opec,opec,5,140
regulation,orat,oration,5,24
regulation,osago,osago,5,18
regulation,overemphasis,overemphasised,5,36
regulation,overheat,overheat,5,58
regulation,overinvest,overinvestment,5,41
regulation,overreach,overreach,5,17
regulation,overreli,overreliance,5,36
regulation,papademo,papademos,5,112
regulation,papaioannou,papaioannou,5,17
regulation,paralyz,paralyze,5,34
regulation,parenthet,parenthetically,5,18
regulation,pars,parse,5,28
regulation,patil,patil,5,30
regulation,paulo,paulo,5,24
regulation,paulson,paulson,5,29
regulation,pecuniari,pecuniary,5,41
regulation,perpetr,perpetrators,5,49
regulation,petit,petition,5,19
regulation,pig,pig,5,17
regulation,pigouvian,pigouvian,5,11
regulation,playbook,playbook,5,25
regulation,plea,plea,5,37
regulation,pot,pot,5,34
regulation,praet,praet,5,143
regulation,predilect,predilection,5,19
regulation,prefac,preface,5,37
regulation,preoccupi,preoccupied,5,72
regulation,prestig,prestige,5,61
regulation,prison,prison,5,59
regulation,proinflationari,proinflationary,5,58
regulation,pud,pudding,5,21
regulation,putat,putative,5,28
regulation,quadrupl,quadrupled,5,89
regulation,quartet,quartet,5,19
regulation,queue,queues,5,56
regulation,quid,quid,5,31
regulation,rabi,rabi,5,22
regulation,raja,raja,5,18
regulation,ramon,ramon,5,19
regulation,rancier,ranciere,5,17
regulation,raphael,raphael,5,33
regulation,reapprais,reappraisal,5,98
regulation,recover,recoverability,5,27
regulation,rediscov,rediscovering,5,40
regulation,redux,redux,5,31
regulation,relic,relic,5,20
regulation,religion,religion,5,56
regulation,reminisc,reminiscent,5,97
regulation,renounc,renounce,5,43
regulation,renown,renowned,5,141
regulation,resecurit,resecuritization,5,10
regulation,resent,resentment,5,35
regulation,retribut,retribution,5,20
regulation,richmond,richmond,5,149
regulation,ridden,ridden,5,34
regulation,river,river,5,114
regulation,rockefel,rockefeller,5,10
regulation,rom,rom,5,23
regulation,rub,rub,5,19
regulation,saddl,saddled,5,45
regulation,schembri,schembri,5,34
regulation,schinasi,schinasi,5,10
regulation,schwartz,schwartz,5,84
regulation,scorecard,scorecard,5,28
regulation,sentenc,sentence,5,165
regulation,sharpest,sharpest,5,109
regulation,shim,shim,5,19
regulation,shot,shot,5,122
regulation,slogan,slogans,5,58
regulation,sociolog,sociological,5,44
regulation,sofr,sofr,5,22
regulation,solar,solar,5,73
regulation,solidifi,solidify,5,67
regulation,sorensen,sorensen,5,60
regulation,sown,sown,5,58
regulation,speci,species,5,78
regulation,spectat,spectator,5,20
regulation,spenc,spence,5,26
regulation,spin,spin,5,73
regulation,spiritu,spiritual,5,34
regulation,spoil,spoil,5,31
regulation,spruce,spruced,5,17
regulation,spurious,spurious,5,28
regulation,ssi,ssi,5,25
regulation,stagflat,stagflation,5,124
regulation,stearn,stearns,5,149
regulation,stolen,stolen,5,48
regulation,stp,stp,5,29
regulation,straddl,straddles,5,39
regulation,straw,straw,5,35
regulation,string,string,5,133
regulation,subcompon,subcomponents,5,28
regulation,subir,subir,5,36
regulation,subtler,subtler,5,12
regulation,suffoc,suffocate,5,11
regulation,sunset,sunset,5,28
regulation,susten,sustenance,5,43
regulation,swallow,swallow,5,23
regulation,sway,sway,5,49
regulation,tab,tab,5,33
regulation,tack,tack,5,30
regulation,tafcub,tafcub,5,10
regulation,talf,talf,5,51
regulation,tass,tass,5,48
regulation,technologist,technologists,5,21
regulation,templ,temple,5,52
regulation,tenreyro,tenreyro,5,105
regulation,textil,textiles,5,160
regulation,thecount,thecounter,5,33
regulation,thereto,thereto,5,27
regulation,these,theses,5,17
regulation,thinker,thinkers,5,64
regulation,tibor,tibor,5,15
regulation,tion,tion,5,21
regulation,tltros,tltros,5,129
regulation,ton,ton,5,56
regulation,tongu,tongue,5,28
regulation,toss,tossed,5,21
regulation,toughest,toughest,5,33
regulation,tractabl,tractable,5,28
regulation,traine,trainees,5,20
regulation,trait,traits,5,78
regulation,tranquil,tranquility,5,94
regulation,transmitt,transmitter,5,23
regulation,transpir,transpired,5,66
regulation,tribe,tribes,5,39
regulation,trickier,trickier,5,20
regulation,tripartit,tripartite,5,56
regulation,truism,truism,5,23
regulation,tyranni,tyranny,5,30
regulation,tyre,tyre,5,30
regulation,ueda,ueda,5,38
regulation,uhlig,uhlig,5,28
regulation,unanchor,unanchored,5,106
regulation,uncollateralis,uncollateralised,5,38
regulation,underfund,underfunding,5,33
regulation,undisclos,undisclosed,5,16
regulation,uneas,unease,5,48
regulation,unorgan,unorganized,5,35
regulation,unqualifi,unqualified,5,33
regulation,unquest,unquestioned,5,34
regulation,unquot,unquote,5,13
regulation,unrecognis,unrecognised,5,18
regulation,unrespons,unresponsive,5,31
regulation,unstructur,unstructured,5,36
regulation,untap,untapped,5,75
regulation,unwieldi,unwieldy,5,19
regulation,upstream,upstream,5,78
regulation,usuri,usury,5,53
regulation,valuead,valueadded,5,24
regulation,victorian,victorian,5,40
regulation,vista,vistas,5,30
regulation,volkswirtschaftlich,volkswirtschaftliche,5,17
regulation,walsh,walsh,5,60
regulation,watchdog,watchdog,5,23
regulation,weari,weary,5,22
regulation,weighti,weighty,5,29
regulation,wellcapit,wellcapitalized,5,12
regulation,welldesign,welldesigned,5,14
regulation,wellmanag,wellmanaged,5,12
regulation,whammi,whammy,5,17
regulation,whistl,whistles,5,30
regulation,widest,widest,5,76
regulation,wieland,wieland,5,39
regulation,wil,wilful,5,43
regulation,williamson,williamson,5,47
regulation,withdrew,withdrew,5,104
regulation,wring,wring,5,14
regulation,xii,xii,5,22
regulation,xiii,xiii,5,23
regulation,yoy,yoy,5,91
regulation,zakrajsek,zakrajsek,5,39
regulation,zelmer,zelmer,5,11
regulation,abc,abc,4,20
regulation,abey,abeyance,4,12
regulation,abridg,abridged,4,27
regulation,accelerationist,accelerationist,4,10
regulation,acclaim,acclaimed,4,34
regulation,achill,achilles,4,31
regulation,addendum,addendum,4,48
regulation,aesthet,aesthetic,4,31
regulation,affection,affectionately,4,19
regulation,ag,ags,4,19
regulation,agnost,agnostic,4,52
regulation,ala,alas,4,39
regulation,alesina,alesina,4,69
regulation,alfaro,alfaro,4,15
regulation,amass,amassed,4,23
regulation,amel,amel,4,12
regulation,andersen,andersen,4,31
regulation,anem,anemic,4,51
regulation,angeloni,angeloni,4,47
regulation,angrist,angrist,4,10
regulation,angst,angst,4,16
regulation,annal,annals,4,29
regulation,anticompetit,anticompetitive,4,19
regulation,apartheid,apartheid,4,27
regulation,aperitif,aperitif,4,12
regulation,append,append,4,11
regulation,arab,arab,4,60
regulation,artisan,artisan,4,34
regulation,artist,artistic,4,86
regulation,assocham,assocham,4,27
regulation,astray,astray,4,45
regulation,atkinson,atkinson,4,23
regulation,atomist,atomistic,4,20
regulation,attrit,attrition,4,40
regulation,augur,augur,4,63
regulation,avian,avian,4,13
regulation,aviat,aviation,4,50
regulation,awri,awry,4,10
regulation,axiomat,axiomatic,4,24
regulation,babel,babel,4,10
regulation,badg,badge,4,12
regulation,banca,banca,4,114
regulation,banerje,banerjee,4,46
regulation,baron,baron,4,19
regulation,bastion,bastion,4,10
regulation,bathwat,bathwater,4,14
regulation,beacon,beacon,4,36
regulation,behest,behest,4,32
regulation,belgian,belgian,4,53
regulation,bennett,bennett,4,39
regulation,bere,beres,4,11
regulation,berkeley,berkeley,4,51
regulation,betray,betray,4,27
regulation,beveridg,beveridge,4,47
regulation,bewild,bewildering,4,32
regulation,bibliographi,bibliography,4,60
regulation,bic,bic,4,20
regulation,bigtech,bigtech,4,34
regulation,bishop,bishop,4,33
regulation,blatant,blatant,4,23
regulation,blew,blew,4,16
regulation,blossom,blossom,4,35
regulation,blush,blush,4,29
regulation,bombard,bombardment,4,10
regulation,boomer,boomers,4,144
regulation,borderlin,borderline,4,25
regulation,brew,brewing,4,69
regulation,brighten,brightened,4,87
regulation,broadbas,broadbase,4,46
regulation,bsb,bsb,4,11
regulation,buch,buch,4,10
regulation,bud,budding,4,67
regulation,builder,builder,4,95
regulation,bulg,bulge,4,28
regulation,bunn,bunn,4,41
regulation,buoy,buoyed,4,115
regulation,businesspeopl,businesspeople,4,26
regulation,button,button,4,44
regulation,buzzword,buzzword,4,34
regulation,cab,cabs,4,35
regulation,cabl,cable,4,44
regulation,cage,cage,4,12
regulation,callum,callum,4,13
regulation,carmassi,carmassi,4,10
regulation,carol,carol,4,47
regulation,cato,cato,4,60
regulation,cbo,cbo,4,89
regulation,ceremoni,ceremony,4,254
regulation,ces,ces,4,31
regulation,chairmen,chairmen,4,59
regulation,chatham,chatham,4,37
regulation,cheapest,cheapest,4,33
regulation,childcar,childcare,4,68
regulation,chinn,chinn,4,20
regulation,christen,christening,4,20
regulation,christin,christine,4,158
regulation,chronicl,chronicled,4,34
regulation,churchil,churchill,4,57
regulation,ciampi,ciampi,4,12
regulation,citizenship,citizenship,4,28
regulation,clash,clash,4,60
regulation,classroom,classroom,4,71
regulation,clawback,clawback,4,22
regulation,clementi,clementi,4,29
regulation,click,click,4,85
regulation,clip,clip,4,52
regulation,cogent,cogent,4,19
regulation,cohen,cohen,4,35
regulation,colloqui,colloquially,4,36
regulation,communist,communist,4,82
regulation,comov,comovement,4,28
regulation,compartmentalis,compartmentalisation,4,12
regulation,confisc,confiscating,4,26
regulation,congest,congestion,4,50
regulation,constrict,constricting,4,39
regulation,cont,cont,4,16
regulation,contextualis,contextualise,4,19
regulation,contigu,contiguous,4,11
regulation,contriv,contrived,4,14
regulation,cooki,cookie,4,12
regulation,copper,copper,4,112
regulation,copyright,copyright,4,242
regulation,corporatis,corporatised,4,13
regulation,corpus,corpus,4,30
regulation,councillor,councillors,4,86
regulation,courtesi,courtesy,4,46
regulation,crawford,crawford,4,20
regulation,crest,crest,4,40
regulation,cro,cro,4,11
regulation,croatia,croatia,4,34
regulation,curs,curse,4,58
regulation,cypriot,cypriot,4,14
regulation,dam,dam,4,38
regulation,danc,dancing,4,54
regulation,dashboard,dashboard,4,40
regulation,databank,databank,4,19
regulation,dave,dave,4,93
regulation,debreu,debreu,4,21
regulation,deceiv,deceive,4,57
regulation,decenni,decennial,4,19
regulation,decontrol,decontrol,4,11
regulation,dedola,dedola,4,27
regulation,deduc,deduce,4,50
regulation,degener,degenerate,4,42
regulation,deglobalis,deglobalisation,4,32
regulation,del,del,4,137
regulation,derid,derided,4,13
regulation,descent,descent,4,38
regulation,determinist,deterministic,4,28
regulation,devil,devil,4,43
regulation,devolut,devolution,4,17
regulation,dia,dia,4,33
regulation,diaspora,diaspora,4,21
regulation,diplomat,diplomat,4,78
regulation,dirti,dirty,4,26
regulation,discreet,discreet,4,19
regulation,diseconomi,diseconomies,4,17
regulation,dish,dish,4,15
regulation,disintegr,disintegrated,4,45
regulation,dislik,disliked,4,49
regulation,dissolut,dissolution,4,33
regulation,divin,divine,4,73
regulation,dixit,dixit,4,28
regulation,dns,dns,4,10
regulation,domingo,domingo,4,88
regulation,dotcom,dotcom,4,58
regulation,dove,dove,4,45
regulation,downtrend,downtrend,4,123
regulation,dragon,dragon,4,20
regulation,dtcc,dtcc,4,21
regulation,dummi,dummy,4,45
regulation,dust,dust,4,59
regulation,dybvig,dybvig,4,37
regulation,ead,ead,4,12
regulation,eaten,eaten,4,24
regulation,ebulli,ebullient,4,20
regulation,economywid,economywide,4,15
regulation,ehrmann,ehrmann,4,65
regulation,eib,eib,4,45
regulation,eichenbaum,eichenbaum,4,52
regulation,electronif,electronification,4,42
regulation,elucid,elucidated,4,55
regulation,embezzl,embezzlement,4,13
regulation,embroil,embroiled,4,17
regulation,embryon,embryonic,4,30
regulation,empathi,empathy,4,45
regulation,entangl,entangled,4,25
regulation,epfr,epfr,4,23
regulation,ephemer,ephemeral,4,47
regulation,erceg,erceg,4,65
regulation,erhard,erhard,4,24
regulation,eric,eric,4,170
regulation,errat,erratic,4,144
regulation,erstwhil,erstwhile,4,47
regulation,espana,espana,4,92
regulation,eugenio,eugenio,4,118
regulation,eurobond,eurobonds,4,60
regulation,eurofi,eurofi,4,46
regulation,eurois,euroisation,4,26
regulation,exorbit,exorbitant,4,69
regulation,expound,expounded,4,35
regulation,expropri,expropriation,4,24
regulation,extinct,extinction,4,36
regulation,extol,extol,4,18
regulation,eyebrow,eyebrows,4,12
regulation,facad,facade,4,20
regulation,fahr,fahr,4,19
regulation,falloff,falloff,4,25
regulation,fama,fama,4,17
regulation,fargo,fargo,4,28
regulation,faultlin,faultline,4,10
regulation,favorit,favorite,4,37
regulation,fearless,fearlessly,4,15
regulation,federico,federico,4,40
regulation,fednow,fednow,4,28
regulation,fedwir,fedwire,4,74
regulation,feroci,ferocious,4,18
regulation,feroli,feroli,4,31
regulation,ferretti,ferretti,4,27
regulation,fetch,fetched,4,36
regulation,fiasco,fiasco,4,11
regulation,ficci,ficci,4,61
regulation,fiction,fiction,4,61
regulation,fidel,fidelity,4,26
regulation,finnish,finnish,4,35
regulation,fireston,firestone,4,11
regulation,firsthand,firsthand,4,54
regulation,fivefold,fivefold,4,35
regulation,flank,flanked,4,30
regulation,flawless,flawless,4,17
regulation,flipsid,flipside,4,43
regulation,flung,flung,4,30
regulation,folk,folk,4,41
regulation,folli,follies,4,105
regulation,ford,ford,4,90
regulation,foregon,foregone,4,79
regulation,foreground,foreground,4,30
regulation,forgot,forgot,4,24
regulation,fps,fps,4,26
regulation,francesco,francesco,4,38
regulation,fratern,fraternal,4,56
regulation,freedman,freedman,4,20
regulation,freeman,freeman,4,41
regulation,frenzi,frenzy,4,39
regulation,fulcrum,fulcrum,4,22
regulation,fundprovis,fundprovisioning,4,15
regulation,furthest,furthest,4,24
regulation,gaze,gaze,4,33
regulation,gdr,gdr,4,13
regulation,gem,gem,4,26
regulation,genr,genre,4,29
regulation,georgetown,georgetown,4,25
regulation,gesellschaft,gesellschaft,4,34
regulation,ghana,ghana,4,21
regulation,ghg,ghg,4,13
regulation,gic,gic,4,10
regulation,gies,giese,4,20
regulation,goldin,goldin,4,15
regulation,gourincha,gourinchas,4,70
regulation,governmentsponsor,governmentsponsored,4,18
regulation,graft,grafted,4,12
regulation,grandchildren,grandchildren,4,31
regulation,gregori,gregory,4,79
regulation,gridlock,gridlock,4,48
regulation,gruen,gruen,4,26
regulation,guillermo,guillermo,4,49
regulation,haa,haas,4,40
regulation,hail,hailed,4,44
regulation,hair,hair,4,40
regulation,haltiwang,haltiwanger,4,57
regulation,hamburg,hamburg,4,51
regulation,handset,handsets,4,19
regulation,harold,harold,4,34
regulation,hasti,hasty,4,54
regulation,heap,heap,4,18
regulation,hemispher,hemisphere,4,58
regulation,hempel,hempel,4,11
regulation,hick,hicks,4,57
regulation,homeland,homeland,4,56
regulation,hook,hook,4,38
regulation,hoshi,hoshi,4,25
regulation,hostag,hostage,4,46
regulation,howitt,howitt,4,17
regulation,hsieh,hsieh,4,11
regulation,hugh,hugh,4,69
regulation,hurri,hurry,4,45
regulation,hurrican,hurricanes,4,117
regulation,ibrd,ibrd,4,10
regulation,idb,idb,4,17
regulation,ifci,ifci,4,12
regulation,iia,iia,4,17
regulation,impercept,imperceptible,4,12
regulation,imperi,imperial,4,80
regulation,imperil,imperil,4,46
regulation,implod,implode,4,25
regulation,impound,impound,4,18
regulation,inch,inch,4,44
regulation,incompet,incompetence,4,22
regulation,indiscrimin,indiscriminate,4,69
regulation,industrywid,industrywide,4,13
regulation,inequit,inequitable,4,23
regulation,inf,inf,4,21
regulation,inflect,inflection,4,48
regulation,inhabit,inhabitant,4,154
regulation,inhospit,inhospitable,4,20
regulation,inland,inland,4,32
regulation,inorgan,inorganic,4,13
regulation,inroad,inroads,4,83
regulation,insecur,insecurity,4,162
regulation,instig,instigation,4,27
regulation,interrog,interrogate,4,25
regulation,interwoven,interwoven,4,32
regulation,inth,inthe,4,33
regulation,inund,inundated,4,20
regulation,ira,iras,4,16
regulation,ironi,irony,4,50
regulation,irreconcil,irreconcilable,4,12
regulation,irresist,irresistible,4,23
regulation,irrit,irritant,4,30
regulation,irwin,irwin,4,31
regulation,isin,isin,4,10
regulation,ital,ital,4,15
regulation,iyer,iyer,4,14
regulation,izvestia,izvestia,4,27
regulation,jacob,jacob,4,84
regulation,jenkin,jenkins,4,40
regulation,jet,jet,4,40
regulation,jinp,jinping,4,45
regulation,jona,jona,4,36
regulation,joshua,joshua,4,56
regulation,jpmorgan,jpmorgan,4,77
regulation,jul,jul,4,167
regulation,jung,jung,4,45
regulation,junk,junk,4,70
regulation,just,justly,4,24
regulation,kaleidoscop,kaleidoscopically,4,10
regulation,kane,kane,4,15
regulation,karl,karl,4,88
regulation,kazuo,kazuo,4,33
regulation,keho,kehoe,4,22
regulation,keith,keith,4,17
regulation,kenya,kenya,4,48
regulation,killer,killer,4,20
regulation,knut,knut,4,31
regulation,kugler,kugler,4,11
regulation,landlord,landlords,4,29
regulation,leapfrog,leapfrog,4,30
regulation,learner,learners,4,19
regulation,legendari,legendary,4,40
regulation,lens,lenses,4,20
regulation,liais,liaising,4,32
regulation,lim,lim,4,20
regulation,limelight,limelight,4,32
regulation,lin,lin,4,17
regulation,lip,lip,4,27
regulation,liquefi,liquefy,4,66
regulation,liverpool,liverpool,4,39
regulation,loanto,loanto,4,16
regulation,lobbyist,lobbyist,4,10
regulation,locomot,locomotives,4,40
regulation,locus,locus,4,40
regulation,lofti,lofty,4,36
regulation,loyal,loyal,4,45
regulation,lui,luis,4,179
regulation,lujiazui,lujiazui,4,16
regulation,lvr,lvr,4,15
regulation,macroeconometr,macroeconometric,4,47
regulation,madam,madam,4,174
regulation,mahvash,mahvash,4,10
regulation,mandatorili,mandatorily,4,12
regulation,mankiw,mankiw,4,61
regulation,mantl,mantle,4,20
regulation,maria,maria,4,77
regulation,martinez,martinez,4,45
regulation,mas,mas,4,39
regulation,masaaki,masaaki,4,117
regulation,mathia,mathias,4,21
regulation,matric,matric,4,13
regulation,matt,matt,4,114
regulation,maynard,maynard,4,116
regulation,mccarthi,mccarthy,4,30
regulation,mdgs,mdgs,4,15
regulation,mdi,mdi,4,10
regulation,meal,meal,4,53
regulation,memoir,memoirs,4,56
regulation,memor,memorable,4,82
regulation,ment,ment,4,18
regulation,mercantilist,mercantilist,4,16
regulation,methuen,methuen,4,10
regulation,mfs,mfs,4,20
regulation,michel,michel,4,107
regulation,microchip,microchips,4,20
regulation,microloan,microloan,4,11
regulation,microsoft,microsoft,4,31
regulation,midway,midway,4,20
regulation,mimick,mimicking,4,23
regulation,mini,mini,4,63
regulation,minutia,minutiae,4,13
regulation,miser,miserably,4,31
regulation,misreport,misreporting,4,17
regulation,mojon,mojon,4,56
regulation,moneylend,moneylenders,4,34
regulation,monolith,monolithic,4,28
regulation,monopol,monopolize,4,18
regulation,monsoon,monsoon,4,108
regulation,montenegro,montenegro,4,20
regulation,montreal,montreal,4,114
regulation,mora,mora,4,18
regulation,morbid,morbidity,4,19
regulation,msci,msci,4,31
regulation,muddl,muddled,4,18
regulation,mukherje,mukherjee,4,25
regulation,multidecad,multidecade,4,11
regulation,mundan,mundane,4,21
regulation,munich,munich,4,73
regulation,murder,murder,4,24
regulation,murphi,murphy,4,47
regulation,nakata,nakata,4,34
regulation,nanci,nancy,4,24
regulation,nawm,nawm,4,12
regulation,ndf,ndf,4,19
regulation,nds,nds,4,52
regulation,nearbi,nearby,4,64
regulation,ned,neds,4,18
regulation,neiman,neiman,4,11
regulation,neri,neri,4,17
regulation,newyork,newyork,4,25
regulation,nigeria,nigeria,4,63
regulation,nim,nim,4,36
regulation,nipa,nipa,4,15
regulation,nobl,noble,4,52
regulation,nof,nof,4,12
regulation,nonexist,nonexistent,4,35
regulation,nonmonetari,nonmonetary,4,55
regulation,nonprim,nonprime,4,19
regulation,nonsens,nonsense,4,29
regulation,nontranspar,nontransparent,4,15
regulation,nook,nook,4,14
regulation,norman,norman,4,78
regulation,nos,nos,4,32
regulation,nourish,nourished,4,31
regulation,nullifi,nullified,4,24
regulation,oca,oca,4,31
regulation,of,offing,4,32
regulation,offens,offenses,4,39
regulation,offshoot,offshoot,4,19
regulation,offtak,offtake,4,15
regulation,oligopolist,oligopolistic,4,33
regulation,opera,opera,4,14
regulation,otmar,otmar,4,166
regulation,outer,outer,4,42
regulation,overrun,overruns,4,27
regulation,oversimplif,oversimplification,4,29
regulation,overstretch,overstretched,4,43
regulation,overth,overthe,4,17
regulation,overus,overused,4,22
regulation,palat,palatable,4,21
regulation,panorama,panorama,4,24
regulation,paralysi,paralysis,4,55
regulation,paribus,paribus,4,65
regulation,parker,parker,4,84
regulation,paustian,paustian,4,44
regulation,payback,payback,4,31
regulation,payday,payday,4,25
regulation,paye,payee,4,52
regulation,peacetim,peacetime,4,68
regulation,peach,peach,4,11
regulation,pedagog,pedagogical,4,19
regulation,pedersen,pedersen,4,47
regulation,peek,peek,4,23
regulation,peltonen,peltonen,4,12
regulation,pennsylvania,pennsylvania,4,101
regulation,pent,pent,4,209
regulation,pereira,pereira,4,14
regulation,persian,persian,4,12
regulation,perth,perth,4,46
regulation,pervad,pervades,4,39
regulation,pes,pes,4,10
regulation,petti,petty,4,15
regulation,phil,phil,4,47
regulation,pindyck,pindyck,4,19
regulation,pol,pol,4,17
regulation,polak,polak,4,33
regulation,politi,polity,4,38
regulation,potato,potato,4,35
regulation,prayer,prayer,4,21
regulation,preannounc,preannounced,4,41
regulation,prepandem,prepandemic,4,40
regulation,pretoria,pretoria,4,120
regulation,prewar,prewar,4,11
regulation,pricewaterhousecoop,pricewaterhousecoopers,4,17
regulation,proclaim,proclaimed,4,37
regulation,procrastin,procrastination,4,27
regulation,prodigi,prodigious,4,21
regulation,protagonist,protagonists,4,36
regulation,prototyp,prototype,4,61
regulation,pti,pti,4,12
regulation,putback,putback,4,12
regulation,quadrant,quadrant,4,12
regulation,quadrillion,quadrillion,4,18
regulation,quantil,quantile,4,15
regulation,quartil,quartile,4,56
regulation,quickest,quickest,4,18
regulation,quintessenti,quintessential,4,46
regulation,racial,racial,4,107
regulation,raghu,raghu,4,14
regulation,rarer,rarer,4,16
regulation,ravi,ravi,4,31
regulation,razor,razor,4,11
regulation,reabsorb,reabsorb,4,64
regulation,reassert,reassert,4,69
regulation,rec,rec,4,48
regulation,recaptur,recapture,4,16
regulation,recogniz,recognizable,4,25
regulation,redevelop,redevelopment,4,56
regulation,reintermedi,reintermediation,4,20
regulation,reinvigor,reinvigorate,4,66
regulation,reit,reits,4,179
regulation,rejuven,rejuvenate,4,56
regulation,releg,relegated,4,41
regulation,relinquish,relinquish,4,42
regulation,remun,remunerative,4,31
regulation,reneg,renege,4,46
regulation,renunci,renunciation,4,16
regulation,reorder,reorder,4,18
regulation,reposit,reposition,4,43
regulation,resel,resell,4,22
regulation,reservoir,reservoir,4,39
regulation,reus,reuse,4,22
regulation,revolutionis,revolutionise,4,69
regulation,rewritten,rewritten,4,16
regulation,rhys,rhys,4,41
regulation,rip,rip,4,16
regulation,riskfre,riskfree,4,28
regulation,ritual,ritualism,4,17
regulation,riyadh,riyadh,4,33
regulation,rocket,rocket,4,52
regulation,romania,romania,4,112
regulation,roosevelt,roosevelt,4,40
regulation,roubl,roubles,4,23
regulation,rumor,rumor,4,53
regulation,runner,runner,4,37
regulation,sack,sack,4,109
regulation,saint,saint,4,99
regulation,salt,salt,4,58
regulation,salzburg,salzburg,4,10
regulation,samuel,samuel,4,63
regulation,sarfaesi,sarfaesi,4,30
regulation,scandinavian,scandinavian,4,91
regulation,scant,scant,4,63
regulation,schmukler,schmukler,4,11
regulation,schuknecht,schuknecht,4,11
regulation,sci,sci,4,14
regulation,scoreboard,scoreboard,4,30
regulation,scourg,scourge,4,29
regulation,seacen,seacen,4,39
regulation,sedat,sedate,4,16
regulation,sender,sender,4,30
regulation,sentanc,sentance,4,40
regulation,sergio,sergio,4,24
regulation,seru,seru,4,12
regulation,sevenfold,sevenfold,4,10
regulation,sfbs,sfbs,4,18
regulation,sheng,sheng,4,13
regulation,shirk,shirking,4,19
regulation,shoddi,shoddy,4,10
regulation,shortest,shortest,4,79
regulation,showcas,showcase,4,72
regulation,sieg,siege,4,11
regulation,signpost,signposted,4,36
regulation,silva,silva,4,37
regulation,simsek,simsek,4,13
regulation,sing,singing,4,27
regulation,singh,singh,4,125
regulation,sinner,sinners,4,11
regulation,sino,sino,4,18
regulation,siren,siren,4,31
regulation,skander,skander,4,12
regulation,skittish,skittish,4,20
regulation,slightest,slightest,4,41
regulation,slowest,slowest,4,84
regulation,smile,smiling,4,39
regulation,smp,smp,4,67
regulation,smuggl,smuggling,4,17
regulation,snake,snake,4,22
regulation,soe,soes,4,42
regulation,soro,soros,4,11
regulation,splendid,splendid,4,58
regulation,stabilityori,stabilityoriented,4,26
regulation,stapl,staple,4,51
regulation,stateconting,statecontingent,4,14
regulation,stationari,stationary,4,33
regulation,statistisch,statistisch,4,12
regulation,stoke,stoking,4,84
regulation,straightaway,straightaway,4,23
regulation,stranger,strangers,4,35
regulation,stripe,stripe,4,38
regulation,sturzenegg,sturzenegger,4,23
regulation,subsector,subsector,4,33
regulation,subserv,subserve,4,14
regulation,subservi,subservient,4,25
regulation,subvent,subventions,4,23
regulation,succinct,succinctly,4,64
regulation,sunlight,sunlight,4,15
regulation,superannu,superannuation,4,62
regulation,surmis,surmise,4,42
regulation,survivor,survivors,4,46
regulation,swear,swear,4,11
regulation,swipe,swiped,4,18
regulation,symmetri,symmetry,4,88
regulation,syndrom,syndrome,4,79
regulation,tac,tac,4,20
regulation,tacit,tacit,4,31
regulation,taf,taf,4,42
regulation,tailwind,tailwind,4,112
regulation,tata,tata,4,27
regulation,taxi,taxi,4,24
regulation,teaser,teaser,4,22
regulation,telegraph,telegraph,4,70
regulation,tens,tense,4,58
regulation,tequila,tequila,4,20
regulation,terra,terra,4,14
regulation,tether,tethered,4,22
regulation,theo,theo,4,14
regulation,therapi,therapy,4,29
regulation,therefrom,therefrom,4,19
regulation,timeless,timeless,4,39
regulation,timevari,timevarying,4,12
regulation,tobacco,tobacco,4,152
regulation,toi,tois,4,15
regulation,torn,torn,4,47
regulation,tract,tracts,4,48
regulation,tractor,tractors,4,22
regulation,triffin,triffin,4,25
regulation,troika,troika,4,23
regulation,tuition,tuition,4,58
regulation,twelfth,twelfth,4,72
regulation,ubiquit,ubiquitous,4,91
regulation,ulc,ulc,4,32
regulation,unassail,unassailable,4,11
regulation,uncompetit,uncompetitive,4,52
regulation,unconnect,unconnected,4,26
regulation,uncoop,uncooperative,4,11
regulation,unctad,unctad,4,38
regulation,underemploy,underemployed,4,149
regulation,undiversifi,undiversified,4,11
regulation,unep,unep,4,16
regulation,unexploit,unexploited,4,30
regulation,uni,uni,4,31
regulation,unlev,unlevered,4,14
regulation,unmoor,unmoored,4,33
regulation,unpack,unpacking,4,30
regulation,unparallel,unparalleled,4,73
regulation,unproven,unproven,4,17
regulation,unquantifi,unquantifiable,4,12
regulation,unseen,unseen,4,41
regulation,unsophist,unsophisticated,4,39
regulation,unten,untenable,4,53
regulation,untri,untried,4,14
regulation,untru,untrue,4,11
regulation,unwit,unwittingly,4,29
regulation,upscal,upscale,4,19
regulation,uti,uti,4,19
regulation,veas,vease,4,10
regulation,veil,veil,4,62
regulation,vestig,vestiges,4,16
regulation,vibranc,vibrancy,4,58
regulation,viral,viral,4,44
regulation,virul,virulence,4,59
regulation,vishwanathan,vishwanathan,4,11
regulation,visitor,visitors,4,186
regulation,volumin,voluminous,4,26
regulation,voter,voters,4,111
regulation,wand,wand,4,21
regulation,warwick,warwick,4,43
regulation,watermark,watermark,4,16
regulation,watertight,watertight,4,16
regulation,waysid,wayside,4,16
regulation,weal,weale,4,74
regulation,wealthi,wealthy,4,103
regulation,webster,webster,4,12
regulation,weeken,weeken,4,12
regulation,wef,wef,4,20
regulation,weiss,weiss,4,25
regulation,weitzman,weitzman,4,10
regulation,welldefin,welldefined,4,15
regulation,wellknown,wellknown,4,24
regulation,wern,werning,4,29
regulation,whop,whopping,4,23
regulation,wick,wicked,4,20
regulation,willem,willem,4,210
regulation,wolfgang,wolfgang,4,35
regulation,workweek,workweeks,4,20
regulation,wwi,wwi,4,10
regulation,wyplosz,wyplosz,4,32
regulation,ycc,ycc,4,20
regulation,yougov,yougov,4,39
regulation,abel,abel,3,26
regulation,aberdeen,aberdeen,3,13
regulation,abli,ably,3,46
regulation,abm,abms,3,11
regulation,acid,acid,3,19
regulation,adolesc,adolescents,3,24
regulation,aei,aei,3,33
regulation,affluenc,affluence,3,38
regulation,affluent,affluent,3,54
regulation,afield,afield,3,31
regulation,afor,afore,3,15
regulation,afterward,afterward,3,37
regulation,agarw,agarwal,3,13
regulation,agglomer,agglomeration,3,40
regulation,agit,agitated,3,23
regulation,agm,agm,3,30
regulation,agro,agro,3,33
regulation,agustin,agustin,3,116
regulation,ahearn,ahearne,3,21
regulation,akerlof,akerlof,3,63
regulation,alacr,alacrity,3,14
regulation,albert,albert,3,58
regulation,allan,allan,3,53
regulation,allur,allure,3,23
regulation,allus,allusion,3,12
regulation,almighti,almighty,3,121
regulation,alongwith,alongwith,3,13
regulation,alt,alt,3,40
regulation,alumni,alumni,3,52
regulation,ameco,ameco,3,27
regulation,amorph,amorphous,3,19
regulation,anderton,anderton,3,30
regulation,angelini,angelini,3,13
regulation,angus,angus,3,33
regulation,anika,anika,3,29
regulation,annoy,annoy,3,18
regulation,anvil,anvil,3,19
regulation,anxious,anxious,3,98
regulation,aptitud,aptitude,3,17
regulation,ardent,ardent,3,17
regulation,aria,arias,3,12
regulation,ariel,ariell,3,12
regulation,arnold,arnold,3,18
regulation,arous,aroused,3,62
regulation,ascent,ascent,3,53
regulation,asli,asli,3,10
regulation,assenmach,assenmacher,3,18
regulation,ate,ate,3,31
regulation,athlet,athlete,3,29
regulation,atrophi,atrophy,3,32
regulation,attende,attendees,3,89
regulation,australasian,australasian,3,23
regulation,autoregress,autoregressive,3,69
regulation,axe,axes,3,30
regulation,bac,bacs,3,18
regulation,backslid,backsliding,3,14
regulation,bangkok,bangkok,3,31
regulation,banish,banish,3,17
regulation,banka,banka,3,45
regulation,bankbas,bankbased,3,15
regulation,banxico,banxico,3,35
regulation,barton,barton,3,12
regulation,bearer,bearers,3,61
regulation,beaten,beaten,3,18
regulation,bech,bech,3,15
regulation,beggar,beggar,3,64
regulation,beli,belie,3,41
regulation,bequeath,bequeathed,3,31
regulation,bertaut,bertaut,3,12
regulation,bharat,bharat,3,42
regulation,bidder,bidders,3,50
regulation,bifr,bifr,3,11
regulation,bipolar,bipolar,3,19
regulation,blackout,blackout,3,30
regulation,blackwel,blackwell,3,30
regulation,blemish,blemishes,3,18
regulation,blink,blinked,3,17
regulation,boardroom,boardrooms,3,20
regulation,bob,bob,3,83
regulation,boc,boc,3,15
regulation,bolton,bolton,3,20
regulation,bonafid,bonafide,3,12
regulation,booth,booth,3,86
regulation,bootstrap,bootstrap,3,16
regulation,borderless,borderless,3,30
regulation,boyarchenko,boyarchenko,3,12
regulation,boycott,boycott,3,17
regulation,bradi,brady,3,29
regulation,braun,braun,3,17
regulation,breakeven,breakeven,3,58
regulation,breakfast,breakfast,3,93
regulation,breathtak,breathtaking,3,23
regulation,breviti,brevity,3,37
regulation,brigad,brigade,3,16
regulation,bruegel,bruegel,3,74
regulation,bse,bse,3,46
regulation,budapest,budapest,3,24
regulation,buffett,buffett,3,20
regulation,bullish,bullish,3,68
regulation,bullock,bullock,3,33
regulation,bundestag,bundestag,3,19
regulation,burgess,burgess,3,31
regulation,burner,burner,3,12
regulation,bus,bus,3,42
regulation,businessmen,businessmen,3,62
regulation,butter,butter,3,31
regulation,buzz,buzz,3,11
regulation,bvar,bvar,3,19
regulation,caja,cajas,3,11
regulation,calam,calamity,3,72
regulation,calib,caliber,3,14
regulation,calmer,calmer,3,57
regulation,cao,cao,3,21
regulation,carboni,carboni,3,41
regulation,caselli,caselli,3,17
regulation,cass,cass,3,37
regulation,castro,castro,3,14
regulation,catapult,catapulted,3,21
regulation,ccs,ccs,3,10
regulation,cereal,cereals,3,62
regulation,cerutti,cerutti,3,48
regulation,cfos,cfos,3,25
regulation,champagn,champagne,3,13
regulation,charli,charlie,3,90
regulation,checkout,checkout,3,38
regulation,chequer,chequered,3,12
regulation,childhood,childhood,3,62
regulation,chop,chopped,3,14
regulation,christma,christmas,3,95
regulation,cibil,cibil,3,18
regulation,cio,cio,3,16
regulation,cis,cis,3,26
regulation,clamp,clamp,3,21
regulation,clayton,clayton,3,13
regulation,cleaner,cleaner,3,66
regulation,clearstream,clearstream,3,18
regulation,clerc,clerc,3,18
regulation,clerk,clerk,3,27
regulation,clich,cliche,3,59
regulation,clos,clos,3,36
regulation,cloyn,cloyne,3,20
regulation,cmds,cmds,3,20
regulation,cmi,cmi,3,17
regulation,coach,coach,3,42
regulation,coas,coase,3,15
regulation,coauthor,coauthors,3,32
regulation,cochran,cochrane,3,38
regulation,cointegr,cointegration,3,18
regulation,compnet,compnet,3,22
regulation,condon,condoned,3,10
regulation,conductor,conductor,3,22
regulation,conferr,conferral,3,20
regulation,conjur,conjures,3,28
regulation,conseil,conseil,3,16
regulation,consensu,consensual,3,41
regulation,consolo,consolo,3,10
regulation,constanc,constancy,3,20
regulation,contrarian,contrarian,3,19
regulation,convoy,convoy,3,10
regulation,cornish,cornish,3,13
regulation,cos,cos,3,14
regulation,cosmet,cosmetic,3,16
regulation,cotton,cotton,3,69
regulation,countdown,countdown,3,19
regulation,countrywid,countrywide,3,17
regulation,cour,cour,3,16
regulation,courier,courier,3,15
regulation,covitz,covitz,3,27
regulation,coyl,coyle,3,13
regulation,cpb,cpb,3,36
regulation,cradl,cradle,3,28
regulation,crane,crane,3,18
regulation,crawl,crawl,3,43
regulation,crosscheck,crosscheck,3,17
regulation,crumbl,crumbling,3,33
regulation,cryptographi,cryptography,3,31
regulation,curat,curated,3,25
regulation,curtain,curtain,3,53
regulation,cynic,cynic,3,32
regulation,dali,daly,3,53
regulation,danthin,danthine,3,61
regulation,darrel,darrell,3,21
regulation,darwinian,darwinian,3,15
regulation,davey,davey,3,21
regulation,dax,dax,3,10
regulation,debunk,debunking,3,15
regulation,deceas,deceased,3,16
regulation,deconstruct,deconstruction,3,22
regulation,decor,decorate,3,13
regulation,deflect,deflect,3,38
regulation,delist,delisting,3,11
regulation,depositari,depositary,3,15
regulation,destock,destocking,3,12
regulation,detour,detour,3,36
regulation,dev,dev,3,14
regulation,devereux,devereux,3,23
regulation,dfi,dfi,3,13
regulation,dfr,dfr,3,28
regulation,dialog,dialog,3,18
regulation,diesel,diesel,3,50
regulation,dioxid,dioxide,3,38
regulation,dirk,dirk,3,48
regulation,discont,discontents,3,48
regulation,discredit,discredited,3,48
regulation,disfavour,disfavoured,3,13
regulation,dishonest,dishonest,3,26
regulation,dismay,dismay,3,24
regulation,dispassion,dispassionate,3,36
regulation,ditch,ditch,3,10
regulation,dmitri,dmitry,3,13
regulation,dnb,dnb,3,37
regulation,dollardenomin,dollardenominated,3,29
regulation,domino,domino,3,69
regulation,dooley,dooley,3,18
regulation,doom,doomed,3,114
regulation,downtim,downtime,3,15
regulation,drown,drowning,3,19
regulation,drt,drt,3,13
regulation,dull,dull,3,42
regulation,ecmi,ecmi,3,10
regulation,econometrica,econometrica,3,164
regulation,economica,economica,3,76
regulation,edinburgh,edinburgh,3,59
regulation,edmund,edmund,3,58
regulation,egypt,egypt,3,49
regulation,eleph,elephants,3,31
regulation,elli,ellis,3,95
regulation,emblemat,emblematic,3,28
regulation,emit,emits,3,39
regulation,emitt,emitters,3,11
regulation,encod,encode,3,11
regulation,energet,energetic,3,47
regulation,eras,erase,3,51
regulation,errant,errant,3,15
regulation,eskom,eskom,3,25
regulation,eth,eth,3,21
regulation,ether,ether,3,17
regulation,eugen,eugene,3,33
regulation,eurchf,eurchf,3,16
regulation,euroclear,euroclear,3,28
regulation,eurodollar,eurodollar,3,42
regulation,evinc,evince,3,18
regulation,exim,exim,3,26
regulation,expressway,expressway,3,19
regulation,extinguish,extinguished,3,37
regulation,falsifi,falsified,3,29
regulation,fantast,fantastic,3,55
regulation,fatalist,fatalistic,3,11
regulation,fathom,fathom,3,28
regulation,fatter,fatter,3,22
regulation,fcnr,fcnr,3,38
regulation,fernald,fernald,3,41
regulation,ferrero,ferrero,3,39
regulation,fiber,fiber,3,54
regulation,fifa,fifa,3,14
regulation,fifteenth,fifteenth,3,38
regulation,film,film,3,95
regulation,financialst,financialstability,3,11
regulation,fiona,fiona,3,20
regulation,firefight,firefighters,3,15
regulation,firesal,firesales,3,14
regulation,fiveyear,fiveyear,3,23
regulation,flcs,flcs,3,16
regulation,flex,flex,3,20
regulation,flexibilis,flexibilisation,3,13
regulation,foe,foe,3,15
regulation,fond,fond,3,71
regulation,forbid,forbid,3,34
regulation,forebear,forebears,3,24
regulation,forens,forensic,3,28
regulation,foreshadow,foreshadowed,3,57
regulation,forfeit,forfeit,3,31
regulation,forthright,forthright,3,18
regulation,fought,fought,3,81
regulation,fourfold,fourfold,3,41
regulation,fourteenth,fourteenth,3,32
regulation,fractur,fractured,3,58
regulation,franco,franco,3,53
regulation,fraudster,fraudsters,3,41
regulation,fray,fray,3,20
regulation,fring,fringes,3,44
regulation,frost,frost,3,43
regulation,frothi,frothy,3,17
regulation,fta,fta,3,30
regulation,fuent,fuente,3,22
regulation,furious,furious,3,10
regulation,further,furtherance,3,15
regulation,galaxi,galaxy,3,18
regulation,galbraith,galbraith,3,31
regulation,garment,garment,3,16
regulation,gazett,gazette,3,35
regulation,gbp,gbp,3,42
regulation,gen,gen,3,24
regulation,genberg,genberg,3,38
regulation,genet,genetic,3,39
regulation,geo,geo,3,80
regulation,gfd,gfd,3,28
regulation,ghost,ghosts,3,27
regulation,gilchrist,gilchrist,3,62
regulation,gill,gill,3,65
regulation,ginni,ginnie,3,23
regulation,giovanni,giovanni,3,86
regulation,giro,giro,3,22
regulation,giuzio,giuzio,3,13
regulation,glaeser,glaeser,3,13
regulation,glimps,glimpse,3,58
regulation,gloomi,gloomy,3,120
regulation,gnpa,gnpa,3,20
regulation,goos,goose,3,19
regulation,grab,grab,3,65
regulation,grauw,grauwe,3,24
regulation,greet,greeted,3,85
regulation,gregorio,gregorio,3,16
regulation,groom,grooming,3,14
regulation,gugerel,gugerell,3,160
regulation,guiso,guiso,3,19
regulation,gullibl,gullible,3,17
regulation,guma,guma,3,20
regulation,hack,hacking,3,48
regulation,hacker,hackers,3,37
regulation,handed,handedness,3,11
regulation,handhold,handholding,3,28
regulation,hangzhou,hangzhou,3,11
regulation,happili,happily,3,87
regulation,harbing,harbinger,3,57
regulation,harun,harun,3,18
regulation,hausmann,hausmann,3,20
regulation,hawk,hawk,3,53
regulation,hayami,hayami,3,33
regulation,hearti,hearty,3,50
regulation,heath,heath,3,39
regulation,hedger,hedgers,3,20
regulation,hegemon,hegemon,3,19
regulation,helicopt,helicopter,3,37
regulation,helsinki,helsinki,3,66
regulation,hen,hen,3,25
regulation,henriqu,henrique,3,17
regulation,heretofor,heretofore,3,26
regulation,higgin,higgins,3,11
regulation,hipc,hipc,3,14
regulation,hodrick,hodrick,3,29
regulation,hopeless,hopelessly,3,36
regulation,horn,horns,3,29
regulation,hottest,hottest,3,20
regulation,houghton,houghton,3,25
regulation,hurtl,hurtle,3,11
regulation,hygien,hygiene,3,24
regulation,hyperbol,hyperbole,3,18
regulation,hyperinfl,hyperinflation,3,137
regulation,ibra,ibra,3,12
regulation,icaew,icaew,3,11
regulation,iceberg,iceberg,3,34
regulation,icici,icici,3,34
regulation,icmb,icmb,3,28
regulation,ida,ida,3,25
regulation,ifo,ifo,3,25
regulation,iifcl,iifcl,3,12
regulation,iit,iit,3,25
regulation,imbalanc,imbalanced,3,28
regulation,imbed,imbedded,3,18
regulation,imbib,imbibe,3,36
regulation,imbu,imbued,3,42
regulation,immatur,immaturity,3,27
regulation,immeasur,immeasurably,3,25
regulation,impecc,impeccable,3,25
regulation,imperson,impersonal,3,23
regulation,impressionist,impressionist,3,11
regulation,inattent,inattention,3,51
regulation,incompar,incomparability,3,26
regulation,indemnifi,indemnify,3,18
regulation,infam,infamous,3,53
regulation,influenza,influenza,3,27
regulation,info,info,3,13
regulation,ing,ing,3,54
regulation,inop,inoperative,3,14
regulation,inopportun,inopportune,3,15
regulation,insati,insatiable,3,17
regulation,inscrib,inscribed,3,24
regulation,instituto,instituto,3,19
regulation,interregnum,interregnum,3,14
regulation,intimid,intimidate,3,22
regulation,intract,intractable,3,51
regulation,intrast,intrastate,3,17
regulation,investec,investec,3,11
regulation,ipcc,ipcc,3,33
regulation,irreduc,irreducible,3,27
regulation,irrefut,irrefutable,3,17
regulation,isra,israeli,3,16
regulation,ivori,ivory,3,31
regulation,jack,jack,3,82
regulation,jae,jae,3,23
regulation,jam,jam,3,41
regulation,javier,javier,3,108
regulation,jen,jens,3,41
regulation,jewelleri,jewellery,3,23
regulation,joke,joked,3,67
regulation,jorg,jorg,3,64
regulation,julia,julia,3,30
regulation,jurgen,jurgen,3,98
regulation,jurisprud,jurisprudence,3,11
regulation,kaminski,kaminsky,3,17
regulation,kaplan,kaplan,3,36
regulation,kate,kate,3,88
regulation,kathryn,kathryn,3,37
regulation,katz,katz,3,57
regulation,kearn,kearns,3,38
regulation,kerala,kerala,3,40
regulation,kindleberg,kindleberger,3,45
regulation,klein,klein,3,26
regulation,kommers,kommersant,3,37
regulation,kraay,kraay,3,10
regulation,laggard,laggard,3,52
regulation,lap,lap,3,16
regulation,laurel,laurels,3,58
regulation,lazi,lazy,3,23
regulation,lcfis,lcfis,3,19
regulation,leduc,leduc,3,37
regulation,legion,legion,3,33
regulation,lenin,lenin,3,10
regulation,leon,leon,3,97
regulation,lethal,lethally,3,20
regulation,lev,lev,3,12
regulation,lic,lics,3,22
regulation,lid,lid,3,48
regulation,linearis,linearised,3,10
regulation,litan,litan,3,11
regulation,literari,literary,3,22
regulation,litter,littered,3,26
regulation,longerrun,longerrun,3,40
regulation,lown,lown,3,10
regulation,loyalti,loyalty,3,131
regulation,lpr,lpr,3,20
regulation,lps,lps,3,19
regulation,ltvs,ltvs,3,18
regulation,luckili,luckily,3,30
regulation,luncheon,luncheon,3,169
regulation,macao,macao,3,17
regulation,macdonald,macdonald,3,14
regulation,macropru,macropru,3,11
regulation,maddaloni,maddaloni,3,51
regulation,mahapatra,mahapatra,3,19
regulation,malmendi,malmendier,3,20
regulation,man,manning,3,50
regulation,manchest,manchester,3,74
regulation,maneuver,maneuverability,3,21
regulation,marketmak,marketmaking,3,18
regulation,marqu,marques,3,43
regulation,marsh,marsh,3,15
regulation,marvin,marvin,3,42
regulation,masala,masala,3,14
regulation,mast,mast,3,19
regulation,mat,mats,3,15
regulation,mauritius,mauritius,3,18
regulation,maxwel,maxwell,3,25
regulation,mccafferti,mccafferty,3,29
regulation,mckibbin,mckibbin,3,18
regulation,meddl,meddling,3,14
regulation,meiji,meiji,3,26
regulation,meirell,meirelles,3,10
regulation,mellon,mellon,3,32
regulation,melosi,melosi,3,15
regulation,melt,melt,3,56
regulation,meltzer,meltzer,3,58
regulation,mena,mena,3,13
regulation,miami,miami,3,33
regulation,microregul,microregulators,3,13
regulation,mif,mif,3,10
regulation,mifflin,mifflin,3,25
regulation,mil,mil,3,36
regulation,milit,militate,3,39
regulation,minimi,minimis,3,10
regulation,misclassif,misclassification,3,14
regulation,mishra,mishra,3,19
regulation,misrepresent,misrepresentation,3,21
regulation,misspecif,misspecifications,3,14
regulation,mitchel,mitchell,3,55
regulation,mmr,mmr,3,10
regulation,modelbas,modelbased,3,14
regulation,moderateincom,moderateincome,3,22
regulation,moneta,monetae,3,16
regulation,monetarypolici,monetarypolicy,3,22
regulation,monolin,monoline,3,39
regulation,moreno,moreno,3,20
regulation,moribund,moribund,3,13
regulation,mses,mses,3,27
regulation,msp,msp,3,13
regulation,murchison,murchison,3,31
regulation,myburgh,myburgh,3,10
regulation,nab,nab,3,34
regulation,nacion,nacional,3,17
regulation,nakov,nakov,3,13
regulation,nassim,nassim,3,14
regulation,neft,neft,3,57
regulation,nerv,nerves,3,38
regulation,ness,ness,3,14
regulation,neumann,neumann,3,18
regulation,newsev,newsevents,3,12
regulation,newslett,newsletter,3,41
regulation,nfcs,nfcs,3,43
regulation,nibm,nibm,3,25
regulation,nicolo,nicolo,3,13
regulation,nil,nil,3,69
regulation,nod,nod,3,13
regulation,noisi,noisy,3,86
regulation,nonconvent,nonconventional,3,22
regulation,noninterest,noninterest,3,43
regulation,nonmarket,nonmarket,3,28
regulation,norton,norton,3,65
regulation,nsfe,nsfe,3,10
regulation,nuisanc,nuisance,3,17
regulation,null,null,3,24
regulation,numeraci,numeracy,3,16
regulation,ofc,ofcs,3,19
regulation,offload,offload,3,32
regulation,ofgem,ofgem,3,22
regulation,omb,omb,3,15
regulation,omnisci,omniscient,3,13
regulation,openend,openended,3,16
regulation,openingup,openingup,3,14
regulation,orlando,orlando,3,29
regulation,otkriti,otkritie,3,19
regulation,outbound,outbound,3,53
regulation,outcri,outcry,3,20
regulation,outgo,outgoing,3,49
regulation,outlaw,outlaw,3,18
regulation,overambiti,overambitious,3,11
regulation,overbuild,overbuilding,3,22
regulation,overdo,overdo,3,16
regulation,overflow,overflowed,3,20
regulation,overpr,overpricing,3,33
regulation,overridden,overridden,3,10
regulation,oversuppli,oversupply,3,50
regulation,overtim,overtime,3,76
regulation,palpabl,palpable,3,55
regulation,panicki,panicky,3,14
regulation,paradis,paradise,3,30
regulation,pareto,pareto,3,32
regulation,parliamentarian,parliamentarians,3,32
regulation,passbook,passbook,3,20
regulation,passeng,passengers,3,82
regulation,pat,pat,3,28
regulation,patern,paternity,3,13
regulation,pathbreak,pathbreaking,3,12
regulation,payid,payids,3,14
regulation,pcs,pcs,3,39
regulation,pedro,pedro,3,24
regulation,penultim,penultimate,3,12
regulation,perri,perry,3,67
regulation,petrol,petrol,3,210
regulation,phd,phd,3,62
regulation,phelp,phelps,3,70
regulation,philanthrop,philanthropic,3,17
regulation,phoenix,phoenix,3,30
regulation,piggyback,piggyback,3,10
regulation,pimco,pimco,3,11
regulation,pink,pink,3,43
regulation,pissarid,pissarides,3,14
regulation,piti,pity,3,32
regulation,plaza,plaza,3,53
regulation,plenderleith,plenderleith,3,27
regulation,plenum,plenums,3,19
regulation,pnfc,pnfc,3,20
regulation,politico,politico,3,20
regulation,pomerleano,pomerleano,3,18
regulation,portend,portend,3,38
regulation,posteriori,posteriori,3,11
regulation,postfin,postfinance,3,10
regulation,postmeet,postmeeting,3,42
regulation,postpandem,postpandemic,3,10
regulation,poultri,poultry,3,33
regulation,preach,preaching,3,30
regulation,preconceiv,preconceived,3,17
regulation,preconcept,preconceptions,3,22
regulation,predat,predates,3,72
regulation,preexist,preexisting,3,24
regulation,preordain,preordained,3,17
regulation,preponder,preponderance,3,67
regulation,prescient,prescient,3,52
regulation,priceless,priceless,3,12
regulation,princ,prince,3,80
regulation,printer,printers,3,32
regulation,prism,prism,3,36
regulation,proflig,profligate,3,15
regulation,prognosi,prognosis,3,50
regulation,propound,propounded,3,20
regulation,protein,protein,3,52
regulation,proverbi,proverbial,3,70
regulation,proviso,proviso,3,43
regulation,pseudo,pseudo,3,17
regulation,pspp,pspp,3,35
regulation,pundit,pundits,3,38
regulation,punjab,punjab,3,38
regulation,pupil,pupils,3,34
regulation,puriti,purity,3,19
regulation,pvt,pvt,3,19
regulation,qpm,qpm,3,17
regulation,quant,quant,3,10
regulation,quarantin,quarantine,3,36
regulation,quiro,quiros,3,21
regulation,rachel,rachel,3,113
regulation,radia,radia,3,15
regulation,rainfal,rainfall,3,61
regulation,ramsden,ramsden,3,76
regulation,raskin,raskin,3,75
regulation,rear,rear,3,69
regulation,rebecca,rebecca,3,61
regulation,reclaim,reclaim,3,25
regulation,reclassif,reclassifications,3,18
regulation,redlin,redlining,3,31
regulation,reenen,reenen,3,55
regulation,refashion,refashioned,3,10
regulation,referenda,referenda,3,12
regulation,reissuanc,reissuances,3,17
regulation,rejoin,rejoined,3,30
regulation,relaps,relapses,3,38
regulation,reload,reloadable,3,14
regulation,renaiss,renaissance,3,43
regulation,renationalis,renationalisation,3,25
regulation,renter,renters,3,77
regulation,reo,reo,3,18
regulation,repackag,repackage,3,53
regulation,reproach,reproach,3,23
regulation,reshor,reshoring,3,23
regulation,reunif,reunification,3,84
regulation,rewind,rewinding,3,11
regulation,rhine,rhine,3,20
regulation,rhode,rhode,3,32
regulation,richter,richter,3,10
regulation,rife,rife,3,28
regulation,rim,rim,3,19
regulation,riskshar,risksharing,3,31
regulation,robo,robo,3,25
regulation,rogu,rogue,3,21
regulation,rosa,rosa,3,12
regulation,rosen,rosen,3,48
regulation,rosi,rosy,3,52
regulation,rostom,rostom,3,24
regulation,rudig,rudiger,3,20
regulation,rudimentari,rudimentary,3,48
regulation,rulesbas,rulesbased,3,15
regulation,rumour,rumours,3,57
regulation,rundown,rundown,3,22
regulation,rung,rung,3,35
regulation,runup,runup,3,25
regulation,sacrosanct,sacrosanct,3,20
regulation,sage,sage,3,46
regulation,sahin,sahin,3,16
regulation,sahoo,sahoo,3,13
regulation,sailor,sailors,3,12
regulation,salienc,salience,3,19
regulation,sandri,sandri,3,17
regulation,sant,sants,3,10
regulation,sapienza,sapienza,3,12
regulation,saturday,saturday,3,61
regulation,schlussbemerkungen,schlussbemerkungen,3,22
regulation,schneider,schneider,3,41
regulation,schularick,schularick,3,69
regulation,schumer,schumer,3,11
regulation,scrip,scrip,3,20
regulation,sdn,sdn,3,22
regulation,seam,seam,3,10
regulation,sear,searing,3,18
regulation,seduct,seductive,3,29
regulation,seisaku,seisaku,3,27
regulation,selffulfil,selffulfilling,3,18
regulation,sen,sen,3,41
regulation,sensex,sensex,3,14
regulation,seq,seq,3,13
regulation,sequel,sequel,3,29
regulation,seren,serenity,3,26
regulation,server,servers,3,52
regulation,sew,sew,3,10
regulation,sewerag,sewerage,3,13
regulation,sgl,sgl,3,28
regulation,shaki,shaky,3,26
regulation,shakir,shakir,3,20
regulation,shale,shale,3,56
regulation,sharma,sharma,3,59
regulation,shell,shell,3,43
regulation,sheppard,sheppard,3,31
regulation,shortlist,shortlist,3,18
regulation,shout,shouting,3,19
regulation,sibl,sibling,3,14
regulation,siebert,siebert,3,11
regulation,sifma,sifma,3,21
regulation,sigma,sigma,3,35
regulation,silenc,silence,3,45
regulation,silli,silly,3,22
regulation,slab,slab,3,17
regulation,snowbal,snowballed,3,34
regulation,soni,sony,3,10
regulation,soup,soup,3,15
regulation,southeast,southeast,3,100
regulation,spars,sparse,3,54
regulation,spate,spate,3,39
regulation,speedili,speedily,3,40
regulation,spi,spi,3,16
regulation,spiegel,spiegel,3,12
regulation,spillback,spillbacks,3,23
regulation,sprint,sprint,3,19
regulation,ssrn,ssrn,3,24
regulation,starter,starters,3,49
regulation,stealth,stealth,3,14
regulation,steepli,steeply,3,129
regulation,stefano,stefano,3,27
regulation,stephani,stephanie,3,84
regulation,stewart,stewart,3,43
regulation,stijn,stijn,3,28
regulation,stimulatori,stimulatory,3,65
regulation,stockpil,stockpile,3,31
regulation,strangl,strangle,3,12
regulation,strata,strata,3,35
regulation,stroke,stroke,3,35
regulation,stunt,stunted,3,21
regulation,stupid,stupidity,3,34
regulation,su,sued,3,12
regulation,subcategori,subcategories,3,17
regulation,subpar,subpar,3,50
regulation,subway,subway,3,14
regulation,suck,sucked,3,28
regulation,sugar,sugar,3,61
regulation,sunil,sunil,3,16
regulation,suomen,suomen,3,17
regulation,surest,surest,3,27
regulation,swim,swim,3,26
regulation,switchov,switchover,3,30
regulation,swx,swx,3,16
regulation,syllabus,syllabus,3,12
regulation,symbolis,symbolises,3,54
regulation,sympath,sympathize,3,10
regulation,synthesis,synthesising,3,28
regulation,tad,tad,3,11
regulation,taisuk,taisuke,3,25
regulation,taleb,taleb,3,21
regulation,tangl,tangles,3,23
regulation,tank,tanks,3,88
regulation,tca,tca,3,10
regulation,teas,tease,3,19
regulation,tecton,tectonic,3,32
regulation,tenabl,tenable,3,24
regulation,tenanc,tenancy,3,10
regulation,tevlin,tevlin,3,18
regulation,tff,tff,3,16
regulation,tfs,tfs,3,14
regulation,thai,thai,3,61
regulation,thatth,thatthe,3,12
regulation,theorist,theorists,3,70
regulation,thi,thy,3,66
regulation,thirdparti,thirdparty,3,17
regulation,tomasz,tomasz,3,20
regulation,tong,tong,3,73
regulation,tootel,tootell,3,19
regulation,tor,tor,3,12
regulation,torrent,torrent,3,13
regulation,totem,totem,3,29
regulation,toth,tothe,3,20
regulation,tpid,tpids,3,20
regulation,transcript,transcript,3,171
regulation,trauma,traumas,3,63
regulation,tremor,tremors,3,30
regulation,trench,trenches,3,16
regulation,tri,tri,3,38
regulation,triangl,triangle,3,62
regulation,tumbl,tumble,3,73
regulation,tunnel,tunnel,3,56
regulation,turf,turf,3,20
regulation,turkstat,turkstat,3,55
regulation,udel,udell,3,17
regulation,unalt,unaltered,3,22
regulation,unapp,unappealing,3,10
regulation,unattain,unattainable,3,20
regulation,unblock,unblocking,3,26
regulation,unbound,unbounded,3,19
regulation,unclog,unclog,3,21
regulation,undefin,undefined,3,12
regulation,underbank,underbanked,3,42
regulation,undergird,undergirded,3,12
regulation,undergradu,undergraduate,3,91
regulation,underinvest,underinvested,3,38
regulation,undevelop,undeveloped,3,16
regulation,une,une,3,48
regulation,unenvi,unenviable,3,18
regulation,unexplain,unexplained,3,59
regulation,unfit,unfit,3,15
regulation,unflinch,unflinching,3,10
regulation,unheed,unheeded,3,10
regulation,unicredit,unicredit,3,21
regulation,unoffici,unofficial,3,45
regulation,unpalat,unpalatable,3,24
regulation,unrecogn,unrecognized,3,10
regulation,unrepres,unrepresentative,3,11
regulation,unrestrain,unrestrained,3,14
regulation,unstuck,unstuck,3,11
regulation,unswerv,unswervingly,3,17
regulation,uppermost,uppermost,3,25
regulation,vacat,vacate,3,63
regulation,vain,vain,3,45
regulation,valedictori,valedictory,3,46
regulation,valor,valores,3,14
regulation,various,variously,3,44
regulation,veld,velde,3,24
regulation,venic,venice,3,25
regulation,veron,veron,3,13
regulation,versuspay,versuspayment,3,13
regulation,veteran,veterans,3,40
regulation,vex,vexing,3,29
regulation,videoconfer,videoconference,3,58
regulation,violant,violante,3,38
regulation,visionari,visionary,3,87
regulation,viss,vissing,3,33
regulation,vtb,vtb,3,11
regulation,watchword,watchword,3,24
regulation,watson,watson,3,101
regulation,wean,wean,3,25
regulation,weav,weaving,3,40
regulation,weed,weed,3,31
regulation,weightag,weightage,3,13
regulation,wellestablish,wellestablished,3,18
regulation,werner,werner,3,75
regulation,wheatley,wheatley,3,21
regulation,willison,willison,3,16
regulation,winkler,winkler,3,29
regulation,wiser,wiser,3,45
regulation,wolter,wolters,3,17
regulation,workplan,workplan,3,11
regulation,worship,worship,3,19
regulation,worthless,worthless,3,43
regulation,wreck,wreck,3,17
regulation,wrinkl,wrinkles,3,12
regulation,writ,writ,3,10
regulation,wwii,wwii,3,37
regulation,yamaichi,yamaichi,3,15
regulation,yearn,yearn,3,20
regulation,zeal,zeal,3,31
regulation,zimbabw,zimbabwe,3,29
regulation,aachen,aachen,2,20
regulation,aaronson,aaronson,2,51
regulation,abbrevi,abbreviated,2,29
regulation,abdic,abdicated,2,18
regulation,abdullah,abdullah,2,23
regulation,abenom,abenomics,2,31
regulation,abl,abl,2,28
regulation,abort,aborted,2,21
regulation,abysm,abysmal,2,26
regulation,abyss,abyss,2,24
regulation,accc,accc,2,10
regulation,acquaint,acquaint,2,63
regulation,acrimoni,acrimonious,2,17
regulation,adbi,adbi,2,20
regulation,adelaid,adelaide,2,42
regulation,adjac,adjacent,2,28
regulation,admin,admin,2,10
regulation,admonit,admonition,2,22
regulation,adr,adr,2,12
regulation,adulthood,adulthood,2,18
regulation,aea,aea,2,40
regulation,affin,affinities,2,46
regulation,afonso,afonso,2,19
regulation,aftereffect,aftereffects,2,39
regulation,aftershock,aftershock,2,42
regulation,agrarian,agrarian,2,39
regulation,agus,agus,2,46
regulation,airfar,airfares,2,18
regulation,airway,airways,2,13
regulation,aizenman,aizenman,2,11
regulation,ajello,ajello,2,12
regulation,alaska,alaska,2,13
regulation,alejandro,alejandro,2,93
regulation,alexandra,alexandra,2,21
regulation,alvarez,alvarez,2,29
regulation,ambassador,ambassador,2,101
regulation,ami,ami,2,34
regulation,amnesti,amnesty,2,10
regulation,anachron,anachronism,2,12
regulation,anaem,anaemic,2,59
regulation,anatomi,anatomy,2,38
regulation,anc,ance,2,16
regulation,ancestor,ancestors,2,25
regulation,andersson,andersson,2,18
regulation,andr,andres,2,68
regulation,andrad,andrade,2,22
regulation,ang,ang,2,20
regulation,angela,angela,2,23
regulation,anger,anger,2,39
regulation,anguish,anguish,2,10
regulation,anthoni,anthony,2,63
regulation,antipathi,antipathy,2,12
regulation,aphor,aphorism,2,13
regulation,apocalypt,apocalyptic,2,16
regulation,apolit,apolitical,2,15
regulation,applianc,appliances,2,185
regulation,apport,apportioning,2,28
regulation,apprenticeship,apprenticeship,2,32
regulation,approx,approx,2,19
regulation,argentinean,argentinean,2,15
regulation,aristotl,aristotle,2,27
regulation,arizona,arizona,2,30
regulation,ark,ark,2,18
regulation,arlington,arlington,2,35
regulation,arrog,arrogant,2,23
regulation,asdrubali,asdrubali,2,26
regulation,ash,ash,2,40
regulation,ashcraft,ashcraft,2,22
regulation,assent,assent,2,17
regulation,assetback,assetbacked,2,51
regulation,assort,assortment,2,14
regulation,astound,astounded,2,27
regulation,atyp,atypical,2,83
regulation,auer,auer,2,38
regulation,auerbach,auerbach,2,21
regulation,aum,aum,2,16
regulation,austen,austen,2,19
regulation,authoritarian,authoritarian,2,16
regulation,autocrat,autocratic,2,13
regulation,autor,autor,2,56
regulation,avi,avis,2,29
regulation,bachus,bachus,2,34
regulation,baht,baht,2,46
regulation,ballot,ballot,2,19
regulation,bandung,bandung,2,10
regulation,bandwagon,bandwagon,2,24
regulation,bangalor,bangalore,2,57
regulation,bankhaus,bankhaus,2,11
regulation,baptism,baptism,2,10
regulation,baranova,baranova,2,15
regulation,baroda,baroda,2,16
regulation,barroso,barroso,2,24
regulation,bartelsman,bartelsman,2,14
regulation,basil,basil,2,21
regulation,basix,basix,2,23
regulation,baton,baton,2,31
regulation,battistini,battistini,2,10
regulation,bearish,bearish,2,26
regulation,beckon,beckon,2,13
regulation,beget,begets,2,27
regulation,behemoth,behemoth,2,10
regulation,belknap,belknap,2,12
regulation,benevol,benevolence,2,30
regulation,benford,benford,2,26
regulation,bengal,bengal,2,33
regulation,benito,benito,2,19
regulation,bequest,bequests,2,15
regulation,ber,ber,2,30
regulation,berkelman,berkelmans,2,10
regulation,better,betterment,2,44
regulation,beverag,beverages,2,116
regulation,bhide,bhide,2,10
regulation,bhps,bhps,2,17
regulation,bhutan,bhutan,2,28
regulation,bibl,bible,2,11
regulation,bicentenni,bicentennial,2,16
regulation,bingley,bingley,2,17
regulation,biolog,biology,2,51
regulation,biotech,biotech,2,21
regulation,birmingham,birmingham,2,56
regulation,blindsid,blindsided,2,10
regulation,bloat,bloated,2,31
regulation,blockag,blockage,2,29
regulation,bni,bny,2,11
regulation,bnm,bnm,2,10
regulation,bodenstein,bodenstein,2,13
regulation,boehm,boehm,2,14
regulation,boge,boge,2,13
regulation,boivin,boivin,2,35
regulation,bondt,bondt,2,14
regulation,bori,boris,2,24
regulation,bos,bos,2,18
regulation,boss,boss,2,38
regulation,bosworth,bosworth,2,15
regulation,bouquet,bouquet,2,38
regulation,bours,bourses,2,12
regulation,bow,bow,2,32
regulation,boyd,boyd,2,10
regulation,bpea,bpea,2,14
regulation,bradford,bradford,2,58
regulation,brasil,brasil,2,29
regulation,bri,bri,2,16
regulation,brian,brian,2,156
regulation,briberi,bribery,2,16
regulation,brimmer,brimmer,2,10
regulation,britannia,britannia,2,10
regulation,broda,broda,2,13
regulation,bsc,bsc,2,21
regulation,bulki,bulky,2,10
regulation,bull,bull,2,73
regulation,bullard,bullard,2,38
regulation,bumper,bumper,2,18
regulation,burhanuddin,burhanuddin,2,12
regulation,bussier,bussiere,2,13
regulation,buyout,buyouts,2,46
regulation,bygon,bygone,2,36
regulation,cabo,cabos,2,17
regulation,calcutta,calcutta,2,20
regulation,camera,cameras,2,31
regulation,cameron,cameron,2,30
regulation,campus,campus,2,62
regulation,candour,candour,2,13
regulation,canvass,canvass,2,22
regulation,capex,capex,2,20
regulation,capoor,capoor,2,14
regulation,cargo,cargo,2,28
regulation,carta,carta,2,10
regulation,caspar,caspar,2,13
regulation,cateau,cateau,2,12
regulation,cava,cava,2,16
regulation,cavallo,cavallo,2,26
regulation,cblo,cblo,2,32
regulation,ccbm,ccbm,2,16
regulation,cdc,cdc,2,26
regulation,cdt,cdt,2,21
regulation,cee,cee,2,19
regulation,cemla,cemla,2,28
regulation,centenari,centenary,2,70
regulation,cesa,cesa,2,31
regulation,cess,cess,2,14
regulation,chandra,chandra,2,17
regulation,chaotic,chaotic,2,38
regulation,charit,charitable,2,46
regulation,cheat,cheat,2,32
regulation,cheer,cheer,2,45
regulation,cheltenham,cheltenham,2,12
regulation,cherish,cherished,2,62
regulation,cheshir,cheshire,2,10
regulation,chetti,chetty,2,19
regulation,chicken,chicken,2,46
regulation,chill,chill,2,28
regulation,chiu,chiu,2,38
regulation,christian,christian,2,148
regulation,churm,churm,2,34
regulation,cincinnati,cincinnati,2,13
regulation,citizenri,citizenry,2,22
regulation,cleanup,cleanup,2,19
regulation,cleric,clerical,2,18
regulation,clew,clews,2,22
regulation,cling,cling,2,21
regulation,clinic,clinic,2,35
regulation,cmbs,cmbs,2,37
regulation,cml,cml,2,10
regulation,cni,cny,2,18
regulation,coalesc,coalesce,2,36
regulation,coastal,coastal,2,57
regulation,coaster,coaster,2,24
regulation,coffe,coffee,2,71
regulation,cole,cole,2,13
regulation,collar,collar,2,43
regulation,collis,collision,2,15
regulation,collud,collude,2,14
regulation,comeback,comeback,2,34
regulation,commemor,commemorated,2,209
regulation,communal,communal,2,21
regulation,communism,communism,2,15
regulation,conclav,conclave,2,62
regulation,condens,condense,2,36
regulation,condition,conditioner,2,16
regulation,confound,confounded,2,62
regulation,congressman,congressman,2,22
regulation,connecticut,connecticut,2,28
regulation,consign,consigned,2,28
regulation,conspiraci,conspiracy,2,17
regulation,contactless,contactless,2,71
regulation,corporat,corporatization,2,15
regulation,corros,corrosive,2,33
regulation,cosmopolitan,cosmopolitan,2,12
regulation,cottag,cottage,2,22
regulation,counselor,counselors,2,40
regulation,counten,countenance,2,18
regulation,covert,covert,2,20
regulation,cpa,cpa,2,12
regulation,cpff,cpff,2,13
regulation,cpis,cpis,2,38
regulation,crapo,crapo,2,23
regulation,cream,cream,2,19
regulation,credo,credo,2,12
regulation,criscuolo,criscuolo,2,22
regulation,crmpg,crmpg,2,12
regulation,crosssect,crosssection,2,10
regulation,csr,csr,2,18
regulation,cue,cue,2,44
regulation,curcuru,curcuru,2,19
regulation,curdia,curdia,2,34
regulation,cusbert,cusbert,2,12
regulation,cyclon,cyclones,2,39
regulation,dakota,dakota,2,13
regulation,damien,damien,2,13
regulation,darl,darling,2,12
regulation,daron,daron,2,27
regulation,das,das,2,167
regulation,dazzl,dazzle,2,19
regulation,deadlock,deadlock,2,24
regulation,deaf,deaf,2,17
regulation,dealog,dealogic,2,32
regulation,dearth,dearth,2,72
regulation,debas,debase,2,28
regulation,decompress,decompress,2,15
regulation,deforest,deforestation,2,14
regulation,defraud,defrauded,2,26
regulation,deft,deftly,2,16
regulation,dem,dem,2,45
regulation,democratis,democratisation,2,26
regulation,demonetis,demonetisation,2,15
regulation,deshmukh,deshmukh,2,22
regulation,detrend,detrended,2,17
regulation,deutschen,deutschen,2,12
regulation,deutscher,deutscher,2,30
regulation,devoid,devoid,2,27
regulation,dexter,dexterity,2,17
regulation,dib,dib,2,14
regulation,diego,diego,2,94
regulation,diepp,dieppe,2,12
regulation,dietari,dietary,2,20
regulation,diploma,diploma,2,47
regulation,diplomaci,diplomacy,2,29
regulation,disconcert,disconcerting,2,29
regulation,disinfect,disinfectant,2,11
regulation,disinterest,disinterested,2,19
regulation,disjoint,disjointed,2,13
regulation,dismal,dismal,2,94
regulation,disquiet,disquiet,2,34
regulation,disrespect,disrespect,2,10
regulation,dissav,dissaving,2,53
regulation,dissoci,dissociated,2,13
regulation,distributor,distributors,2,48
regulation,dmo,dmo,2,22
regulation,dmp,dmp,2,27
regulation,donat,donate,2,48
regulation,dorich,dorich,2,18
regulation,dorn,dorn,2,32
regulation,dosag,dosage,2,17
regulation,dossier,dossier,2,16
regulation,dovish,dovish,2,15
regulation,downshift,downshift,2,32
regulation,downtown,downtown,2,29
regulation,dpk,dpk,2,10
regulation,dread,dread,2,30
regulation,drts,drts,2,14
regulation,duart,duarte,2,19
regulation,duca,duca,2,67
regulation,duguay,duguay,2,18
regulation,dumb,dumb,2,12
regulation,duncan,duncan,2,12
regulation,dynamo,dynamo,2,16
regulation,easter,easter,2,46
regulation,eastward,eastward,2,15
regulation,ecfin,ecfin,2,17
regulation,eclips,eclipse,2,32
regulation,econometrician,econometricians,2,29
regulation,ecrb,ecrb,2,11
regulation,editori,editorial,2,53
regulation,eefc,eefc,2,13
regulation,efc,efc,2,19
regulation,egon,egon,2,24
regulation,eisenschmidt,eisenschmidt,2,13
regulation,elderson,elderson,2,40
regulation,elia,elias,2,10
regulation,elliot,elliot,2,14
regulation,elong,elongated,2,45
regulation,emancip,emancipate,2,14
regulation,embi,embi,2,42
regulation,emma,emma,2,42
regulation,energ,energize,2,27
regulation,engl,engle,2,20
regulation,ent,ent,2,12
regulation,entwin,entwined,2,11
regulation,envi,envy,2,38
regulation,epi,epi,2,12
regulation,ercel,ercel,2,56
regulation,ernest,ernest,2,15
regulation,ernst,ernst,2,52
regulation,erp,erp,2,10
regulation,esp,espe,2,34
regulation,esrc,esrc,2,13
regulation,eswar,eswar,2,23
regulation,eui,eui,2,10
regulation,eurex,eurex,2,31
regulation,evict,eviction,2,17
regulation,evil,evil,2,75
regulation,excerpt,excerpts,2,48
regulation,expon,exponent,2,19
regulation,fabio,fabio,2,116
regulation,fabrizio,fabrizio,2,44
regulation,facebook,facebook,2,77
regulation,factsheet,factsheet,2,11
regulation,fairi,fairy,2,19
regulation,fait,fait,2,21
regulation,fame,fame,2,20
regulation,fanci,fancy,2,46
regulation,farewel,farewell,2,41
regulation,farmland,farmland,2,18
regulation,farreach,farreaching,2,21
regulation,fbs,fbs,2,13
regulation,fci,fci,2,15
regulation,feather,feather,2,13
regulation,feinstein,feinstein,2,11
regulation,fellowship,fellowship,2,31
regulation,fender,fender,2,11
regulation,fewest,fewest,2,11
regulation,fighter,fighters,2,45
regulation,filardo,filardo,2,69
regulation,firmwid,firmwide,2,15
regulation,fixiti,fixity,2,22
regulation,fizzl,fizzle,2,15
regulation,flower,flowers,2,37
regulation,foment,foment,2,10
regulation,foolhardi,foolhardy,2,15
regulation,foray,foray,2,31
regulation,foresaw,foresaw,2,54
regulation,forestri,forestry,2,87
regulation,forewarn,forewarned,2,25
regulation,forgeri,forgery,2,17
regulation,forgiven,forgiven,2,41
regulation,fork,fork,2,15
regulation,fornaro,fornaro,2,11
regulation,fort,fort,2,36
regulation,fortitud,fortitude,2,10
regulation,frankel,frankel,2,51
regulation,franz,franz,2,14
regulation,frbsf,frbsf,2,58
regulation,freiburg,freiburg,2,19
regulation,freight,freight,2,52
regulation,frenet,frenetic,2,36
regulation,fret,fret,2,20
regulation,friedrich,friedrich,2,52
regulation,froth,froth,2,27
regulation,fructifi,fructified,2,17
regulation,frugal,frugal,2,18
regulation,fruitless,fruitless,2,25
regulation,ftas,ftas,2,29
regulation,fuhrer,fuhrer,2,47
regulation,fukui,fukui,2,82
regulation,fullyfledg,fullyfledged,2,10
regulation,funnel,funnelled,2,16
regulation,fur,fur,2,122
regulation,furceri,furceri,2,29
regulation,futurist,futuristic,2,24
regulation,gainer,gainer,2,17
regulation,ganguli,ganguly,2,19
regulation,gareth,gareth,2,41
regulation,gaspar,gaspar,2,43
regulation,gauteng,gauteng,2,15
regulation,gauweil,gauweiler,2,10
regulation,gazi,gazi,2,45
regulation,geithner,geithner,2,28
regulation,generi,generis,2,15
regulation,geometri,geometry,2,11
regulation,georgia,georgia,2,87
regulation,gerard,gerard,2,25
regulation,gerdesmei,gerdesmeier,2,14
regulation,gerlach,gerlach,2,43
regulation,germ,germ,2,14
regulation,gestur,gesture,2,25
regulation,gibson,gibson,2,22
regulation,gig,gig,2,22
regulation,girl,girl,2,44
regulation,gist,gist,2,13
regulation,glamor,glamorous,2,16
regulation,gni,gni,2,21
regulation,goalpost,goalpost,2,16
regulation,golf,golf,2,18
regulation,good,goodly,2,19
regulation,goodby,goodbye,2,32
regulation,gopalakrishna,gopalakrishna,2,14
regulation,graci,gracie,2,18
regulation,graham,graham,2,55
regulation,grassroot,grassroots,2,41
regulation,gratitud,gratitude,2,551
regulation,greas,grease,2,34
regulation,greenbook,greenbook,2,16
regulation,grit,grit,2,10
regulation,gropp,gropp,2,11
regulation,gros,gros,2,19
regulation,grudg,grudging,2,13
regulation,guangdong,guangdong,2,14
regulation,guaranti,guaranties,2,12
regulation,guerrieri,guerrieri,2,38
regulation,guilder,guilder,2,28
regulation,guilhem,guilhem,2,38
regulation,guimara,guimaraes,2,17
regulation,gujarat,gujarat,2,38
regulation,gun,gun,2,36
regulation,guo,guo,2,31
regulation,gut,guts,2,25
regulation,habib,habib,2,12
regulation,habitu,habitual,2,15
regulation,hackathon,hackathon,2,12
regulation,hagen,hagen,2,24
regulation,hairdress,hairdresser,2,15
regulation,hamad,hamad,2,14
regulation,hamalainen,hamalainen,2,45
regulation,han,han,2,151
regulation,handler,handlers,2,23
regulation,hansu,hansueli,2,12
regulation,harcourt,harcourt,2,18
regulation,hare,hare,2,22
regulation,hate,hate,2,21
regulation,hauser,hauser,2,137
regulation,hawkish,hawkish,2,26
regulation,headcount,headcount,2,25
regulation,headi,heady,2,35
regulation,heatwav,heatwaves,2,28
regulation,hedon,hedonic,2,28
regulation,hellen,hellenic,2,13
regulation,heller,heller,2,11
regulation,helmut,helmut,2,29
regulation,helpman,helpman,2,11
regulation,herbert,herbert,2,42
regulation,herfindahl,herfindahl,2,21
regulation,heroic,heroic,2,35
regulation,heterodox,heterodox,2,15
regulation,highlevel,highlevel,2,24
regulation,hird,hird,2,16
regulation,hispan,hispanic,2,133
regulation,hkma,hkma,2,19
regulation,hog,hog,2,18
regulation,hollow,hollowing,2,47
regulation,homegrown,homegrown,2,16
regulation,homo,homo,2,12
regulation,horrif,horrific,2,18
regulation,hotspot,hotspots,2,13
regulation,hotter,hotter,2,18
regulation,houston,houston,2,16
regulation,hudson,hudson,2,26
regulation,humanitarian,humanitarian,2,34
regulation,hunch,hunch,2,28
regulation,hung,hung,2,28
regulation,hungarian,hungarian,2,26
regulation,hungri,hungry,2,33
regulation,hutchinson,hutchinson,2,28
regulation,hype,hype,2,37
regulation,ibanez,ibanez,2,20
regulation,ibor,ibor,2,18
regulation,ici,ici,2,21
regulation,ideat,ideate,2,10
regulation,ie,ies,2,15
regulation,ifdp,ifdp,2,24
regulation,ignacio,ignacio,2,14
regulation,iip,iip,2,23
regulation,illegitim,illegitimate,2,14
regulation,ilo,ilo,2,35
regulation,imfc,imfc,2,57
regulation,immediaci,immediacy,2,43
regulation,immov,immovable,2,24
regulation,impot,impotence,2,32
regulation,inaccess,inaccessibility,2,34
regulation,inal,inall,2,14
regulation,inalien,inalienable,2,19
regulation,inbound,inbound,2,85
regulation,incalcul,incalculable,2,21
regulation,incis,incisive,2,21
regulation,incl,incl,2,17
regulation,incoher,incoherence,2,26
regulation,incomprehens,incomprehensible,2,21
regulation,inconsequenti,inconsequential,2,25
regulation,indetermin,indeterminate,2,17
regulation,inexhaust,inexhaustible,2,13
regulation,inexperienc,inexperienced,2,23
regulation,injunct,injunction,2,13
regulation,injuri,injuries,2,40
regulation,inklaar,inklaar,2,13
regulation,inquir,inquire,2,24
regulation,inspit,inspite,2,20
regulation,intak,intake,2,28
regulation,interestr,interestrate,2,13
regulation,interperson,interpersonal,2,17
regulation,interpol,interpolate,2,55
regulation,interprovinci,interprovincial,2,29
regulation,inviol,inviolable,2,14
regulation,invite,invitees,2,83
regulation,invoc,invocation,2,11
regulation,inward,inwards,2,40
regulation,ion,ion,2,23
regulation,iot,iot,2,28
regulation,irst,irst,2,29
regulation,irv,irving,2,73
regulation,ise,ise,2,35
regulation,ite,ite,2,15
regulation,itrel,itrelated,2,12
regulation,iza,iza,2,44
regulation,jammu,jammu,2,12
regulation,jersey,jersey,2,60
regulation,jess,jess,2,35
regulation,jesus,jesus,2,25
regulation,jew,jews,2,10
regulation,jiang,jiang,2,20
regulation,jing,jing,2,39
regulation,joan,joan,2,20
regulation,joel,joel,2,26
regulation,jong,jong,2,14
regulation,josh,josh,2,43
regulation,julio,julio,2,35
regulation,jumbo,jumbo,2,44
regulation,jun,jun,2,153
regulation,kant,kant,2,19
regulation,kanungo,kanungo,2,10
regulation,kapur,kapur,2,28
regulation,kara,kara,2,28
regulation,kas,kas,2,17
regulation,kaufmann,kaufmann,2,17
regulation,kazumasa,kazumasa,2,11
regulation,kccs,kccs,2,28
regulation,keeper,keepers,2,15
regulation,keyboard,keyboard,2,13
regulation,kganyago,kganyago,2,90
regulation,kharroubi,kharroubi,2,24
regulation,kickstart,kickstart,2,11
regulation,kirbi,kirby,2,10
regulation,kitchen,kitchen,2,29
regulation,kluwer,kluwer,2,27
regulation,knife,knife,2,23
regulation,knockout,knockouts,2,20
regulation,kochi,kochi,2,19
regulation,kolkata,kolkata,2,45
regulation,koo,koo,2,28
regulation,krogstrup,krogstrup,2,12
regulation,krone,krone,2,27
regulation,kumhof,kumhof,2,15
regulation,kuroda,kuroda,2,205
regulation,kynaston,kynaston,2,15
regulation,laden,laden,2,20
regulation,laidler,laidler,2,16
regulation,largescal,largescale,2,67
regulation,lausann,lausanne,2,20
regulation,leaner,leaner,2,28
regulation,lefthand,lefthand,2,11
regulation,leigh,leigh,2,36
regulation,lemk,lemke,2,42
regulation,lesetja,lesetja,2,86
regulation,lexington,lexington,2,17
regulation,lfs,lfs,2,78
regulation,lian,lian,2,11
regulation,liechtenstein,liechtenstein,2,28
regulation,lifelin,lifeline,2,36
regulation,liff,liffe,2,12
regulation,liken,likened,2,62
regulation,linchpin,linchpin,2,23
regulation,lindsay,lindsay,2,18
regulation,linguist,linguistic,2,40
regulation,litani,litany,2,15
regulation,litmus,litmus,2,28
regulation,livestock,livestock,2,80
regulation,llc,llc,2,16
regulation,llp,llp,2,10
regulation,logan,logan,2,19
regulation,logo,logo,2,17
regulation,lombardelli,lombardelli,2,17
regulation,londono,londono,2,12
regulation,longworth,longworth,2,20
regulation,lorenzoni,lorenzoni,2,26
regulation,los,los,2,99
regulation,lotteri,lotteries,2,27
regulation,lowerincom,lowerincome,2,17
regulation,lowincom,lowincome,2,34
regulation,lsap,lsap,2,43
regulation,lugano,lugano,2,16
regulation,lukewarm,lukewarm,2,15
regulation,lumber,lumber,2,38
regulation,lyndon,lyndon,2,15
regulation,lynn,lynn,2,17
regulation,maelstrom,maelstrom,2,11
regulation,magna,magna,2,10
regulation,magnific,magnificent,2,51
regulation,maharashtra,maharashtra,2,51
regulation,malais,malaise,2,44
regulation,malici,malicious,2,36
regulation,mammoth,mammoth,2,15
regulation,manitoba,manitoba,2,21
regulation,mann,mann,2,60
regulation,marc,marc,2,77
regulation,marit,marital,2,13
regulation,maritim,maritime,2,42
regulation,markdown,markdown,2,17
regulation,marketori,marketoriented,2,13
regulation,marriag,marriage,2,61
regulation,marti,marty,2,12
regulation,martowardojo,martowardojo,2,41
regulation,masaru,masaru,2,29
regulation,masteri,mastery,2,20
regulation,masuch,masuch,2,21
regulation,mater,mater,2,26
regulation,mathew,mathew,2,13
regulation,matteo,matteo,2,22
regulation,mcadam,mcadam,2,10
regulation,mcafe,mcafee,2,27
regulation,mcguir,mcguire,2,12
regulation,mdbs,mdbs,2,11
regulation,mead,meade,2,62
regulation,mechanis,mechanisation,2,30
regulation,medicaid,medicaid,2,27
regulation,mediocr,mediocre,2,33
regulation,meek,meeks,2,15
regulation,melvill,melville,2,20
regulation,mendicino,mendicino,2,22
regulation,mendoza,mendoza,2,29
regulation,mercantil,mercantile,2,57
regulation,meredith,meredith,2,11
regulation,mesopotamia,mesopotamia,2,10
regulation,mester,mester,2,19
regulation,metamorphosi,metamorphosis,2,23
regulation,metr,metre,2,25
regulation,mibor,mibor,2,15
regulation,micr,micr,2,35
regulation,microcredit,microcredit,2,18
regulation,microscop,microscopes,2,22
regulation,mighti,mighty,2,20
regulation,milano,milano,2,10
regulation,mill,mill,2,108
regulation,millenni,millennials,2,29
regulation,minneapoli,minneapolis,2,121
regulation,minuscul,minuscule,2,12
regulation,miracul,miraculous,2,13
regulation,mirag,mirage,2,39
regulation,mischief,mischief,2,13
regulation,misconstru,misconstrued,2,21
regulation,misdemeanour,misdemeanour,2,10
regulation,misdirect,misdirected,2,15
regulation,miseri,misery,2,39
regulation,misfortun,misfortune,2,29
regulation,mishandl,mishandled,2,11
regulation,mishap,mishap,2,19
regulation,misread,misreading,2,25
regulation,misrepres,misrepresent,2,22
regulation,misstep,missteps,2,14
regulation,mistri,mistry,2,10
regulation,mitsubishi,mitsubishi,2,13
regulation,modesti,modesty,2,25
regulation,mom,mom,2,13
regulation,monacelli,monacelli,2,13
regulation,monetarili,monetarily,2,11
regulation,monograph,monograph,2,16
regulation,monoton,monotonic,2,33
regulation,montagu,montagu,2,36
regulation,monument,monument,2,61
regulation,moon,moon,2,42
regulation,morocco,morocco,2,30
regulation,mortgageback,mortgagebacked,2,40
regulation,mpe,mpe,2,13
regulation,mps,mps,2,23
regulation,mros,mros,2,24
regulation,msa,msa,2,11
regulation,murki,murky,2,22
regulation,musgrav,musgrave,2,12
regulation,musician,musicians,2,13
regulation,mussa,mussa,2,11
regulation,myer,myers,2,13
regulation,mystiqu,mystique,2,31
regulation,nagel,nagel,2,26
regulation,nani,nani,2,14
regulation,napl,naples,2,10
regulation,narayana,narayana,2,18
regulation,narrowest,narrowest,2,25
regulation,nasdaq,nasdaq,2,55
regulation,nasut,nasution,2,21
regulation,natali,natalie,2,14
regulation,nationalbank,nationalbank,2,104
regulation,nebul,nebulous,2,15
regulation,neck,neck,2,25
regulation,neeli,neely,2,24
regulation,neighborwork,neighborworks,2,32
regulation,neighbourhood,neighbourhood,2,68
regulation,nepad,nepad,2,13
regulation,neue,neue,2,16
regulation,neurolog,neurological,2,14
regulation,nevada,nevada,2,23
regulation,newfound,newfound,2,16
regulation,newman,newman,2,16
regulation,nfa,nfa,2,13
regulation,nicht,nicht,2,24
regulation,niesr,niesr,2,30
regulation,nigel,nigel,2,39
regulation,nirvana,nirvana,2,13
regulation,nixon,nixon,2,33
regulation,nmg,nmg,2,30
regulation,nofp,nofp,2,16
regulation,nondur,nondurable,2,28
regulation,nonfarm,nonfarm,2,161
regulation,nongovern,nongovernment,2,12
regulation,nongovernment,nongovernmental,2,15
regulation,nonmortgag,nonmortgage,2,16
regulation,nonpric,nonprice,2,14
regulation,nontrivi,nontrivial,2,10
regulation,noon,noon,2,31
regulation,nordhaus,nordhaus,2,22
regulation,northwestern,northwestern,2,44
regulation,nose,nose,2,19
regulation,notch,notches,2,52
regulation,noyer,noyer,2,86
regulation,numismat,numismatic,2,30
regulation,nyse,nyse,2,16
regulation,nyu,nyu,2,26
regulation,oath,oath,2,15
regulation,obama,obama,2,31
regulation,obvers,obverse,2,36
regulation,oda,oda,2,21
regulation,ol,ols,2,11
regulation,oliv,oliver,2,91
regulation,omin,ominous,2,31
regulation,omnipot,omnipotent,2,14
regulation,oneself,oneself,2,53
regulation,onion,onion,2,26
regulation,onyear,onyear,2,76
regulation,oppress,oppressive,2,19
regulation,osborn,osborne,2,25
regulation,outnumb,outnumber,2,27
regulation,outrag,outrage,2,28
regulation,outrun,outrun,2,21
regulation,overboard,overboard,2,12
regulation,overborrow,overborrowing,2,27
regulation,overdon,overdone,2,50
regulation,overpredict,overprediction,2,13
regulation,overr,overrated,2,15
regulation,oversaw,oversaw,2,17
regulation,overshot,overshot,2,49
regulation,overspend,overspending,2,16
regulation,overstat,overstatement,2,23
regulation,overtighten,overtightening,2,12
regulation,overtook,overtook,2,22
regulation,overweight,overweight,2,30
regulation,oxygen,oxygen,2,22
regulation,palett,palette,2,10
regulation,palgrav,palgrave,2,75
regulation,palliat,palliative,2,15
regulation,panizza,panizza,2,24
regulation,pankki,pankki,2,17
regulation,pant,pant,2,38
regulation,paolo,paolo,2,53
regulation,paralys,paralyse,2,38
regulation,parametr,parametrizations,2,17
regulation,parkinson,parkinson,2,12
regulation,parmalat,parmalat,2,13
regulation,partha,partha,2,26
regulation,passmor,passmore,2,21
regulation,passthrough,passthrough,2,87
regulation,patchi,patchy,2,42
regulation,patholog,pathological,2,19
regulation,patra,patra,2,30
regulation,patrick,patrick,2,92
regulation,patron,patron,2,20
regulation,patterson,patterson,2,37
regulation,pearson,pearson,2,11
regulation,pedestrian,pedestrians,2,14
regulation,pencil,pencilling,2,16
regulation,penn,penn,2,34
regulation,perish,perish,2,47
regulation,perplex,perplexing,2,27
regulation,personalis,personalisation,2,34
regulation,pesa,pesa,2,21
regulation,pet,pet,2,12
regulation,petersen,petersen,2,18
regulation,petrochem,petrochemicals,2,33
regulation,pezzini,pezzini,2,10
regulation,philanthropi,philanthropy,2,14
regulation,phish,phishing,2,38
regulation,physicist,physicist,2,30
regulation,physiolog,physiological,2,19
regulation,pierc,pierced,2,16
regulation,pierluigi,pierluigi,2,18
regulation,pisani,pisani,2,35
regulation,plastic,plastic,2,69
regulation,plath,plath,2,19
regulation,platinum,platinum,2,79
regulation,plato,plato,2,13
regulation,plead,plead,2,29
regulation,pluse,pluses,2,10
regulation,poach,poached,2,13
regulation,poem,poem,2,31
regulation,poignant,poignant,2,16
regulation,poison,poison,2,17
regulation,polaris,polarisation,2,50
regulation,ponzi,ponzi,2,28
regulation,portrait,portrait,2,66
regulation,potenc,potency,2,52
regulation,powerless,powerless,2,66
regulation,pozsar,pozsar,2,24
regulation,pradhan,pradhan,2,47
regulation,precommit,precommitment,2,15
regulation,predisposit,predisposition,2,11
regulation,preemin,preeminence,2,42
regulation,preliminarili,preliminarily,2,16
regulation,prerecess,prerecession,2,14
regulation,preset,preset,2,51
regulation,prestigi,prestigious,2,143
regulation,preston,preston,2,12
regulation,pretenc,pretence,2,22
regulation,pricelevel,pricelevel,2,10
regulation,pristin,pristine,2,13
regulation,privi,privy,2,10
regulation,probabilist,probabilistic,2,46
regulation,proffer,proffered,2,14
regulation,profligaci,profligacy,2,30
regulation,prognost,prognostic,2,16
regulation,programmat,programmatic,2,16
regulation,proudman,proudman,2,47
regulation,psu,psu,2,31
regulation,psus,psus,2,25
regulation,punctuat,punctuated,2,33
regulation,purdah,purdah,2,21
regulation,purest,purest,2,10
regulation,pwc,pwc,2,49
regulation,quak,quake,2,21
regulation,quandari,quandary,2,10
regulation,quarrel,quarrel,2,10
regulation,quarri,quarrying,2,29
regulation,queensland,queensland,2,60
regulation,quiescent,quiescent,2,33
regulation,quintupl,quintuple,2,17
regulation,quit,quit,2,82
regulation,raggenbass,raggenbass,2,12
regulation,raid,raided,2,10
regulation,rash,rash,2,24
regulation,rawl,rawling,2,23
regulation,ray,ray,2,69
regulation,reabsorpt,reabsorption,2,10
regulation,reagan,reagan,2,23
regulation,ream,reams,2,15
regulation,rebook,rebook,2,14
regulation,reboot,reboot,2,19
regulation,rebut,rebutted,2,12
regulation,rebutt,rebuttable,2,16
regulation,recircul,recirculation,2,13
regulation,recommit,recommit,2,10
regulation,reconnect,reconnecting,2,23
regulation,recup,recuperative,2,11
regulation,recuper,recuperation,2,31
regulation,redrawn,redrawn,2,10
regulation,reemploy,reemployed,2,27
regulation,ref,ref,2,11
regulation,refinitiv,refinitiv,2,99
regulation,reflat,reflation,2,52
regulation,refut,refute,2,59
regulation,regionalis,regionalisation,2,16
regulation,regroup,regrouped,2,10
regulation,rehypothec,rehypothecated,2,11
regulation,reissu,reissue,2,23
regulation,remodel,remodelling,2,17
regulation,repar,reparations,2,11
regulation,repel,repelling,2,10
regulation,replay,replay,2,13
regulation,repudi,repudiation,2,23
regulation,reskil,reskill,2,18
regulation,resona,resona,2,10
regulation,resound,resounding,2,55
regulation,restless,restless,2,11
regulation,restoy,restoy,2,11
regulation,retali,retaliated,2,37
regulation,retool,retool,2,28
regulation,retract,retract,2,19
regulation,rever,revered,2,17
regulation,riddl,riddled,2,19
regulation,ridf,ridf,2,12
regulation,ridicul,ridiculous,2,17
regulation,rio,rios,2,55
regulation,roar,roaring,2,38
regulation,rob,rob,2,72
regulation,roberto,roberto,2,81
regulation,robson,robson,2,11
regulation,rochell,rochelle,2,24
regulation,rodrigo,rodrigo,2,50
regulation,roffia,roffia,2,12
regulation,roller,roller,2,27
regulation,rope,rope,2,22
regulation,roubini,roubini,2,22
regulation,rousova,rousova,2,10
regulation,rseti,rsetis,2,11
regulation,rubric,rubric,2,19
regulation,rug,rug,2,11
regulation,ruin,ruin,2,66
regulation,ruler,ruler,2,22
regulation,rull,rull,2,23
regulation,rupert,rupert,2,13
regulation,ruthless,ruthless,2,29
regulation,ryan,ryan,2,93
regulation,saggar,saggar,2,11
regulation,sala,sala,2,29
regulation,salli,sally,2,28
regulation,sandra,sandra,2,26
regulation,sannikov,sannikov,2,30
regulation,santi,santis,2,32
regulation,santiago,santiago,2,30
regulation,sapriza,sapriza,2,11
regulation,sara,sara,2,16
regulation,sate,sates,2,21
regulation,saudiz,saudization,2,11
regulation,saunder,saunders,2,97
regulation,savag,savage,2,16
regulation,sayari,sayari,2,20
regulation,sayer,sayers,2,14
regulation,sberbank,sberbank,2,21
regulation,scaffold,scaffolding,2,10
regulation,scandinavia,scandinavia,2,32
regulation,schmiedel,schmiedel,2,14
regulation,schoar,schoar,2,12
regulation,schoenholtz,schoenholtz,2,43
regulation,schole,scholes,2,26
regulation,schuler,schuler,2,14
regulation,schuman,schuman,2,40
regulation,scot,scot,2,13
regulation,scotia,scotia,2,25
regulation,scout,scout,2,13
regulation,scriptur,scriptural,2,16
regulation,secom,secom,2,16
regulation,segal,segal,2,17
regulation,seismic,seismic,2,37
regulation,selfinterest,selfinterest,2,10
regulation,selfless,selfless,2,11
regulation,serdengecti,serdengecti,2,14
regulation,sermon,sermons,2,18
regulation,sewag,sewage,2,13
regulation,sfr,sfr,2,22
regulation,shah,shah,2,24
regulation,shakeout,shakeout,2,12
regulation,shakespear,shakespeare,2,24
regulation,shankar,shankar,2,13
regulation,shaw,shaw,2,31
regulation,shelv,shelved,2,33
regulation,sherlund,sherlund,2,18
regulation,shimizu,shimizu,2,14
regulation,shortsight,shortsighted,2,11
regulation,shrug,shrug,2,18
regulation,shuqe,shuqing,2,21
regulation,sighted,sightedness,2,16
regulation,sinclair,sinclair,2,28
regulation,siphon,siphon,2,33
regulation,sirkka,sirkka,2,46
regulation,sketchi,sketchy,2,14
regulation,skim,skim,2,17
regulation,skip,skip,2,40
regulation,skyscrap,skyscraper,2,16
regulation,slaughter,slaughter,2,15
regulation,slave,slaves,2,33
regulation,slid,slid,2,19
regulation,slipperi,slippery,2,13
regulation,sls,sls,2,18
regulation,sma,sma,2,15
regulation,smoke,smoke,2,32
regulation,sms,sms,2,27
regulation,smt,smt,2,106
regulation,snow,snow,2,48
regulation,sociologist,sociologists,2,21
regulation,solan,solans,2,88
regulation,solitud,solitudes,2,10
regulation,someday,someday,2,25
regulation,specialti,specialty,2,40
regulation,spectr,spectre,2,57
regulation,spencer,spencer,2,68
regulation,spice,spice,2,16
regulation,spreadsheet,spreadsheet,2,18
regulation,spree,spree,2,19
regulation,sprung,sprung,2,22
regulation,stamped,stampeded,2,11
regulation,station,station,2,113
regulation,steadier,steadier,2,49
regulation,steal,steal,2,45
regulation,stefania,stefania,2,44
regulation,stella,stella,2,34
regulation,steward,steward,2,18
regulation,stickier,stickier,2,30
regulation,stiffer,stiffer,2,16
regulation,stigmatis,stigmatised,2,16
regulation,sting,sting,2,12
regulation,stitch,stitch,2,13
regulation,strait,strait,2,57
regulation,strate,strate,2,11
regulation,stratifi,stratified,2,14
regulation,stricken,stricken,2,48
regulation,subcontin,subcontinent,2,11
regulation,subtitl,subtitle,2,14
regulation,suburb,suburbs,2,33
regulation,suburban,suburban,2,23
regulation,sudo,sudo,2,10
regulation,sue,sue,2,21
regulation,sui,sui,2,25
regulation,sumitomo,sumitomo,2,10
regulation,sunday,sunday,2,62
regulation,supercycl,supercycle,2,13
regulation,supermarket,supermarket,2,113
regulation,supress,supress,2,14
regulation,sureyya,sureyya,2,21
regulation,surico,surico,2,26
regulation,surmount,surmount,2,45
regulation,svar,svar,2,12
regulation,swaption,swaptions,2,17
regulation,swoboda,swoboda,2,14
regulation,symbiot,symbiotic,2,40
regulation,taboo,taboo,2,17
regulation,tabul,tabulated,2,40
regulation,talli,tallies,2,28
regulation,tanaka,tanaka,2,16
regulation,tang,tang,2,18
regulation,tangenti,tangential,2,12
regulation,tanner,tanner,2,14
regulation,tantalis,tantalising,2,10
regulation,tat,tat,2,20
regulation,tautolog,tautological,2,19
regulation,techno,techno,2,20
regulation,tedious,tedious,2,17
regulation,telco,telco,2,12
regulation,teleconfer,teleconference,2,25
regulation,telephoni,telephony,2,28
regulation,telework,telework,2,23
regulation,telkom,telkom,2,10
regulation,teller,teller,2,104
regulation,tempo,tempo,2,24
regulation,tenant,tenant,2,55
regulation,terminus,terminus,2,15
regulation,thatcher,thatcher,2,24
regulation,thaw,thaw,2,24
regulation,thecityuk,thecityuk,2,13
regulation,thefinanci,thefinancial,2,12
regulation,thefirst,thefirst,2,13
regulation,thiessen,thiessen,2,56
regulation,thimann,thimann,2,12
regulation,thirtieth,thirtieth,2,12
regulation,thompson,thompson,2,68
regulation,thrill,thrilled,2,30
regulation,tidi,tidiness,2,17
regulation,tightest,tightest,2,22
regulation,titan,titanic,2,13
regulation,tito,tito,2,18
regulation,toolset,toolset,2,10
regulation,topalova,topalova,2,13
regulation,topographi,topography,2,17
regulation,topolog,topology,2,14
regulation,toshihiko,toshihiko,2,77
regulation,tournament,tournament,2,19
regulation,toy,toys,2,22
regulation,tpi,tpi,2,19
regulation,tpp,tpp,2,10
regulation,tracker,tracker,2,71
regulation,trainer,trainer,2,31
regulation,transplant,transplanted,2,17
regulation,trek,trek,2,10
regulation,triad,triad,2,19
regulation,tribul,tribulations,2,15
regulation,triennial,triennial,2,88
regulation,trodden,trodden,2,19
regulation,tumultu,tumultuous,2,40
regulation,turnbul,turnbull,2,20
regulation,twitter,twitter,2,47
regulation,typifi,typified,2,20
regulation,typolog,typologies,2,13
regulation,ugli,ugly,2,48
regulation,ulf,ulf,2,15
regulation,unaccompani,unaccompanied,2,12
regulation,unbal,unbalances,2,12
regulation,unchalleng,unchallenged,2,22
regulation,uncontest,uncontested,2,18
regulation,unconvinc,unconvinced,2,35
regulation,uncorrel,uncorrelated,2,41
regulation,undercurr,undercurrent,2,14
regulation,underlay,underlay,2,19
regulation,underplay,underplay,2,27
regulation,underpredict,underpredict,2,17
regulation,underr,underrate,2,11
regulation,undersecretari,undersecretary,2,36
regulation,underwat,underwater,2,52
regulation,underweight,underweight,2,18
regulation,undisciplin,undisciplined,2,24
regulation,undivid,undivided,2,25
regulation,undon,undone,2,30
regulation,unend,unending,2,11
regulation,unfeas,unfeasibility,2,18
regulation,unidentifi,unidentified,2,19
regulation,unimped,unimpeded,2,20
regulation,uniniti,uninitiated,2,16
regulation,uninterest,uninteresting,2,13
regulation,unison,unison,2,24
regulation,unjust,unjustly,2,16
regulation,unmatch,unmatched,2,19
regulation,unmix,unmixed,2,12
regulation,unproblemat,unproblematic,2,18
regulation,unrecord,unrecorded,2,16
regulation,unregist,unregistered,2,27
regulation,unremit,unremitting,2,16
regulation,unrival,unrivalled,2,13
regulation,unsold,unsold,2,91
regulation,unsteadi,unsteady,2,13
regulation,unsupport,unsupported,2,23
regulation,untangl,untangle,2,27
regulation,unwin,unwin,2,25
regulation,upbeat,upbeat,2,79
regulation,upload,uploaded,2,23
regulation,uruguay,uruguay,2,36
regulation,vaunt,vaunted,2,13
regulation,vayano,vayanos,2,36
regulation,venezuela,venezuela,2,58
regulation,ventura,ventura,2,13
regulation,verbal,verbal,2,46
regulation,vereinigung,vereinigung,2,10
regulation,vernacular,vernacular,2,26
regulation,victor,victor,2,51
regulation,vinal,vinals,2,15
regulation,vine,vines,2,14
regulation,virt,virt,2,11
regulation,viscer,visceral,2,12
regulation,viswanathan,viswanathan,2,11
regulation,vive,vives,2,16
regulation,voucher,vouchers,2,23
regulation,vow,vow,2,15
regulation,vox,vox,2,21
regulation,voyag,voyage,2,38
regulation,waa,waas,2,31
regulation,wadhwani,wadhwani,2,62
regulation,wag,wagging,2,16
regulation,waigel,waigel,2,13
regulation,walmart,walmart,2,17
regulation,walrasian,walrasian,2,10
regulation,wander,wandering,2,19
regulation,warren,warren,2,46
regulation,warrior,warrior,2,10
regulation,wastag,wastage,2,14
regulation,waver,waver,2,25
regulation,wax,waxed,2,33
regulation,wealthiest,wealthiest,2,22
regulation,weil,weil,2,15
regulation,weimar,weimar,2,16
regulation,weo,weo,2,161
regulation,wesley,wesley,2,20
regulation,westwood,westwood,2,11
regulation,wheeler,wheeler,2,16
regulation,whelan,whelan,2,18
regulation,whim,whims,2,27
regulation,whisker,whisker,2,19
regulation,wield,wield,2,26
regulation,wildcat,wildcat,2,16
regulation,wine,wine,2,58
regulation,woman,woman,2,86
regulation,wool,wool,2,17
regulation,workload,workload,2,36
regulation,worldcom,worldcom,2,36
regulation,woven,woven,2,36
regulation,wreak,wreak,2,36
regulation,wrought,wrought,2,47
regulation,wyman,wyman,2,23
regulation,wyo,wyo,2,85
regulation,xavier,xavier,2,23
regulation,xiv,xiv,2,17
regulation,xix,xix,2,21
regulation,xvii,xvii,2,12
regulation,xviii,xviii,2,21
regulation,yate,yates,2,44
regulation,zeitung,zeitung,2,32
regulation,zengin,zengin,2,11
regulation,zervo,zervos,2,12
regulation,zur,zur,2,44
regulation,zurcher,zurcher,2,19
regulation,aaron,aaron,1,25
regulation,abe,abe,1,37
regulation,abf,abf,1,26
regulation,abiad,abiad,1,14
regulation,abspp,abspp,1,19
regulation,abstain,abstain,1,35
regulation,absurd,absurdly,1,59
regulation,acapulco,acapulco,1,13
regulation,accolad,accolades,1,10
regulation,acumen,acumen,1,28
regulation,adduc,adduced,1,13
regulation,ado,ado,1,27
regulation,adrift,adrift,1,12
regulation,aec,aec,1,18
regulation,aep,aeps,1,18
regulation,afxc,afxc,1,10
regulation,agri,agri,1,33
regulation,agribusi,agribusiness,1,14
regulation,ahluwalia,ahluwalia,1,23
regulation,ahn,ahn,1,16
regulation,ailment,ailments,1,16
regulation,airplan,airplane,1,33
regulation,al,als,1,25
regulation,alastair,alastair,1,27
regulation,albania,albania,1,21
regulation,alberto,alberto,1,62
regulation,alcald,alcalde,1,10
regulation,algo,algo,1,13
regulation,ali,ali,1,58
regulation,alic,alice,1,79
regulation,alina,alina,1,29
regulation,alison,alison,1,26
regulation,allegi,allegiance,1,11
regulation,alma,alma,1,27
regulation,altitud,altitude,1,14
regulation,altunba,altunbas,1,17
regulation,amamiya,amamiya,1,29
regulation,amano,amano,1,13
regulation,amartya,amartya,1,20
regulation,ambival,ambivalence,1,31
regulation,ammer,ammer,1,13
regulation,amor,amore,1,13
regulation,amus,amuse,1,33
regulation,andhra,andhra,1,80
regulation,annul,annul,1,14
regulation,antagonist,antagonists,1,12
regulation,anteced,antecedents,1,25
regulation,anu,anu,1,19
regulation,aofm,aofm,1,19
regulation,apologis,apologise,1,21
regulation,apparel,apparel,1,45
regulation,applaus,applause,1,28
regulation,appointe,appointees,1,19
regulation,apposit,apposite,1,21
regulation,apprehend,apprehended,1,15
regulation,ara,ara,1,16
regulation,arcand,arcand,1,10
regulation,archaeolog,archaeological,1,13
regulation,archetyp,archetypal,1,16
regulation,archipelago,archipelago,1,23
regulation,arctic,arctic,1,16
regulation,argentinian,argentinian,1,26
regulation,ari,ary,1,13
regulation,armour,armour,1,14
regulation,armstrong,armstrong,1,10
regulation,artefact,artefact,1,24
regulation,aspen,aspen,1,28
regulation,assault,assault,1,18
regulation,asterisk,asterisk,1,15
regulation,astronom,astronomical,1,14
regulation,astronomi,astronomy,1,10
regulation,astut,astute,1,30
regulation,asynchron,asynchronous,1,19
regulation,athen,athens,1,73
regulation,atheoret,atheoretical,1,10
regulation,atish,atish,1,15
regulation,atkin,atkin,1,11
regulation,attitudin,attitudinal,1,32
regulation,auclert,auclert,1,12
regulation,audac,audacity,1,14
regulation,augustus,augustus,1,11
regulation,auspici,auspicious,1,17
regulation,autarki,autarkies,1,11
regulation,autorit,autorite,1,17
regulation,auxiliari,auxiliary,1,30
regulation,avdjiev,avdjiev,1,11
regulation,averi,avery,1,24
regulation,aw,awful,1,25
regulation,awash,awash,1,32
regulation,awe,awe,1,76
regulation,axel,axel,1,23
regulation,ayhan,ayhan,1,17
regulation,aziz,aziz,1,12
regulation,baaack,baaack,1,27
regulation,backcast,backcast,1,14
regulation,bahama,bahamas,1,10
regulation,bai,bai,1,13
regulation,baili,baily,1,25
regulation,ballantyn,ballantyne,1,12
regulation,baltensperg,baltensperger,1,10
regulation,baltimor,baltimore,1,25
regulation,bancon,bancon,1,15
regulation,barbiero,barbiero,1,14
regulation,bard,bard,1,25
regulation,barn,barnes,1,19
regulation,barnichon,barnichon,1,14
regulation,bas,bas,1,10
regulation,basebal,baseball,1,36
regulation,basu,basu,1,17
regulation,bat,bat,1,23
regulation,bate,bate,1,12
regulation,bath,bath,1,22
regulation,battellino,battellino,1,34
regulation,battlefield,battlefield,1,16
regulation,baumeist,baumeister,1,14
regulation,bbc,bbc,1,29
regulation,bbps,bbps,1,14
regulation,bbva,bbva,1,15
regulation,beach,beach,1,35
regulation,beer,beer,1,32
regulation,beig,beige,1,24
regulation,bekaert,bekaert,1,21
regulation,belarus,belarus,1,20
regulation,belov,beloved,1,33
regulation,bemoan,bemoan,1,17
regulation,berk,berkes,1,12
regulation,bernac,bernacer,1,11
regulation,berri,berry,1,24
regulation,bertrand,bertrand,1,15
regulation,beyer,beyer,1,19
regulation,bhattacharya,bhattacharya,1,23
regulation,bholat,bholat,1,15
regulation,bhutta,bhutta,1,15
regulation,biannual,biannual,1,73
regulation,bidirect,bidirectional,1,11
regulation,billon,billon,1,11
regulation,biomass,biomass,1,13
regulation,birthplac,birthplace,1,23
regulation,birthrat,birthrate,1,43
regulation,bizarr,bizarre,1,17
regulation,bleed,bleeding,1,12
regulation,blower,blower,1,16
regulation,bnp,bnp,1,52
regulation,boca,boca,1,15
regulation,bohr,bohr,1,10
regulation,bolivia,bolivia,1,17
regulation,bologna,bologna,1,15
regulation,bomb,bomb,1,49
regulation,bonn,bonn,1,32
regulation,boon,boon,1,19
regulation,boot,boot,1,23
regulation,botswana,botswana,1,24
regulation,boucinha,boucinha,1,28
regulation,bouey,bouey,1,24
regulation,bounti,bountiful,1,14
regulation,bowen,bowen,1,12
regulation,boyer,boyer,1,10
regulation,bpl,bpl,1,10
regulation,brad,brad,1,35
regulation,bradley,bradley,1,19
regulation,brandt,brandt,1,31
regulation,brasilia,brasilia,1,22
regulation,brayton,brayton,1,16
regulation,breakneck,breakneck,1,12
regulation,breakout,breakout,1,24
regulation,breckenfeld,breckenfelder,1,16
regulation,bred,bred,1,22
regulation,brent,brent,1,120
regulation,brewer,brewer,1,13
regulation,bribe,bribes,1,16
regulation,brightest,brightest,1,43
regulation,brittl,brittle,1,11
regulation,brochur,brochure,1,38
regulation,bronz,bronze,1,20
regulation,bruce,bruce,1,68
regulation,bruis,bruised,1,14
regulation,brunner,brunner,1,40
regulation,bryan,bryan,1,16
regulation,brynjolfsson,brynjolfsson,1,46
regulation,bsi,bsi,1,14
regulation,btu,btu,1,10
regulation,budi,budi,1,25
regulation,buffalo,buffalo,1,10
regulation,burda,burda,1,10
regulation,burnham,burnham,1,10
regulation,bursari,bursary,1,11
regulation,buse,buses,1,17
regulation,butcher,butcher,1,10
regulation,butler,butler,1,19
regulation,butt,butt,1,23
regulation,byth,bythe,1,32
regulation,cacophoni,cacophony,1,19
regulation,cagr,cagr,1,19
regulation,cai,cai,1,33
regulation,calamit,calamitous,1,17
regulation,caldara,caldara,1,16
regulation,calderon,calderon,1,10
regulation,calif,calif,1,49
regulation,camba,camba,1,18
regulation,camdessus,camdessus,1,35
regulation,canari,canary,1,14
regulation,canzoneri,canzoneri,1,16
regulation,careless,careless,1,36
regulation,carpent,carpenter,1,22
regulation,carpet,carpet,1,14
regulation,carr,carr,1,28
regulation,carter,carter,1,47
regulation,carvalho,carvalho,1,23
regulation,cassidi,cassidy,1,22
regulation,catalog,catalog,1,14
regulation,catherin,catherine,1,61
regulation,cattl,cattle,1,37
regulation,ceaseless,ceaseless,1,11
regulation,cecilia,cecilia,1,15
regulation,ceic,ceic,1,38
regulation,ceja,ceja,1,18
regulation,celsius,celsius,1,23
regulation,centenni,centennial,1,42
regulation,centim,centimes,1,11
regulation,cgap,cgap,1,10
regulation,chadha,chadha,1,14
regulation,chakraborti,chakraborty,1,18
regulation,championship,championship,1,16
regulation,chan,chan,1,26
regulation,chapel,chapel,1,10
regulation,chapman,chapman,1,32
regulation,charlemagn,charlemagne,1,24
regulation,charm,charming,1,27
regulation,chat,chats,1,33
regulation,chatter,chatter,1,10
regulation,chatterje,chatterjee,1,10
regulation,che,che,1,11
regulation,cheapen,cheapen,1,11
regulation,cheng,cheng,1,10
regulation,chennai,chennai,1,63
regulation,chess,chess,1,11
regulation,cheung,cheung,1,13
regulation,chiara,chiara,1,43
regulation,chidambaram,chidambaram,1,16
regulation,chit,chits,1,15
regulation,chorus,chorus,1,14
regulation,christina,christina,1,66
regulation,chung,chung,1,44
regulation,chuo,chuo,1,11
regulation,ciccarelli,ciccarelli,1,60
regulation,cinema,cinema,1,15
regulation,citicorp,citicorp,1,13
regulation,civilian,civilian,1,49
regulation,clare,clare,1,98
regulation,clarendon,clarendon,1,26
regulation,classmat,classmates,1,13
regulation,cleland,cleland,1,52
regulation,climax,climax,1,22
regulation,clo,clo,1,10
regulation,clone,cloning,1,13
regulation,clous,clouse,1,12
regulation,clutch,clutches,1,19
regulation,coat,coat,1,31
regulation,coen,coen,1,16
regulation,coenen,coenen,1,57
regulation,coerc,coercing,1,11
regulation,coffer,coffers,1,22
regulation,cog,cog,1,13
regulation,cohabit,cohabitation,1,13
regulation,coibion,coibion,1,42
regulation,coleman,coleman,1,11
regulation,collid,collider,1,12
regulation,cologn,cologne,1,17
regulation,colombia,colombia,1,96
regulation,color,colored,1,104
regulation,columbus,columbus,1,18
regulation,comin,comin,1,11
regulation,commodit,commoditized,1,12
regulation,commoditis,commoditisation,1,11
regulation,commut,commute,1,66
regulation,compatriot,compatriot,1,11
regulation,composur,composure,1,11
regulation,concessionari,concessionary,1,10
regulation,concili,conciliation,1,13
regulation,concord,concordance,1,13
regulation,condol,condolences,1,41
regulation,congeni,congenial,1,28
regulation,congreg,congregation,1,25
regulation,conquest,conquest,1,39
regulation,consol,consol,1,37
regulation,conspir,conspire,1,16
regulation,constern,consternation,1,10
regulation,consul,consulation,1,17
regulation,convenor,convenor,1,16
regulation,convoc,convocations,1,25
regulation,convolut,convoluted,1,14
regulation,cooler,cooler,1,12
regulation,coppin,coppins,1,16
regulation,corrigan,corrigan,1,19
regulation,cosponsor,cosponsored,1,36
regulation,costeffect,costeffective,1,18
regulation,costello,costello,1,12
regulation,cote,cote,1,20
regulation,counterargu,counterarguments,1,18
regulation,covar,covar,1,16
regulation,cowl,cowles,1,17
regulation,crave,crave,1,20
regulation,crept,crept,1,30
regulation,cruel,cruel,1,12
regulation,cryptograph,cryptographically,1,20
regulation,cso,cso,1,22
regulation,cube,cubed,1,10
regulation,cull,cull,1,12
regulation,curatorship,curatorship,1,17
regulation,curri,currie,1,22
regulation,curricula,curricula,1,32
regulation,cursori,cursory,1,22
regulation,cutler,cutler,1,21
regulation,cutoff,cutoffs,1,16
regulation,cvc,cvc,1,10
regulation,dad,dad,1,14
regulation,damodaran,damodaran,1,17
regulation,damper,damper,1,17
regulation,dana,dana,1,14
regulation,danmark,danmarks,1,18
regulation,darken,darkens,1,31
regulation,darmin,darmin,1,21
regulation,daughter,daughter,1,37
regulation,davo,davos,1,20
regulation,daylight,daylight,1,27
regulation,dbt,dbt,1,18
regulation,deadweight,deadweight,1,25
regulation,dealership,dealership,1,13
regulation,deaton,deaton,1,13
regulation,debthold,debtholders,1,10
regulation,debut,debut,1,25
regulation,decay,decay,1,32
regulation,decker,decker,1,20
regulation,decod,decoded,1,12
regulation,dedollaris,dedollarisation,1,10
regulation,defianc,defiance,1,10
regulation,defunct,defunct,1,27
regulation,deja,deja,1,21
regulation,dell,dell,1,15
regulation,deloitt,deloitte,1,50
regulation,delphic,delphic,1,15
regulation,delud,delude,1,24
regulation,delus,delusion,1,22
regulation,demarzo,demarzo,1,13
regulation,demat,demat,1,16
regulation,demateri,dematerialization,1,21
regulation,demolish,demolished,1,26
regulation,demutualis,demutualisation,1,19
regulation,denationalis,denationalisation,1,17
regulation,denver,denver,1,26
regulation,deplor,deplored,1,11
regulation,destitut,destitute,1,12
regulation,detain,detain,1,10
regulation,dettl,dettling,1,13
regulation,deutschmark,deutschmark,1,37
regulation,devour,devour,1,17
regulation,deyoung,deyoung,1,10
regulation,dfs,dfs,1,11
regulation,dharma,dharma,1,13
regulation,diaz,diaz,1,83
regulation,dicken,dickens,1,36
regulation,diebold,diebold,1,11
regulation,diez,diez,1,11
regulation,dignitari,dignitaries,1,32
regulation,dijk,dijk,1,17
regulation,dijsselbloem,dijsselbloem,1,14
regulation,dimitri,dimitrious,1,13
regulation,dine,dining,1,65
regulation,diner,diners,1,11
regulation,dinosaur,dinosaur,1,13
regulation,directori,directory,1,12
regulation,discord,discord,1,13
regulation,dishearten,disheartening,1,14
regulation,disillusion,disillusionment,1,28
regulation,disinclin,disinclination,1,15
regulation,disqualifi,disqualify,1,11
regulation,disreput,disrepute,1,13
regulation,dissect,dissect,1,33
regulation,dissert,dissertation,1,29
regulation,disservic,disservice,1,18
regulation,disson,dissonance,1,18
regulation,disyatat,disyatat,1,26
regulation,diw,diw,1,14
regulation,doabl,doable,1,11
regulation,doldrum,doldrums,1,18
regulation,dole,doling,1,13
regulation,dormant,dormant,1,57
regulation,doubter,doubters,1,10
regulation,downright,downright,1,13
regulation,dpr,dpr,1,20
regulation,drachma,drachma,1,21
regulation,drawer,drawer,1,17
regulation,drechsler,drechsler,1,11
regulation,drink,drinking,1,161
regulation,driverless,driverless,1,11
regulation,drone,drone,1,16
regulation,drs,drs,1,15
regulation,drucker,drucker,1,16
regulation,dubai,dubai,1,45
regulation,dunn,dunn,1,11
regulation,duopoli,duopoly,1,10
regulation,durlauf,durlauf,1,37
regulation,dvd,dvd,1,11
regulation,dweller,dwellers,1,11
regulation,dwyer,dwyer,1,12
regulation,dynasti,dynasties,1,13
regulation,ebner,ebner,1,18
regulation,ebt,ebt,1,25
regulation,ecbat,ecbat,1,96
regulation,ecbconfer,ecbconference,1,11
regulation,ecbth,ecbthe,1,12
regulation,eccl,eccles,1,16
regulation,eci,eci,1,20
regulation,ecn,ecns,1,19
regulation,ecuador,ecuador,1,25
regulation,edc,edc,1,12
regulation,edelman,edelman,1,11
regulation,eduardo,eduardo,1,22
regulation,eikon,eikon,1,41
regulation,ein,eine,1,71
regulation,electrif,electrification,1,45
regulation,elena,elena,1,24
regulation,ell,elle,1,19
regulation,ellen,ellen,1,31
regulation,embarrass,embarrassing,1,45
regulation,emili,emily,1,21
regulation,emmanuel,emmanuel,1,46
regulation,empiric,empiricism,1,11
regulation,encash,encashment,1,15
regulation,enclosur,enclosures,1,13
regulation,encor,encore,1,17
regulation,engert,engert,1,10
regulation,engrain,engrained,1,10
regulation,engrav,engraving,1,26
regulation,enrico,enrico,1,12
regulation,enriqu,enrique,1,40
regulation,entwicklungen,entwicklungen,1,12
regulation,epicentr,epicentre,1,82
regulation,epitomis,epitomised,1,38
regulation,epp,epp,1,14
regulation,erdem,erdem,1,49
regulation,erian,erian,1,18
regulation,erik,erik,1,52
regulation,ernesto,ernesto,1,21
regulation,ess,ess,1,10
regulation,etch,etched,1,13
regulation,etienn,etienne,1,27
regulation,eun,eun,1,15
regulation,euronext,euronext,1,10
regulation,europa,europa,1,70
regulation,europaisch,europaische,1,17
regulation,europeenn,europeenne,1,32
regulation,euroscept,eurosceptic,1,12
regulation,everchang,everchanging,1,12
regulation,excl,excl,1,45
regulation,expel,expelled,1,10
regulation,expo,expo,1,23
regulation,extran,extraneous,1,12
regulation,fabian,fabian,1,26
regulation,fad,fad,1,39
regulation,fahri,fahri,1,13
regulation,fallick,fallick,1,29
regulation,falsif,falsifications,1,12
regulation,fanfar,fanfare,1,11
regulation,faria,faria,1,10
regulation,farrar,farrar,1,16
regulation,fasten,fasteners,1,10
regulation,fccbs,fccbs,1,12
regulation,fecht,fecht,1,11
regulation,federalist,federalist,1,15
regulation,feenstra,feenstra,1,14
regulation,feldman,feldman,1,18
regulation,fernand,fernand,1,13
regulation,fernando,fernando,1,46
regulation,fester,festered,1,20
regulation,ffr,ffr,1,10
regulation,finan,finan,1,15
regulation,financiera,financiera,1,10
regulation,findex,findex,1,23
regulation,fingerprint,fingerprint,1,12
regulation,fittest,fittest,1,17
regulation,flint,flint,1,17
regulation,flore,flores,1,18
regulation,florenc,florence,1,46
regulation,flour,flour,1,11
regulation,foi,fois,1,13
regulation,foodstuff,foodstuffs,1,44
regulation,foothil,foothills,1,12
regulation,foothold,foothold,1,39
regulation,forcibl,forcible,1,17
regulation,forgon,forgone,1,15
regulation,forma,forma,1,14
regulation,fortuit,fortuitously,1,45
regulation,fouli,foulis,1,11
regulation,fra,fra,1,34
regulation,fragmentari,fragmentary,1,11
regulation,frailti,frailty,1,16
regulation,frbs,frbs,1,11
regulation,fred,fred,1,56
regulation,freefal,freefall,1,22
regulation,friendship,friendship,1,67
regulation,frill,frills,1,77
regulation,fritter,frittered,1,11
regulation,frns,frns,1,11
regulation,fromth,fromthe,1,10
regulation,fullfledg,fullfledged,1,21
regulation,fulton,fulton,1,16
regulation,fundrais,fundraisers,1,21
regulation,fundssuppli,fundssupplying,1,25
regulation,fusion,fusion,1,23
regulation,fuss,fuss,1,14
regulation,fxcs,fxcs,1,19
regulation,galati,galati,1,15
regulation,gallup,gallup,1,11
regulation,galvan,galvanize,1,23
regulation,garri,garry,1,15
regulation,gauti,gauti,1,49
regulation,gavin,gavin,1,15
regulation,gdi,gdi,1,20
regulation,geanakoplo,geanakoplos,1,22
regulation,geert,geert,1,11
regulation,gene,gene,1,27
regulation,gennaioli,gennaioli,1,14
regulation,geoff,geoff,1,29
regulation,geometr,geometrized,1,32
regulation,gerald,gerald,1,45
regulation,gerali,gerali,1,13
regulation,gfsr,gfsr,1,14
regulation,giannetti,giannetti,1,21
regulation,giev,gieve,1,36
regulation,gile,giles,1,16
regulation,gillian,gillian,1,14
regulation,ginko,ginko,1,14
regulation,giscard,giscard,1,15
regulation,gita,gita,1,20
regulation,giusepp,giuseppe,1,11
regulation,glacial,glacial,1,18
regulation,glasgow,glasgow,1,63
regulation,glick,glick,1,18
regulation,gloomier,gloomier,1,21
regulation,glow,glowing,1,11
regulation,glue,glue,1,16
regulation,gnnt,gnnt,1,11
regulation,goeth,goethe,1,73
regulation,goldbi,goldby,1,10
regulation,goldfajn,goldfajn,1,12
regulation,gomez,gomez,1,46
regulation,gorodnichenko,gorodnichenko,1,50
regulation,gould,goulding,1,20
regulation,gov,gov,1,15
regulation,gracious,graciously,1,31
regulation,gram,gram,1,29
regulation,granger,granger,1,13
regulation,gratif,gratification,1,19
regulation,greenback,greenbacks,1,23
regulation,greenfield,greenfield,1,20
regulation,greg,greg,1,46
regulation,gregg,gregg,1,28
regulation,grim,grim,1,45
regulation,groningen,groningen,1,18
regulation,groshen,groshen,1,12
regulation,groundbreak,groundbreaking,1,25
regulation,groundless,groundless,1,14
regulation,growthenhanc,growthenhancing,1,10
regulation,gurkaynak,gurkaynak,1,45
regulation,gurus,gurus,1,11
regulation,gustavo,gustavo,1,20
regulation,gutierrez,gutierrez,1,26
regulation,gvc,gvc,1,14
regulation,haan,haan,1,38
regulation,haben,haben,1,16
regulation,haddow,haddow,1,17
regulation,hadulla,hadulla,1,32
regulation,hal,hal,1,12
regulation,hamlet,hamlet,1,14
regulation,handelsblatt,handelsblatt,1,17
regulation,handheld,handheld,1,17
regulation,handi,handy,1,37
regulation,handout,handout,1,13
regulation,handsom,handsomely,1,28
regulation,happenst,happenstance,1,11
regulation,harrison,harrison,1,109
regulation,haruhiko,haruhiko,1,183
regulation,harvey,harvey,1,40
regulation,haryana,haryana,1,18
regulation,hash,hash,1,12
regulation,hatr,hatreds,1,15
regulation,haver,haver,1,106
regulation,hawaii,hawaii,1,10
regulation,hay,hayes,1,21
regulation,hdfc,hdfc,1,23
regulation,healthili,healthily,1,19
regulation,heartili,heartily,1,12
regulation,heaviest,heaviest,1,13
regulation,hebbel,hebbel,1,11
regulation,heinrich,heinrich,1,11
regulation,heisei,heisei,1,14
regulation,hell,hell,1,24
regulation,helm,helm,1,33
regulation,heloc,helocs,1,14
regulation,herman,herman,1,28
regulation,hernandez,hernandez,1,21
regulation,hero,heroes,1,61
regulation,herv,herve,1,10
regulation,hiatus,hiatus,1,20
regulation,hibern,hibernation,1,13
regulation,hiccup,hiccups,1,21
regulation,hightech,hightech,1,12
regulation,hindu,hindu,1,37
regulation,hitotsubashi,hitotsubashi,1,20
regulation,hjortso,hjortsoe,1,12
regulation,hmrc,hmrc,1,30
regulation,hokkaido,hokkaido,1,35
regulation,holston,holston,1,50
regulation,homebuild,homebuilding,1,80
regulation,homeless,homeless,1,28
regulation,homemad,homemade,1,11
regulation,hon,hon,1,60
regulation,hongkong,hongkong,1,10
regulation,honkapohja,honkapohja,1,10
regulation,hoogduin,hoogduin,1,12
regulation,hooley,hooley,1,18
regulation,hooper,hooper,1,39
regulation,hopkin,hopkins,1,29
regulation,horribl,horribly,1,21
regulation,horrifi,horrifying,1,11
regulation,horticultur,horticulture,1,35
regulation,hsu,hsu,1,25
regulation,hunger,hunger,1,18
regulation,hunker,hunkered,1,11
regulation,hurst,hurst,1,16
regulation,huw,huw,1,65
regulation,hydro,hydro,1,11
regulation,hydrogen,hydrogen,1,14
regulation,hyman,hyman,1,69
regulation,hypothec,hypothecation,1,18
regulation,iacoviello,iacoviello,1,24
regulation,ibm,ibm,1,23
regulation,icrier,icrier,1,18
regulation,id,ids,1,15
regulation,idealist,idealistic,1,20
regulation,idfc,idfc,1,10
regulation,igidr,igidr,1,18
regulation,ihrig,ihrig,1,48
regulation,iib,iibs,1,12
regulation,ikeda,ikeda,1,14
regulation,ilzetzki,ilzetzki,1,13
regulation,imaginari,imaginary,1,23
regulation,ime,imes,1,56
regulation,immobilis,immobilised,1,20
regulation,immort,immortal,1,10
regulation,imp,imps,1,28
regulation,impenetr,impenetrable,1,16
regulation,impervi,imperviousness,1,31
regulation,imponder,imponderables,1,27
regulation,impoverish,impoverishment,1,43
regulation,impregn,impregnated,1,11
regulation,imprison,imprisoned,1,17
regulation,inauspici,inauspicious,1,13
regulation,incapac,incapacity,1,16
regulation,incapacit,incapacitating,1,10
regulation,incit,incite,1,12
regulation,incontrovert,incontrovertible,1,15
regulation,indecis,indecision,1,18
regulation,indictor,indictors,1,12
regulation,indisciplin,indiscipline,1,16
regulation,individualist,individualistic,1,19
regulation,industrialist,industrialists,1,38
regulation,ine,ine,1,22
regulation,inegi,inegi,1,20
regulation,inert,inert,1,10
regulation,inestim,inestimable,1,10
regulation,inexplic,inexplicably,1,30
regulation,infant,infants,1,36
regulation,infiltr,infiltrate,1,12
regulation,inflationcontrol,inflationcontrol,1,10
regulation,ingeni,ingenious,1,30
regulation,inhous,inhouse,1,15
regulation,injur,injured,1,15
regulation,injustic,injustices,1,27
regulation,innocu,innocuous,1,21
regulation,innumer,innumerable,1,37
regulation,insidi,insidiously,1,29
regulation,inst,inst,1,10
regulation,insurg,insurgent,1,10
regulation,intellect,intellect,1,34
regulation,intercontinent,intercontinental,1,18
regulation,interlud,interlude,1,11
regulation,intermeet,intermeeting,1,21
regulation,international,internationales,1,32
regulation,internship,internship,1,17
regulation,interpos,interposing,1,14
regulation,interquartil,interquartile,1,27
regulation,intraregion,intraregional,1,23
regulation,intrud,intrude,1,26
regulation,inventor,inventors,1,22
regulation,io,ios,1,14
regulation,iphon,iphone,1,24
regulation,iren,irene,1,29
regulation,irreplac,irreplaceable,1,16
regulation,isabel,isabel,1,95
regulation,isolation,isolationism,1,11
regulation,ist,ist,1,50
regulation,itskhoki,itskhoki,1,17
regulation,ivan,ivan,1,40
regulation,ivashina,ivashina,1,11
regulation,izanagi,izanagi,1,18
regulation,jackman,jackman,1,33
regulation,jain,jain,1,45
regulation,jakob,jakob,1,19
regulation,japanif,japanification,1,11
regulation,jar,jars,1,19
regulation,jaw,jaw,1,10
regulation,jay,jay,1,25
regulation,jcb,jcb,1,11
regulation,jealous,jealously,1,10
regulation,jekyl,jekyll,1,10
regulation,jfcrgen,jfcrgen,1,19
regulation,jimmi,jimmy,1,20
regulation,jin,jin,1,24
regulation,jitter,jitters,1,14
regulation,joanna,joanna,1,15
regulation,joao,joao,1,10
regulation,joe,joe,1,39
regulation,johann,johannes,1,39
regulation,johnston,johnston,1,24
regulation,joshi,joshi,1,33
regulation,jubile,jubilee,1,82
regulation,juggl,juggling,1,20
regulation,jumpstart,jumpstart,1,12
regulation,juxtapos,juxtaposed,1,50
regulation,kalimantan,kalimantan,1,16
regulation,kamesam,kamesam,1,19
regulation,kamp,kamps,1,11
regulation,kanagawa,kanagawa,1,17
regulation,kannan,kannan,1,12
regulation,kansai,kansai,1,19
regulation,karen,karen,1,75
regulation,kashmir,kashmir,1,13
regulation,kathleen,kathleen,1,14
regulation,kati,katie,1,40
regulation,katrina,katrina,1,33
regulation,kauffman,kauffman,1,10
regulation,kearney,kearney,1,16
regulation,kedan,kedan,1,13
regulation,keizaigaku,keizaigaku,1,15
regulation,kelley,kelley,1,33
regulation,kenkyu,kenkyu,1,13
regulation,kernel,kernel,1,20
regulation,kerosen,kerosene,1,16
regulation,keyston,keystone,1,15
regulation,kfw,kfw,1,15
regulation,kid,kids,1,77
regulation,kiel,kiel,1,21
regulation,kilogram,kilogram,1,10
regulation,kilomet,kilometers,1,19
regulation,kimura,kimura,1,16
regulation,kink,kink,1,16
regulation,kiuchi,kiuchi,1,12
regulation,klaus,klaus,1,49
regulation,klenow,klenow,1,23
regulation,knell,knell,1,10
regulation,knot,knot,1,17
regulation,knott,knott,1,12
regulation,knowhow,knowhow,1,19
regulation,knowl,knowles,1,14
regulation,kobi,koby,1,19
regulation,kocherlakota,kocherlakota,1,17
regulation,koester,koester,1,23
regulation,kosovo,kosovo,1,26
regulation,kozicki,kozicki,1,17
regulation,krishnamurthi,krishnamurthy,1,66
regulation,krona,krona,1,27
regulation,kruger,kruger,1,10
regulation,krusel,krusell,1,11
regulation,kryvtsov,kryvtsov,1,12
regulation,kuwait,kuwait,1,32
regulation,kuznet,kuznets,1,10
regulation,lafort,laforte,1,25
regulation,laibson,laibson,1,13
regulation,lander,lander,1,22
regulation,lao,lao,1,12
regulation,laptop,laptops,1,22
regulation,largevalu,largevalue,1,13
regulation,larsen,larsen,1,19
regulation,lasaosa,lasaosa,1,31
regulation,laser,laser,1,44
regulation,latecom,latecomers,1,11
regulation,latenc,latencies,1,14
regulation,laugh,laughs,1,17
regulation,laura,laura,1,57
regulation,lauren,laurens,1,17
regulation,lavish,lavish,1,11
regulation,lawson,lawson,1,31
regulation,laxton,laxton,1,27
regulation,layard,layard,1,38
regulation,layoff,layoffs,1,118
regulation,lbo,lbo,1,16
regulation,lbos,lbos,1,11
regulation,lch,lch,1,31
regulation,lebac,lebac,1,12
regulation,leftward,leftward,1,10
regulation,leicest,leicester,1,28
regulation,lemon,lemon,1,28
regulation,lena,lena,1,10
regulation,lennart,lennart,1,16
regulation,lesli,leslie,1,27
regulation,lethargi,lethargy,1,15
regulation,liam,liam,1,11
regulation,libya,libya,1,20
regulation,lifespan,lifespan,1,41
regulation,lightn,lightning,1,19
regulation,lima,lima,1,13
regulation,limitless,limitless,1,40
regulation,lincoln,lincoln,1,30
regulation,lind,linde,1,13
regulation,linda,linda,1,30
regulation,lingual,lingual,1,11
regulation,linzert,linzert,1,11
regulation,lipski,lipsky,1,29
regulation,lire,lire,1,10
regulation,lisa,lisa,1,49
regulation,lit,lit,1,20
regulation,loath,loathe,1,10
regulation,loayza,loayza,1,10
regulation,lone,lone,1,28
regulation,lookout,lookout,1,30
regulation,loretta,loretta,1,10
regulation,lori,lorie,1,18
regulation,louis,louise,1,20
regulation,louvr,louvre,1,14
regulation,lowand,lowand,1,17
regulation,lowinfl,lowinflation,1,15
regulation,lpg,lpg,1,11
regulation,luiss,luiss,1,18
regulation,luminari,luminaries,1,12
regulation,lurch,lurch,1,33
regulation,luxemburg,luxemburger,1,17
regulation,macedonia,macedonia,1,22
regulation,mackay,mackay,1,10
regulation,macquari,macquarie,1,18
regulation,macromodel,macromodels,1,10
regulation,maddison,maddison,1,31
regulation,magyar,magyar,1,14
regulation,mahalanobi,mahalanobis,1,19
regulation,mahatma,mahatma,1,37
regulation,mahesh,mahesh,1,14
regulation,majesti,majesty,1,22
regulation,mal,mal,1,10
regulation,malaysian,malaysian,1,19
regulation,maldiv,maldives,1,11
regulation,malign,malign,1,35
regulation,malnutrit,malnutrition,1,13
regulation,maloney,maloney,1,18
regulation,malta,malta,1,88
regulation,malthus,malthus,1,12
regulation,mandela,mandela,1,24
regulation,manifesto,manifesto,1,18
regulation,mantri,mantri,1,16
regulation,marcelo,marcelo,1,10
regulation,marginalis,marginalisation,1,38
regulation,mariana,mariana,1,10
regulation,marin,marine,1,60
regulation,marino,marino,1,11
regulation,marker,markers,1,33
regulation,markit,markit,1,108
regulation,marvel,marvelous,1,38
regulation,masayoshi,masayoshi,1,29
regulation,massimo,massimo,1,27
regulation,matsushita,matsushita,1,11
regulation,mattress,mattress,1,15
regulation,mauro,mauro,1,81
regulation,maximilian,maximilian,1,13
regulation,mba,mba,1,24
regulation,mbss,mbss,1,17
regulation,mcandrew,mcandrews,1,15
regulation,mccauley,mccauley,1,18
regulation,mcmahon,mcmahon,1,13
regulation,meager,meager,1,22
regulation,medal,medals,1,37
regulation,mediev,medieval,1,25
regulation,megan,megan,1,11
regulation,mehl,mehl,1,30
regulation,mehrotra,mehrotra,1,16
regulation,melitz,melitz,1,13
regulation,mep,meps,1,23
regulation,mercosur,mercosur,1,15
regulation,mes,mes,1,13
regulation,metabol,metabolism,1,32
regulation,meter,meters,1,24
regulation,metro,metro,1,62
regulation,metropoli,metropolis,1,14
regulation,mian,mian,1,48
regulation,michigan,michigan,1,128
regulation,microdata,microdata,1,43
regulation,microfound,microfoundations,1,18
regulation,middleincom,middleincome,1,13
regulation,mide,mide,1,23
regulation,midland,midland,1,51
regulation,midsumm,midsummer,1,17
regulation,midwest,midwest,1,31
regulation,migratori,migratory,1,14
regulation,miguel,miguel,1,35
regulation,mikitani,mikitani,1,11
regulation,milder,milder,1,78
regulation,millenium,millenium,1,15
regulation,millisecond,milliseconds,1,15
regulation,mingl,mingled,1,15
regulation,miniscul,miniscule,1,20
regulation,minnesota,minnesota,1,37
regulation,minoiu,minoiu,1,10
regulation,misbehaviour,misbehaviour,1,14
regulation,misnom,misnomer,1,24
regulation,misperceiv,misperceived,1,13
regulation,missel,misselling,1,18
regulation,mizen,mizen,1,25
regulation,modem,modem,1,10
regulation,moham,mohamed,1,35
regulation,mohr,mohr,1,15
regulation,mold,mold,1,16
regulation,mon,mons,1,30
regulation,mond,monde,1,30
regulation,mongelli,mongelli,1,26
regulation,monik,moniker,1,10
regulation,mono,mono,1,11
regulation,monocultur,monoculture,1,12
regulation,montana,montana,1,13
regulation,monterrey,monterrey,1,27
regulation,mosaic,mosaic,1,16
regulation,motif,motifs,1,26
regulation,movabl,movables,1,19
regulation,moynihan,moynihan,1,10
regulation,msas,msas,1,14
regulation,msps,msps,1,12
regulation,muddi,muddied,1,28
regulation,muhammad,muhammad,1,44
regulation,muller,muller,1,22
regulation,multicountri,multicountry,1,11
regulation,multifamili,multifamily,1,42
regulation,multifari,multifarious,1,18
regulation,multilateralis,multilateralisation,1,12
regulation,multilingu,multilingual,1,23
regulation,multist,multistate,1,11
regulation,murcia,murcia,1,17
regulation,muse,musings,1,19
regulation,museum,museum,1,129
regulation,musso,musso,1,18
regulation,mutton,mutton,1,16
regulation,myanmar,myanmar,1,12
regulation,mythic,mythical,1,15
regulation,mytholog,mythology,1,22
regulation,nair,nair,1,27
regulation,nakamura,nakamura,1,43
regulation,namibia,namibia,1,23
regulation,nao,nao,1,11
regulation,narendra,narendra,1,16
regulation,nash,nash,1,21
regulation,nashvill,nashville,1,15
regulation,natal,natale,1,14
regulation,natasha,natasha,1,12
regulation,nationalist,nationalist,1,34
regulation,ncaer,ncaer,1,13
regulation,nearterm,nearterm,1,44
regulation,neer,neer,1,11
regulation,negara,negara,1,40
regulation,nemzeti,nemzeti,1,14
regulation,nenova,nenova,1,13
regulation,nerlich,nerlich,1,13
regulation,newcastl,newcastle,1,29
regulation,nfib,nfib,1,18
regulation,ngeu,ngeu,1,24
regulation,ngo,ngo,1,24
regulation,nhs,nhs,1,28
regulation,niall,niall,1,13
regulation,nicoletta,nicoletta,1,11
regulation,niel,niels,1,12
regulation,nielsen,nielsen,1,37
regulation,nieto,nieto,1,18
regulation,nieuwerburgh,nieuwerburgh,1,11
regulation,nihon,nihon,1,35
regulation,nikkei,nikkei,1,95
regulation,nino,ninos,1,34
regulation,nip,nip,1,36
regulation,nomenclatur,nomenclature,1,20
regulation,noncash,noncash,1,24
regulation,noncompetit,noncompetitive,1,12
regulation,nonconform,nonconforming,1,17
regulation,nonexecut,nonexecutive,1,13
regulation,nonferr,nonferrous,1,14
regulation,nonmin,nonmining,1,10
regulation,nonreserv,nonreservable,1,12
regulation,nonviabl,nonviable,1,15
regulation,nonvot,nonvoting,1,12
regulation,norden,norden,1,22
regulation,northwest,northwest,1,12
regulation,noss,noss,1,14
regulation,nouy,nouy,1,10
regulation,novat,novation,1,19
regulation,novel,novels,1,12
regulation,nowcast,nowcasting,1,40
regulation,nrc,nrc,1,13
regulation,nsso,nsso,1,20
regulation,ntv,ntv,1,11
regulation,nucleus,nucleus,1,15
regulation,numerair,numeraire,1,13
regulation,nurks,nurkse,1,12
regulation,nutter,nutters,1,33
regulation,oasi,oasis,1,11
regulation,oblivion,oblivion,1,12
regulation,obr,obr,1,28
regulation,odysseus,odysseus,1,10
regulation,offspr,offspring,1,17
regulation,ofi,ofi,1,17
regulation,oilse,oilseeds,1,23
regulation,old,olds,1,68
regulation,omaha,omaha,1,12
regulation,omnipres,omnipresent,1,16
regulation,onnemannstradf,onnemannstradfe,1,78
regulation,oracl,oracles,1,13
regulation,orchestr,orchestrate,1,36
regulation,orel,orell,1,11
regulation,orlean,orleans,1,18
regulation,ortiz,ortiz,1,25
regulation,osaka,osaka,1,58
regulation,otto,otto,1,26
regulation,outdoor,outdoor,1,28
regulation,outfit,outfit,1,16
regulation,overcrowd,overcrowding,1,11
regulation,overoptimist,overoptimistic,1,15
regulation,overplay,overplayed,1,13
regulation,oversold,oversold,1,26
regulation,overtak,overtake,1,57
regulation,overton,overton,1,10
regulation,owen,owen,1,19
regulation,owneroccupi,owneroccupiers,1,15
regulation,oxymoron,oxymoron,1,14
regulation,ozaki,ozaki,1,11
regulation,pac,pacs,1,18
regulation,pagan,pagan,1,15
regulation,painter,painter,1,14
regulation,pairwis,pairwise,1,12
regulation,palazzo,palazzo,1,13
regulation,pall,palle,1,11
regulation,paltri,paltry,1,12
regulation,pamphlet,pamphlets,1,29
regulation,panchayat,panchayat,1,12
regulation,panglossian,panglossian,1,10
regulation,panoram,panoramic,1,15
regulation,paperless,paperless,1,24
regulation,papua,papua,1,11
regulation,paradigmat,paradigmatic,1,10
regulation,parastat,parastatal,1,10
regulation,parenthesi,parenthesis,1,17
regulation,pariba,paribas,1,55
regulation,parochi,parochial,1,21
regulation,partisan,partisan,1,24
regulation,parttim,parttime,1,14
regulation,paterson,paterson,1,12
regulation,patronag,patronage,1,16
regulation,pct,pct,1,18
regulation,pdcf,pdcf,1,17
regulation,peacock,peacock,1,15
regulation,peersman,peersman,1,15
regulation,pejor,pejorative,1,11
regulation,pemex,pemex,1,18
regulation,penchant,penchant,1,25
regulation,pepper,pepper,1,18
regulation,perez,perez,1,53
regulation,peri,peri,1,11
regulation,perk,perked,1,16
regulation,permissionless,permissionless,1,11
regulation,permut,permutation,1,11
regulation,pessoa,pessoa,1,10
regulation,pesticid,pesticide,1,12
regulation,petroulaki,petroulakis,1,19
regulation,pew,pew,1,35
regulation,physician,physicians,1,17
regulation,piazzesi,piazzesi,1,15
regulation,piie,piie,1,23
regulation,pinch,pinch,1,36
regulation,pinter,pinter,1,16
regulation,plantat,plantations,1,23
regulation,plateau,plateaued,1,52
regulation,pli,ply,1,13
regulation,plight,plight,1,40
regulation,plrs,plrs,1,11
regulation,pluck,plucked,1,11
regulation,plumber,plumber,1,19
regulation,pmjdi,pmjdy,1,21
regulation,podcast,podcast,1,16
regulation,podium,podium,1,27
regulation,point,pointedly,1,14
regulation,pokhran,pokhran,1,14
regulation,politica,politica,1,16
regulation,pollin,pollination,1,11
regulation,polym,polymer,1,61
regulation,pope,pope,1,23
regulation,popper,poppers,1,11
regulation,por,por,1,18
regulation,pork,pork,1,16
regulation,postsecondari,postsecondary,1,11
regulation,poterba,poterba,1,19
regulation,potter,potter,1,44
regulation,powerhous,powerhouses,1,56
regulation,ppk,ppk,1,16
regulation,ppps,ppps,1,14
regulation,pradesh,pradesh,1,98
regulation,pragu,prague,1,19
regulation,pravda,pravda,1,12
regulation,pray,pray,1,34
regulation,prerecord,prerecorded,1,17
regulation,prescienc,prescience,1,13
regulation,presidium,presidium,1,14
regulation,presumptu,presumptuous,1,23
regulation,pri,pri,1,10
regulation,pricest,pricestability,1,13
regulation,priest,priests,1,12
regulation,primer,primer,1,24
regulation,primordi,primordial,1,10
regulation,proclam,proclamation,1,13
regulation,professionalis,professionalising,1,21
regulation,profus,profusion,1,14
regulation,prolif,prolific,1,27
regulation,prologu,prologue,1,22
regulation,proprietor,proprietors,1,20
regulation,proprietorship,proprietorship,1,18
regulation,protector,protector,1,17
regulation,psychologist,psychologist,1,37
regulation,punctur,punctured,1,12
regulation,purvey,purveying,1,13
regulation,purvi,purvis,1,12
regulation,qatar,qatar,1,21
regulation,qfii,qfii,1,12
regulation,quinn,quinn,1,17
regulation,quintil,quintile,1,65
regulation,quiz,quiz,1,16
regulation,raban,rabanal,1,12
regulation,rabbit,rabbit,1,11
regulation,radd,radde,1,15
regulation,radius,radius,1,10
regulation,rafael,rafael,1,25
regulation,raffo,raffo,1,17
regulation,ragnar,ragnar,1,14
regulation,rahman,rahman,1,10
regulation,rai,rai,1,14
regulation,raj,raj,1,47
regulation,rajasthan,rajasthan,1,18
regulation,rajeev,rajeev,1,20
regulation,ralph,ralph,1,20
regulation,ram,ram,1,23
regulation,randzio,randzio,1,19
regulation,rapport,rapport,1,13
regulation,rapporteur,rapporteurs,1,18
regulation,ras,ras,1,10
regulation,raton,raton,1,15
regulation,raul,raul,1,13
regulation,ravag,ravages,1,52
regulation,rbabulletin,rbabulletin,1,10
regulation,rbih,rbih,1,14
regulation,rbnz,rbnz,1,14
regulation,readier,readier,1,10
regulation,realtim,realtime,1,46
regulation,realtor,realtors,1,20
regulation,reappoint,reappointment,1,15
regulation,rebas,rebasing,1,27
regulation,rebelo,rebelo,1,19
regulation,rechristen,rechristened,1,10
regulation,reconfirm,reconfirming,1,77
regulation,recurs,recursive,1,13
regulation,ree,rees,1,32
regulation,reer,reer,1,21
regulation,refineri,refineries,1,36
regulation,refug,refuge,1,40
regulation,refurbish,refurbish,1,14
regulation,regener,regenerate,1,35
regulation,rehir,rehiring,1,14
regulation,reid,reid,1,21
regulation,reignit,reignited,1,19
regulation,rejoic,rejoice,1,11
regulation,relay,relayed,1,27
regulation,relearn,relearned,1,16
regulation,remak,remaking,1,14
regulation,rene,renee,1,25
regulation,repertoir,repertoire,1,17
regulation,repriev,reprieve,1,12
regulation,republican,republican,1,24
regulation,rescal,rescale,1,17
regulation,resiz,resize,1,10
regulation,respit,respite,1,39
regulation,restrepo,restrepo,1,13
regulation,retic,reticent,1,19
regulation,retrac,retraced,1,72
regulation,retroact,retroactively,1,23
regulation,rev,rev,1,14
regulation,rfr,rfr,1,10
regulation,rhiannon,rhiannon,1,12
regulation,rhythm,rhythm,1,23
regulation,ric,rics,1,41
regulation,ricardian,ricardian,1,56
regulation,richest,richest,1,62
regulation,ridg,ridges,1,17
regulation,rime,rime,1,13
regulation,riot,riots,1,20
regulation,rivalri,rivalries,1,30
regulation,rivlin,rivlin,1,33
regulation,roam,roaming,1,11
regulation,robbin,robbins,1,17
regulation,roland,roland,1,39
regulation,roma,roma,1,12
regulation,rot,rot,1,10
regulation,rotten,rotten,1,14
regulation,roy,roy,1,43
regulation,royalti,royalties,1,25
regulation,rsa,rsa,1,12
regulation,rubin,rubin,1,15
regulation,rude,rude,1,24
regulation,rudebusch,rudebusch,1,55
regulation,rue,rue,1,13
regulation,ruinous,ruinous,1,13
regulation,rumbl,rumblings,1,12
regulation,runaway,runaway,1,38
regulation,runoff,runoff,1,40
regulation,rupal,rupal,1,11
regulation,russel,russell,1,66
regulation,saarc,saarc,1,21
regulation,saleheen,saleheen,1,30
regulation,salleo,salleo,1,10
regulation,salman,salman,1,23
regulation,salvador,salvador,1,30
regulation,salvag,salvaged,1,10
regulation,sambamurthi,sambamurthy,1,15
regulation,samurai,samurai,1,12
regulation,sander,sanders,1,18
regulation,sandton,sandton,1,24
regulation,sang,sang,1,10
regulation,santo,santos,1,34
regulation,santor,santoral,1,23
regulation,sao,sao,1,21
regulation,sapir,sapir,1,26
regulation,sarkar,sarkar,1,13
regulation,saskatchewan,saskatchewan,1,24
regulation,satiat,satiated,1,11
regulation,satoshi,satoshi,1,12
regulation,saviour,saviour,1,10
regulation,sayuri,sayuri,1,23
regulation,scam,scams,1,32
regulation,scanner,scanners,1,21
regulation,scapegoat,scapegoat,1,36
regulation,scari,scary,1,16
regulation,scatterplot,scatterplot,1,10
regulation,schepen,schepens,1,16
regulation,schlegel,schlegel,1,11
regulation,schnabl,schnabl,1,20
regulation,schulz,schulz,1,17
regulation,schuster,schuster,1,11
regulation,schwab,schwab,1,12
regulation,schwarz,schwarz,1,13
regulation,schweitzer,schweitzer,1,10
regulation,schweiz,schweiz,1,16
regulation,scotti,scotti,1,34
regulation,scrape,scrape,1,11
regulation,seco,seco,1,16
regulation,second,secondment,1,17
regulation,secondround,secondround,1,19
regulation,seduc,seduce,1,17
regulation,seignorag,seignorage,1,19
regulation,selfcorrect,selfcorrecting,1,10
regulation,selfemploy,selfemployment,1,24
regulation,selfish,selfishness,1,14
regulation,selfreinforc,selfreinforcing,1,10
regulation,selfsustain,selfsustained,1,38
regulation,selodi,selody,1,14
regulation,semant,semantics,1,33
regulation,sensor,sensors,1,23
regulation,seong,seong,1,14
regulation,sequestr,sequestration,1,16
regulation,sergey,sergey,1,11
regulation,ses,ses,1,19
regulation,sewa,sewa,1,13
regulation,sex,sex,1,54
regulation,shadforth,shadforth,1,18
regulation,shafik,shafik,1,42
regulation,sharon,sharon,1,20
regulation,shave,shaving,1,22
regulation,shcp,shcp,1,10
regulation,sheiner,sheiner,1,12
regulation,sheridan,sheridan,1,10
regulation,shimbun,shimbun,1,13
regulation,shirai,shirai,1,24
regulation,shiratsuka,shiratsuka,1,26
regulation,shirt,shirted,1,14
regulation,shleifer,shleifer,1,36
regulation,shockwav,shockwave,1,19
regulation,shone,shone,1,18
regulation,shopper,shoppers,1,30
regulation,shower,shower,1,10
regulation,sibert,sibert,1,17
regulation,sideway,sideways,1,63
regulation,silk,silk,1,25
regulation,sintra,sintra,1,65
regulation,sip,sips,1,11
regulation,sixfold,sixfold,1,17
regulation,sixteenth,sixteenth,1,26
regulation,slacalek,slacalek,1,21
regulation,slam,slamming,1,17
regulation,slant,slant,1,14
regulation,slbc,slbc,1,21
regulation,slf,slf,1,11
regulation,slifman,slifman,1,21
regulation,slim,slimming,1,27
regulation,sloan,sloan,1,22
regulation,smartest,smartest,1,16
regulation,smell,smell,1,16
regulation,soccer,soccer,1,13
regulation,soderstrom,soderstrom,1,20
regulation,sondermann,sondermann,1,10
regulation,sparkl,sparkling,1,12
regulation,specimen,specimen,1,13
regulation,specter,specter,1,23
regulation,spilt,spilt,1,13
regulation,spn,spn,1,31
regulation,spous,spouse,1,36
regulation,sprang,sprang,1,18
regulation,sprout,sprouts,1,17
regulation,srinivasan,srinivasan,1,32
regulation,stabilit,stabilite,1,12
regulation,stacey,stacey,1,24
regulation,staiger,staiger,1,21
regulation,stal,stals,1,44
regulation,stale,stale,1,18
regulation,standbi,standby,1,39
regulation,startl,startling,1,44
regulation,stateown,stateowned,1,20
regulation,statesman,statesman,1,30
regulation,statu,statue,1,19
regulation,std,std,1,10
regulation,steeni,steenis,1,12
regulation,steinsson,steinsson,1,17
regulation,stellar,stellar,1,44
regulation,stephan,stephane,1,19
regulation,stereotyp,stereotype,1,41
regulation,stiftung,stiftung,1,17
regulation,stigmat,stigmatized,1,10
regulation,stockbuild,stockbuilding,1,13
regulation,stockton,stockton,1,21
regulation,stoppag,stoppages,1,27
regulation,stormi,stormy,1,34
regulation,stoxx,stoxx,1,36
regulation,strasbourg,strasbourg,1,49
regulation,strategist,strategists,1,16
regulation,stuart,stuart,1,52
regulation,studio,studios,1,10
regulation,stun,stunning,1,37
regulation,subcontractor,subcontractors,1,15
regulation,subjug,subjugated,1,10
regulation,substrat,substrate,1,20
regulation,suda,suda,1,11
regulation,suicid,suicidal,1,25
regulation,summon,summoned,1,38
regulation,sung,sung,1,23
regulation,sunni,sunny,1,26
regulation,superb,superb,1,23
regulation,superstar,superstar,1,34
regulation,supplysid,supplyside,1,31
regulation,sur,sur,1,42
regulation,surabaya,surabaya,1,19
regulation,suresh,suresh,1,17
regulation,sureti,surety,1,18
regulation,surf,surfed,1,14
regulation,surgeon,surgeons,1,11
regulation,surveyor,surveyors,1,21
regulation,swami,swamy,1,15
regulation,swanson,swanson,1,64
regulation,swifter,swifter,1,17
regulation,sworn,sworn,1,16
regulation,sylvain,sylvain,1,27
regulation,symbiosi,symbiosis,1,18
regulation,synops,synopses,1,10
regulation,synopsi,synopsis,1,10
regulation,syverson,syverson,1,26
regulation,tae,tae,1,26
regulation,takahid,takahide,1,12
regulation,takashi,takashi,1,10
regulation,takat,takats,1,20
regulation,takeout,takeout,1,10
regulation,talbot,talbot,1,36
regulation,talwar,talwar,1,18
regulation,tamper,tampering,1,19
regulation,tao,tao,1,11
regulation,tar,tarring,1,24
regulation,tardi,tardy,1,22
regulation,tea,tea,1,35
regulation,teamwork,teamwork,1,23
regulation,teeter,teeter,1,18
regulation,tele,teles,1,16
regulation,tenaci,tenacious,1,16
regulation,tencent,tencent,1,11
regulation,tennesse,tennessee,1,25
regulation,teresa,teresa,1,13
regulation,terrif,terrific,1,16
regulation,terron,terrones,1,22
regulation,tfsme,tfsme,1,15
regulation,theeuro,theeuro,1,11
regulation,theoris,theorise,1,13
regulation,thermal,thermal,1,29
regulation,thesmar,thesmar,1,12
regulation,thethird,thethird,1,12
regulation,thirteenth,thirteenth,1,30
regulation,thorsten,thorsten,1,19
regulation,thous,thous,1,27
regulation,threadneedl,threadneedle,1,82
regulation,threw,threw,1,42
regulation,tietmey,tietmeyer,1,22
regulation,timeous,timeously,1,11
regulation,timid,timid,1,58
regulation,timothi,timothy,1,101
regulation,tin,tin,1,18
regulation,tirpak,tirpak,1,10
regulation,togdp,togdp,1,15
regulation,toil,toil,1,14
regulation,toma,tomas,1,38
regulation,toni,tony,1,61
regulation,tonnag,tonnage,1,21
regulation,toppl,toppling,1,12
regulation,torr,torre,1,73
regulation,torrid,torrid,1,10
regulation,toshiro,toshiro,1,16
regulation,tout,tout,1,41
regulation,trabandt,trabandt,1,13
regulation,transistor,transistor,1,29
regulation,transunion,transunion,1,12
regulation,treatis,treatise,1,36
regulation,tristani,tristani,1,58
regulation,trove,trove,1,13
regulation,truer,truer,1,21
regulation,truman,truman,1,20
regulation,trumpet,trumpet,1,10
regulation,tryst,tryst,1,11
regulation,tsuit,tsuite,1,12
regulation,tube,tube,1,15
regulation,tur,tur,1,11
regulation,ture,ture,1,20
regulation,turkiy,turkiye,1,16
regulation,turrel,turrell,1,11
regulation,turunen,turunen,1,23
regulation,tverski,tversky,1,18
regulation,twain,twain,1,37
regulation,twothird,twothirds,1,29
regulation,uber,uber,1,49
regulation,ubiqu,ubiquity,1,32
regulation,ucla,ucla,1,12
regulation,ufj,ufj,1,12
regulation,ugai,ugai,1,14
regulation,ukrainian,ukrainian,1,26
regulation,ulrich,ulrich,1,24
regulation,unaccount,unaccounted,1,29
regulation,unafford,unaffordable,1,53
regulation,unattend,unattended,1,29
regulation,unceas,unceasing,1,12
regulation,undemocrat,undemocratic,1,17
regulation,underprivileg,underprivileged,1,45
regulation,undeserv,undeserved,1,11
regulation,undrawn,undrawn,1,16
regulation,unfail,unfailing,1,12
regulation,unfashion,unfashionable,1,11
regulation,unforgiv,unforgiving,1,19
regulation,unheard,unheard,1,25
regulation,unhing,unhinging,1,25
regulation,unicorn,unicorns,1,19
regulation,unionis,unionisation,1,25
regulation,universit,universite,1,19
regulation,universita,universita,1,17
regulation,universitat,universitat,1,29
regulation,unlevel,unlevel,1,19
regulation,unleverag,unleveraged,1,10
regulation,unmeasur,unmeasured,1,17
regulation,unmitig,unmitigated,1,12
regulation,unnerv,unnerving,1,15
regulation,unpick,unpicking,1,13
regulation,unprepar,unprepared,1,35
regulation,unprotect,unprotected,1,15
regulation,unprovok,unprovoked,1,23
regulation,unreport,unreported,1,12
regulation,unschedul,unscheduled,1,43
regulation,unser,unsere,1,18
regulation,unserv,unserved,1,25
regulation,unsupervis,unsupervised,1,17
regulation,untim,untimely,1,21
regulation,untoward,untoward,1,10
regulation,upskil,upskilling,1,15
regulation,ussd,ussd,1,15
regulation,ust,ust,1,13
regulation,usurp,usurpation,1,14
regulation,utilitarian,utilitarian,1,10
regulation,utopia,utopia,1,14
regulation,utrecht,utrecht,1,11
regulation,valeri,valery,1,29
regulation,vancouv,vancouver,1,91
regulation,vanessa,vanessa,1,11
regulation,vazquez,vazquez,1,10
regulation,vegh,vegh,1,11
regulation,vend,vending,1,30
regulation,vener,venerable,1,28
regulation,vepa,vepa,1,19
regulation,verac,veracity,1,20
regulation,verbatim,verbatim,1,18
regulation,verein,verein,1,11
regulation,versaill,versailles,1,12
regulation,vidal,vidal,1,12
regulation,vietnam,vietnam,1,91
regulation,viewer,viewers,1,15
regulation,vila,vila,1,20
regulation,vincent,vincent,1,48
regulation,virgin,virgin,1,12
regulation,visco,visco,1,10
regulation,vitiat,vitiate,1,17
regulation,vittorio,vittorio,1,11
regulation,vlassopoulo,vlassopoulos,1,16
regulation,vortex,vortex,1,24
regulation,vri,vries,1,10
regulation,wabarakatuh,wabarakatuh,1,68
regulation,wachovia,wachovia,1,17
regulation,wade,wading,1,22
regulation,wagner,wagner,1,20
regulation,wakatab,wakatabe,1,19
regulation,walton,walton,1,30
regulation,wang,wang,1,66
regulation,warahmatullahi,warahmatullahi,1,56
regulation,warfar,warfare,1,13
regulation,warjiyo,warjiyo,1,13
regulation,warmeding,warmedinger,1,10
regulation,warmer,warmer,1,18
regulation,warp,warp,1,12
regulation,wascher,wascher,1,73
regulation,watt,watt,1,25
regulation,wechat,wechat,1,16
regulation,wed,wedded,1,30
regulation,wedow,wedow,1,10
regulation,weid,weide,1,11
regulation,weidmann,weidmann,1,10
regulation,welch,welch,1,13
regulation,well,wellness,1,16
regulation,wellington,wellington,1,11
regulation,weltwirtschaftlich,weltwirtschaftliches,1,10
regulation,wendi,wendy,1,20
regulation,westermann,westermann,1,13
regulation,whale,whale,1,10
regulation,wheelock,wheelock,1,14
regulation,whet,whetted,1,20
regulation,whiff,whiff,1,10
regulation,whip,whip,1,14
regulation,whitak,whitaker,1,14
regulation,whittl,whittled,1,15
regulation,wholesom,wholesome,1,12
regulation,wilder,wilderness,1,11
regulation,wim,wim,1,54
regulation,windmil,windmills,1,12
regulation,winston,winston,1,45
regulation,wir,wir,1,25
regulation,wireless,wireless,1,28
regulation,wirtschaftspolitik,wirtschaftspolitik,1,19
regulation,wisconsin,wisconsin,1,24
regulation,withth,withthe,1,14
regulation,wma,wma,1,19
regulation,woke,woke,1,11
regulation,wolff,wolff,1,17
regulation,wong,wong,1,34
regulation,woo,woo,1,11
regulation,wore,wore,1,22
regulation,workaround,workarounds,1,10
regulation,workingag,workingage,1,11
regulation,worn,worn,1,34
regulation,wren,wren,1,10
regulation,wynn,wynne,1,14
regulation,xiang,xiang,1,15
regulation,xiaol,xiaoling,1,17
regulation,xxii,xxii,1,23
regulation,yan,yan,1,10
regulation,yawn,yawn,1,12
regulation,yearbook,yearbook,1,17
regulation,yearend,yearend,1,19
regulation,yearon,yearon,1,53
regulation,yetman,yetman,1,10
regulation,yin,yin,1,12
regulation,yogyakarta,yogyakarta,1,15
regulation,yojana,yojana,1,35
regulation,yosha,yosha,1,40
regulation,youngster,youngsters,1,13
regulation,youtub,youtube,1,18
regulation,yugoslav,yugoslav,1,12
regulation,zambia,zambia,1,29
regulation,zeit,zeit,1,13
regulation,zero,zeroing,1,35
regulation,zha,zha,1,12
regulation,zhang,zhang,1,56
regulation,zheng,zheng,1,25
regulation,zinc,zinc,1,17
