tone_group,stem,n,tf,idf,tf_idf,example_word,example_word_freq,doc_freq
dovish,lower,3586,0.0016778656949456752,0.6931471805599453,0.001163007875809848,lower,22728,7285
dovish,weak,1527,7.144732058511005e-4,0.6931471805599453,4.952350882213157e-4,weak,5921,4607
dovish,eas,1308,6.120045535384671e-4,0.6931471805599453,4.2420923077503655e-4,easing,9799,4083
dovish,cut,923,4.31865598559637e-4,0.6931471805599453,2.9934642202244556e-4,cut,3660,3228
dovish,accommod,568,2.657634452674689e-4,0.6931471805599453,1.8421318278304341e-4,accommodative,3280,2864
dovish,slowdown,502,2.348824815568123e-4,0.6931471805599453,1.628081298540278e-4,slowdown,5045,2256
dovish,stimulus,369,1.7265266074594372e-4,0.6931471805599453,1.1967370501222363e-4,stimulus,4093,1912
dovish,rupiah,165,7.72024092766415e-5,0.6931471805599453,5.351263232253903e-5,rupiah,944,116
dovish,chap,152,7.111979521242126e-5,0.6931471805599453,4.929648553349049e-5,chaps,334,68
dovish,slack,136,6.363350097953481e-5,0.6931471805599453,4.410738179312307e-5,slack,2302,935
dovish,cic,122,5.708299352575917e-5,0.6931471805599453,3.9566916020301577e-5,cics,182,22
dovish,mbs,87,4.0706724891320065e-5,0.6931471805599453,2.821575158824785e-5,mbs,465,122
dovish,rpix,86,4.023883150176466e-5,0.6931471805599453,2.7891432604474884e-5,rpix,493,115
dovish,liu,78,3.6495684385321434e-5,0.6931471805599453,2.529688073429117e-5,liu,178,59
dovish,pcr,78,3.6495684385321434e-5,0.6931471805599453,2.529688073429117e-5,pcr,140,16
dovish,cdfis,77,3.602779099576603e-5,0.6931471805599453,2.4972561750518207e-5,cdfis,200,33
dovish,sharia,72,3.368832404798902e-5,0.6931471805599453,2.335096683165339e-5,sharia,469,47
dovish,qqe,71,3.3220430658433614e-5,0.6931471805599453,2.3026647847880427e-5,qqe,2703,291
dovish,csds,67,3.1348857100212004e-5,0.6931471805599453,2.1729371912788572e-5,csds,195,54
dovish,trilemma,67,3.1348857100212004e-5,0.6931471805599453,2.1729371912788572e-5,trilemma,344,120
dovish,taper,65,3.0413070321101198e-5,0.6931471805599453,2.1080733945242646e-5,tapering,389,351
dovish,mse,59,2.7605709983768778e-5,0.6931471805599453,1.9134820042604863e-5,mse,145,31
dovish,ytl,59,2.7605709983768778e-5,0.6931471805599453,1.9134820042604863e-5,ytl,178,24
dovish,jul,58,2.7137816594213376e-5,0.6931471805599453,1.8810501058831898e-5,jul,718,167
dovish,ama,57,2.6669923204657973e-5,0.6931471805599453,1.8486182075058934e-5,ama,148,30
dovish,fukui,54,2.5266243035991765e-5,0.6931471805599453,1.7513225123740043e-5,fukui,159,82
dovish,toshihiko,53,2.4798349646436362e-5,0.6931471805599453,1.718890613996708e-5,toshihiko,144,77
dovish,registri,52,2.4330456256880956e-5,0.6931471805599453,1.6864587156194114e-5,registry,172,77
dovish,ccil,50,2.339466947777015e-5,0.6931471805599453,1.621594918864819e-5,ccil,249,72
dovish,superannu,50,2.339466947777015e-5,0.6931471805599453,1.621594918864819e-5,superannuation,138,62
dovish,cdfi,48,2.2458882698659345e-5,0.6931471805599453,1.556731122110226e-5,cdfi,115,25
dovish,fmis,48,2.2458882698659345e-5,0.6931471805599453,1.556731122110226e-5,fmis,287,67
dovish,fig,47,2.1990989309103942e-5,0.6931471805599453,1.5242992237329297e-5,fig,134,24
dovish,nds,47,2.1990989309103942e-5,0.6931471805599453,1.5242992237329297e-5,nds,192,52
dovish,percentil,47,2.1990989309103942e-5,0.6931471805599453,1.5242992237329297e-5,percentile,234,111
dovish,sadc,47,2.1990989309103942e-5,0.6931471805599453,1.5242992237329297e-5,sadc,336,66
dovish,fisher,46,2.152309591954854e-5,0.6931471805599453,1.4918673253556332e-5,fisher,474,257
dovish,cgs,45,2.1055202529993137e-5,0.6931471805599453,1.459435426978337e-5,cgs,56,14
dovish,gst,45,2.1055202529993137e-5,0.6931471805599453,1.459435426978337e-5,gst,156,67
dovish,lcbos,44,2.0587309140437734e-5,0.6931471805599453,1.4270035286010407e-5,lcbos,70,14
dovish,lpr,44,2.0587309140437734e-5,0.6931471805599453,1.4270035286010407e-5,lpr,84,20
dovish,mses,44,2.0587309140437734e-5,0.6931471805599453,1.4270035286010407e-5,mses,87,27
dovish,npci,44,2.0587309140437734e-5,0.6931471805599453,1.4270035286010407e-5,npci,139,43
dovish,rrr,42,1.965152236132693e-5,0.6931471805599453,1.362139731846448e-5,rrr,59,23
dovish,unbundl,42,1.965152236132693e-5,0.6931471805599453,1.362139731846448e-5,unbundling,121,129
dovish,fls,41,1.9183628971771522e-5,0.6931471805599453,1.3297078334691513e-5,fls,145,30
dovish,ibc,41,1.9183628971771522e-5,0.6931471805599453,1.3297078334691513e-5,ibc,130,24
dovish,solow,41,1.9183628971771522e-5,0.6931471805599453,1.3297078334691513e-5,solow,187,99
dovish,psps,40,1.871573558221612e-5,0.6931471805599453,1.2972759350918549e-5,psps,137,24
dovish,bureaus,39,1.8247842192660717e-5,0.6931471805599453,1.2648440367145586e-5,bureaus,122,65
dovish,fhcs,39,1.8247842192660717e-5,0.6931471805599453,1.2648440367145586e-5,fhcs,130,12
dovish,icaap,39,1.8247842192660717e-5,0.6931471805599453,1.2648440367145586e-5,icaap,56,23
dovish,bls,38,1.7779948803105314e-5,0.6931471805599453,1.2324121383372623e-5,bls,241,92
dovish,pboc,38,1.7779948803105314e-5,0.6931471805599453,1.2324121383372623e-5,pboc,199,50
dovish,sdls,38,1.7779948803105314e-5,0.6931471805599453,1.2324121383372623e-5,sdls,70,12
dovish,wire,38,1.7779948803105314e-5,0.6931471805599453,1.2324121383372623e-5,wire,128,143
dovish,alesina,37,1.731205541354991e-5,0.6931471805599453,1.1999802399599658e-5,alesina,141,69
dovish,almighti,37,1.731205541354991e-5,0.6931471805599453,1.1999802399599658e-5,almighty,168,121
dovish,tantrum,37,1.731205541354991e-5,0.6931471805599453,1.1999802399599658e-5,tantrum,229,152
dovish,warranti,37,1.731205541354991e-5,0.6931471805599453,1.1999802399599658e-5,warranties,36,21
dovish,tff,36,1.684416202399451e-5,0.6931471805599453,1.1675483415826696e-5,tff,184,16
dovish,ag,35,1.6376268634439106e-5,0.6931471805599453,1.1351164432053731e-5,ags,75,19
dovish,gramlich,35,1.6376268634439106e-5,0.6931471805599453,1.1351164432053731e-5,gramlich,145,90
dovish,lfs,35,1.6376268634439106e-5,0.6931471805599453,1.1351164432053731e-5,lfs,284,78
dovish,matern,35,1.6376268634439106e-5,0.6931471805599453,1.1351164432053731e-5,maternity,41,26
dovish,tpid,35,1.6376268634439106e-5,0.6931471805599453,1.1351164432053731e-5,tpid,80,20
dovish,barro,34,1.5908375244883703e-5,0.6931471805599453,1.1026845448280768e-5,barro,256,128
dovish,drts,34,1.5908375244883703e-5,0.6931471805599453,1.1026845448280768e-5,drts,53,14
dovish,fdicia,34,1.5908375244883703e-5,0.6931471805599453,1.1026845448280768e-5,fdicia,100,39
dovish,ocean,34,1.5908375244883703e-5,0.6931471805599453,1.1026845448280768e-5,ocean,121,103
dovish,slice,34,1.5908375244883703e-5,0.6931471805599453,1.1026845448280768e-5,slice,68,106
dovish,vii,34,1.5908375244883703e-5,0.6931471805599453,1.1026845448280768e-5,vii,217,184
dovish,java,33,1.54404818553283e-5,0.6931471805599453,1.0702526464507804e-5,java,113,35
dovish,pes,33,1.54404818553283e-5,0.6931471805599453,1.0702526464507804e-5,pes,143,10
dovish,rhs,33,1.54404818553283e-5,0.6931471805599453,1.0702526464507804e-5,rhs,431,195
dovish,tribun,33,1.54404818553283e-5,0.6931471805599453,1.0702526464507804e-5,tribunals,64,57
dovish,vat,33,1.54404818553283e-5,0.6931471805599453,1.0702526464507804e-5,vat,437,184
dovish,yoy,33,1.54404818553283e-5,0.6931471805599453,1.0702526464507804e-5,yoy,501,91
dovish,aec,32,1.4972588465772896e-5,0.6931471805599453,1.037820748073484e-5,aec,64,18
dovish,eco,32,1.4972588465772896e-5,0.6931471805599453,1.037820748073484e-5,eco,189,113
dovish,gig,32,1.4972588465772896e-5,0.6931471805599453,1.037820748073484e-5,gig,60,22
dovish,kuroda,32,1.4972588465772896e-5,0.6931471805599453,1.037820748073484e-5,kuroda,345,205
dovish,sarfaesi,32,1.4972588465772896e-5,0.6931471805599453,1.037820748073484e-5,sarfaesi,54,30
dovish,ascertain,31,1.4504695076217493e-5,0.6931471805599453,1.0053888496961876e-5,ascertain,134,180
dovish,bob,31,1.4504695076217493e-5,0.6931471805599453,1.0053888496961876e-5,bob,115,83
dovish,server,31,1.4504695076217493e-5,0.6931471805599453,1.0053888496961876e-5,servers,48,52
dovish,wicksel,31,1.4504695076217493e-5,0.6931471805599453,1.0053888496961876e-5,wicksell,104,42
dovish,boomer,30,1.403680168666209e-5,0.6931471805599453,9.729569513188912e-6,boomers,160,144
dovish,cbo,30,1.403680168666209e-5,0.6931471805599453,9.729569513188912e-6,cbo,235,89
dovish,greenhous,30,1.403680168666209e-5,0.6931471805599453,9.729569513188912e-6,greenhouse,193,98
dovish,haruhiko,30,1.403680168666209e-5,0.6931471805599453,9.729569513188912e-6,haruhiko,303,183
dovish,lng,30,1.403680168666209e-5,0.6931471805599453,9.729569513188912e-6,lng,138,55
dovish,moratorium,30,1.403680168666209e-5,0.6931471805599453,9.729569513188912e-6,moratorium,117,91
dovish,npr,30,1.403680168666209e-5,0.6931471805599453,9.729569513188912e-6,npr,174,22
dovish,sociolog,30,1.403680168666209e-5,0.6931471805599453,9.729569513188912e-6,sociological,48,44
dovish,tree,30,1.403680168666209e-5,0.6931471805599453,9.729569513188912e-6,tree,87,111
dovish,benjamin,29,1.3568908297106688e-5,0.6931471805599453,9.405250529415949e-6,benjamin,215,159
dovish,childhood,29,1.3568908297106688e-5,0.6931471805599453,9.405250529415949e-6,childhood,117,62
dovish,cognit,29,1.3568908297106688e-5,0.6931471805599453,9.405250529415949e-6,cognitive,218,96
dovish,crilc,29,1.3568908297106688e-5,0.6931471805599453,9.405250529415949e-6,crilc,59,26
dovish,jeremi,29,1.3568908297106688e-5,0.6931471805599453,9.405250529415949e-6,jeremy,251,164
dovish,mdis,29,1.3568908297106688e-5,0.6931471805599453,9.405250529415949e-6,mdis,109,15
dovish,rollov,29,1.3568908297106688e-5,0.6931471805599453,9.405250529415949e-6,rollover,319,144
dovish,schumpet,29,1.3568908297106688e-5,0.6931471805599453,9.405250529415949e-6,schumpeter,211,123
dovish,sterilis,29,1.3568908297106688e-5,0.6931471805599453,9.405250529415949e-6,sterilisation,159,142
dovish,swedish,29,1.3568908297106688e-5,0.6931471805599453,9.405250529415949e-6,swedish,226,146
dovish,thomson,29,1.3568908297106688e-5,0.6931471805599453,9.405250529415949e-6,thomson,267,138
dovish,allah,28,1.3101014907551285e-5,0.6931471805599453,9.080931545642986e-6,allah,189,104
dovish,bbb,28,1.3101014907551285e-5,0.6931471805599453,9.080931545642986e-6,bbb,149,101
dovish,cbirc,28,1.3101014907551285e-5,0.6931471805599453,9.080931545642986e-6,cbirc,46,22
dovish,jinp,28,1.3101014907551285e-5,0.6931471805599453,9.080931545642986e-6,jinping,81,45
dovish,kalimantan,28,1.3101014907551285e-5,0.6931471805599453,9.080931545642986e-6,kalimantan,78,16
dovish,leisur,28,1.3101014907551285e-5,0.6931471805599453,9.080931545642986e-6,leisure,187,136
dovish,lion,28,1.3101014907551285e-5,0.6931471805599453,9.080931545642986e-6,lions,32,29
dovish,mlf,28,1.3101014907551285e-5,0.6931471805599453,9.080931545642986e-6,mlf,41,16
dovish,nonmanufactur,28,1.3101014907551285e-5,0.6931471805599453,9.080931545642986e-6,nonmanufacturing,454,201
dovish,plath,28,1.3101014907551285e-5,0.6931471805599453,9.080931545642986e-6,plath,139,19
dovish,randzio,28,1.3101014907551285e-5,0.6931471805599453,9.080931545642986e-6,randzio,139,19
dovish,underemploy,28,1.3101014907551285e-5,0.6931471805599453,9.080931545642986e-6,underemployment,202,149
dovish,wal,28,1.3101014907551285e-5,0.6931471805599453,9.080931545642986e-6,wal,48,23
dovish,eleph,27,1.2633121517995882e-5,0.6931471805599453,8.756612561870022e-6,elephant,65,31
dovish,inflex,27,1.2633121517995882e-5,0.6931471805599453,8.756612561870022e-6,inflexible,137,178
dovish,mou,27,1.2633121517995882e-5,0.6931471805599453,8.756612561870022e-6,mou,192,93
dovish,nurs,27,1.2633121517995882e-5,0.6931471805599453,8.756612561870022e-6,nursing,152,110
dovish,robot,27,1.2633121517995882e-5,0.6931471805599453,8.756612561870022e-6,robots,110,106
dovish,tfp,27,1.2633121517995882e-5,0.6931471805599453,8.756612561870022e-6,tfp,510,118
dovish,tokenis,27,1.2633121517995882e-5,0.6931471805599453,8.756612561870022e-6,tokenised,104,36
dovish,undp,27,1.2633121517995882e-5,0.6931471805599453,8.756612561870022e-6,undp,49,22
dovish,gfxc,26,1.2165228128440478e-5,0.6931471805599453,8.432293578097057e-6,gfxc,192,17
dovish,hartmann,26,1.2165228128440478e-5,0.6931471805599453,8.432293578097057e-6,hartmann,129,71
dovish,imp,26,1.2165228128440478e-5,0.6931471805599453,8.432293578097057e-6,imps,57,28
dovish,irregular,26,1.2165228128440478e-5,0.6931471805599453,8.432293578097057e-6,irregularities,95,144
dovish,pie,26,1.2165228128440478e-5,0.6931471805599453,8.432293578097057e-6,pie,107,70
dovish,srf,26,1.2165228128440478e-5,0.6931471805599453,8.432293578097057e-6,srf,71,26
dovish,bifurc,25,1.1697334738885075e-5,0.6931471805599453,8.107974594324094e-6,bifurcated,39,51
dovish,bsa,25,1.1697334738885075e-5,0.6931471805599453,8.107974594324094e-6,bsa,166,29
dovish,dfs,25,1.1697334738885075e-5,0.6931471805599453,8.107974594324094e-6,dfs,44,11
dovish,easter,25,1.1697334738885075e-5,0.6931471805599453,8.107974594324094e-6,easterly,62,46
dovish,elizabeth,25,1.1697334738885075e-5,0.6931471805599453,8.107974594324094e-6,elizabeth,193,126
dovish,infinet,25,1.1697334738885075e-5,0.6931471805599453,8.107974594324094e-6,infinet,130,38
dovish,malign,25,1.1697334738885075e-5,0.6931471805599453,8.107974594324094e-6,malign,60,35
dovish,sandbox,25,1.1697334738885075e-5,0.6931471805599453,8.107974594324094e-6,sandbox,95,72
dovish,acronym,24,1.1229441349329672e-5,0.6931471805599453,7.78365561055113e-6,acronym,66,87
dovish,anytim,24,1.1229441349329672e-5,0.6931471805599453,7.78365561055113e-6,anytime,121,108
dovish,erad,24,1.1229441349329672e-5,0.6931471805599453,7.78365561055113e-6,eradicate,56,114
dovish,gasolin,24,1.1229441349329672e-5,0.6931471805599453,7.78365561055113e-6,gasoline,441,271
dovish,ic,24,1.1229441349329672e-5,0.6931471805599453,7.78365561055113e-6,ics,57,15
dovish,lewi,24,1.1229441349329672e-5,0.6931471805599453,7.78365561055113e-6,lewis,181,119
dovish,livestock,24,1.1229441349329672e-5,0.6931471805599453,7.78365561055113e-6,livestock,99,80
dovish,prepaid,24,1.1229441349329672e-5,0.6931471805599453,7.78365561055113e-6,prepaid,128,69
dovish,queensland,24,1.1229441349329672e-5,0.6931471805599453,7.78365561055113e-6,queensland,136,60
dovish,aqr,23,1.076154795977427e-5,0.6931471805599453,7.459336626778166e-6,aqr,67,36
dovish,batch,23,1.076154795977427e-5,0.6931471805599453,7.459336626778166e-6,batch,60,66
dovish,battellino,23,1.076154795977427e-5,0.6931471805599453,7.459336626778166e-6,battellino,63,34
dovish,churn,23,1.076154795977427e-5,0.6931471805599453,7.459336626778166e-6,churn,93,109
dovish,click,23,1.076154795977427e-5,0.6931471805599453,7.459336626778166e-6,click,88,85
dovish,eci,23,1.076154795977427e-5,0.6931471805599453,7.459336626778166e-6,eci,56,20
dovish,fish,23,1.076154795977427e-5,0.6931471805599453,7.459336626778166e-6,fish,117,124
dovish,fta,23,1.076154795977427e-5,0.6931471805599453,7.459336626778166e-6,fta,63,30
dovish,ia,23,1.076154795977427e-5,0.6931471805599453,7.459336626778166e-6,ias,98,45
dovish,ir,23,1.076154795977427e-5,0.6931471805599453,7.459336626778166e-6,irs,207,56
dovish,kenya,23,1.076154795977427e-5,0.6931471805599453,7.459336626778166e-6,kenya,81,48
dovish,mmf,23,1.076154795977427e-5,0.6931471805599453,7.459336626778166e-6,mmf,85,44
dovish,raini,23,1.076154795977427e-5,0.6931471805599453,7.459336626778166e-6,rainy,63,52
dovish,schoenmak,23,1.076154795977427e-5,0.6931471805599453,7.459336626778166e-6,schoenmaker,83,53
dovish,sdgs,23,1.076154795977427e-5,0.6931471805599453,7.459336626778166e-6,sdgs,48,16
dovish,sintra,23,1.076154795977427e-5,0.6931471805599453,7.459336626778166e-6,sintra,99,65
dovish,acemoglu,22,1.0293654570218867e-5,0.6931471805599453,7.135017643005203e-6,acemoglu,152,75
dovish,biometr,22,1.0293654570218867e-5,0.6931471805599453,7.135017643005203e-6,biometric,70,76
dovish,clos,22,1.0293654570218867e-5,0.6931471805599453,7.135017643005203e-6,clos,77,36
dovish,commut,22,1.0293654570218867e-5,0.6931471805599453,7.135017643005203e-6,commuting,57,66
dovish,elong,22,1.0293654570218867e-5,0.6931471805599453,7.135017643005203e-6,elongation,26,45
dovish,fisheri,22,1.0293654570218867e-5,0.6931471805599453,7.135017643005203e-6,fisheries,91,80
dovish,fmi,22,1.0293654570218867e-5,0.6931471805599453,7.135017643005203e-6,fmi,139,54
dovish,hysteresi,22,1.0293654570218867e-5,0.6931471805599453,7.135017643005203e-6,hysteresis,347,160
dovish,moser,22,1.0293654570218867e-5,0.6931471805599453,7.135017643005203e-6,moser,305,47
dovish,prefund,22,1.0293654570218867e-5,0.6931471805599453,7.135017643005203e-6,prefunded,27,30
dovish,quartil,22,1.0293654570218867e-5,0.6931471805599453,7.135017643005203e-6,quartile,98,56
dovish,quintil,22,1.0293654570218867e-5,0.6931471805599453,7.135017643005203e-6,quintile,100,65
dovish,ambassador,21,9.825761180663464e-6,0.6931471805599453,6.81069865923224e-6,ambassador,70,101
dovish,arc,21,9.825761180663464e-6,0.6931471805599453,6.81069865923224e-6,arc,59,56
dovish,brink,21,9.825761180663464e-6,0.6931471805599453,6.81069865923224e-6,brink,121,114
dovish,calgari,21,9.825761180663464e-6,0.6931471805599453,6.81069865923224e-6,calgary,96,52
dovish,cum,21,9.825761180663464e-6,0.6931471805599453,6.81069865923224e-6,cum,57,57
dovish,cva,21,9.825761180663464e-6,0.6931471805599453,6.81069865923224e-6,cva,43,12
dovish,inexor,21,9.825761180663464e-6,0.6931471805599453,6.81069865923224e-6,inexorably,69,122
dovish,lhs,21,9.825761180663464e-6,0.6931471805599453,6.81069865923224e-6,lhs,367,178
dovish,math,21,9.825761180663464e-6,0.6931471805599453,6.81069865923224e-6,math,88,67
dovish,myopia,21,9.825761180663464e-6,0.6931471805599453,6.81069865923224e-6,myopia,135,42
dovish,ppi,21,9.825761180663464e-6,0.6931471805599453,6.81069865923224e-6,ppi,197,83
dovish,robinson,21,9.825761180663464e-6,0.6931471805599453,6.81069865923224e-6,robinson,164,99
dovish,saxon,21,9.825761180663464e-6,0.6931471805599453,6.81069865923224e-6,saxon,94,73
dovish,sidelin,21,9.825761180663464e-6,0.6931471805599453,6.81069865923224e-6,sidelines,88,101
dovish,soe,21,9.825761180663464e-6,0.6931471805599453,6.81069865923224e-6,soes,85,42
dovish,afr,20,9.35786779110806e-6,0.6931471805599453,6.486379675459274e-6,afre,37,32
dovish,agri,20,9.35786779110806e-6,0.6931471805599453,6.486379675459274e-6,agri,61,33
dovish,bangladesh,20,9.35786779110806e-6,0.6931471805599453,6.486379675459274e-6,bangladesh,147,73
dovish,catalys,20,9.35786779110806e-6,0.6931471805599453,6.486379675459274e-6,catalyse,75,111
dovish,ida,20,9.35786779110806e-6,0.6931471805599453,6.486379675459274e-6,ida,51,25
dovish,inadvert,20,9.35786779110806e-6,0.6931471805599453,6.486379675459274e-6,inadvertently,129,135
dovish,jane,20,9.35786779110806e-6,0.6931471805599453,6.486379675459274e-6,jane,123,76
dovish,katz,20,9.35786779110806e-6,0.6931471805599453,6.486379675459274e-6,katz,129,57
dovish,lsap,20,9.35786779110806e-6,0.6931471805599453,6.486379675459274e-6,lsaps,125,43
dovish,medicaid,20,9.35786779110806e-6,0.6931471805599453,6.486379675459274e-6,medicaid,60,27
dovish,moor,20,9.35786779110806e-6,0.6931471805599453,6.486379675459274e-6,moore,142,118
dovish,nondepositori,20,9.35786779110806e-6,0.6931471805599453,6.486379675459274e-6,nondepository,83,52
dovish,npc,20,9.35786779110806e-6,0.6931471805599453,6.486379675459274e-6,npc,44,14
dovish,pfmi,20,9.35786779110806e-6,0.6931471805599453,6.486379675459274e-6,pfmi,93,29
dovish,portrait,20,9.35786779110806e-6,0.6931471805599453,6.486379675459274e-6,portrait,79,66
dovish,ryan,20,9.35786779110806e-6,0.6931471805599453,6.486379675459274e-6,ryan,103,93
dovish,shallow,20,9.35786779110806e-6,0.6931471805599453,6.486379675459274e-6,shallow,125,161
dovish,superstar,20,9.35786779110806e-6,0.6931471805599453,6.486379675459274e-6,superstar,58,34
dovish,wang,20,9.35786779110806e-6,0.6931471805599453,6.486379675459274e-6,wang,102,66
dovish,airport,19,8.889974401552657e-6,0.6931471805599453,6.1620606916863115e-6,airport,72,107
dovish,arabia,19,8.889974401552657e-6,0.6931471805599453,6.1620606916863115e-6,arabia,216,114
dovish,clip,19,8.889974401552657e-6,0.6931471805599453,6.1620606916863115e-6,clip,36,52
dovish,datastream,19,8.889974401552657e-6,0.6931471805599453,6.1620606916863115e-6,datastream,325,144
dovish,download,19,8.889974401552657e-6,0.6931471805599453,6.1620606916863115e-6,download,55,85
dovish,ecolog,19,8.889974401552657e-6,0.6931471805599453,6.1620606916863115e-6,ecological,97,74
dovish,enlist,19,8.889974401552657e-6,0.6931471805599453,6.1620606916863115e-6,enlisted,25,51
dovish,eurobond,19,8.889974401552657e-6,0.6931471805599453,6.1620606916863115e-6,eurobonds,80,60
dovish,freeman,19,8.889974401552657e-6,0.6931471805599453,6.1620606916863115e-6,freeman,70,41
dovish,grace,19,8.889974401552657e-6,0.6931471805599453,6.1620606916863115e-6,grace,99,110
dovish,iif,19,8.889974401552657e-6,0.6931471805599453,6.1620606916863115e-6,iif,191,100
dovish,ilo,19,8.889974401552657e-6,0.6931471805599453,6.1620606916863115e-6,ilo,80,35
dovish,malcolm,19,8.889974401552657e-6,0.6931471805599453,6.1620606916863115e-6,malcolm,65,41
dovish,microscop,19,8.889974401552657e-6,0.6931471805599453,6.1620606916863115e-6,microscopic,20,22
dovish,mosqu,19,8.889974401552657e-6,0.6931471805599453,6.1620606916863115e-6,mosques,134,42
dovish,ning,19,8.889974401552657e-6,0.6931471805599453,6.1620606916863115e-6,ning,45,18
dovish,npg,19,8.889974401552657e-6,0.6931471805599453,6.1620606916863115e-6,npg,53,11
dovish,pcs,19,8.889974401552657e-6,0.6931471805599453,6.1620606916863115e-6,pcs,56,39
dovish,reactiv,19,8.889974401552657e-6,0.6931471805599453,6.1620606916863115e-6,reactive,90,169
dovish,reit,19,8.889974401552657e-6,0.6931471805599453,6.1620606916863115e-6,reits,291,179
dovish,ric,19,8.889974401552657e-6,0.6931471805599453,6.1620606916863115e-6,ric,50,41
dovish,rpi,19,8.889974401552657e-6,0.6931471805599453,6.1620606916863115e-6,rpi,267,101
dovish,sgl,19,8.889974401552657e-6,0.6931471805599453,6.1620606916863115e-6,sgl,66,28
dovish,sichel,19,8.889974401552657e-6,0.6931471805599453,6.1620606916863115e-6,sichel,144,66
dovish,tril,19,8.889974401552657e-6,0.6931471805599453,6.1620606916863115e-6,tril,435,110
dovish,federico,18,8.422081011997254e-6,0.6931471805599453,5.837741707913348e-6,federico,85,40
dovish,fitch,18,8.422081011997254e-6,0.6931471805599453,5.837741707913348e-6,fitch,80,63
dovish,gao,18,8.422081011997254e-6,0.6931471805599453,5.837741707913348e-6,gao,123,38
dovish,gbp,18,8.422081011997254e-6,0.6931471805599453,5.837741707913348e-6,gbp,71,42
dovish,hottest,18,8.422081011997254e-6,0.6931471805599453,5.837741707913348e-6,hottest,33,20
dovish,inferior,18,8.422081011997254e-6,0.6931471805599453,5.837741707913348e-6,inferior,97,88
dovish,milan,18,8.422081011997254e-6,0.6931471805599453,5.837741707913348e-6,milan,78,68
dovish,sorensen,18,8.422081011997254e-6,0.6931471805599453,5.837741707913348e-6,sorensen,103,60
dovish,tred,18,8.422081011997254e-6,0.6931471805599453,5.837741707913348e-6,treds,47,23
dovish,unreal,18,8.422081011997254e-6,0.6931471805599453,5.837741707913348e-6,unrealized,94,72
dovish,ussd,18,8.422081011997254e-6,0.6931471805599453,5.837741707913348e-6,ussd,35,15
dovish,alex,17,7.954187622441852e-6,0.6931471805599453,5.513422724140384e-6,alex,168,140
dovish,aug,17,7.954187622441852e-6,0.6931471805599453,5.513422724140384e-6,aug,362,167
dovish,austen,17,7.954187622441852e-6,0.6931471805599453,5.513422724140384e-6,austen,47,19
dovish,autor,17,7.954187622441852e-6,0.6931471805599453,5.513422724140384e-6,autor,135,56
dovish,brian,17,7.954187622441852e-6,0.6931471805599453,5.513422724140384e-6,brian,194,156
dovish,coso,17,7.954187622441852e-6,0.6931471805599453,5.513422724140384e-6,coso,100,24
dovish,dicken,17,7.954187622441852e-6,0.6931471805599453,5.513422724140384e-6,dickens,78,36
dovish,dismal,17,7.954187622441852e-6,0.6931471805599453,5.513422724140384e-6,dismal,103,94
dovish,feldstein,17,7.954187622441852e-6,0.6931471805599453,5.513422724140384e-6,feldstein,154,87
dovish,frbm,17,7.954187622441852e-6,0.6931471805599453,5.513422724140384e-6,frbm,125,57
dovish,gupta,17,7.954187622441852e-6,0.6931471805599453,5.513422724140384e-6,gupta,72,53
dovish,jlf,17,7.954187622441852e-6,0.6931471805599453,5.513422724140384e-6,jlf,39,18
dovish,macroprud,17,7.954187622441852e-6,0.6931471805599453,5.513422724140384e-6,macroprudence,37,18
dovish,nbfi,17,7.954187622441852e-6,0.6931471805599453,5.513422724140384e-6,nbfi,115,27
dovish,pfmis,17,7.954187622441852e-6,0.6931471805599453,5.513422724140384e-6,pfmis,68,26
dovish,schuman,17,7.954187622441852e-6,0.6931471805599453,5.513422724140384e-6,schuman,69,40
dovish,speedier,17,7.954187622441852e-6,0.6931471805599453,5.513422724140384e-6,speedier,61,55
dovish,sukuk,17,7.954187622441852e-6,0.6931471805599453,5.513422724140384e-6,sukuk,136,28
dovish,underbank,17,7.954187622441852e-6,0.6931471805599453,5.513422724140384e-6,underbanked,70,42
dovish,undergradu,17,7.954187622441852e-6,0.6931471805599453,5.513422724140384e-6,undergraduate,117,91
dovish,warahmatullahi,17,7.954187622441852e-6,0.6931471805599453,5.513422724140384e-6,warahmatullahi,88,56
dovish,warsh,17,7.954187622441852e-6,0.6931471805599453,5.513422724140384e-6,warsh,112,38
dovish,wing,17,7.954187622441852e-6,0.6931471805599453,5.513422724140384e-6,wings,54,75
dovish,yamaguchi,17,7.954187622441852e-6,0.6931471805599453,5.513422724140384e-6,yamaguchi,105,46
dovish,aberdeen,16,7.486294232886448e-6,0.6931471805599453,5.18910374036742e-6,aberdeen,27,13
dovish,allsopp,16,7.486294232886448e-6,0.6931471805599453,5.18910374036742e-6,allsopp,43,20
dovish,apac,16,7.486294232886448e-6,0.6931471805599453,5.18910374036742e-6,apace,72,76
dovish,aperitif,16,7.486294232886448e-6,0.6931471805599453,5.18910374036742e-6,aperitif,144,12
dovish,cac,16,7.486294232886448e-6,0.6931471805599453,5.18910374036742e-6,cacs,52,40
dovish,casualti,16,7.486294232886448e-6,0.6931471805599453,5.18910374036742e-6,casualty,57,82
dovish,cbes,16,7.486294232886448e-6,0.6931471805599453,5.18910374036742e-6,cbes,68,12
dovish,classroom,16,7.486294232886448e-6,0.6931471805599453,5.18910374036742e-6,classroom,68,71
dovish,cup,16,7.486294232886448e-6,0.6931471805599453,5.18910374036742e-6,cup,130,69
dovish,curricula,16,7.486294232886448e-6,0.6931471805599453,5.18910374036742e-6,curricula,41,32
dovish,customis,16,7.486294232886448e-6,0.6931471805599453,5.18910374036742e-6,customised,61,75
dovish,denver,16,7.486294232886448e-6,0.6931471805599453,5.18910374036742e-6,denver,43,26
dovish,electronif,16,7.486294232886448e-6,0.6931471805599453,5.18910374036742e-6,electronification,104,42
dovish,ford,16,7.486294232886448e-6,0.6931471805599453,5.18910374036742e-6,ford,128,90
dovish,hedon,16,7.486294232886448e-6,0.6931471805599453,5.18910374036742e-6,hedonic,62,28
dovish,improb,16,7.486294232886448e-6,0.6931471805599453,5.18910374036742e-6,improbable,64,63
dovish,jeann,16,7.486294232886448e-6,0.6931471805599453,5.18910374036742e-6,jeanne,113,50
dovish,lacklust,16,7.486294232886448e-6,0.6931471805599453,5.18910374036742e-6,lackluster,116,108
dovish,lse,16,7.486294232886448e-6,0.6931471805599453,5.18910374036742e-6,lse,188,96
dovish,matthew,16,7.486294232886448e-6,0.6931471805599453,5.18910374036742e-6,matthew,206,168
dovish,msb,16,7.486294232886448e-6,0.6931471805599453,5.18910374036742e-6,msb,35,15
dovish,mutualis,16,7.486294232886448e-6,0.6931471805599453,5.18910374036742e-6,mutualisation,35,49
dovish,nse,16,7.486294232886448e-6,0.6931471805599453,5.18910374036742e-6,nse,72,44
dovish,nyse,16,7.486294232886448e-6,0.6931471805599453,5.18910374036742e-6,nyse,40,16
dovish,olymp,16,7.486294232886448e-6,0.6931471805599453,5.18910374036742e-6,olympic,110,97
dovish,overcapac,16,7.486294232886448e-6,0.6931471805599453,5.18910374036742e-6,overcapacity,103,85
dovish,paypal,16,7.486294232886448e-6,0.6931471805599453,5.18910374036742e-6,paypal,55,40
dovish,pce,16,7.486294232886448e-6,0.6931471805599453,5.18910374036742e-6,pce,853,251
dovish,pwc,16,7.486294232886448e-6,0.6931471805599453,5.18910374036742e-6,pwc,73,49
dovish,ray,16,7.486294232886448e-6,0.6931471805599453,5.18910374036742e-6,ray,66,69
dovish,recap,16,7.486294232886448e-6,0.6931471805599453,5.18910374036742e-6,recap,142,135
dovish,rls,16,7.486294232886448e-6,0.6931471805599453,5.18910374036742e-6,rls,75,14
dovish,scandinavia,16,7.486294232886448e-6,0.6931471805599453,5.18910374036742e-6,scandinavia,49,32
dovish,scrap,16,7.486294232886448e-6,0.6931471805599453,5.18910374036742e-6,scrapping,43,84
dovish,shafik,16,7.486294232886448e-6,0.6931471805599453,5.18910374036742e-6,shafik,83,42
dovish,verg,16,7.486294232886448e-6,0.6931471805599453,5.18910374036742e-6,verge,81,87
dovish,wil,16,7.486294232886448e-6,0.6931471805599453,5.18910374036742e-6,wilful,40,43
dovish,ahm,15,7.018400843331045e-6,0.6931471805599453,4.864784756594456e-6,ahmed,78,50
dovish,amazon,15,7.018400843331045e-6,0.6931471805599453,4.864784756594456e-6,amazon,87,67
dovish,biodivers,15,7.018400843331045e-6,0.6931471805599453,4.864784756594456e-6,biodiversity,247,49
dovish,boaunnck,15,7.018400843331045e-6,0.6931471805599453,4.864784756594456e-6,boaunncke,87,87
dovish,buoyanc,15,7.018400843331045e-6,0.6931471805599453,4.864784756594456e-6,buoyancy,135,108
dovish,cts,15,7.018400843331045e-6,0.6931471805599453,4.864784756594456e-6,cts,63,24
dovish,demographi,15,7.018400843331045e-6,0.6931471805599453,4.864784756594456e-6,demography,109,86
dovish,dfi,15,7.018400843331045e-6,0.6931471805599453,4.864784756594456e-6,dfi,36,13
dovish,disclaim,15,7.018400843331045e-6,0.6931471805599453,4.864784756594456e-6,disclaimer,91,86
dovish,ec,15,7.018400843331045e-6,0.6931471805599453,4.864784756594456e-6,ecs,110,45
dovish,eddi,15,7.018400843331045e-6,0.6931471805599453,4.864784756594456e-6,eddie,100,67
dovish,evergreen,15,7.018400843331045e-6,0.6931471805599453,4.864784756594456e-6,evergreening,38,39
dovish,fernald,15,7.018400843331045e-6,0.6931471805599453,4.864784756594456e-6,fernald,90,41
dovish,fincen,15,7.018400843331045e-6,0.6931471805599453,4.864784756594456e-6,fincen,43,15
dovish,gini,15,7.018400843331045e-6,0.6931471805599453,4.864784756594456e-6,gini,129,54
dovish,gses,15,7.018400843331045e-6,0.6931471805599453,4.864784756594456e-6,gses,396,65
dovish,inf,15,7.018400843331045e-6,0.6931471805599453,4.864784756594456e-6,inf,31,21
dovish,innoc,15,7.018400843331045e-6,0.6931471805599453,4.864784756594456e-6,innocent,97,104
dovish,jorg,15,7.018400843331045e-6,0.6931471805599453,4.864784756594456e-6,jorg,42,64
dovish,kahn,15,7.018400843331045e-6,0.6931471805599453,4.864784756594456e-6,kahn,85,56
dovish,kahneman,15,7.018400843331045e-6,0.6931471805599453,4.864784756594456e-6,kahneman,82,36
dovish,kangaroo,15,7.018400843331045e-6,0.6931471805599453,4.864784756594456e-6,kangaroo,47,13
dovish,kolkata,15,7.018400843331045e-6,0.6931471805599453,4.864784756594456e-6,kolkata,70,45
dovish,kpmg,15,7.018400843331045e-6,0.6931471805599453,4.864784756594456e-6,kpmg,80,40
dovish,macrofinanci,15,7.018400843331045e-6,0.6931471805599453,4.864784756594456e-6,macrofinancial,109,78
dovish,man,15,7.018400843331045e-6,0.6931471805599453,4.864784756594456e-6,manning,54,50
dovish,mankiw,15,7.018400843331045e-6,0.6931471805599453,4.864784756594456e-6,mankiw,130,61
dovish,minouch,15,7.018400843331045e-6,0.6931471805599453,4.864784756594456e-6,minouche,62,35
dovish,mof,15,7.018400843331045e-6,0.6931471805599453,4.864784756594456e-6,mof,53,22
dovish,mofe,15,7.018400843331045e-6,0.6931471805599453,4.864784756594456e-6,mofe,93,88
dovish,movabl,15,7.018400843331045e-6,0.6931471805599453,4.864784756594456e-6,movable,27,19
dovish,nigel,15,7.018400843331045e-6,0.6931471805599453,4.864784756594456e-6,nigel,52,39
dovish,njtaspan,15,7.018400843331045e-6,0.6931471805599453,4.864784756594456e-6,njtaspan,87,87
dovish,ostri,15,7.018400843331045e-6,0.6931471805599453,4.864784756594456e-6,ostry,76,43
dovish,paribus,15,7.018400843331045e-6,0.6931471805599453,4.864784756594456e-6,paribus,89,65
dovish,philippon,15,7.018400843331045e-6,0.6931471805599453,4.864784756594456e-6,philippon,105,51
dovish,piketti,15,7.018400843331045e-6,0.6931471805599453,4.864784756594456e-6,piketty,52,19
dovish,prop,15,7.018400843331045e-6,0.6931471805599453,4.864784756594456e-6,prop,52,88
dovish,reckless,15,7.018400843331045e-6,0.6931471805599453,4.864784756594456e-6,reckless,86,95
dovish,ronald,15,7.018400843331045e-6,0.6931471805599453,4.864784756594456e-6,ronald,91,68
dovish,seung,15,7.018400843331045e-6,0.6931471805599453,4.864784756594456e-6,seung,42,29
dovish,shake,15,7.018400843331045e-6,0.6931471805599453,4.864784756594456e-6,shake,74,97
dovish,smp,15,7.018400843331045e-6,0.6931471805599453,4.864784756594456e-6,smp,156,67
dovish,soil,15,7.018400843331045e-6,0.6931471805599453,4.864784756594456e-6,soil,57,71
dovish,steve,15,7.018400843331045e-6,0.6931471805599453,4.864784756594456e-6,steve,115,85
dovish,stuff,15,7.018400843331045e-6,0.6931471805599453,4.864784756594456e-6,stuff,72,64
dovish,telegraph,15,7.018400843331045e-6,0.6931471805599453,4.864784756594456e-6,telegraph,68,70
dovish,thaenn,15,7.018400843331045e-6,0.6931471805599453,4.864784756594456e-6,thaenn,87,87
dovish,tirol,15,7.018400843331045e-6,0.6931471805599453,4.864784756594456e-6,tirole,73,45
dovish,underfund,15,7.018400843331045e-6,0.6931471805599453,4.864784756594456e-6,underfunded,37,33
dovish,unus,15,7.018400843331045e-6,0.6931471805599453,4.864784756594456e-6,unused,119,99
dovish,upset,15,7.018400843331045e-6,0.6931471805599453,4.864784756594456e-6,upset,48,64
dovish,webpag,15,7.018400843331045e-6,0.6931471805599453,4.864784756594456e-6,webpage,90,68
dovish,abi,14,6.5505074537756425e-6,0.6931471805599453,4.540465772821493e-6,abi,46,30
dovish,anxious,14,6.5505074537756425e-6,0.6931471805599453,4.540465772821493e-6,anxious,91,98
dovish,australasian,14,6.5505074537756425e-6,0.6931471805599453,4.540465772821493e-6,australasian,31,23
dovish,basebal,14,6.5505074537756425e-6,0.6931471805599453,4.540465772821493e-6,baseball,53,36
dovish,bcra,14,6.5505074537756425e-6,0.6931471805599453,4.540465772821493e-6,bcra,97,20
dovish,bend,14,6.5505074537756425e-6,0.6931471805599453,4.540465772821493e-6,bend,47,54
dovish,biannual,14,6.5505074537756425e-6,0.6931471805599453,4.540465772821493e-6,biannual,71,73
dovish,bite,14,6.5505074537756425e-6,0.6931471805599453,4.540465772821493e-6,bite,55,102
dovish,branchless,14,6.5505074537756425e-6,0.6931471805599453,4.540465772821493e-6,branchless,44,28
dovish,brunswick,14,6.5505074537756425e-6,0.6931471805599453,4.540465772821493e-6,brunswick,35,20
dovish,camel,14,6.5505074537756425e-6,0.6931471805599453,4.540465772821493e-6,camels,61,54
dovish,cava,14,6.5505074537756425e-6,0.6931471805599453,4.540465772821493e-6,cava,32,16
dovish,clare,14,6.5505074537756425e-6,0.6931471805599453,4.540465772821493e-6,clare,109,98
dovish,cpa,14,6.5505074537756425e-6,0.6931471805599453,4.540465772821493e-6,cpa,33,12
dovish,crm,14,6.5505074537756425e-6,0.6931471805599453,4.540465772821493e-6,crm,47,18
dovish,dearth,14,6.5505074537756425e-6,0.6931471805599453,4.540465772821493e-6,dearth,77,72
dovish,dirk,14,6.5505074537756425e-6,0.6931471805599453,4.540465772821493e-6,dirk,55,48
dovish,dis,14,6.5505074537756425e-6,0.6931471805599453,4.540465772821493e-6,dis,110,88
dovish,distortionari,14,6.5505074537756425e-6,0.6931471805599453,4.540465772821493e-6,distortionary,98,84
dovish,downtrend,14,6.5505074537756425e-6,0.6931471805599453,4.540465772821493e-6,downtrend,152,123
dovish,drt,14,6.5505074537756425e-6,0.6931471805599453,4.540465772821493e-6,drt,26,13
dovish,dwindl,14,6.5505074537756425e-6,0.6931471805599453,4.540465772821493e-6,dwindling,72,115
dovish,edey,14,6.5505074537756425e-6,0.6931471805599453,4.540465772821493e-6,edey,50,25
dovish,epoch,14,6.5505074537756425e-6,0.6931471805599453,4.540465772821493e-6,epoch,26,39
dovish,ernst,14,6.5505074537756425e-6,0.6931471805599453,4.540465772821493e-6,ernst,64,52
dovish,faulti,14,6.5505074537756425e-6,0.6931471805599453,4.540465772821493e-6,faulty,65,62
dovish,fiber,14,6.5505074537756425e-6,0.6931471805599453,4.540465772821493e-6,fiber,90,54
dovish,flagship,14,6.5505074537756425e-6,0.6931471805599453,4.540465772821493e-6,flagship,84,76
dovish,forgiv,14,6.5505074537756425e-6,0.6931471805599453,4.540465772821493e-6,forgive,42,83
dovish,fukuyama,14,6.5505074537756425e-6,0.6931471805599453,4.540465772821493e-6,fukuyama,33,13
dovish,gsdp,14,6.5505074537756425e-6,0.6931471805599453,4.540465772821493e-6,gsdp,44,12
dovish,harden,14,6.5505074537756425e-6,0.6931471805599453,4.540465772821493e-6,hardening,50,85
dovish,heavier,14,6.5505074537756425e-6,0.6931471805599453,4.540465772821493e-6,heavier,64,56
dovish,hinterland,14,6.5505074537756425e-6,0.6931471805599453,4.540465772821493e-6,hinterland,30,22
dovish,inr,14,6.5505074537756425e-6,0.6931471805599453,4.540465772821493e-6,inr,155,53
dovish,jennif,14,6.5505074537756425e-6,0.6931471805599453,4.540465772821493e-6,jennifer,71,56
dovish,kennickel,14,6.5505074537756425e-6,0.6931471805599453,4.540465772821493e-6,kennickell,35,26
dovish,kristin,14,6.5505074537756425e-6,0.6931471805599453,4.540465772821493e-6,kristin,112,45
dovish,lone,14,6.5505074537756425e-6,0.6931471805599453,4.540465772821493e-6,lone,24,28
dovish,marin,14,6.5505074537756425e-6,0.6931471805599453,4.540465772821493e-6,marine,91,60
dovish,max,14,6.5505074537756425e-6,0.6931471805599453,4.540465772821493e-6,max,97,68
dovish,ncaer,14,6.5505074537756425e-6,0.6931471805599453,4.540465772821493e-6,ncaer,22,13
dovish,offens,14,6.5505074537756425e-6,0.6931471805599453,4.540465772821493e-6,offensive,25,39
dovish,photograph,14,6.5505074537756425e-6,0.6931471805599453,4.540465772821493e-6,photograph,25,51
dovish,pmjdi,14,6.5505074537756425e-6,0.6931471805599453,4.540465772821493e-6,pmjdy,39,21
dovish,rainfal,14,6.5505074537756425e-6,0.6931471805599453,4.540465772821493e-6,rainfall,92,61
dovish,refinitiv,14,6.5505074537756425e-6,0.6931471805599453,4.540465772821493e-6,refinitiv,222,99
dovish,rudebusch,14,6.5505074537756425e-6,0.6931471805599453,4.540465772821493e-6,rudebusch,121,55
dovish,sfbs,14,6.5505074537756425e-6,0.6931471805599453,4.540465772821493e-6,sfbs,58,18
dovish,sigma,14,6.5505074537756425e-6,0.6931471805599453,4.540465772821493e-6,sigma,54,35
dovish,stephani,14,6.5505074537756425e-6,0.6931471805599453,4.540465772821493e-6,stephanie,89,84
dovish,suburban,14,6.5505074537756425e-6,0.6931471805599453,4.540465772821493e-6,suburban,43,23
dovish,thorat,14,6.5505074537756425e-6,0.6931471805599453,4.540465772821493e-6,thorat,91,55
dovish,underutilis,14,6.5505074537756425e-6,0.6931471805599453,4.540465772821493e-6,underutilisation,58,59
dovish,usha,14,6.5505074537756425e-6,0.6931471805599453,4.540465772821493e-6,usha,87,56
dovish,weal,14,6.5505074537756425e-6,0.6931471805599453,4.540465772821493e-6,weale,221,74
dovish,asmussen,13,6.082614064220239e-6,0.6931471805599453,4.216146789048529e-6,asmussen,53,53
dovish,bba,13,6.082614064220239e-6,0.6931471805599453,4.216146789048529e-6,bba,84,31
dovish,bcc,13,6.082614064220239e-6,0.6931471805599453,4.216146789048529e-6,bcc,216,69
dovish,bleak,13,6.082614064220239e-6,0.6931471805599453,4.216146789048529e-6,bleak,71,70
dovish,brynjolfsson,13,6.082614064220239e-6,0.6931471805599453,4.216146789048529e-6,brynjolfsson,103,46
dovish,ceteri,13,6.082614064220239e-6,0.6931471805599453,4.216146789048529e-6,ceteris,85,63
dovish,clementi,13,6.082614064220239e-6,0.6931471805599453,4.216146789048529e-6,clementi,47,29
dovish,coastal,13,6.082614064220239e-6,0.6931471805599453,4.216146789048529e-6,coastal,83,57
dovish,col,13,6.082614064220239e-6,0.6931471805599453,4.216146789048529e-6,col,30,11
dovish,conundrum,13,6.082614064220239e-6,0.6931471805599453,4.216146789048529e-6,conundrum,111,108
dovish,copenhagen,13,6.082614064220239e-6,0.6931471805599453,4.216146789048529e-6,copenhagen,59,45
dovish,deloitt,13,6.082614064220239e-6,0.6931471805599453,4.216146789048529e-6,deloitte,102,50
dovish,dematerialis,13,6.082614064220239e-6,0.6931471805599453,4.216146789048529e-6,dematerialised,36,51
dovish,dewet,13,6.082614064220239e-6,0.6931471805599453,4.216146789048529e-6,dewet,180,23
dovish,dioxid,13,6.082614064220239e-6,0.6931471805599453,4.216146789048529e-6,dioxide,46,38
dovish,etho,13,6.082614064220239e-6,0.6931471805599453,4.216146789048529e-6,ethos,62,53
dovish,fring,13,6.082614064220239e-6,0.6931471805599453,4.216146789048529e-6,fringe,31,44
dovish,genet,13,6.082614064220239e-6,0.6931471805599453,4.216146789048529e-6,genetic,36,39
dovish,ghg,13,6.082614064220239e-6,0.6931471805599453,4.216146789048529e-6,ghg,26,13
dovish,gradat,13,6.082614064220239e-6,0.6931471805599453,4.216146789048529e-6,gradation,51,38
dovish,hair,13,6.082614064220239e-6,0.6931471805599453,4.216146789048529e-6,hair,47,40
dovish,hindranc,13,6.082614064220239e-6,0.6931471805599453,4.216146789048529e-6,hindrance,49,57
dovish,idr,13,6.082614064220239e-6,0.6931471805599453,4.216146789048529e-6,idr,127,27
dovish,iraqi,13,6.082614064220239e-6,0.6931471805599453,4.216146789048529e-6,iraqi,32,18
dovish,lacklustr,13,6.082614064220239e-6,0.6931471805599453,4.216146789048529e-6,lacklustre,89,86
dovish,lincoln,13,6.082614064220239e-6,0.6931471805599453,4.216146789048529e-6,lincoln,51,30
dovish,malthusian,13,6.082614064220239e-6,0.6931471805599453,4.216146789048529e-6,malthusian,19,12
dovish,manuscript,13,6.082614064220239e-6,0.6931471805599453,4.216146789048529e-6,manuscript,71,55
dovish,memor,13,6.082614064220239e-6,0.6931471805599453,4.216146789048529e-6,memorable,71,82
dovish,milieu,13,6.082614064220239e-6,0.6931471805599453,4.216146789048529e-6,milieu,64,59
dovish,monolin,13,6.082614064220239e-6,0.6931471805599453,4.216146789048529e-6,monoline,40,39
dovish,mrel,13,6.082614064220239e-6,0.6931471805599453,4.216146789048529e-6,mrel,185,44
dovish,nieuwerburgh,13,6.082614064220239e-6,0.6931471805599453,4.216146789048529e-6,nieuwerburgh,25,11
dovish,nomine,13,6.082614064220239e-6,0.6931471805599453,4.216146789048529e-6,nominee,48,35
dovish,overhead,13,6.082614064220239e-6,0.6931471805599453,4.216146789048529e-6,overhead,41,49
dovish,overrun,13,6.082614064220239e-6,0.6931471805599453,4.216146789048529e-6,overruns,27,27
dovish,peck,13,6.082614064220239e-6,0.6931471805599453,4.216146789048529e-6,pecking,33,34
dovish,peninsula,13,6.082614064220239e-6,0.6931471805599453,4.216146789048529e-6,peninsula,32,27
dovish,polaris,13,6.082614064220239e-6,0.6931471805599453,4.216146789048529e-6,polarisation,44,50
dovish,ralli,13,6.082614064220239e-6,0.6931471805599453,4.216146789048529e-6,rally,94,121
dovish,redevelop,13,6.082614064220239e-6,0.6931471805599453,4.216146789048529e-6,redevelopment,61,56
dovish,refund,13,6.082614064220239e-6,0.6931471805599453,4.216146789048529e-6,refund,37,58
dovish,remiss,13,6.082614064220239e-6,0.6931471805599453,4.216146789048529e-6,remiss,51,54
dovish,ridf,13,6.082614064220239e-6,0.6931471805599453,4.216146789048529e-6,ridf,36,12
dovish,romer,13,6.082614064220239e-6,0.6931471805599453,4.216146789048529e-6,romer,312,124
dovish,sanctiti,13,6.082614064220239e-6,0.6931471805599453,4.216146789048529e-6,sanctity,25,20
dovish,script,13,6.082614064220239e-6,0.6931471805599453,4.216146789048529e-6,script,31,40
dovish,semiconductor,13,6.082614064220239e-6,0.6931471805599453,4.216146789048529e-6,semiconductor,173,176
dovish,shann,13,6.082614064220239e-6,0.6931471805599453,4.216146789048529e-6,shann,56,11
dovish,singular,13,6.082614064220239e-6,0.6931471805599453,4.216146789048529e-6,singular,67,83
dovish,steepli,13,6.082614064220239e-6,0.6931471805599453,4.216146789048529e-6,steeply,139,129
dovish,sunk,13,6.082614064220239e-6,0.6931471805599453,4.216146789048529e-6,sunk,56,41
dovish,trebl,13,6.082614064220239e-6,0.6931471805599453,4.216146789048529e-6,trebled,48,61
dovish,tumbl,13,6.082614064220239e-6,0.6931471805599453,4.216146789048529e-6,tumbled,30,73
dovish,twitter,13,6.082614064220239e-6,0.6931471805599453,4.216146789048529e-6,twitter,64,47
dovish,vietnam,13,6.082614064220239e-6,0.6931471805599453,4.216146789048529e-6,vietnam,111,91
dovish,waiver,13,6.082614064220239e-6,0.6931471805599453,4.216146789048529e-6,waivers,67,67
dovish,wedg,13,6.082614064220239e-6,0.6931471805599453,4.216146789048529e-6,wedge,294,168
dovish,wherewith,13,6.082614064220239e-6,0.6931471805599453,4.216146789048529e-6,wherewithal,61,56
dovish,adelaid,12,5.614720674664836e-6,0.6931471805599453,3.891827805275565e-6,adelaide,65,42
dovish,agrarian,12,5.614720674664836e-6,0.6931471805599453,3.891827805275565e-6,agrarian,41,39
dovish,akerlof,12,5.614720674664836e-6,0.6931471805599453,3.891827805275565e-6,akerlof,129,63
dovish,balloon,12,5.614720674664836e-6,0.6931471805599453,3.891827805275565e-6,balloon,83,106
dovish,barker,12,5.614720674664836e-6,0.6931471805599453,3.891827805275565e-6,barker,87,61
dovish,boskin,12,5.614720674664836e-6,0.6931471805599453,3.891827805275565e-6,boskin,33,20
dovish,ceda,12,5.614720674664836e-6,0.6931471805599453,3.891827805275565e-6,ceda,61,39
dovish,cibil,12,5.614720674664836e-6,0.6931471805599453,3.891827805275565e-6,cibil,50,18
dovish,claudio,12,5.614720674664836e-6,0.6931471805599453,3.891827805275565e-6,claudio,125,97
dovish,deceas,12,5.614720674664836e-6,0.6931471805599453,3.891827805275565e-6,deceased,39,16
dovish,dice,12,5.614720674664836e-6,0.6931471805599453,3.891827805275565e-6,dice,23,47
dovish,eft,12,5.614720674664836e-6,0.6931471805599453,3.891827805275565e-6,eft,68,43
dovish,farewel,12,5.614720674664836e-6,0.6931471805599453,3.891827805275565e-6,farewell,69,41
dovish,fog,12,5.614720674664836e-6,0.6931471805599453,3.891827805275565e-6,fog,82,55
dovish,forgo,12,5.614720674664836e-6,0.6931471805599453,3.891827805275565e-6,forgo,36,59
dovish,fruition,12,5.614720674664836e-6,0.6931471805599453,3.891827805275565e-6,fruition,96,85
dovish,glimps,12,5.614720674664836e-6,0.6931471805599453,3.891827805275565e-6,glimpse,49,58
dovish,grassroot,12,5.614720674664836e-6,0.6931471805599453,3.891827805275565e-6,grassroots,30,41
dovish,guillermo,12,5.614720674664836e-6,0.6931471805599453,3.891827805275565e-6,guillermo,56,49
dovish,happier,12,5.614720674664836e-6,0.6931471805599453,3.891827805275565e-6,happier,43,33
dovish,hasti,12,5.614720674664836e-6,0.6931471805599453,3.891827805275565e-6,hasty,56,54
dovish,haunt,12,5.614720674664836e-6,0.6931471805599453,3.891827805275565e-6,haunt,24,53
dovish,heath,12,5.614720674664836e-6,0.6931471805599453,3.891827805275565e-6,heath,58,39
dovish,heloc,12,5.614720674664836e-6,0.6931471805599453,3.891827805275565e-6,helocs,28,14
dovish,herstatt,12,5.614720674664836e-6,0.6931471805599453,3.891827805275565e-6,herstatt,48,33
dovish,hft,12,5.614720674664836e-6,0.6931471805599453,3.891827805275565e-6,hft,215,24
dovish,homework,12,5.614720674664836e-6,0.6931471805599453,3.891827805275565e-6,homework,82,74
dovish,hoover,12,5.614720674664836e-6,0.6931471805599453,3.891827805275565e-6,hoover,62,42
dovish,indemn,12,5.614720674664836e-6,0.6931471805599453,3.891827805275565e-6,indemnity,54,40
dovish,irv,12,5.614720674664836e-6,0.6931471805599453,3.891827805275565e-6,irving,122,73
dovish,jack,12,5.614720674664836e-6,0.6931471805599453,3.891827805275565e-6,jack,86,82
dovish,juyeol,12,5.614720674664836e-6,0.6931471805599453,3.891827805275565e-6,juyeol,58,30
dovish,kapadia,12,5.614720674664836e-6,0.6931471805599453,3.891827805275565e-6,kapadia,78,35
dovish,kuttner,12,5.614720674664836e-6,0.6931471805599453,3.891827805275565e-6,kuttner,141,45
dovish,lemon,12,5.614720674664836e-6,0.6931471805599453,3.891827805275565e-6,lemons,44,28
dovish,liquefi,12,5.614720674664836e-6,0.6931471805599453,3.891827805275565e-6,liquefied,48,66
dovish,malais,12,5.614720674664836e-6,0.6931471805599453,3.891827805275565e-6,malaise,54,44
dovish,merseysid,12,5.614720674664836e-6,0.6931471805599453,3.891827805275565e-6,merseyside,29,12
dovish,millenni,12,5.614720674664836e-6,0.6931471805599453,3.891827805275565e-6,millennials,26,29
dovish,mminel,12,5.614720674664836e-6,0.6931471805599453,3.891827805275565e-6,mminele,146,90
dovish,negara,12,5.614720674664836e-6,0.6931471805599453,3.891827805275565e-6,negara,57,40
dovish,notch,12,5.614720674664836e-6,0.6931471805599453,3.891827805275565e-6,notches,44,52
dovish,osago,12,5.614720674664836e-6,0.6931471805599453,3.891827805275565e-6,osago,59,18
dovish,oscil,12,5.614720674664836e-6,0.6931471805599453,3.891827805275565e-6,oscillations,25,48
dovish,palm,12,5.614720674664836e-6,0.6931471805599453,3.891827805275565e-6,palm,40,30
dovish,paygo,12,5.614720674664836e-6,0.6931471805599453,3.891827805275565e-6,paygo,42,12
dovish,pub,12,5.614720674664836e-6,0.6931471805599453,3.891827805275565e-6,pub,56,53
dovish,russel,12,5.614720674664836e-6,0.6931471805599453,3.891827805275565e-6,russell,72,66
dovish,saddl,12,5.614720674664836e-6,0.6931471805599453,3.891827805275565e-6,saddled,39,45
dovish,scatter,12,5.614720674664836e-6,0.6931471805599453,3.891827805275565e-6,scattered,56,73
dovish,sewerag,12,5.614720674664836e-6,0.6931471805599453,3.891827805275565e-6,sewerage,22,13
dovish,sls,12,5.614720674664836e-6,0.6931471805599453,3.891827805275565e-6,sls,57,18
dovish,snow,12,5.614720674664836e-6,0.6931471805599453,3.891827805275565e-6,snow,71,48
dovish,spars,12,5.614720674664836e-6,0.6931471805599453,3.891827805275565e-6,sparse,38,54
dovish,subvent,12,5.614720674664836e-6,0.6931471805599453,3.891827805275565e-6,subvention,29,23
dovish,swamp,12,5.614720674664836e-6,0.6931471805599453,3.891827805275565e-6,swamped,32,58
dovish,tabellini,12,5.614720674664836e-6,0.6931471805599453,3.891827805275565e-6,tabellini,62,36
dovish,telescop,12,5.614720674664836e-6,0.6931471805599453,3.891827805275565e-6,telescope,18,18
dovish,templ,12,5.614720674664836e-6,0.6931471805599453,3.891827805275565e-6,temple,64,52
dovish,thompson,12,5.614720674664836e-6,0.6931471805599453,3.891827805275565e-6,thompson,133,68
dovish,toi,12,5.614720674664836e-6,0.6931471805599453,3.891827805275565e-6,tois,60,15
dovish,topolog,12,5.614720674664836e-6,0.6931471805599453,3.891827805275565e-6,topology,31,14
dovish,tradeabl,12,5.614720674664836e-6,0.6931471805599453,3.891827805275565e-6,tradeable,103,80
dovish,tsatsaroni,12,5.614720674664836e-6,0.6931471805599453,3.891827805275565e-6,tsatsaronis,32,22
dovish,uid,12,5.614720674664836e-6,0.6931471805599453,3.891827805275565e-6,uid,35,24
dovish,wadhwani,12,5.614720674664836e-6,0.6931471805599453,3.891827805275565e-6,wadhwani,197,62
dovish,aborigin,11,5.1468272851094335e-6,0.6931471805599453,3.5675088215026017e-6,aboriginal,72,48
dovish,adject,11,5.1468272851094335e-6,0.6931471805599453,3.5675088215026017e-6,adjective,26,32
dovish,andersen,11,5.1468272851094335e-6,0.6931471805599453,3.5675088215026017e-6,andersen,56,31
dovish,anew,11,5.1468272851094335e-6,0.6931471805599453,3.5675088215026017e-6,anew,56,55
dovish,aspen,11,5.1468272851094335e-6,0.6931471805599453,3.5675088215026017e-6,aspen,56,28
dovish,bayoumi,11,5.1468272851094335e-6,0.6931471805599453,3.5675088215026017e-6,bayoumi,52,28
dovish,beta,11,5.1468272851094335e-6,0.6931471805599453,3.5675088215026017e-6,beta,82,38
dovish,bhattacharya,11,5.1468272851094335e-6,0.6931471805599453,3.5675088215026017e-6,bhattacharya,27,23
dovish,bic,11,5.1468272851094335e-6,0.6931471805599453,3.5675088215026017e-6,bic,22,20
dovish,bolton,11,5.1468272851094335e-6,0.6931471805599453,3.5675088215026017e-6,bolton,32,20
dovish,budi,11,5.1468272851094335e-6,0.6931471805599453,3.5675088215026017e-6,budi,35,25
dovish,bus,11,5.1468272851094335e-6,0.6931471805599453,3.5675088215026017e-6,bus,59,42
dovish,celsius,11,5.1468272851094335e-6,0.6931471805599453,3.5675088215026017e-6,celsius,36,23
dovish,cmd,11,5.1468272851094335e-6,0.6931471805599453,3.5675088215026017e-6,cmd,64,37
dovish,cmds,11,5.1468272851094335e-6,0.6931471805599453,3.5675088215026017e-6,cmds,29,20
dovish,cosponsor,11,5.1468272851094335e-6,0.6931471805599453,3.5675088215026017e-6,cosponsored,36,36
dovish,costlier,11,5.1468272851094335e-6,0.6931471805599453,3.5675088215026017e-6,costlier,41,38
dovish,debacl,11,5.1468272851094335e-6,0.6931471805599453,3.5675088215026017e-6,debacle,62,62
dovish,decor,11,5.1468272851094335e-6,0.6931471805599453,3.5675088215026017e-6,decoration,7,13
dovish,devil,11,5.1468272851094335e-6,0.6931471805599453,3.5675088215026017e-6,devil,43,43
dovish,disengag,11,5.1468272851094335e-6,0.6931471805599453,3.5675088215026017e-6,disengagement,34,44
dovish,duval,11,5.1468272851094335e-6,0.6931471805599453,3.5675088215026017e-6,duval,34,22
dovish,eber,11,5.1468272851094335e-6,0.6931471805599453,3.5675088215026017e-6,eberly,32,19
dovish,erik,11,5.1468272851094335e-6,0.6931471805599453,3.5675088215026017e-6,erik,71,52
dovish,euroclear,11,5.1468272851094335e-6,0.6931471805599453,3.5675088215026017e-6,euroclear,36,28
dovish,europlac,11,5.1468272851094335e-6,0.6931471805599453,3.5675088215026017e-6,europlace,51,22
dovish,florenc,11,5.1468272851094335e-6,0.6931471805599453,3.5675088215026017e-6,florence,57,46
dovish,funder,11,5.1468272851094335e-6,0.6931471805599453,3.5675088215026017e-6,funders,30,31
dovish,gai,11,5.1468272851094335e-6,0.6931471805599453,3.5675088215026017e-6,gai,45,17
dovish,gigant,11,5.1468272851094335e-6,0.6931471805599453,3.5675088215026017e-6,gigantic,66,63
dovish,gill,11,5.1468272851094335e-6,0.6931471805599453,3.5675088215026017e-6,gill,99,65
dovish,gva,11,5.1468272851094335e-6,0.6931471805599453,3.5675088215026017e-6,gva,109,37
dovish,heatwav,11,5.1468272851094335e-6,0.6931471805599453,3.5675088215026017e-6,heatwaves,31,28
dovish,heckman,11,5.1468272851094335e-6,0.6931471805599453,3.5675088215026017e-6,heckman,45,21
dovish,hon,11,5.1468272851094335e-6,0.6931471805599453,3.5675088215026017e-6,hon,91,60
dovish,horticultur,11,5.1468272851094335e-6,0.6931471805599453,3.5675088215026017e-6,horticulture,42,35
dovish,implaus,11,5.1468272851094335e-6,0.6931471805599453,3.5675088215026017e-6,implausible,66,80
dovish,intak,11,5.1468272851094335e-6,0.6931471805599453,3.5675088215026017e-6,intake,30,28
dovish,ipo,11,5.1468272851094335e-6,0.6931471805599453,3.5675088215026017e-6,ipos,42,57
dovish,irf,11,5.1468272851094335e-6,0.6931471805599453,3.5675088215026017e-6,irf,83,32
dovish,kate,11,5.1468272851094335e-6,0.6931471805599453,3.5675088215026017e-6,kate,95,88
dovish,kganyago,11,5.1468272851094335e-6,0.6931471805599453,3.5675088215026017e-6,kganyago,133,90
dovish,laggard,11,5.1468272851094335e-6,0.6931471805599453,3.5675088215026017e-6,laggard,36,52
dovish,laura,11,5.1468272851094335e-6,0.6931471805599453,3.5675088215026017e-6,laura,63,57
dovish,locus,11,5.1468272851094335e-6,0.6931471805599453,3.5675088215026017e-6,locus,41,40
dovish,marsh,11,5.1468272851094335e-6,0.6931471805599453,3.5675088215026017e-6,marsh,25,15
dovish,messi,11,5.1468272851094335e-6,0.6931471805599453,3.5675088215026017e-6,messy,46,45
dovish,mezzanin,11,5.1468272851094335e-6,0.6931471805599453,3.5675088215026017e-6,mezzanine,44,26
dovish,nie,11,5.1468272851094335e-6,0.6931471805599453,3.5675088215026017e-6,nies,142,87
dovish,nonresid,11,5.1468272851094335e-6,0.6931471805599453,3.5675088215026017e-6,nonresidents,54,78
dovish,olin,11,5.1468272851094335e-6,0.6931471805599453,3.5675088215026017e-6,oliner,93,45
dovish,optic,11,5.1468272851094335e-6,0.6931471805599453,3.5675088215026017e-6,optic,41,80
dovish,overinvest,11,5.1468272851094335e-6,0.6931471805599453,3.5675088215026017e-6,overinvestment,45,41
dovish,overt,11,5.1468272851094335e-6,0.6931471805599453,3.5675088215026017e-6,overt,46,46
dovish,pare,11,5.1468272851094335e-6,0.6931471805599453,3.5675088215026017e-6,pare,27,59
dovish,pent,11,5.1468272851094335e-6,0.6931471805599453,3.5675088215026017e-6,pent,312,209
dovish,pesa,11,5.1468272851094335e-6,0.6931471805599453,3.5675088215026017e-6,pesa,38,21
dovish,pinpoint,11,5.1468272851094335e-6,0.6931471805599453,3.5675088215026017e-6,pinpoint,47,68
dovish,pmi,11,5.1468272851094335e-6,0.6931471805599453,3.5675088215026017e-6,pmi,329,167
dovish,ppps,11,5.1468272851094335e-6,0.6931471805599453,3.5675088215026017e-6,ppps,36,14
dovish,prism,11,5.1468272851094335e-6,0.6931471805599453,3.5675088215026017e-6,prism,41,36
dovish,ratchet,11,5.1468272851094335e-6,0.6931471805599453,3.5675088215026017e-6,ratchet,50,84
dovish,reachabl,11,5.1468272851094335e-6,0.6931471805599453,3.5675088215026017e-6,reachability,24,28
dovish,reenen,11,5.1468272851094335e-6,0.6931471805599453,3.5675088215026017e-6,reenen,107,55
dovish,reintroduc,11,5.1468272851094335e-6,0.6931471805599453,3.5675088215026017e-6,reintroduce,33,67
dovish,ruler,11,5.1468272851094335e-6,0.6931471805599453,3.5675088215026017e-6,rulers,18,22
dovish,scant,11,5.1468272851094335e-6,0.6931471805599453,3.5675088215026017e-6,scant,63,63
dovish,schnabel,11,5.1468272851094335e-6,0.6931471805599453,3.5675088215026017e-6,schnabel,233,82
dovish,sequestr,11,5.1468272851094335e-6,0.6931471805599453,3.5675088215026017e-6,sequestration,23,16
dovish,silva,11,5.1468272851094335e-6,0.6931471805599453,3.5675088215026017e-6,silva,47,37
dovish,sour,11,5.1468272851094335e-6,0.6931471805599453,3.5675088215026017e-6,sour,46,53
dovish,splendid,11,5.1468272851094335e-6,0.6931471805599453,3.5675088215026017e-6,splendid,56,58
dovish,spous,11,5.1468272851094335e-6,0.6931471805599453,3.5675088215026017e-6,spouse,39,36
dovish,stp,11,5.1468272851094335e-6,0.6931471805599453,3.5675088215026017e-6,stp,59,29
dovish,substrat,11,5.1468272851094335e-6,0.6931471805599453,3.5675088215026017e-6,substrate,44,20
dovish,suptech,11,5.1468272851094335e-6,0.6931471805599453,3.5675088215026017e-6,suptech,27,13
dovish,sword,11,5.1468272851094335e-6,0.6931471805599453,3.5675088215026017e-6,sword,81,68
dovish,tailwind,11,5.1468272851094335e-6,0.6931471805599453,3.5675088215026017e-6,tailwinds,93,112
dovish,thiessen,11,5.1468272851094335e-6,0.6931471805599453,3.5675088215026017e-6,thiessen,98,56
dovish,travers,11,5.1468272851094335e-6,0.6931471805599453,3.5675088215026017e-6,traversed,33,73
dovish,unsold,11,5.1468272851094335e-6,0.6931471805599453,3.5675088215026017e-6,unsold,122,91
dovish,veget,11,5.1468272851094335e-6,0.6931471805599453,3.5675088215026017e-6,vegetables,158,143
dovish,wildfir,11,5.1468272851094335e-6,0.6931471805599453,3.5675088215026017e-6,wildfires,46,43
dovish,workstream,11,5.1468272851094335e-6,0.6931471805599453,3.5675088215026017e-6,workstream,50,49
dovish,worthless,11,5.1468272851094335e-6,0.6931471805599453,3.5675088215026017e-6,worthless,46,43
dovish,abm,10,4.67893389555403e-6,0.6931471805599453,3.243189837729637e-6,abms,60,11
dovish,af,10,4.67893389555403e-6,0.6931471805599453,3.243189837729637e-6,afs,30,12
dovish,attrit,10,4.67893389555403e-6,0.6931471805599453,3.243189837729637e-6,attrition,54,40
dovish,awaken,10,4.67893389555403e-6,0.6931471805599453,3.243189837729637e-6,awakening,42,55
dovish,baker,10,4.67893389555403e-6,0.6931471805599453,3.243189837729637e-6,baker,115,67
dovish,barnett,10,4.67893389555403e-6,0.6931471805599453,3.243189837729637e-6,barnett,97,59
dovish,bed,10,4.67893389555403e-6,0.6931471805599453,3.243189837729637e-6,bed,41,53
dovish,belfast,10,4.67893389555403e-6,0.6931471805599453,3.243189837729637e-6,belfast,44,28
dovish,boast,10,4.67893389555403e-6,0.6931471805599453,3.243189837729637e-6,boast,38,93
dovish,bone,10,4.67893389555403e-6,0.6931471805599453,3.243189837729637e-6,bones,25,36
dovish,bouquet,10,4.67893389555403e-6,0.6931471805599453,3.243189837729637e-6,bouquet,42,38
dovish,carr,10,4.67893389555403e-6,0.6931471805599453,3.243189837729637e-6,carr,45,28
dovish,catherin,10,4.67893389555403e-6,0.6931471805599453,3.243189837729637e-6,catherine,78,61
dovish,charli,10,4.67893389555403e-6,0.6931471805599453,3.243189837729637e-6,charlie,107,90
dovish,cheshir,10,4.67893389555403e-6,0.6931471805599453,3.243189837729637e-6,cheshire,17,10
dovish,choke,10,4.67893389555403e-6,0.6931471805599453,3.243189837729637e-6,choke,41,82
dovish,cincinnati,10,4.67893389555403e-6,0.6931471805599453,3.243189837729637e-6,cincinnati,22,13
dovish,cohen,10,4.67893389555403e-6,0.6931471805599453,3.243189837729637e-6,cohen,51,35
dovish,combust,10,4.67893389555403e-6,0.6931471805599453,3.243189837729637e-6,combustion,33,33
dovish,counsellor,10,4.67893389555403e-6,0.6931471805599453,3.243189837729637e-6,counsellors,29,33
dovish,cox,10,4.67893389555403e-6,0.6931471805599453,3.243189837729637e-6,cox,39,28
dovish,dali,10,4.67893389555403e-6,0.6931471805599453,3.243189837729637e-6,daly,75,53
dovish,deadweight,10,4.67893389555403e-6,0.6931471805599453,3.243189837729637e-6,deadweight,29,25
dovish,decarbon,10,4.67893389555403e-6,0.6931471805599453,3.243189837729637e-6,decarbonization,83,38
dovish,decil,10,4.67893389555403e-6,0.6931471805599453,3.243189837729637e-6,decile,76,42
dovish,deferr,10,4.67893389555403e-6,0.6931471805599453,3.243189837729637e-6,deferrals,74,78
dovish,descend,10,4.67893389555403e-6,0.6931471805599453,3.243189837729637e-6,descending,29,68
dovish,dimsdal,10,4.67893389555403e-6,0.6931471805599453,3.243189837729637e-6,dimsdale,123,41
dovish,dinosaur,10,4.67893389555403e-6,0.6931471805599453,3.243189837729637e-6,dinosaurs,14,13
dovish,duress,10,4.67893389555403e-6,0.6931471805599453,3.243189837729637e-6,duress,27,26
dovish,easiest,10,4.67893389555403e-6,0.6931471805599453,3.243189837729637e-6,easiest,74,72
dovish,extinct,10,4.67893389555403e-6,0.6931471805599453,3.243189837729637e-6,extinction,33,36
dovish,fifteenth,10,4.67893389555403e-6,0.6931471805599453,3.243189837729637e-6,fifteenth,53,38
dovish,flesh,10,4.67893389555403e-6,0.6931471805599453,3.243189837729637e-6,flesh,46,74
dovish,foresaw,10,4.67893389555403e-6,0.6931471805599453,3.243189837729637e-6,foresaw,57,54
dovish,ftse,10,4.67893389555403e-6,0.6931471805599453,3.243189837729637e-6,ftse,159,87
dovish,gazett,10,4.67893389555403e-6,0.6931471805599453,3.243189837729637e-6,gazette,44,35
dovish,gourincha,10,4.67893389555403e-6,0.6931471805599453,3.243189837729637e-6,gourinchas,120,70
dovish,groep,10,4.67893389555403e-6,0.6931471805599453,3.243189837729637e-6,groepe,66,43
dovish,gros,10,4.67893389555403e-6,0.6931471805599453,3.243189837729637e-6,gros,29,19
dovish,hdi,10,4.67893389555403e-6,0.6931471805599453,3.243189837729637e-6,hdi,46,13
dovish,hectar,10,4.67893389555403e-6,0.6931471805599453,3.243189837729637e-6,hectare,38,22
dovish,hereinaft,10,4.67893389555403e-6,0.6931471805599453,3.243189837729637e-6,hereinafter,22,13
dovish,infant,10,4.67893389555403e-6,0.6931471805599453,3.243189837729637e-6,infant,40,36
dovish,jefferson,10,4.67893389555403e-6,0.6931471805599453,3.243189837729637e-6,jefferson,62,30
dovish,kaplan,10,4.67893389555403e-6,0.6931471805599453,3.243189837729637e-6,kaplan,61,36
dovish,lcfis,10,4.67893389555403e-6,0.6931471805599453,3.243189837729637e-6,lcfis,43,19
dovish,lebanon,10,4.67893389555403e-6,0.6931471805599453,3.243189837729637e-6,lebanon,36,18
dovish,lesetja,10,4.67893389555403e-6,0.6931471805599453,3.243189837729637e-6,lesetja,125,86
dovish,liverpool,10,4.67893389555403e-6,0.6931471805599453,3.243189837729637e-6,liverpool,74,39
dovish,locomot,10,4.67893389555403e-6,0.6931471805599453,3.243189837729637e-6,locomotive,35,40
dovish,ltro,10,4.67893389555403e-6,0.6931471805599453,3.243189837729637e-6,ltro,68,50
dovish,manhattan,10,4.67893389555403e-6,0.6931471805599453,3.243189837729637e-6,manhattan,35,27
dovish,marti,10,4.67893389555403e-6,0.6931471805599453,3.243189837729637e-6,marty,15,12
dovish,matt,10,4.67893389555403e-6,0.6931471805599453,3.243189837729637e-6,matt,125,114
dovish,mba,10,4.67893389555403e-6,0.6931471805599453,3.243189837729637e-6,mba,29,24
dovish,mechanis,10,4.67893389555403e-6,0.6931471805599453,3.243189837729637e-6,mechanisation,25,30
dovish,micr,10,4.67893389555403e-6,0.6931471805599453,3.243189837729637e-6,micr,61,35
dovish,misra,10,4.67893389555403e-6,0.6931471805599453,3.243189837729637e-6,misra,28,26
dovish,mokyr,10,4.67893389555403e-6,0.6931471805599453,3.243189837729637e-6,mokyr,44,22
dovish,neurolog,10,4.67893389555403e-6,0.6931471805599453,3.243189837729637e-6,neurological,44,14
dovish,neutralis,10,4.67893389555403e-6,0.6931471805599453,3.243189837729637e-6,neutralise,45,87
dovish,nhs,10,4.67893389555403e-6,0.6931471805599453,3.243189837729637e-6,nhs,60,28
dovish,obsess,10,4.67893389555403e-6,0.6931471805599453,3.243189837729637e-6,obsessed,36,77
dovish,old,10,4.67893389555403e-6,0.6931471805599453,3.243189837729637e-6,olds,104,68
dovish,outer,10,4.67893389555403e-6,0.6931471805599453,3.243189837729637e-6,outer,54,42
dovish,payid,10,4.67893389555403e-6,0.6931471805599453,3.243189837729637e-6,payid,16,14
dovish,pbi,10,4.67893389555403e-6,0.6931471805599453,3.243189837729637e-6,pbi,89,28
dovish,pitch,10,4.67893389555403e-6,0.6931471805599453,3.243189837729637e-6,pitch,43,61
dovish,rebuilt,10,4.67893389555403e-6,0.6931471805599453,3.243189837729637e-6,rebuilt,84,80
dovish,redeploy,10,4.67893389555403e-6,0.6931471805599453,3.243189837729637e-6,redeployment,26,47
dovish,reproduc,10,4.67893389555403e-6,0.6931471805599453,3.243189837729637e-6,reproduced,49,101
dovish,samuel,10,4.67893389555403e-6,0.6931471805599453,3.243189837729637e-6,samuel,69,63
dovish,satisfactorili,10,4.67893389555403e-6,0.6931471805599453,3.243189837729637e-6,satisfactorily,117,113
dovish,schembri,10,4.67893389555403e-6,0.6931471805599453,3.243189837729637e-6,schembri,63,34
dovish,scr,10,4.67893389555403e-6,0.6931471805599453,3.243189837729637e-6,scr,66,20
dovish,sifma,10,4.67893389555403e-6,0.6931471805599453,3.243189837729637e-6,sifma,25,21
dovish,slash,10,4.67893389555403e-6,0.6931471805599453,3.243189837729637e-6,slashed,52,87
dovish,slbc,10,4.67893389555403e-6,0.6931471805599453,3.243189837729637e-6,slbc,45,21
dovish,stimulatori,10,4.67893389555403e-6,0.6931471805599453,3.243189837729637e-6,stimulatory,83,65
dovish,sturzenegg,10,4.67893389555403e-6,0.6931471805599453,3.243189837729637e-6,sturzenegger,55,23
dovish,taf,10,4.67893389555403e-6,0.6931471805599453,3.243189837729637e-6,taf,109,42
dovish,ted,10,4.67893389555403e-6,0.6931471805599453,3.243189837729637e-6,ted,40,25
dovish,terrain,10,4.67893389555403e-6,0.6931471805599453,3.243189837729637e-6,terrain,75,70
dovish,thai,10,4.67893389555403e-6,0.6931471805599453,3.243189837729637e-6,thai,82,61
dovish,thaler,10,4.67893389555403e-6,0.6931471805599453,3.243189837729637e-6,thaler,54,27
dovish,theorem,10,4.67893389555403e-6,0.6931471805599453,3.243189837729637e-6,theorem,92,54
dovish,undercapitalis,10,4.67893389555403e-6,0.6931471805599453,3.243189837729637e-6,undercapitalised,51,52
dovish,undrawn,10,4.67893389555403e-6,0.6931471805599453,3.243189837729637e-6,undrawn,19,16
dovish,warmer,10,4.67893389555403e-6,0.6931471805599453,3.243189837729637e-6,warmer,24,18
dovish,williamson,10,4.67893389555403e-6,0.6931471805599453,3.243189837729637e-6,williamson,77,47
dovish,wiser,10,4.67893389555403e-6,0.6931471805599453,3.243189837729637e-6,wiser,49,45
dovish,zlb,10,4.67893389555403e-6,0.6931471805599453,3.243189837729637e-6,zlb,192,51
dovish,abl,9,4.211040505998627e-6,0.6931471805599453,2.918870853956674e-6,abl,57,28
dovish,aerospac,9,4.211040505998627e-6,0.6931471805599453,2.918870853956674e-6,aerospace,34,30
dovish,agro,9,4.211040505998627e-6,0.6931471805599453,2.918870853956674e-6,agro,64,33
dovish,andrei,9,4.211040505998627e-6,0.6931471805599453,2.918870853956674e-6,andrei,39,30
dovish,anger,9,4.211040505998627e-6,0.6931471805599453,2.918870853956674e-6,anger,44,39
dovish,apprenticeship,9,4.211040505998627e-6,0.6931471805599453,2.918870853956674e-6,apprenticeship,34,32
dovish,awak,9,4.211040505998627e-6,0.6931471805599453,2.918870853956674e-6,awake,35,30
dovish,baht,9,4.211040505998627e-6,0.6931471805599453,2.918870853956674e-6,baht,59,46
dovish,basin,9,4.211040505998627e-6,0.6931471805599453,2.918870853956674e-6,basin,40,28
dovish,beach,9,4.211040505998627e-6,0.6931471805599453,2.918870853956674e-6,beach,42,35
dovish,bhcs,9,4.211040505998627e-6,0.6931471805599453,2.918870853956674e-6,bhcs,64,24
dovish,brighten,9,4.211040505998627e-6,0.6931471805599453,2.918870853956674e-6,brightened,42,87
dovish,cabl,9,4.211040505998627e-6,0.6931471805599453,2.918870853956674e-6,cable,44,44
dovish,calif,9,4.211040505998627e-6,0.6931471805599453,2.918870853956674e-6,calif,59,49
dovish,carrot,9,4.211040505998627e-6,0.6931471805599453,2.918870853956674e-6,carrot,21,19
dovish,cdc,9,4.211040505998627e-6,0.6931471805599453,2.918870853956674e-6,cdc,72,26
dovish,cheer,9,4.211040505998627e-6,0.6931471805599453,2.918870853956674e-6,cheerful,27,45
dovish,chocol,9,4.211040505998627e-6,0.6931471805599453,2.918870853956674e-6,chocolate,22,20
dovish,coerciv,9,4.211040505998627e-6,0.6931471805599453,2.918870853956674e-6,coercive,31,24
dovish,comrad,9,4.211040505998627e-6,0.6931471805599453,2.918870853956674e-6,comrade,27,29
dovish,congest,9,4.211040505998627e-6,0.6931471805599453,2.918870853956674e-6,congestion,61,50
dovish,contractor,9,4.211040505998627e-6,0.6931471805599453,2.918870853956674e-6,contractors,38,43
dovish,contributori,9,4.211040505998627e-6,0.6931471805599453,2.918870853956674e-6,contributory,89,65
dovish,dairi,9,4.211040505998627e-6,0.6931471805599453,2.918870853956674e-6,dairy,41,39
dovish,dashboard,9,4.211040505998627e-6,0.6931471805599453,2.918870853956674e-6,dashboard,48,40
dovish,demolish,9,4.211040505998627e-6,0.6931471805599453,2.918870853956674e-6,demolished,17,26
dovish,demutualis,9,4.211040505998627e-6,0.6931471805599453,2.918870853956674e-6,demutualisation,13,19
dovish,dhan,9,4.211040505998627e-6,0.6931471805599453,2.918870853956674e-6,dhan,51,33
dovish,dial,9,4.211040505998627e-6,0.6931471805599453,2.918870853956674e-6,dial,38,47
dovish,dissatisfact,9,4.211040505998627e-6,0.6931471805599453,2.918870853956674e-6,dissatisfaction,75,71
dovish,driverless,9,4.211040505998627e-6,0.6931471805599453,2.918870853956674e-6,driverless,16,11
dovish,drs,9,4.211040505998627e-6,0.6931471805599453,2.918870853956674e-6,drs,23,15
dovish,dtcc,9,4.211040505998627e-6,0.6931471805599453,2.918870853956674e-6,dtcc,30,21
dovish,eggertsson,9,4.211040505998627e-6,0.6931471805599453,2.918870853956674e-6,eggertsson,202,104
dovish,eikon,9,4.211040505998627e-6,0.6931471805599453,2.918870853956674e-6,eikon,79,41
dovish,elb,9,4.211040505998627e-6,0.6931471805599453,2.918870853956674e-6,elb,423,59
dovish,fhc,9,4.211040505998627e-6,0.6931471805599453,2.918870853956674e-6,fhc,94,17
dovish,foil,9,4.211040505998627e-6,0.6931471805599453,2.918870853956674e-6,foil,17,14
dovish,freight,9,4.211040505998627e-6,0.6931471805599453,2.918870853956674e-6,freight,85,52
dovish,gainer,9,4.211040505998627e-6,0.6931471805599453,2.918870853956674e-6,gainers,15,17
dovish,gal,9,4.211040505998627e-6,0.6931471805599453,2.918870853956674e-6,gal,35,21
dovish,gcse,9,4.211040505998627e-6,0.6931471805599453,2.918870853956674e-6,gcse,39,12
dovish,geo,9,4.211040505998627e-6,0.6931471805599453,2.918870853956674e-6,geo,101,80
dovish,glick,9,4.211040505998627e-6,0.6931471805599453,2.918870853956674e-6,glick,35,18
dovish,guidotti,9,4.211040505998627e-6,0.6931471805599453,2.918870853956674e-6,guidotti,25,19
dovish,hack,9,4.211040505998627e-6,0.6931471805599453,2.918870853956674e-6,hacking,36,48
dovish,happili,9,4.211040505998627e-6,0.6931471805599453,2.918870853956674e-6,happily,89,87
dovish,herring,9,4.211040505998627e-6,0.6931471805599453,2.918870853956674e-6,herring,49,27
dovish,hierarch,9,4.211040505998627e-6,0.6931471805599453,2.918870853956674e-6,hierarchical,81,49
dovish,hilda,9,4.211040505998627e-6,0.6931471805599453,2.918870853956674e-6,hilda,39,17
dovish,hostag,9,4.211040505998627e-6,0.6931471805599453,2.918870853956674e-6,hostage,46,46
dovish,imput,9,4.211040505998627e-6,0.6931471805599453,2.918870853956674e-6,imputed,141,106
dovish,infring,9,4.211040505998627e-6,0.6931471805599453,2.918870853956674e-6,infringe,16,47
dovish,isabel,9,4.211040505998627e-6,0.6931471805599453,2.918870853956674e-6,isabel,99,95
dovish,jersey,9,4.211040505998627e-6,0.6931471805599453,2.918870853956674e-6,jersey,75,60
dovish,jorda,9,4.211040505998627e-6,0.6931471805599453,2.918870853956674e-6,jorda,134,59
dovish,jorgenson,9,4.211040505998627e-6,0.6931471805599453,2.918870853956674e-6,jorgenson,72,31
dovish,kid,9,4.211040505998627e-6,0.6931471805599453,2.918870853956674e-6,kids,59,77
dovish,kohler,9,4.211040505998627e-6,0.6931471805599453,2.918870853956674e-6,kohler,40,33
dovish,lawsuit,9,4.211040505998627e-6,0.6931471805599453,2.918870853956674e-6,lawsuits,35,38
dovish,leigh,9,4.211040505998627e-6,0.6931471805599453,2.918870853956674e-6,leigh,62,36
dovish,lens,9,4.211040505998627e-6,0.6931471805599453,2.918870853956674e-6,lenses,29,20
dovish,lgd,9,4.211040505998627e-6,0.6931471805599453,2.918870853956674e-6,lgd,45,22
dovish,mahesh,9,4.211040505998627e-6,0.6931471805599453,2.918870853956674e-6,mahesh,32,14
dovish,markup,9,4.211040505998627e-6,0.6931471805599453,2.918870853956674e-6,markups,105,82
dovish,masala,9,4.211040505998627e-6,0.6931471805599453,2.918870853956674e-6,masala,19,14
dovish,mcafe,9,4.211040505998627e-6,0.6931471805599453,2.918870853956674e-6,mcafee,58,27
dovish,meteorolog,9,4.211040505998627e-6,0.6931471805599453,2.918870853956674e-6,meteorological,30,34
dovish,mif,9,4.211040505998627e-6,0.6931471805599453,2.918870853956674e-6,mif,18,10
dovish,mss,9,4.211040505998627e-6,0.6931471805599453,2.918870853956674e-6,mss,262,49
dovish,multifactor,9,4.211040505998627e-6,0.6931471805599453,2.918870853956674e-6,multifactor,94,47
dovish,multifamili,9,4.211040505998627e-6,0.6931471805599453,2.918870853956674e-6,multifamily,47,42
dovish,musgrav,9,4.211040505998627e-6,0.6931471805599453,2.918870853956674e-6,musgrave,18,12
dovish,nani,9,4.211040505998627e-6,0.6931471805599453,2.918870853956674e-6,nani,28,14
dovish,nathan,9,4.211040505998627e-6,0.6931471805599453,2.918870853956674e-6,nathan,26,23
dovish,noisi,9,4.211040505998627e-6,0.6931471805599453,2.918870853956674e-6,noisy,116,86
dovish,obvers,9,4.211040505998627e-6,0.6931471805599453,2.918870853956674e-6,obverse,48,36
dovish,ottaviano,9,4.211040505998627e-6,0.6931471805599453,2.918870853956674e-6,ottaviano,24,12
dovish,outgo,9,4.211040505998627e-6,0.6931471805599453,2.918870853956674e-6,outgoing,45,49
dovish,parker,9,4.211040505998627e-6,0.6931471805599453,2.918870853956674e-6,parker,112,84
dovish,pauciti,9,4.211040505998627e-6,0.6931471805599453,2.918870853956674e-6,paucity,72,69
dovish,penc,9,4.211040505998627e-6,0.6931471805599453,2.918870853956674e-6,pence,77,43
dovish,populist,9,4.211040505998627e-6,0.6931471805599453,2.918870853956674e-6,populist,94,60
dovish,ppis,9,4.211040505998627e-6,0.6931471805599453,2.918870853956674e-6,ppis,52,16
dovish,proviso,9,4.211040505998627e-6,0.6931471805599453,2.918870853956674e-6,proviso,47,43
dovish,rajeshwar,9,4.211040505998627e-6,0.6931471805599453,2.918870853956674e-6,rajeshwar,32,20
dovish,reappear,9,4.211040505998627e-6,0.6931471805599453,2.918870853956674e-6,reappear,28,54
dovish,rebat,9,4.211040505998627e-6,0.6931471805599453,2.918870853956674e-6,rebates,52,51
dovish,redlin,9,4.211040505998627e-6,0.6931471805599453,2.918870853956674e-6,redlining,52,31
dovish,reign,9,4.211040505998627e-6,0.6931471805599453,2.918870853956674e-6,reign,46,76
dovish,reinstat,9,4.211040505998627e-6,0.6931471805599453,2.918870853956674e-6,reinstated,28,68
dovish,reissuanc,9,4.211040505998627e-6,0.6931471805599453,2.918870853956674e-6,reissuances,15,17
dovish,relaps,9,4.211040505998627e-6,0.6931471805599453,2.918870853956674e-6,relapse,33,38
dovish,remun,9,4.211040505998627e-6,0.6931471805599453,2.918870853956674e-6,remunerative,38,31
dovish,retali,9,4.211040505998627e-6,0.6931471805599453,2.918870853956674e-6,retaliation,27,37
dovish,rollout,9,4.211040505998627e-6,0.6931471805599453,2.918870853956674e-6,rollout,123,96
dovish,rosc,9,4.211040505998627e-6,0.6931471805599453,2.918870853956674e-6,rosc,21,25
dovish,roy,9,4.211040505998627e-6,0.6931471805599453,2.918870853956674e-6,roy,53,43
dovish,rwas,9,4.211040505998627e-6,0.6931471805599453,2.918870853956674e-6,rwas,56,25
dovish,sanguin,9,4.211040505998627e-6,0.6931471805599453,2.918870853956674e-6,sanguine,95,93
dovish,selfsustain,9,4.211040505998627e-6,0.6931471805599453,2.918870853956674e-6,selfsustaining,27,38
dovish,sfts,9,4.211040505998627e-6,0.6931471805599453,2.918870853956674e-6,sfts,127,24
dovish,shaw,9,4.211040505998627e-6,0.6931471805599453,2.918870853956674e-6,shaw,39,31
dovish,sheffield,9,4.211040505998627e-6,0.6931471805599453,2.918870853956674e-6,sheffield,36,15
dovish,shelf,9,4.211040505998627e-6,0.6931471805599453,2.918870853956674e-6,shelf,50,44
dovish,shortcut,9,4.211040505998627e-6,0.6931471805599453,2.918870853956674e-6,shortcuts,30,44
dovish,signatori,9,4.211040505998627e-6,0.6931471805599453,2.918870853956674e-6,signatories,33,47
dovish,sma,9,4.211040505998627e-6,0.6931471805599453,2.918870853956674e-6,sma,39,15
dovish,sown,9,4.211040505998627e-6,0.6931471805599453,2.918870853956674e-6,sown,60,58
dovish,stat,9,4.211040505998627e-6,0.6931471805599453,2.918870853956674e-6,stat,43,41
dovish,stewart,9,4.211040505998627e-6,0.6931471805599453,2.918870853956674e-6,stewart,62,43
dovish,stiroh,9,4.211040505998627e-6,0.6931471805599453,2.918870853956674e-6,stiroh,98,43
dovish,subsidiaris,9,4.211040505998627e-6,0.6931471805599453,2.918870853956674e-6,subsidiarisation,23,20
dovish,swx,9,4.211040505998627e-6,0.6931471805599453,2.918870853956674e-6,swx,34,16
dovish,tarnish,9,4.211040505998627e-6,0.6931471805599453,2.918870853956674e-6,tarnished,27,39
dovish,taxi,9,4.211040505998627e-6,0.6931471805599453,2.918870853956674e-6,taxi,35,24
dovish,telephoni,9,4.211040505998627e-6,0.6931471805599453,2.918870853956674e-6,telephony,33,28
dovish,tenreyro,9,4.211040505998627e-6,0.6931471805599453,2.918870853956674e-6,tenreyro,268,105
dovish,trainer,9,4.211040505998627e-6,0.6931471805599453,2.918870853956674e-6,trainers,35,31
dovish,tristani,9,4.211040505998627e-6,0.6931471805599453,2.918870853956674e-6,tristani,79,58
dovish,tropic,9,4.211040505998627e-6,0.6931471805599453,2.918870853956674e-6,tropical,26,25
dovish,unconsci,9,4.211040505998627e-6,0.6931471805599453,2.918870853956674e-6,unconscious,32,31
dovish,unfulfil,9,4.211040505998627e-6,0.6931471805599453,2.918870853956674e-6,unfulfilled,20,21
dovish,vigour,9,4.211040505998627e-6,0.6931471805599453,2.918870853956674e-6,vigour,85,89
dovish,vishwanathan,9,4.211040505998627e-6,0.6931471805599453,2.918870853956674e-6,vishwanathan,15,11
dovish,waa,9,4.211040505998627e-6,0.6931471805599453,2.918870853956674e-6,waas,36,31
dovish,walli,9,4.211040505998627e-6,0.6931471805599453,2.918870853956674e-6,wallis,129,54
dovish,abe,8,3.743147116443224e-6,0.6931471805599453,2.59455187018371e-6,abe,49,37
dovish,acumen,8,3.743147116443224e-6,0.6931471805599453,2.59455187018371e-6,acumen,28,28
dovish,aditya,8,3.743147116443224e-6,0.6931471805599453,2.59455187018371e-6,aditya,19,15
dovish,adjac,8,3.743147116443224e-6,0.6931471805599453,2.59455187018371e-6,adjacent,28,28
dovish,agnost,8,3.743147116443224e-6,0.6931471805599453,2.59455187018371e-6,agnostic,59,52
dovish,ahluwalia,8,3.743147116443224e-6,0.6931471805599453,2.59455187018371e-6,ahluwalia,30,23
dovish,anderson,8,3.743147116443224e-6,0.6931471805599453,2.59455187018371e-6,anderson,83,56
dovish,anem,8,3.743147116443224e-6,0.6931471805599453,2.59455187018371e-6,anemic,53,51
dovish,apartheid,8,3.743147116443224e-6,0.6931471805599453,2.59455187018371e-6,apartheid,50,27
dovish,bac,8,3.743147116443224e-6,0.6931471805599453,2.59455187018371e-6,bacs,38,18
dovish,bigtech,8,3.743147116443224e-6,0.6931471805599453,2.59455187018371e-6,bigtech,35,34
dovish,blackrock,8,3.743147116443224e-6,0.6931471805599453,2.59455187018371e-6,blackrock,28,20
dovish,brazier,8,3.743147116443224e-6,0.6931471805599453,2.59455187018371e-6,brazier,62,39
dovish,brush,8,3.743147116443224e-6,0.6931471805599453,2.59455187018371e-6,brush,70,79
dovish,bug,8,3.743147116443224e-6,0.6931471805599453,2.59455187018371e-6,bug,60,45
dovish,buri,8,3.743147116443224e-6,0.6931471805599453,2.59455187018371e-6,buried,39,59
dovish,bystand,8,3.743147116443224e-6,0.6931471805599453,2.59455187018371e-6,bystanders,51,65
dovish,calmer,8,3.743147116443224e-6,0.6931471805599453,2.59455187018371e-6,calmer,61,57
dovish,carol,8,3.743147116443224e-6,0.6931471805599453,2.59455187018371e-6,carol,62,47
dovish,centenni,8,3.743147116443224e-6,0.6931471805599453,2.59455187018371e-6,centennial,61,42
dovish,cep,8,3.743147116443224e-6,0.6931471805599453,2.59455187018371e-6,ceps,42,51
dovish,childcar,8,3.743147116443224e-6,0.6931471805599453,2.59455187018371e-6,childcare,124,68
dovish,choi,8,3.743147116443224e-6,0.6931471805599453,2.59455187018371e-6,choi,34,24
dovish,cip,8,3.743147116443224e-6,0.6931471805599453,2.59455187018371e-6,cips,142,69
dovish,clinton,8,3.743147116443224e-6,0.6931471805599453,2.59455187018371e-6,clinton,71,49
dovish,conspicu,8,3.743147116443224e-6,0.6931471805599453,2.59455187018371e-6,conspicuous,85,98
dovish,convenor,8,3.743147116443224e-6,0.6931471805599453,2.59455187018371e-6,convenor,19,16
dovish,coyl,8,3.743147116443224e-6,0.6931471805599453,2.59455187018371e-6,coyle,25,13
dovish,daron,8,3.743147116443224e-6,0.6931471805599453,2.59455187018371e-6,daron,37,27
dovish,dealog,8,3.743147116443224e-6,0.6931471805599453,2.59455187018371e-6,dealogic,42,32
dovish,duca,8,3.743147116443224e-6,0.6931471805599453,2.59455187018371e-6,duca,98,67
dovish,dumb,8,3.743147116443224e-6,0.6931471805599453,2.59455187018371e-6,dumb,15,12
dovish,dummi,8,3.743147116443224e-6,0.6931471805599453,2.59455187018371e-6,dummies,123,45
dovish,economis,8,3.743147116443224e-6,0.6931471805599453,2.59455187018371e-6,economise,57,70
dovish,einstein,8,3.743147116443224e-6,0.6931471805599453,2.59455187018371e-6,einstein,51,35
dovish,ellen,8,3.743147116443224e-6,0.6931471805599453,2.59455187018371e-6,ellen,35,31
dovish,embassi,8,3.743147116443224e-6,0.6931471805599453,2.59455187018371e-6,embassy,37,37
dovish,emit,8,3.743147116443224e-6,0.6931471805599453,2.59455187018371e-6,emit,21,39
dovish,emitt,8,3.743147116443224e-6,0.6931471805599453,2.59455187018371e-6,emitters,17,11
dovish,emma,8,3.743147116443224e-6,0.6931471805599453,2.59455187018371e-6,emma,46,42
dovish,energ,8,3.743147116443224e-6,0.6931471805599453,2.59455187018371e-6,energize,16,27
dovish,epp,8,3.743147116443224e-6,0.6931471805599453,2.59455187018371e-6,epp,84,14
dovish,equalis,8,3.743147116443224e-6,0.6931471805599453,2.59455187018371e-6,equalise,23,56
dovish,eugen,8,3.743147116443224e-6,0.6931471805599453,2.59455187018371e-6,eugene,34,33
dovish,evok,8,3.743147116443224e-6,0.6931471805599453,2.59455187018371e-6,evoke,29,68
dovish,fanci,8,3.743147116443224e-6,0.6931471805599453,2.59455187018371e-6,fancy,33,46
dovish,farhi,8,3.743147116443224e-6,0.6931471805599453,2.59455187018371e-6,farhi,118,68
dovish,farther,8,3.743147116443224e-6,0.6931471805599453,2.59455187018371e-6,farther,62,56
dovish,fever,8,3.743147116443224e-6,0.6931471805599453,2.59455187018371e-6,fever,29,29
dovish,fiona,8,3.743147116443224e-6,0.6931471805599453,2.59455187018371e-6,fiona,23,20
dovish,fisc,8,3.743147116443224e-6,0.6931471805599453,2.59455187018371e-6,fisc,80,40
dovish,foodstuff,8,3.743147116443224e-6,0.6931471805599453,2.59455187018371e-6,foodstuffs,43,44
dovish,froze,8,3.743147116443224e-6,0.6931471805599453,2.59455187018371e-6,froze,64,60
dovish,gauteng,8,3.743147116443224e-6,0.6931471805599453,2.59455187018371e-6,gauteng,29,15
dovish,generos,8,3.743147116443224e-6,0.6931471805599453,2.59455187018371e-6,generosity,51,49
dovish,giannetti,8,3.743147116443224e-6,0.6931471805599453,2.59455187018371e-6,giannetti,25,21
dovish,good,8,3.743147116443224e-6,0.6931471805599453,2.59455187018371e-6,goodness,17,19
dovish,gregg,8,3.743147116443224e-6,0.6931471805599453,2.59455187018371e-6,gregg,68,28
dovish,gse,8,3.743147116443224e-6,0.6931471805599453,2.59455187018371e-6,gse,277,44
dovish,gutierrez,8,3.743147116443224e-6,0.6931471805599453,2.59455187018371e-6,gutierrez,44,26
dovish,handheld,8,3.743147116443224e-6,0.6931471805599453,2.59455187018371e-6,handheld,19,17
dovish,hannah,8,3.743147116443224e-6,0.6931471805599453,2.59455187018371e-6,hannah,25,23
dovish,hanseat,8,3.743147116443224e-6,0.6931471805599453,2.59455187018371e-6,hanseatic,23,15
dovish,hanson,8,3.743147116443224e-6,0.6931471805599453,2.59455187018371e-6,hanson,165,81
dovish,hausmann,8,3.743147116443224e-6,0.6931471805599453,2.59455187018371e-6,hausmann,36,20
dovish,hdfc,8,3.743147116443224e-6,0.6931471805599453,2.59455187018371e-6,hdfc,23,23
dovish,hindu,8,3.743147116443224e-6,0.6931471805599453,2.59455187018371e-6,hindu,48,37
dovish,homag,8,3.743147116443224e-6,0.6931471805599453,2.59455187018371e-6,homage,35,33
dovish,horioka,8,3.743147116443224e-6,0.6931471805599453,2.59455187018371e-6,horioka,49,27
dovish,iban,8,3.743147116443224e-6,0.6931471805599453,2.59455187018371e-6,iban,51,24
dovish,icma,8,3.743147116443224e-6,0.6931471805599453,2.59455187018371e-6,icma,30,17
dovish,iia,8,3.743147116443224e-6,0.6931471805599453,2.59455187018371e-6,iia,49,17
dovish,implos,8,3.743147116443224e-6,0.6931471805599453,2.59455187018371e-6,implosion,54,47
dovish,incess,8,3.743147116443224e-6,0.6931471805599453,2.59455187018371e-6,incessantly,25,30
dovish,inflexion,8,3.743147116443224e-6,0.6931471805599453,2.59455187018371e-6,inflexion,40,27
dovish,jenkinson,8,3.743147116443224e-6,0.6931471805599453,2.59455187018371e-6,jenkinson,35,17
dovish,jona,8,3.743147116443224e-6,0.6931471805599453,2.59455187018371e-6,jonas,40,36
dovish,juncker,8,3.743147116443224e-6,0.6931471805599453,2.59455187018371e-6,juncker,73,50
dovish,kearn,8,3.743147116443224e-6,0.6931471805599453,2.59455187018371e-6,kearns,44,38
dovish,laeven,8,3.743147116443224e-6,0.6931471805599453,2.59455187018371e-6,laeven,128,73
dovish,laubach,8,3.743147116443224e-6,0.6931471805599453,2.59455187018371e-6,laubach,308,136
dovish,lawson,8,3.743147116443224e-6,0.6931471805599453,2.59455187018371e-6,lawson,44,31
dovish,laxiti,8,3.743147116443224e-6,0.6931471805599453,2.59455187018371e-6,laxity,59,52
dovish,leaf,8,3.743147116443224e-6,0.6931471805599453,2.59455187018371e-6,leaf,23,20
dovish,leak,8,3.743147116443224e-6,0.6931471805599453,2.59455187018371e-6,leak,31,64
dovish,longworth,8,3.743147116443224e-6,0.6931471805599453,2.59455187018371e-6,longworth,35,20
dovish,louis,8,3.743147116443224e-6,0.6931471805599453,2.59455187018371e-6,louise,22,20
dovish,lvts,8,3.743147116443224e-6,0.6931471805599453,2.59455187018371e-6,lvts,44,11
dovish,madra,8,3.743147116443224e-6,0.6931471805599453,2.59455187018371e-6,madras,27,17
dovish,mathematician,8,3.743147116443224e-6,0.6931471805599453,2.59455187018371e-6,mathematician,27,32
dovish,meticul,8,3.743147116443224e-6,0.6931471805599453,2.59455187018371e-6,meticulous,33,58
dovish,metrick,8,3.743147116443224e-6,0.6931471805599453,2.59455187018371e-6,metrick,58,39
dovish,mian,8,3.743147116443224e-6,0.6931471805599453,2.59455187018371e-6,mian,87,48
dovish,millisecond,8,3.743147116443224e-6,0.6931471805599453,2.59455187018371e-6,milliseconds,13,15
dovish,monolith,8,3.743147116443224e-6,0.6931471805599453,2.59455187018371e-6,monolithic,25,28
dovish,motif,8,3.743147116443224e-6,0.6931471805599453,2.59455187018371e-6,motif,25,26
dovish,multilay,8,3.743147116443224e-6,0.6931471805599453,2.59455187018371e-6,multilayered,14,15
dovish,murphi,8,3.743147116443224e-6,0.6931471805599453,2.59455187018371e-6,murphy,65,47
dovish,nair,8,3.743147116443224e-6,0.6931471805599453,2.59455187018371e-6,nair,37,27
dovish,nanci,8,3.743147116443224e-6,0.6931471805599453,2.59455187018371e-6,nancy,26,24
dovish,niall,8,3.743147116443224e-6,0.6931471805599453,2.59455187018371e-6,niall,21,13
dovish,nikolov,8,3.743147116443224e-6,0.6931471805599453,2.59455187018371e-6,nikolov,66,45
dovish,noncomplex,8,3.743147116443224e-6,0.6931471805599453,2.59455187018371e-6,noncomplex,17,10
dovish,northeastern,8,3.743147116443224e-6,0.6931471805599453,2.59455187018371e-6,northeastern,15,11
dovish,nsw,8,3.743147116443224e-6,0.6931471805599453,2.59455187018371e-6,nsw,32,25
dovish,numeraci,8,3.743147116443224e-6,0.6931471805599453,2.59455187018371e-6,numeracy,28,16
dovish,offbal,8,3.743147116443224e-6,0.6931471805599453,2.59455187018371e-6,offbalance,34,32
dovish,oftentim,8,3.743147116443224e-6,0.6931471805599453,2.59455187018371e-6,oftentimes,50,41
dovish,oic,8,3.743147116443224e-6,0.6931471805599453,2.59455187018371e-6,oic,26,10
dovish,ostens,8,3.743147116443224e-6,0.6931471805599453,2.59455187018371e-6,ostensibly,48,54
dovish,outmod,8,3.743147116443224e-6,0.6931471805599453,2.59455187018371e-6,outmoded,31,29
dovish,panizza,8,3.743147116443224e-6,0.6931471805599453,2.59455187018371e-6,panizza,33,24
dovish,paralys,8,3.743147116443224e-6,0.6931471805599453,2.59455187018371e-6,paralysed,18,38
dovish,pdcf,8,3.743147116443224e-6,0.6931471805599453,2.59455187018371e-6,pdcf,43,17
dovish,prakash,8,3.743147116443224e-6,0.6931471805599453,2.59455187018371e-6,prakash,32,30
dovish,primer,8,3.743147116443224e-6,0.6931471805599453,2.59455187018371e-6,primer,25,24
dovish,primit,8,3.743147116443224e-6,0.6931471805599453,2.59455187018371e-6,primitive,47,41
dovish,probabilist,8,3.743147116443224e-6,0.6931471805599453,2.59455187018371e-6,probabilistic,53,46
dovish,prophet,8,3.743147116443224e-6,0.6931471805599453,2.59455187018371e-6,prophet,24,47
dovish,psd,8,3.743147116443224e-6,0.6931471805599453,2.59455187018371e-6,psd,49,19
dovish,puri,8,3.743147116443224e-6,0.6931471805599453,2.59455187018371e-6,puri,19,14
dovish,radiat,8,3.743147116443224e-6,0.6931471805599453,2.59455187018371e-6,radiation,17,22
dovish,reengin,8,3.743147116443224e-6,0.6931471805599453,2.59455187018371e-6,reengineering,33,34
dovish,refineri,8,3.743147116443224e-6,0.6931471805599453,2.59455187018371e-6,refinery,37,36
dovish,ricardian,8,3.743147116443224e-6,0.6931471805599453,2.59455187018371e-6,ricardian,87,56
dovish,rochet,8,3.743147116443224e-6,0.6931471805599453,2.59455187018371e-6,rochet,47,26
dovish,ross,8,3.743147116443224e-6,0.6931471805599453,2.59455187018371e-6,ross,85,58
dovish,rubber,8,3.743147116443224e-6,0.6931471805599453,2.59455187018371e-6,rubber,47,42
dovish,sap,8,3.743147116443224e-6,0.6931471805599453,2.59455187018371e-6,sap,36,54
dovish,sheiner,8,3.743147116443224e-6,0.6931471805599453,2.59455187018371e-6,sheiner,17,12
dovish,shleifer,8,3.743147116443224e-6,0.6931471805599453,2.59455187018371e-6,shleifer,69,36
dovish,shopper,8,3.743147116443224e-6,0.6931471805599453,2.59455187018371e-6,shoppers,35,30
dovish,sixteenth,8,3.743147116443224e-6,0.6931471805599453,2.59455187018371e-6,sixteenth,27,26
dovish,skyrocket,8,3.743147116443224e-6,0.6931471805599453,2.59455187018371e-6,skyrocketed,32,50
dovish,slacken,8,3.743147116443224e-6,0.6931471805599453,2.59455187018371e-6,slackening,41,76
dovish,slot,8,3.743147116443224e-6,0.6931471805599453,2.59455187018371e-6,slot,13,27
dovish,slum,8,3.743147116443224e-6,0.6931471805599453,2.59455187018371e-6,slums,17,17
dovish,spe,8,3.743147116443224e-6,0.6931471805599453,2.59455187018371e-6,spe,73,18
dovish,starv,8,3.743147116443224e-6,0.6931471805599453,2.59455187018371e-6,starved,41,51
dovish,stitch,8,3.743147116443224e-6,0.6931471805599453,2.59455187018371e-6,stitch,6,13
dovish,subpar,8,3.743147116443224e-6,0.6931471805599453,2.59455187018371e-6,subpar,51,50
dovish,sufi,8,3.743147116443224e-6,0.6931471805599453,2.59455187018371e-6,sufi,85,52
dovish,swapclear,8,3.743147116443224e-6,0.6931471805599453,2.59455187018371e-6,swapclear,21,12
dovish,syverson,8,3.743147116443224e-6,0.6931471805599453,2.59455187018371e-6,syverson,42,26
dovish,tenuous,8,3.743147116443224e-6,0.6931471805599453,2.59455187018371e-6,tenuous,53,51
dovish,tianjin,8,3.743147116443224e-6,0.6931471805599453,2.59455187018371e-6,tianjin,15,10
dovish,tongu,8,3.743147116443224e-6,0.6931471805599453,2.59455187018371e-6,tongue,25,28
dovish,torn,8,3.743147116443224e-6,0.6931471805599453,2.59455187018371e-6,torn,47,47
dovish,totem,8,3.743147116443224e-6,0.6931471805599453,2.59455187018371e-6,totem,94,29
dovish,tournament,8,3.743147116443224e-6,0.6931471805599453,2.59455187018371e-6,tournament,22,19
dovish,tractabl,8,3.743147116443224e-6,0.6931471805599453,2.59455187018371e-6,tractable,22,28
dovish,traine,8,3.743147116443224e-6,0.6931471805599453,2.59455187018371e-6,trainees,22,20
dovish,tyre,8,3.743147116443224e-6,0.6931471805599453,2.59455187018371e-6,tyre,27,30
dovish,underinvest,8,3.743147116443224e-6,0.6931471805599453,2.59455187018371e-6,underinvestment,32,38
dovish,underplay,8,3.743147116443224e-6,0.6931471805599453,2.59455187018371e-6,underplay,17,27
dovish,undershoot,8,3.743147116443224e-6,0.6931471805599453,2.59455187018371e-6,undershoot,181,229
dovish,understat,8,3.743147116443224e-6,0.6931471805599453,2.59455187018371e-6,understatement,49,45
dovish,unhappi,8,3.743147116443224e-6,0.6931471805599453,2.59455187018371e-6,unhappy,64,59
dovish,unidirect,8,3.743147116443224e-6,0.6931471805599453,2.59455187018371e-6,unidirectional,39,34
dovish,unprotect,8,3.743147116443224e-6,0.6931471805599453,2.59455187018371e-6,unprotected,18,15
dovish,useabl,8,3.743147116443224e-6,0.6931471805599453,2.59455187018371e-6,useable,30,22
dovish,valentina,8,3.743147116443224e-6,0.6931471805599453,2.59455187018371e-6,valentina,21,14
dovish,vener,8,3.743147116443224e-6,0.6931471805599453,2.59455187018371e-6,venerable,19,28
dovish,walmart,8,3.743147116443224e-6,0.6931471805599453,2.59455187018371e-6,walmart,25,17
dovish,warren,8,3.743147116443224e-6,0.6931471805599453,2.59455187018371e-6,warren,60,46
dovish,watermark,8,3.743147116443224e-6,0.6931471805599453,2.59455187018371e-6,watermark,27,16
dovish,willison,8,3.743147116443224e-6,0.6931471805599453,2.59455187018371e-6,willison,33,16
dovish,winnipeg,8,3.743147116443224e-6,0.6931471805599453,2.59455187018371e-6,winnipeg,54,25
dovish,wrench,8,3.743147116443224e-6,0.6931471805599453,2.59455187018371e-6,wrenching,49,51
dovish,yojana,8,3.743147116443224e-6,0.6931471805599453,2.59455187018371e-6,yojana,46,35
dovish,yosha,8,3.743147116443224e-6,0.6931471805599453,2.59455187018371e-6,yosha,55,40
dovish,abraham,7,3.2752537268878213e-6,0.6931471805599453,2.2702328864107466e-6,abraham,41,41
dovish,abyss,7,3.2752537268878213e-6,0.6931471805599453,2.2702328864107466e-6,abyss,27,24
dovish,addendum,7,3.2752537268878213e-6,0.6931471805599453,2.2702328864107466e-6,addendum,63,48
dovish,aep,7,3.2752537268878213e-6,0.6931471805599453,2.2702328864107466e-6,aeps,40,18
dovish,agribusi,7,3.2752537268878213e-6,0.6931471805599453,2.2702328864107466e-6,agribusiness,41,14
dovish,alipay,7,3.2752537268878213e-6,0.6931471805599453,2.2702328864107466e-6,alipay,24,21
dovish,anaem,7,3.2752537268878213e-6,0.6931471805599453,2.2702328864107466e-6,anaemic,62,59
dovish,arbor,7,3.2752537268878213e-6,0.6931471805599453,2.2702328864107466e-6,arbor,20,18
dovish,archipelago,7,3.2752537268878213e-6,0.6931471805599453,2.2702328864107466e-6,archipelago,27,23
dovish,arctic,7,3.2752537268878213e-6,0.6931471805599453,2.2702328864107466e-6,arctic,18,16
dovish,banxico,7,3.2752537268878213e-6,0.6931471805599453,2.2702328864107466e-6,banxico,120,35
dovish,bbc,7,3.2752537268878213e-6,0.6931471805599453,2.2702328864107466e-6,bbc,37,29
dovish,bea,7,3.2752537268878213e-6,0.6931471805599453,2.2702328864107466e-6,bea,66,36
dovish,becker,7,3.2752537268878213e-6,0.6931471805599453,2.2702328864107466e-6,becker,59,40
dovish,behest,7,3.2752537268878213e-6,0.6931471805599453,2.2702328864107466e-6,behest,38,32
dovish,bicentenni,7,3.2752537268878213e-6,0.6931471805599453,2.2702328864107466e-6,bicentennial,24,16
dovish,bunch,7,3.2752537268878213e-6,0.6931471805599453,2.2702328864107466e-6,bunching,29,61
dovish,bunn,7,3.2752537268878213e-6,0.6931471805599453,2.2702328864107466e-6,bunn,77,41
dovish,buse,7,3.2752537268878213e-6,0.6931471805599453,2.2702328864107466e-6,buses,21,17
dovish,businessman,7,3.2752537268878213e-6,0.6931471805599453,2.2702328864107466e-6,businessman,26,21
dovish,byrn,7,3.2752537268878213e-6,0.6931471805599453,2.2702328864107466e-6,byrne,34,16
dovish,byth,7,3.2752537268878213e-6,0.6931471805599453,2.2702328864107466e-6,bythe,34,32
dovish,carter,7,3.2752537268878213e-6,0.6931471805599453,2.2702328864107466e-6,carter,63,47
dovish,cbest,7,3.2752537268878213e-6,0.6931471805599453,2.2702328864107466e-6,cbest,45,18
dovish,cdr,7,3.2752537268878213e-6,0.6931471805599453,2.2702328864107466e-6,cdr,96,22
dovish,cfo,7,3.2752537268878213e-6,0.6931471805599453,2.2702328864107466e-6,cfo,106,56
dovish,churm,7,3.2752537268878213e-6,0.6931471805599453,2.2702328864107466e-6,churm,45,34
dovish,cimadomo,7,3.2752537268878213e-6,0.6931471805599453,2.2702328864107466e-6,cimadomo,17,11
dovish,claw,7,3.2752537268878213e-6,0.6931471805599453,2.2702328864107466e-6,claw,28,41
dovish,clerk,7,3.2752537268878213e-6,0.6931471805599453,2.2702328864107466e-6,clerks,28,27
dovish,clutch,7,3.2752537268878213e-6,0.6931471805599453,2.2702328864107466e-6,clutches,19,19
dovish,collector,7,3.2752537268878213e-6,0.6931471805599453,2.2702328864107466e-6,collectors,24,32
dovish,cologn,7,3.2752537268878213e-6,0.6931471805599453,2.2702328864107466e-6,cologne,21,17
dovish,colombo,7,3.2752537268878213e-6,0.6931471805599453,2.2702328864107466e-6,colombo,25,19
dovish,compart,7,3.2752537268878213e-6,0.6931471805599453,2.2702328864107466e-6,compartments,20,16
dovish,corn,7,3.2752537268878213e-6,0.6931471805599453,2.2702328864107466e-6,corn,98,63
dovish,cousin,7,3.2752537268878213e-6,0.6931471805599453,2.2702328864107466e-6,cousins,20,37
dovish,creep,7,3.2752537268878213e-6,0.6931471805599453,2.2702328864107466e-6,creep,67,93
dovish,criscuolo,7,3.2752537268878213e-6,0.6931471805599453,2.2702328864107466e-6,criscuolo,42,22
dovish,cspp,7,3.2752537268878213e-6,0.6931471805599453,2.2702328864107466e-6,cspp,44,14
dovish,curtain,7,3.2752537268878213e-6,0.6931471805599453,2.2702328864107466e-6,curtain,57,53
dovish,dakota,7,3.2752537268878213e-6,0.6931471805599453,2.2702328864107466e-6,dakota,34,13
dovish,darmin,7,3.2752537268878213e-6,0.6931471805599453,2.2702328864107466e-6,darmin,31,21
dovish,davo,7,3.2752537268878213e-6,0.6931471805599453,2.2702328864107466e-6,davos,25,20
dovish,delib,7,3.2752537268878213e-6,0.6931471805599453,2.2702328864107466e-6,deliberative,48,32
dovish,delimit,7,3.2752537268878213e-6,0.6931471805599453,2.2702328864107466e-6,delimited,12,30
dovish,descent,7,3.2752537268878213e-6,0.6931471805599453,2.2702328864107466e-6,descent,44,38
dovish,deutschmark,7,3.2752537268878213e-6,0.6931471805599453,2.2702328864107466e-6,deutschmark,64,37
dovish,devolut,7,3.2752537268878213e-6,0.6931471805599453,2.2702328864107466e-6,devolution,31,17
dovish,diaspora,7,3.2752537268878213e-6,0.6931471805599453,2.2702328864107466e-6,diaspora,27,21
dovish,dim,7,3.2752537268878213e-6,0.6931471805599453,2.2702328864107466e-6,dim,25,48
dovish,diminut,7,3.2752537268878213e-6,0.6931471805599453,2.2702328864107466e-6,diminution,71,50
dovish,dossier,7,3.2752537268878213e-6,0.6931471805599453,2.2702328864107466e-6,dossier,11,16
dovish,emmanuel,7,3.2752537268878213e-6,0.6931471805599453,2.2702328864107466e-6,emmanuel,51,46
dovish,eurepo,7,3.2752537268878213e-6,0.6931471805599453,2.2702328864107466e-6,eurepo,28,14
dovish,faq,7,3.2752537268878213e-6,0.6931471805599453,2.2702328864107466e-6,faqs,21,22
dovish,fcnr,7,3.2752537268878213e-6,0.6931471805599453,2.2702328864107466e-6,fcnr,62,38
dovish,footwear,7,3.2752537268878213e-6,0.6931471805599453,2.2702328864107466e-6,footwear,81,59
dovish,forb,7,3.2752537268878213e-6,0.6931471805599453,2.2702328864107466e-6,forbes,215,98
dovish,frbni,7,3.2752537268878213e-6,0.6931471805599453,2.2702328864107466e-6,frbny,39,34
dovish,freixa,7,3.2752537268878213e-6,0.6931471805599453,2.2702328864107466e-6,freixas,47,27
dovish,frost,7,3.2752537268878213e-6,0.6931471805599453,2.2702328864107466e-6,frost,56,43
dovish,galati,7,3.2752537268878213e-6,0.6931471805599453,2.2702328864107466e-6,galati,21,15
dovish,gnnt,7,3.2752537268878213e-6,0.6931471805599453,2.2702328864107466e-6,gnnt,23,11
dovish,goldsmith,7,3.2752537268878213e-6,0.6931471805599453,2.2702328864107466e-6,goldsmiths,17,23
dovish,grail,7,3.2752537268878213e-6,0.6931471805599453,2.2702328864107466e-6,grail,58,45
dovish,gratif,7,3.2752537268878213e-6,0.6931471805599453,2.2702328864107466e-6,gratification,26,19
dovish,guilti,7,3.2752537268878213e-6,0.6931471805599453,2.2702328864107466e-6,guilty,42,40
dovish,guzman,7,3.2752537268878213e-6,0.6931471805599453,2.2702328864107466e-6,guzman,74,60
dovish,harper,7,3.2752537268878213e-6,0.6931471805599453,2.2702328864107466e-6,harper,48,39
dovish,harrison,7,3.2752537268878213e-6,0.6931471805599453,2.2702328864107466e-6,harrison,157,109
dovish,hast,7,3.2752537268878213e-6,0.6931471805599453,2.2702328864107466e-6,haste,36,35
dovish,headi,7,3.2752537268878213e-6,0.6931471805599453,2.2702328864107466e-6,heady,36,35
dovish,honorari,7,3.2752537268878213e-6,0.6931471805599453,2.2702328864107466e-6,honorary,84,63
dovish,horn,7,3.2752537268878213e-6,0.6931471805599453,2.2702328864107466e-6,horn,22,29
dovish,html,7,3.2752537268878213e-6,0.6931471805599453,2.2702328864107466e-6,html,70,35
dovish,hudson,7,3.2752537268878213e-6,0.6931471805599453,2.2702328864107466e-6,hudson,32,26
dovish,humanitarian,7,3.2752537268878213e-6,0.6931471805599453,2.2702328864107466e-6,humanitarian,41,34
dovish,hung,7,3.2752537268878213e-6,0.6931471805599453,2.2702328864107466e-6,hung,30,28
dovish,hyman,7,3.2752537268878213e-6,0.6931471805599453,2.2702328864107466e-6,hyman,97,69
dovish,ibor,7,3.2752537268878213e-6,0.6931471805599453,2.2702328864107466e-6,ibors,30,18
dovish,icsd,7,3.2752537268878213e-6,0.6931471805599453,2.2702328864107466e-6,icsds,27,15
dovish,idealist,7,3.2752537268878213e-6,0.6931471805599453,2.2702328864107466e-6,idealistic,17,20
dovish,ihrig,7,3.2752537268878213e-6,0.6931471805599453,2.2702328864107466e-6,ihrig,106,48
dovish,inequit,7,3.2752537268878213e-6,0.6931471805599453,2.2702328864107466e-6,inequitable,24,23
dovish,internship,7,3.2752537268878213e-6,0.6931471805599453,2.2702328864107466e-6,internship,11,17
dovish,involuntari,7,3.2752537268878213e-6,0.6931471805599453,2.2702328864107466e-6,involuntary,110,79
dovish,ipso,7,3.2752537268878213e-6,0.6931471805599453,2.2702328864107466e-6,ipsos,32,25
dovish,jensen,7,3.2752537268878213e-6,0.6931471805599453,2.2702328864107466e-6,jensen,61,32
dovish,jess,7,3.2752537268878213e-6,0.6931471805599453,2.2702328864107466e-6,jesse,34,35
dovish,jungl,7,3.2752537268878213e-6,0.6931471805599453,2.2702328864107466e-6,jungle,21,17
dovish,keener,7,3.2752537268878213e-6,0.6931471805599453,2.2702328864107466e-6,keener,14,13
dovish,kfw,7,3.2752537268878213e-6,0.6931471805599453,2.2702328864107466e-6,kfw,23,15
dovish,kiley,7,3.2752537268878213e-6,0.6931471805599453,2.2702328864107466e-6,kiley,262,103
dovish,killer,7,3.2752537268878213e-6,0.6931471805599453,2.2702328864107466e-6,killer,18,20
dovish,kocherlakota,7,3.2752537268878213e-6,0.6931471805599453,2.2702328864107466e-6,kocherlakota,36,17
dovish,layard,7,3.2752537268878213e-6,0.6931471805599453,2.2702328864107466e-6,layard,125,38
dovish,logo,7,3.2752537268878213e-6,0.6931471805599453,2.2702328864107466e-6,logo,23,17
dovish,longrun,7,3.2752537268878213e-6,0.6931471805599453,2.2702328864107466e-6,longrun,68,65
dovish,lubric,7,3.2752537268878213e-6,0.6931471805599453,2.2702328864107466e-6,lubricants,20,61
dovish,madison,7,3.2752537268878213e-6,0.6931471805599453,2.2702328864107466e-6,madison,28,21
dovish,malpractic,7,3.2752537268878213e-6,0.6931471805599453,2.2702328864107466e-6,malpractices,21,33
dovish,malthus,7,3.2752537268878213e-6,0.6931471805599453,2.2702328864107466e-6,malthus,19,12
dovish,mantri,7,3.2752537268878213e-6,0.6931471805599453,2.2702328864107466e-6,mantri,24,16
dovish,mca,7,3.2752537268878213e-6,0.6931471805599453,2.2702328864107466e-6,mca,40,17
dovish,medal,7,3.2752537268878213e-6,0.6931471805599453,2.2702328864107466e-6,medal,28,37
dovish,melitz,7,3.2752537268878213e-6,0.6931471805599453,2.2702328864107466e-6,melitz,23,13
dovish,meta,7,3.2752537268878213e-6,0.6931471805599453,2.2702328864107466e-6,meta,54,41
dovish,milder,7,3.2752537268878213e-6,0.6931471805599453,2.2702328864107466e-6,milder,87,78
dovish,milesi,7,3.2752537268878213e-6,0.6931471805599453,2.2702328864107466e-6,milesi,66,28
dovish,misgiv,7,3.2752537268878213e-6,0.6931471805599453,2.2702328864107466e-6,misgivings,35,37
dovish,modular,7,3.2752537268878213e-6,0.6931471805599453,2.2702328864107466e-6,modular,31,30
dovish,monterrey,7,3.2752537268878213e-6,0.6931471805599453,2.2702328864107466e-6,monterrey,46,27
dovish,moretti,7,3.2752537268878213e-6,0.6931471805599453,2.2702328864107466e-6,moretti,25,22
dovish,narayana,7,3.2752537268878213e-6,0.6931471805599453,2.2702328864107466e-6,narayana,24,18
dovish,nasut,7,3.2752537268878213e-6,0.6931471805599453,2.2702328864107466e-6,nasution,31,21
dovish,nehru,7,3.2752537268878213e-6,0.6931471805599453,2.2702328864107466e-6,nehru,36,26
dovish,nemeth,7,3.2752537268878213e-6,0.6931471805599453,2.2702328864107466e-6,nemeth,19,19
dovish,nepad,7,3.2752537268878213e-6,0.6931471805599453,2.2702328864107466e-6,nepad,28,13
dovish,niesr,7,3.2752537268878213e-6,0.6931471805599453,2.2702328864107466e-6,niesr,54,30
dovish,nonmin,7,3.2752537268878213e-6,0.6931471805599453,2.2702328864107466e-6,nonmining,16,10
dovish,nsfe,7,3.2752537268878213e-6,0.6931471805599453,2.2702328864107466e-6,nsfe,25,10
dovish,oasi,7,3.2752537268878213e-6,0.6931471805599453,2.2702328864107466e-6,oasis,10,11
dovish,obama,7,3.2752537268878213e-6,0.6931471805599453,2.2702328864107466e-6,obama,35,31
dovish,offsit,7,3.2752537268878213e-6,0.6931471805599453,2.2702328864107466e-6,offsite,37,33
dovish,okayama,7,3.2752537268878213e-6,0.6931471805599453,2.2702328864107466e-6,okayama,102,14
dovish,oklahoma,7,3.2752537268878213e-6,0.6931471805599453,2.2702328864107466e-6,oklahoma,60,19
dovish,orthodox,7,3.2752537268878213e-6,0.6931471805599453,2.2702328864107466e-6,orthodox,81,66
dovish,overbank,7,3.2752537268878213e-6,0.6931471805599453,2.2702328864107466e-6,overbanking,17,17
dovish,patil,7,3.2752537268878213e-6,0.6931471805599453,2.2702328864107466e-6,patil,43,30
dovish,penalv,7,3.2752537268878213e-6,0.6931471805599453,2.2702328864107466e-6,penalver,62,50
dovish,phoenix,7,3.2752537268878213e-6,0.6931471805599453,2.2702328864107466e-6,phoenix,47,30
dovish,postgradu,7,3.2752537268878213e-6,0.6931471805599453,2.2702328864107466e-6,postgraduate,24,19
dovish,potato,7,3.2752537268878213e-6,0.6931471805599453,2.2702328864107466e-6,potato,28,35
dovish,preschool,7,3.2752537268878213e-6,0.6931471805599453,2.2702328864107466e-6,preschool,29,17
dovish,preview,7,3.2752537268878213e-6,0.6931471805599453,2.2702328864107466e-6,preview,50,51
dovish,privatesector,7,3.2752537268878213e-6,0.6931471805599453,2.2702328864107466e-6,privatesector,50,44
dovish,protector,7,3.2752537268878213e-6,0.6931471805599453,2.2702328864107466e-6,protector,15,17
dovish,rancier,7,3.2752537268878213e-6,0.6931471805599453,2.2702328864107466e-6,ranciere,24,17
dovish,rcc,7,3.2752537268878213e-6,0.6931471805599453,2.2702328864107466e-6,rcc,29,11
dovish,reassert,7,3.2752537268878213e-6,0.6931471805599453,2.2702328864107466e-6,reassert,50,69
dovish,rec,7,3.2752537268878213e-6,0.6931471805599453,2.2702328864107466e-6,rec,107,48
dovish,recapitul,7,3.2752537268878213e-6,0.6931471805599453,2.2702328864107466e-6,recapitulate,26,28
dovish,reconsider,7,3.2752537268878213e-6,0.6931471805599453,2.2702328864107466e-6,reconsideration,57,56
dovish,resurfac,7,3.2752537268878213e-6,0.6931471805599453,2.2702328864107466e-6,resurfaced,32,58
dovish,retrac,7,3.2752537268878213e-6,0.6931471805599453,2.2702328864107466e-6,retraced,49,72
dovish,ringfenc,7,3.2752537268878213e-6,0.6931471805599453,2.2702328864107466e-6,ringfencing,12,21
dovish,riskiest,7,3.2752537268878213e-6,0.6931471805599453,2.2702328864107466e-6,riskiest,51,49
dovish,rous,7,3.2752537268878213e-6,0.6931471805599453,2.2702328864107466e-6,rouse,21,18
dovish,rue,7,3.2752537268878213e-6,0.6931471805599453,2.2702328864107466e-6,rue,15,13
dovish,salomon,7,3.2752537268878213e-6,0.6931471805599453,2.2702328864107466e-6,salomon,14,10
dovish,scarcer,7,3.2752537268878213e-6,0.6931471805599453,2.2702328864107466e-6,scarcer,57,52
dovish,scarpetta,7,3.2752537268878213e-6,0.6931471805599453,2.2702328864107466e-6,scarpetta,67,24
dovish,schneider,7,3.2752537268878213e-6,0.6931471805599453,2.2702328864107466e-6,schneider,70,41
dovish,sfms,7,3.2752537268878213e-6,0.6931471805599453,2.2702328864107466e-6,sfms,30,17
dovish,shaki,7,3.2752537268878213e-6,0.6931471805599453,2.2702328864107466e-6,shaky,26,26
dovish,sinn,7,3.2752537268878213e-6,0.6931471805599453,2.2702328864107466e-6,sinn,16,11
dovish,slowest,7,3.2752537268878213e-6,0.6931471805599453,2.2702328864107466e-6,slowest,88,84
dovish,smartest,7,3.2752537268878213e-6,0.6931471805599453,2.2702328864107466e-6,smartest,16,16
dovish,smf,7,3.2752537268878213e-6,0.6931471805599453,2.2702328864107466e-6,smf,69,16
dovish,southwest,7,3.2752537268878213e-6,0.6931471805599453,2.2702328864107466e-6,southwest,19,14
dovish,srivastava,7,3.2752537268878213e-6,0.6931471805599453,2.2702328864107466e-6,srivastava,18,16
dovish,startup,7,3.2752537268878213e-6,0.6931471805599453,2.2702328864107466e-6,startups,116,76
dovish,straightaway,7,3.2752537268878213e-6,0.6931471805599453,2.2702328864107466e-6,straightaway,24,23
dovish,sunni,7,3.2752537268878213e-6,0.6931471805599453,2.2702328864107466e-6,sunny,28,26
dovish,sureti,7,3.2752537268878213e-6,0.6931471805599453,2.2702328864107466e-6,surety,17,18
dovish,swath,7,3.2752537268878213e-6,0.6931471805599453,2.2702328864107466e-6,swathe,96,92
dovish,sweet,7,3.2752537268878213e-6,0.6931471805599453,2.2702328864107466e-6,sweet,55,47
dovish,swell,7,3.2752537268878213e-6,0.6931471805599453,2.2702328864107466e-6,swelled,29,65
dovish,switchov,7,3.2752537268878213e-6,0.6931471805599453,2.2702328864107466e-6,switchover,34,30
dovish,tab,7,3.2752537268878213e-6,0.6931471805599453,2.2702328864107466e-6,tab,24,33
dovish,techno,7,3.2752537268878213e-6,0.6931471805599453,2.2702328864107466e-6,techno,29,20
dovish,thermomet,7,3.2752537268878213e-6,0.6931471805599453,2.2702328864107466e-6,thermometer,13,14
dovish,toast,7,3.2752537268878213e-6,0.6931471805599453,2.2702328864107466e-6,toast,48,41
dovish,torrent,7,3.2752537268878213e-6,0.6931471805599453,2.2702328864107466e-6,torrent,12,13
dovish,toy,7,3.2752537268878213e-6,0.6931471805599453,2.2702328864107466e-6,toys,13,22
dovish,traci,7,3.2752537268878213e-6,0.6931471805599453,2.2702328864107466e-6,tracy,20,29
dovish,treadway,7,3.2752537268878213e-6,0.6931471805599453,2.2702328864107466e-6,treadway,35,28
dovish,ueda,7,3.2752537268878213e-6,0.6931471805599453,2.2702328864107466e-6,ueda,96,38
dovish,uidai,7,3.2752537268878213e-6,0.6931471805599453,2.2702328864107466e-6,uidai,35,22
dovish,underwat,7,3.2752537268878213e-6,0.6931471805599453,2.2702328864107466e-6,underwater,78,52
dovish,unlicens,7,3.2752537268878213e-6,0.6931471805599453,2.2702328864107466e-6,unlicensed,35,19
dovish,upload,7,3.2752537268878213e-6,0.6931471805599453,2.2702328864107466e-6,uploads,10,23
dovish,vaidyanathan,7,3.2752537268878213e-6,0.6931471805599453,2.2702328864107466e-6,vaidyanathan,23,15
dovish,venezuela,7,3.2752537268878213e-6,0.6931471805599453,2.2702328864107466e-6,venezuela,74,58
dovish,verit,7,3.2752537268878213e-6,0.6931471805599453,2.2702328864107466e-6,veritable,57,49
dovish,vibranc,7,3.2752537268878213e-6,0.6931471805599453,2.2702328864107466e-6,vibrancy,61,58
dovish,vocal,7,3.2752537268878213e-6,0.6931471805599453,2.2702328864107466e-6,vocal,72,67
dovish,vox,7,3.2752537268878213e-6,0.6931471805599453,2.2702328864107466e-6,vox,25,21
dovish,warwick,7,3.2752537268878213e-6,0.6931471805599453,2.2702328864107466e-6,warwick,63,43
dovish,wascher,7,3.2752537268878213e-6,0.6931471805599453,2.2702328864107466e-6,wascher,94,73
dovish,whip,7,3.2752537268878213e-6,0.6931471805599453,2.2702328864107466e-6,whip,15,14
dovish,wicksellian,7,3.2752537268878213e-6,0.6931471805599453,2.2702328864107466e-6,wicksellian,28,19
dovish,wireless,7,3.2752537268878213e-6,0.6931471805599453,2.2702328864107466e-6,wireless,32,28
dovish,workhors,7,3.2752537268878213e-6,0.6931471805599453,2.2702328864107466e-6,workhorse,53,48
dovish,workload,7,3.2752537268878213e-6,0.6931471805599453,2.2702328864107466e-6,workload,31,36
dovish,wti,7,3.2752537268878213e-6,0.6931471805599453,2.2702328864107466e-6,wti,51,28
dovish,xiang,7,3.2752537268878213e-6,0.6931471805599453,2.2702328864107466e-6,xiang,48,15
dovish,yilmaz,7,3.2752537268878213e-6,0.6931471805599453,2.2702328864107466e-6,yilmaz,76,48
dovish,zervo,7,3.2752537268878213e-6,0.6931471805599453,2.2702328864107466e-6,zervos,20,12
dovish,zlate,7,3.2752537268878213e-6,0.6931471805599453,2.2702328864107466e-6,zlate,24,12
dovish,abridg,6,2.807360337332418e-6,0.6931471805599453,1.9459139026377825e-6,abridged,27,27
dovish,abysm,6,2.807360337332418e-6,0.6931471805599453,1.9459139026377825e-6,abysmally,14,26
dovish,accc,6,2.807360337332418e-6,0.6931471805599453,1.9459139026377825e-6,accc,22,10
dovish,adler,6,2.807360337332418e-6,0.6931471805599453,1.9459139026377825e-6,adler,13,10
dovish,adolesc,6,2.807360337332418e-6,0.6931471805599453,1.9459139026377825e-6,adolescent,16,24
dovish,ahmedabad,6,2.807360337332418e-6,0.6931471805599453,1.9459139026377825e-6,ahmedabad,48,26
dovish,aicpa,6,2.807360337332418e-6,0.6931471805599453,1.9459139026377825e-6,aicpa,16,11
dovish,ajay,6,2.807360337332418e-6,0.6931471805599453,1.9459139026377825e-6,ajay,19,18
dovish,ala,6,2.807360337332418e-6,0.6931471805599453,1.9459139026377825e-6,alas,34,39
dovish,alexandra,6,2.807360337332418e-6,0.6931471805599453,1.9459139026377825e-6,alexandra,22,21
dovish,allianz,6,2.807360337332418e-6,0.6931471805599453,1.9459139026377825e-6,allianz,18,16
dovish,amorph,6,2.807360337332418e-6,0.6931471805599453,1.9459139026377825e-6,amorphous,20,19
dovish,antipathi,6,2.807360337332418e-6,0.6931471805599453,1.9459139026377825e-6,antipathy,12,12
dovish,anvil,6,2.807360337332418e-6,0.6931471805599453,1.9459139026377825e-6,anvil,21,19
dovish,arab,6,2.807360337332418e-6,0.6931471805599453,1.9459139026377825e-6,arab,87,60
dovish,arsenal,6,2.807360337332418e-6,0.6931471805599453,1.9459139026377825e-6,arsenal,72,69
dovish,assalamualaikum,6,2.807360337332418e-6,0.6931471805599453,1.9459139026377825e-6,assalamualaikum,19,19
dovish,attitudin,6,2.807360337332418e-6,0.6931471805599453,1.9459139026377825e-6,attitudinal,36,32
dovish,axiomat,6,2.807360337332418e-6,0.6931471805599453,1.9459139026377825e-6,axiomatic,26,24
dovish,balkanis,6,2.807360337332418e-6,0.6931471805599453,1.9459139026377825e-6,balkanisation,14,13
dovish,banana,6,2.807360337332418e-6,0.6931471805599453,1.9459139026377825e-6,banana,32,24
dovish,bangkok,6,2.807360337332418e-6,0.6931471805599453,1.9459139026377825e-6,bangkok,45,31
dovish,barth,6,2.807360337332418e-6,0.6931471805599453,1.9459139026377825e-6,barth,24,14
dovish,batter,6,2.807360337332418e-6,0.6931471805599453,1.9459139026377825e-6,battered,27,38
dovish,batteri,6,2.807360337332418e-6,0.6931471805599453,1.9459139026377825e-6,battery,30,48
dovish,bernstein,6,2.807360337332418e-6,0.6931471805599453,1.9459139026377825e-6,bernstein,21,13
dovish,beth,6,2.807360337332418e-6,0.6931471805599453,1.9459139026377825e-6,beth,48,42
dovish,bhide,6,2.807360337332418e-6,0.6931471805599453,1.9459139026377825e-6,bhide,14,10
dovish,bhubaneswar,6,2.807360337332418e-6,0.6931471805599453,1.9459139026377825e-6,bhubaneswar,16,10
dovish,bicycl,6,2.807360337332418e-6,0.6931471805599453,1.9459139026377825e-6,bicycle,15,22
dovish,boon,6,2.807360337332418e-6,0.6931471805599453,1.9459139026377825e-6,boon,20,19
dovish,bradi,6,2.807360337332418e-6,0.6931471805599453,1.9459139026377825e-6,brady,34,29
dovish,breakeven,6,2.807360337332418e-6,0.6931471805599453,1.9459139026377825e-6,breakeven,113,58
dovish,cabo,6,2.807360337332418e-6,0.6931471805599453,1.9459139026377825e-6,cabos,18,17
dovish,carriag,6,2.807360337332418e-6,0.6931471805599453,1.9459139026377825e-6,carriage,12,10
dovish,cassidi,6,2.807360337332418e-6,0.6931471805599453,1.9459139026377825e-6,cassidy,28,22
dovish,catalogu,6,2.807360337332418e-6,0.6931471805599453,1.9459139026377825e-6,catalogue,39,42
dovish,ccb,6,2.807360337332418e-6,0.6931471805599453,1.9459139026377825e-6,ccb,160,46
dovish,cecilia,6,2.807360337332418e-6,0.6931471805599453,1.9459139026377825e-6,cecilia,21,15
dovish,chairwoman,6,2.807360337332418e-6,0.6931471805599453,1.9459139026377825e-6,chairwoman,22,20
dovish,cherri,6,2.807360337332418e-6,0.6931471805599453,1.9459139026377825e-6,cherry,40,30
dovish,claimant,6,2.807360337332418e-6,0.6931471805599453,1.9459139026377825e-6,claimant,117,89
dovish,clayton,6,2.807360337332418e-6,0.6931471805599453,1.9459139026377825e-6,clayton,21,13
dovish,cleans,6,2.807360337332418e-6,0.6931471805599453,1.9459139026377825e-6,cleansing,28,38
dovish,climaterel,6,2.807360337332418e-6,0.6931471805599453,1.9459139026377825e-6,climaterelated,37,27
dovish,coas,6,2.807360337332418e-6,0.6931471805599453,1.9459139026377825e-6,coase,37,15
dovish,comic,6,2.807360337332418e-6,0.6931471805599453,1.9459139026377825e-6,comic,18,15
dovish,countrywid,6,2.807360337332418e-6,0.6931471805599453,1.9459139026377825e-6,countrywide,23,17
dovish,cpis,6,2.807360337332418e-6,0.6931471805599453,1.9459139026377825e-6,cpis,80,38
dovish,craig,6,2.807360337332418e-6,0.6931471805599453,1.9459139026377825e-6,craig,21,18
dovish,curat,6,2.807360337332418e-6,0.6931471805599453,1.9459139026377825e-6,curative,10,25
dovish,dirti,6,2.807360337332418e-6,0.6931471805599453,1.9459139026377825e-6,dirty,28,26
dovish,doyl,6,2.807360337332418e-6,0.6931471805599453,1.9459139026377825e-6,doyle,41,35
dovish,ead,6,2.807360337332418e-6,0.6931471805599453,1.9459139026377825e-6,ead,16,12
dovish,edc,6,2.807360337332418e-6,0.6931471805599453,1.9459139026377825e-6,edc,19,12
dovish,egrpra,6,2.807360337332418e-6,0.6931471805599453,1.9459139026377825e-6,egrpra,61,21
dovish,ela,6,2.807360337332418e-6,0.6931471805599453,1.9459139026377825e-6,ela,147,32
dovish,emd,6,2.807360337332418e-6,0.6931471805599453,1.9459139026377825e-6,emdes,144,35
dovish,emergingmarket,6,2.807360337332418e-6,0.6931471805599453,1.9459139026377825e-6,emergingmarket,41,29
dovish,emili,6,2.807360337332418e-6,0.6931471805599453,1.9459139026377825e-6,emily,21,21
dovish,envi,6,2.807360337332418e-6,0.6931471805599453,1.9459139026377825e-6,envy,31,38
dovish,especi,6,2.807360337332418e-6,0.6931471805599453,1.9459139026377825e-6,especial,22,22
dovish,expo,6,2.807360337332418e-6,0.6931471805599453,1.9459139026377825e-6,expo,32,23
dovish,fatter,6,2.807360337332418e-6,0.6931471805599453,1.9459139026377825e-6,fatter,39,22
dovish,ferrara,6,2.807360337332418e-6,0.6931471805599453,1.9459139026377825e-6,ferrara,21,14
dovish,ferretti,6,2.807360337332418e-6,0.6931471805599453,1.9459139026377825e-6,ferretti,62,27
dovish,fifa,6,2.807360337332418e-6,0.6931471805599453,1.9459139026377825e-6,fifa,25,14
dovish,finnish,6,2.807360337332418e-6,0.6931471805599453,1.9459139026377825e-6,finnish,65,35
dovish,firepow,6,2.807360337332418e-6,0.6931471805599453,1.9459139026377825e-6,firepower,44,35
dovish,flung,6,2.807360337332418e-6,0.6931471805599453,1.9459139026377825e-6,flung,31,30
dovish,flurri,6,2.807360337332418e-6,0.6931471805599453,1.9459139026377825e-6,flurry,26,24
dovish,forgiven,6,2.807360337332418e-6,0.6931471805599453,1.9459139026377825e-6,forgiven,42,41
dovish,forgot,6,2.807360337332418e-6,0.6931471805599453,1.9459139026377825e-6,forgot,24,24
dovish,fork,6,2.807360337332418e-6,0.6931471805599453,1.9459139026377825e-6,fork,9,15
dovish,foul,6,2.807360337332418e-6,0.6931471805599453,1.9459139026377825e-6,foul,35,24
dovish,fpis,6,2.807360337332418e-6,0.6931471805599453,1.9459139026377825e-6,fpis,35,16
dovish,furceri,6,2.807360337332418e-6,0.6931471805599453,1.9459139026377825e-6,furceri,42,29
dovish,gagnon,6,2.807360337332418e-6,0.6931471805599453,1.9459139026377825e-6,gagnon,192,111
dovish,geometr,6,2.807360337332418e-6,0.6931471805599453,1.9459139026377825e-6,geometric,35,32
dovish,goldin,6,2.807360337332418e-6,0.6931471805599453,1.9459139026377825e-6,goldin,51,15
dovish,gracious,6,2.807360337332418e-6,0.6931471805599453,1.9459139026377825e-6,gracious,19,31
dovish,grandchildren,6,2.807360337332418e-6,0.6931471805599453,1.9459139026377825e-6,grandchildren,44,31
dovish,graveyard,6,2.807360337332418e-6,0.6931471805599453,1.9459139026377825e-6,graveyard,23,20
dovish,greg,6,2.807360337332418e-6,0.6931471805599453,1.9459139026377825e-6,greg,47,46
dovish,grossli,6,2.807360337332418e-6,0.6931471805599453,1.9459139026377825e-6,grossly,50,47
dovish,handed,6,2.807360337332418e-6,0.6931471805599453,1.9459139026377825e-6,handedness,21,11
dovish,hart,6,2.807360337332418e-6,0.6931471805599453,1.9459139026377825e-6,hart,40,31
dovish,hatch,6,2.807360337332418e-6,0.6931471805599453,1.9459139026377825e-6,hatch,18,38
dovish,hate,6,2.807360337332418e-6,0.6931471805599453,1.9459139026377825e-6,hate,15,21
dovish,headroom,6,2.807360337332418e-6,0.6931471805599453,1.9459139026377825e-6,headroom,103,54
dovish,heaven,6,2.807360337332418e-6,0.6931471805599453,1.9459139026377825e-6,heaven,19,25
dovish,heir,6,2.807360337332418e-6,0.6931471805599453,1.9459139026377825e-6,heirs,15,21
dovish,helicopt,6,2.807360337332418e-6,0.6931471805599453,1.9459139026377825e-6,helicopter,93,37
dovish,herculean,6,2.807360337332418e-6,0.6931471805599453,1.9459139026377825e-6,herculean,17,17
dovish,hipc,6,2.807360337332418e-6,0.6931471805599453,1.9459139026377825e-6,hipc,30,14
dovish,hirohid,6,2.807360337332418e-6,0.6931471805599453,1.9459139026377825e-6,hirohide,34,17
dovish,hockey,6,2.807360337332418e-6,0.6931471805599453,1.9459139026377825e-6,hockey,18,13
dovish,hoggarth,6,2.807360337332418e-6,0.6931471805599453,1.9459139026377825e-6,hoggarth,40,16
dovish,homebuild,6,2.807360337332418e-6,0.6931471805599453,1.9459139026377825e-6,homebuilding,53,80
dovish,horacio,6,2.807360337332418e-6,0.6931471805599453,1.9459139026377825e-6,horacio,15,11
dovish,hoshi,6,2.807360337332418e-6,0.6931471805599453,1.9459139026377825e-6,hoshi,43,25
dovish,humber,6,2.807360337332418e-6,0.6931471805599453,1.9459139026377825e-6,humber,34,17
dovish,humphrey,6,2.807360337332418e-6,0.6931471805599453,1.9459139026377825e-6,humphrey,78,52
dovish,hydro,6,2.807360337332418e-6,0.6931471805599453,1.9459139026377825e-6,hydro,18,11
dovish,ibra,6,2.807360337332418e-6,0.6931471805599453,1.9459139026377825e-6,ibra,82,12
dovish,icon,6,2.807360337332418e-6,0.6931471805599453,1.9459139026377825e-6,iconic,28,44
dovish,ifsb,6,2.807360337332418e-6,0.6931471805599453,1.9459139026377825e-6,ifsb,56,18
dovish,immateri,6,2.807360337332418e-6,0.6931471805599453,1.9459139026377825e-6,immaterial,27,24
dovish,immatur,6,2.807360337332418e-6,0.6931471805599453,1.9459139026377825e-6,immature,22,27
dovish,immov,6,2.807360337332418e-6,0.6931471805599453,1.9459139026377825e-6,immovable,26,24
dovish,indiana,6,2.807360337332418e-6,0.6931471805599453,1.9459139026377825e-6,indiana,23,18
dovish,interlocutor,6,2.807360337332418e-6,0.6931471805599453,1.9459139026377825e-6,interlocutor,11,18
dovish,interquartil,6,2.807360337332418e-6,0.6931471805599453,1.9459139026377825e-6,interquartile,42,27
dovish,iphon,6,2.807360337332418e-6,0.6931471805599453,1.9459139026377825e-6,iphone,39,24
dovish,jawaharl,6,2.807360337332418e-6,0.6931471805599453,1.9459139026377825e-6,jawaharlal,21,17
dovish,jigsaw,6,2.807360337332418e-6,0.6931471805599453,1.9459139026377825e-6,jigsaw,38,26
dovish,jumbo,6,2.807360337332418e-6,0.6931471805599453,1.9459139026377825e-6,jumbo,65,44
dovish,jumptart,6,2.807360337332418e-6,0.6931471805599453,1.9459139026377825e-6,jumptart,41,13
dovish,kalem,6,2.807360337332418e-6,0.6931471805599453,1.9459139026377825e-6,kalemli,52,43
dovish,kamesam,6,2.807360337332418e-6,0.6931471805599453,1.9459139026377825e-6,kamesam,27,19
dovish,kamin,6,2.807360337332418e-6,0.6931471805599453,1.9459139026377825e-6,kamin,88,64
dovish,known,6,2.807360337332418e-6,0.6931471805599453,1.9459139026377825e-6,knowns,24,11
dovish,lac,6,2.807360337332418e-6,0.6931471805599453,1.9459139026377825e-6,lac,31,11
dovish,leapfrog,6,2.807360337332418e-6,0.6931471805599453,1.9459139026377825e-6,leapfrog,27,30
dovish,lite,6,2.807360337332418e-6,0.6931471805599453,1.9459139026377825e-6,lite,44,32
dovish,lok,6,2.807360337332418e-6,0.6931471805599453,1.9459139026377825e-6,lok,23,18
dovish,longitudin,6,2.807360337332418e-6,0.6931471805599453,1.9459139026377825e-6,longitudinal,33,28
dovish,lowcost,6,2.807360337332418e-6,0.6931471805599453,1.9459139026377825e-6,lowcost,10,10
dovish,ltvs,6,2.807360337332418e-6,0.6931471805599453,1.9459139026377825e-6,ltvs,29,18
dovish,lukasz,6,2.807360337332418e-6,0.6931471805599453,1.9459139026377825e-6,lukasz,33,28
dovish,lvr,6,2.807360337332418e-6,0.6931471805599453,1.9459139026377825e-6,lvr,35,15
dovish,mach,6,2.807360337332418e-6,0.6931471805599453,1.9459139026377825e-6,mach,17,13
dovish,madouro,6,2.807360337332418e-6,0.6931471805599453,1.9459139026377825e-6,madouros,36,24
dovish,mann,6,2.807360337332418e-6,0.6931471805599453,1.9459139026377825e-6,mann,136,60
dovish,mantl,6,2.807360337332418e-6,0.6931471805599453,1.9459139026377825e-6,mantle,21,20
dovish,microloan,6,2.807360337332418e-6,0.6931471805599453,1.9459139026377825e-6,microloan,10,11
dovish,miyao,6,2.807360337332418e-6,0.6931471805599453,1.9459139026377825e-6,miyao,52,23
dovish,mojon,6,2.807360337332418e-6,0.6931471805599453,1.9459139026377825e-6,mojon,99,56
dovish,moll,6,2.807360337332418e-6,0.6931471805599453,1.9459139026377825e-6,moll,35,21
dovish,moncton,6,2.807360337332418e-6,0.6931471805599453,1.9459139026377825e-6,moncton,17,11
dovish,mulya,6,2.807360337332418e-6,0.6931471805599453,1.9459139026377825e-6,mulya,20,12
dovish,murat,6,2.807360337332418e-6,0.6931471805599453,1.9459139026377825e-6,murat,33,29
dovish,murki,6,2.807360337332418e-6,0.6931471805599453,1.9459139026377825e-6,murky,23,22
dovish,newman,6,2.807360337332418e-6,0.6931471805599453,1.9459139026377825e-6,newman,32,16
dovish,newslett,6,2.807360337332418e-6,0.6931471805599453,1.9459139026377825e-6,newsletter,29,41
dovish,nielsen,6,2.807360337332418e-6,0.6931471805599453,1.9459139026377825e-6,nielsen,38,37
dovish,noncash,6,2.807360337332418e-6,0.6931471805599453,1.9459139026377825e-6,noncash,39,24
dovish,nucleus,6,2.807360337332418e-6,0.6931471805599453,1.9459139026377825e-6,nucleus,16,15
dovish,ordonez,6,2.807360337332418e-6,0.6931471805599453,1.9459139026377825e-6,ordonez,16,11
dovish,overleverag,6,2.807360337332418e-6,0.6931471805599453,1.9459139026377825e-6,overleveraged,26,32
dovish,oversaw,6,2.807360337332418e-6,0.6931471805599453,1.9459139026377825e-6,oversaw,20,17
dovish,overspend,6,2.807360337332418e-6,0.6931471805599453,1.9459139026377825e-6,overspending,11,16
dovish,ozcan,6,2.807360337332418e-6,0.6931471805599453,1.9459139026377825e-6,ozcan,50,41
dovish,parliamentarian,6,2.807360337332418e-6,0.6931471805599453,1.9459139026377825e-6,parliamentarians,29,32
dovish,partha,6,2.807360337332418e-6,0.6931471805599453,1.9459139026377825e-6,partha,27,26
dovish,petrochem,6,2.807360337332418e-6,0.6931471805599453,1.9459139026377825e-6,petrochemical,23,33
dovish,pig,6,2.807360337332418e-6,0.6931471805599453,1.9459139026377825e-6,pig,12,17
dovish,plight,6,2.807360337332418e-6,0.6931471805599453,1.9459139026377825e-6,plight,42,40
dovish,pnfcs,6,2.807360337332418e-6,0.6931471805599453,1.9459139026377825e-6,pnfcs,106,41
dovish,podcast,6,2.807360337332418e-6,0.6931471805599453,1.9459139026377825e-6,podcast,11,16
dovish,pope,6,2.807360337332418e-6,0.6931471805599453,1.9459139026377825e-6,pope,28,23
dovish,portend,6,2.807360337332418e-6,0.6931471805599453,1.9459139026377825e-6,portend,22,38
dovish,potenc,6,2.807360337332418e-6,0.6931471805599453,1.9459139026377825e-6,potency,55,52
dovish,preponder,6,2.807360337332418e-6,0.6931471805599453,1.9459139026377825e-6,preponderance,55,67
dovish,professionalis,6,2.807360337332418e-6,0.6931471805599453,1.9459139026377825e-6,professionalisation,10,21
dovish,programmat,6,2.807360337332418e-6,0.6931471805599453,1.9459139026377825e-6,programmatic,18,16
dovish,pvp,6,2.807360337332418e-6,0.6931471805599453,1.9459139026377825e-6,pvp,34,19
dovish,quintini,6,2.807360337332418e-6,0.6931471805599453,1.9459139026377825e-6,quintini,34,21
dovish,qureshi,6,2.807360337332418e-6,0.6931471805599453,1.9459139026377825e-6,qureshi,21,17
dovish,rabi,6,2.807360337332418e-6,0.6931471805599453,1.9459139026377825e-6,rabi,35,22
dovish,rap,6,2.807360337332418e-6,0.6931471805599453,1.9459139026377825e-6,rap,15,12
dovish,raphael,6,2.807360337332418e-6,0.6931471805599453,1.9459139026377825e-6,raphael,38,33
dovish,realtor,6,2.807360337332418e-6,0.6931471805599453,1.9459139026377825e-6,realtors,28,20
dovish,rearrang,6,2.807360337332418e-6,0.6931471805599453,1.9459139026377825e-6,rearrange,18,45
dovish,reboot,6,2.807360337332418e-6,0.6931471805599453,1.9459139026377825e-6,rebooting,14,19
dovish,reer,6,2.807360337332418e-6,0.6931471805599453,1.9459139026377825e-6,reer,42,21
dovish,regener,6,2.807360337332418e-6,0.6931471805599453,1.9459139026377825e-6,regeneration,32,35
dovish,relearn,6,2.807360337332418e-6,0.6931471805599453,1.9459139026377825e-6,relearned,10,16
dovish,reload,6,2.807360337332418e-6,0.6931471805599453,1.9459139026377825e-6,reloadable,6,14
dovish,respiratori,6,2.807360337332418e-6,0.6931471805599453,1.9459139026377825e-6,respiratory,33,31
dovish,rewritten,6,2.807360337332418e-6,0.6931471805599453,1.9459139026377825e-6,rewritten,18,16
dovish,rife,6,2.807360337332418e-6,0.6931471805599453,1.9459139026377825e-6,rife,28,28
dovish,riskshar,6,2.807360337332418e-6,0.6931471805599453,1.9459139026377825e-6,risksharing,33,31
dovish,rotman,6,2.807360337332418e-6,0.6931471805599453,1.9459139026377825e-6,rotman,20,14
dovish,rudimentari,6,2.807360337332418e-6,0.6931471805599453,1.9459139026377825e-6,rudimentary,48,48
dovish,saez,6,2.807360337332418e-6,0.6931471805599453,1.9459139026377825e-6,saez,26,14
dovish,salut,6,2.807360337332418e-6,0.6931471805599453,1.9459139026377825e-6,salute,28,32
dovish,santiago,6,2.807360337332418e-6,0.6931471805599453,1.9459139026377825e-6,santiago,35,30
dovish,sapriza,6,2.807360337332418e-6,0.6931471805599453,1.9459139026377825e-6,sapriza,24,11
dovish,sayuri,6,2.807360337332418e-6,0.6931471805599453,1.9459139026377825e-6,sayuri,63,23
dovish,scorecard,6,2.807360337332418e-6,0.6931471805599453,1.9459139026377825e-6,scorecard,35,28
dovish,secom,6,2.807360337332418e-6,0.6931471805599453,1.9459139026377825e-6,secom,24,16
dovish,sehr,6,2.807360337332418e-6,0.6931471805599453,1.9459139026377825e-6,sehr,72,29
dovish,seth,6,2.807360337332418e-6,0.6931471805599453,1.9459139026377825e-6,seth,21,17
dovish,shackl,6,2.807360337332418e-6,0.6931471805599453,1.9459139026377825e-6,shackle,27,48
dovish,shipbuild,6,2.807360337332418e-6,0.6931471805599453,1.9459139026377825e-6,shipbuilding,38,26
dovish,shirai,6,2.807360337332418e-6,0.6931471805599453,1.9459139026377825e-6,shirai,68,24
dovish,silli,6,2.807360337332418e-6,0.6931471805599453,1.9459139026377825e-6,silly,23,22
dovish,simmer,6,2.807360337332418e-6,0.6931471805599453,1.9459139026377825e-6,simmering,17,20
dovish,slf,6,2.807360337332418e-6,0.6931471805599453,1.9459139026377825e-6,slf,21,11
dovish,snap,6,2.807360337332418e-6,0.6931471805599453,1.9459139026377825e-6,snap,51,42
dovish,soup,6,2.807360337332418e-6,0.6931471805599453,1.9459139026377825e-6,soup,14,15
dovish,spn,6,2.807360337332418e-6,0.6931471805599453,1.9459139026377825e-6,spn,34,31
dovish,stephan,6,2.807360337332418e-6,0.6931471805599453,1.9459139026377825e-6,stephan,12,19
dovish,stormi,6,2.807360337332418e-6,0.6931471805599453,1.9459139026377825e-6,stormy,38,34
dovish,strate,6,2.807360337332418e-6,0.6931471805599453,1.9459139026377825e-6,strate,16,11
dovish,subsector,6,2.807360337332418e-6,0.6931471805599453,1.9459139026377825e-6,subsectors,60,33
dovish,suck,6,2.807360337332418e-6,0.6931471805599453,1.9459139026377825e-6,suck,10,28
dovish,sunil,6,2.807360337332418e-6,0.6931471805599453,1.9459139026377825e-6,sunil,17,16
dovish,superb,6,2.807360337332418e-6,0.6931471805599453,1.9459139026377825e-6,superb,23,23
dovish,supersed,6,2.807360337332418e-6,0.6931471805599453,1.9459139026377825e-6,superseded,30,53
dovish,swt,6,2.807360337332418e-6,0.6931471805599453,1.9459139026377825e-6,swt,39,33
dovish,swung,6,2.807360337332418e-6,0.6931471805599453,1.9459139026377825e-6,swung,73,67
dovish,taboo,6,2.807360337332418e-6,0.6931471805599453,1.9459139026377825e-6,taboo,12,17
dovish,taka,6,2.807360337332418e-6,0.6931471805599453,1.9459139026377825e-6,takaful,15,10
dovish,tardi,6,2.807360337332418e-6,0.6931471805599453,1.9459139026377825e-6,tardy,22,22
dovish,terra,6,2.807360337332418e-6,0.6931471805599453,1.9459139026377825e-6,terra,21,14
dovish,thefinanci,6,2.807360337332418e-6,0.6931471805599453,1.9459139026377825e-6,thefinancial,17,12
dovish,thorni,6,2.807360337332418e-6,0.6931471805599453,1.9459139026377825e-6,thorny,53,53
dovish,tila,6,2.807360337332418e-6,0.6931471805599453,1.9459139026377825e-6,tila,151,22
dovish,touchston,6,2.807360337332418e-6,0.6931471805599453,1.9459139026377825e-6,touchstone,25,25
dovish,transistor,6,2.807360337332418e-6,0.6931471805599453,1.9459139026377825e-6,transistor,25,29
dovish,twi,6,2.807360337332418e-6,0.6931471805599453,1.9459139026377825e-6,twi,36,13
dovish,unaddress,6,2.807360337332418e-6,0.6931471805599453,1.9459139026377825e-6,unaddressed,82,78
dovish,unalt,6,2.807360337332418e-6,0.6931471805599453,1.9459139026377825e-6,unaltered,27,22
dovish,unconfirm,6,2.807360337332418e-6,0.6931471805599453,1.9459139026377825e-6,unconfirmed,15,10
dovish,uneas,6,2.807360337332418e-6,0.6931471805599453,1.9459139026377825e-6,unease,54,48
dovish,uneasi,6,2.807360337332418e-6,0.6931471805599453,1.9459139026377825e-6,uneasy,54,70
dovish,universita,6,2.807360337332418e-6,0.6931471805599453,1.9459139026377825e-6,universita,17,17
dovish,unseason,6,2.807360337332418e-6,0.6931471805599453,1.9459139026377825e-6,unseasonal,10,21
dovish,unutilis,6,2.807360337332418e-6,0.6931471805599453,1.9459139026377825e-6,unutilised,21,20
dovish,upbeat,6,2.807360337332418e-6,0.6931471805599453,1.9459139026377825e-6,upbeat,86,79
dovish,upscal,6,2.807360337332418e-6,0.6931471805599453,1.9459139026377825e-6,upscaling,12,19
dovish,vayano,6,2.807360337332418e-6,0.6931471805599453,1.9459139026377825e-6,vayanos,67,36
dovish,veer,6,2.807360337332418e-6,0.6931471805599453,1.9459139026377825e-6,veer,17,39
dovish,vend,6,2.807360337332418e-6,0.6931471805599453,1.9459139026377825e-6,vending,32,30
dovish,vepa,6,2.807360337332418e-6,0.6931471805599453,1.9459139026377825e-6,vepa,26,19
dovish,verma,6,2.807360337332418e-6,0.6931471805599453,1.9459139026377825e-6,verma,20,19
dovish,versaill,6,2.807360337332418e-6,0.6931471805599453,1.9459139026377825e-6,versailles,26,12
dovish,vessel,6,2.807360337332418e-6,0.6931471805599453,1.9459139026377825e-6,vessel,25,40
dovish,vortex,6,2.807360337332418e-6,0.6931471805599453,1.9459139026377825e-6,vortex,34,24
dovish,wadsworth,6,2.807360337332418e-6,0.6931471805599453,1.9459139026377825e-6,wadsworth,42,14
dovish,wedow,6,2.807360337332418e-6,0.6931471805599453,1.9459139026377825e-6,wedow,14,10
dovish,weil,6,2.807360337332418e-6,0.6931471805599453,1.9459139026377825e-6,weil,27,15
dovish,welt,6,2.807360337332418e-6,0.6931471805599453,1.9459139026377825e-6,welt,18,19
dovish,wharton,6,2.807360337332418e-6,0.6931471805599453,1.9459139026377825e-6,wharton,37,29
dovish,xii,6,2.807360337332418e-6,0.6931471805599453,1.9459139026377825e-6,xii,27,22
dovish,yogyakarta,6,2.807360337332418e-6,0.6931471805599453,1.9459139026377825e-6,yogyakarta,30,15
dovish,youtub,6,2.807360337332418e-6,0.6931471805599453,1.9459139026377825e-6,youtube,19,18
dovish,zimbabw,6,2.807360337332418e-6,0.6931471805599453,1.9459139026377825e-6,zimbabwe,45,29
dovish,abspp,5,2.339466947777015e-6,0.6931471805599453,1.6215949188648186e-6,abspp,29,19
dovish,adulthood,5,2.339466947777015e-6,0.6931471805599453,1.6215949188648186e-6,adulthood,19,18
dovish,afresh,5,2.339466947777015e-6,0.6931471805599453,1.6215949188648186e-6,afresh,26,25
dovish,agoni,5,2.339466947777015e-6,0.6931471805599453,1.6215949188648186e-6,agony,20,15
dovish,alberto,5,2.339466947777015e-6,0.6931471805599453,1.6215949188648186e-6,alberto,71,62
dovish,aluminum,5,2.339466947777015e-6,0.6931471805599453,1.6215949188648186e-6,aluminum,33,28
dovish,amartya,5,2.339466947777015e-6,0.6931471805599453,1.6215949188648186e-6,amartya,24,20
dovish,ami,5,2.339466947777015e-6,0.6931471805599453,1.6215949188648186e-6,amy,27,34
dovish,anc,5,2.339466947777015e-6,0.6931471805599453,1.6215949188648186e-6,anc,16,16
dovish,andgentlemen,5,2.339466947777015e-6,0.6931471805599453,1.6215949188648186e-6,andgentlemen,19,19
dovish,angus,5,2.339466947777015e-6,0.6931471805599453,1.6215949188648186e-6,angus,35,33
dovish,anticompetit,5,2.339466947777015e-6,0.6931471805599453,1.6215949188648186e-6,anticompetitive,22,19
dovish,apf,5,2.339466947777015e-6,0.6931471805599453,1.6215949188648186e-6,apf,156,48
dovish,approx,5,2.339466947777015e-6,0.6931471805599453,1.6215949188648186e-6,approx,24,19
dovish,aptitud,5,2.339466947777015e-6,0.6931471805599453,1.6215949188648186e-6,aptitude,19,17
dovish,archetyp,5,2.339466947777015e-6,0.6931471805599453,1.6215949188648186e-6,archetypal,5,16
dovish,artifact,5,2.339466947777015e-6,0.6931471805599453,1.6215949188648186e-6,artifacts,9,16
dovish,artisan,5,2.339466947777015e-6,0.6931471805599453,1.6215949188648186e-6,artisans,26,34
dovish,ascent,5,2.339466947777015e-6,0.6931471805599453,1.6215949188648186e-6,ascent,60,53
dovish,atish,5,2.339466947777015e-6,0.6931471805599453,1.6215949188648186e-6,atish,18,15
dovish,auxiliari,5,2.339466947777015e-6,0.6931471805599453,1.6215949188648186e-6,auxiliary,29,30
dovish,avatar,5,2.339466947777015e-6,0.6931471805599453,1.6215949188648186e-6,avatar,7,10
dovish,bachus,5,2.339466947777015e-6,0.6931471805599453,1.6215949188648186e-6,bachus,35,34
dovish,bahrain,5,2.339466947777015e-6,0.6931471805599453,1.6215949188648186e-6,bahrain,19,11
dovish,bancon,5,2.339466947777015e-6,0.6931471805599453,1.6215949188648186e-6,bancon,21,15
dovish,barnier,5,2.339466947777015e-6,0.6931471805599453,1.6215949188648186e-6,barnier,15,14
dovish,barrdear,5,2.339466947777015e-6,0.6931471805599453,1.6215949188648186e-6,barrdear,19,14
dovish,barrett,5,2.339466947777015e-6,0.6931471805599453,1.6215949188648186e-6,barrett,17,15
dovish,baumann,5,2.339466947777015e-6,0.6931471805599453,1.6215949188648186e-6,baumann,15,13
dovish,bayer,5,2.339466947777015e-6,0.6931471805599453,1.6215949188648186e-6,bayer,21,10
dovish,belov,5,2.339466947777015e-6,0.6931471805599453,1.6215949188648186e-6,beloved,34,33
dovish,benassi,5,2.339466947777015e-6,0.6931471805599453,1.6215949188648186e-6,benassy,21,14
dovish,benford,5,2.339466947777015e-6,0.6931471805599453,1.6215949188648186e-6,benford,30,26
dovish,berkelman,5,2.339466947777015e-6,0.6931471805599453,1.6215949188648186e-6,berkelmans,11,10
dovish,bernard,5,2.339466947777015e-6,0.6931471805599453,1.6215949188648186e-6,bernard,56,29
dovish,betray,5,2.339466947777015e-6,0.6931471805599453,1.6215949188648186e-6,betray,11,27
dovish,bhutan,5,2.339466947777015e-6,0.6931471805599453,1.6215949188648186e-6,bhutan,58,28
dovish,blundel,5,2.339466947777015e-6,0.6931471805599453,1.6215949188648186e-6,blundell,42,20
dovish,boc,5,2.339466947777015e-6,0.6931471805599453,1.6215949188648186e-6,boc,19,15
dovish,botswana,5,2.339466947777015e-6,0.6931471805599453,1.6215949188648186e-6,botswana,32,24
dovish,brigad,5,2.339466947777015e-6,0.6931471805599453,1.6215949188648186e-6,brigade,17,16
dovish,bsbdas,5,2.339466947777015e-6,0.6931471805599453,1.6215949188648186e-6,bsbdas,26,13
dovish,budg,5,2.339466947777015e-6,0.6931471805599453,1.6215949188648186e-6,budged,21,24
dovish,bulg,5,2.339466947777015e-6,0.6931471805599453,1.6215949188648186e-6,bulge,21,28
dovish,butter,5,2.339466947777015e-6,0.6931471805599453,1.6215949188648186e-6,butter,32,31
dovish,buzzword,5,2.339466947777015e-6,0.6931471805599453,1.6215949188648186e-6,buzzword,24,34
dovish,cafe,5,2.339466947777015e-6,0.6931471805599453,1.6215949188648186e-6,cafes,13,20
dovish,canner,5,2.339466947777015e-6,0.6931471805599453,1.6215949188648186e-6,canner,32,18
dovish,canvass,5,2.339466947777015e-6,0.6931471805599453,1.6215949188648186e-6,canvass,9,22
dovish,carpet,5,2.339466947777015e-6,0.6931471805599453,1.6215949188648186e-6,carpet,11,14
dovish,ceic,5,2.339466947777015e-6,0.6931471805599453,1.6215949188648186e-6,ceic,54,38
dovish,centerpiec,5,2.339466947777015e-6,0.6931471805599453,1.6215949188648186e-6,centerpiece,25,25
dovish,chapman,5,2.339466947777015e-6,0.6931471805599453,1.6215949188648186e-6,chapman,38,32
dovish,chatterje,5,2.339466947777015e-6,0.6931471805599453,1.6215949188648186e-6,chatterjee,11,10
dovish,cheapest,5,2.339466947777015e-6,0.6931471805599453,1.6215949188648186e-6,cheapest,36,33
dovish,checkout,5,2.339466947777015e-6,0.6931471805599453,1.6215949188648186e-6,checkout,36,38
dovish,chg,5,2.339466947777015e-6,0.6931471805599453,1.6215949188648186e-6,chg,953,129
dovish,chidambaram,5,2.339466947777015e-6,0.6931471805599453,1.6215949188648186e-6,chidambaram,23,16
dovish,chiu,5,2.339466947777015e-6,0.6931471805599453,1.6215949188648186e-6,chiu,46,38
dovish,choppi,5,2.339466947777015e-6,0.6931471805599453,1.6215949188648186e-6,choppy,37,42
dovish,christina,5,2.339466947777015e-6,0.6931471805599453,1.6215949188648186e-6,christina,87,66
dovish,chung,5,2.339466947777015e-6,0.6931471805599453,1.6215949188648186e-6,chung,77,44
dovish,cleanup,5,2.339466947777015e-6,0.6931471805599453,1.6215949188648186e-6,cleanup,20,19
dovish,cmim,5,2.339466947777015e-6,0.6931471805599453,1.6215949188648186e-6,cmim,75,24
dovish,cole,5,2.339466947777015e-6,0.6931471805599453,1.6215949188648186e-6,cole,21,13
dovish,colloqui,5,2.339466947777015e-6,0.6931471805599453,1.6215949188648186e-6,colloquially,31,36
dovish,conceptualis,5,2.339466947777015e-6,0.6931471805599453,1.6215949188648186e-6,conceptualised,13,24
dovish,convex,5,2.339466947777015e-6,0.6931471805599453,1.6215949188648186e-6,convex,36,43
dovish,cop,5,2.339466947777015e-6,0.6931471805599453,1.6215949188648186e-6,cop,42,21
dovish,corp,5,2.339466947777015e-6,0.6931471805599453,1.6215949188648186e-6,corps,35,50
dovish,corrado,5,2.339466947777015e-6,0.6931471805599453,1.6215949188648186e-6,corrado,73,28
dovish,corsetti,5,2.339466947777015e-6,0.6931471805599453,1.6215949188648186e-6,corsetti,46,22
dovish,costeffect,5,2.339466947777015e-6,0.6931471805599453,1.6215949188648186e-6,costeffective,13,18
dovish,couch,5,2.339466947777015e-6,0.6931471805599453,1.6215949188648186e-6,couched,28,36
dovish,countryspecif,5,2.339466947777015e-6,0.6931471805599453,1.6215949188648186e-6,countryspecific,33,32
dovish,covar,5,2.339466947777015e-6,0.6931471805599453,1.6215949188648186e-6,covar,32,16
dovish,crdiv,5,2.339466947777015e-6,0.6931471805599453,1.6215949188648186e-6,crdiv,33,12
dovish,croni,5,2.339466947777015e-6,0.6931471805599453,1.6215949188648186e-6,crony,28,18
dovish,crt,5,2.339466947777015e-6,0.6931471805599453,1.6215949188648186e-6,crt,46,16
dovish,dale,5,2.339466947777015e-6,0.6931471805599453,1.6215949188648186e-6,dale,175,103
dovish,daughter,5,2.339466947777015e-6,0.6931471805599453,1.6215949188648186e-6,daughter,26,37
dovish,daylight,5,2.339466947777015e-6,0.6931471805599453,1.6215949188648186e-6,daylight,36,27
dovish,deaton,5,2.339466947777015e-6,0.6931471805599453,1.6215949188648186e-6,deaton,23,13
dovish,debthold,5,2.339466947777015e-6,0.6931471805599453,1.6215949188648186e-6,debtholders,14,10
dovish,debunk,5,2.339466947777015e-6,0.6931471805599453,1.6215949188648186e-6,debunking,8,15
dovish,deconstruct,5,2.339466947777015e-6,0.6931471805599453,1.6215949188648186e-6,deconstructing,15,22
dovish,deflect,5,2.339466947777015e-6,0.6931471805599453,1.6215949188648186e-6,deflected,17,38
dovish,delong,5,2.339466947777015e-6,0.6931471805599453,1.6215949188648186e-6,delong,46,26
dovish,demat,5,2.339466947777015e-6,0.6931471805599453,1.6215949188648186e-6,demat,24,16
dovish,desmond,5,2.339466947777015e-6,0.6931471805599453,1.6215949188648186e-6,desmond,26,16
dovish,dfr,5,2.339466947777015e-6,0.6931471805599453,1.6215949188648186e-6,dfr,81,28
dovish,diebold,5,2.339466947777015e-6,0.6931471805599453,1.6215949188648186e-6,diebold,28,11
dovish,diesel,5,2.339466947777015e-6,0.6931471805599453,1.6215949188648186e-6,diesel,60,50
dovish,dignifi,5,2.339466947777015e-6,0.6931471805599453,1.6215949188648186e-6,dignified,17,17
dovish,dignitari,5,2.339466947777015e-6,0.6931471805599453,1.6215949188648186e-6,dignitaries,36,32
dovish,diplomat,5,2.339466947777015e-6,0.6931471805599453,1.6215949188648186e-6,diplomatic,80,78
dovish,discredit,5,2.339466947777015e-6,0.6931471805599453,1.6215949188648186e-6,discredited,37,48
dovish,disincentivis,5,2.339466947777015e-6,0.6931471805599453,1.6215949188648186e-6,disincentivising,13,27
dovish,diw,5,2.339466947777015e-6,0.6931471805599453,1.6215949188648186e-6,diw,16,14
dovish,dns,5,2.339466947777015e-6,0.6931471805599453,1.6215949188648186e-6,dns,39,10
dovish,documentari,5,2.339466947777015e-6,0.6931471805599453,1.6215949188648186e-6,documentary,31,25
dovish,dragon,5,2.339466947777015e-6,0.6931471805599453,1.6215949188648186e-6,dragon,23,20
dovish,dss,5,2.339466947777015e-6,0.6931471805599453,1.6215949188648186e-6,dss,20,12
dovish,dudley,5,2.339466947777015e-6,0.6931471805599453,1.6215949188648186e-6,dudley,42,30
dovish,dull,5,2.339466947777015e-6,0.6931471805599453,1.6215949188648186e-6,dull,37,42
dovish,dybvig,5,2.339466947777015e-6,0.6931471805599453,1.6215949188648186e-6,dybvig,63,37
dovish,ebulli,5,2.339466947777015e-6,0.6931471805599453,1.6215949188648186e-6,ebullient,15,20
dovish,ecfin,5,2.339466947777015e-6,0.6931471805599453,1.6215949188648186e-6,ecfin,23,17
dovish,ecommerc,5,2.339466947777015e-6,0.6931471805599453,1.6215949188648186e-6,ecommerce,21,21
dovish,econd,5,2.339466947777015e-6,0.6931471805599453,1.6215949188648186e-6,econd,24,23
dovish,eib,5,2.339466947777015e-6,0.6931471805599453,1.6215949188648186e-6,eib,69,45
dovish,electrif,5,2.339466947777015e-6,0.6931471805599453,1.6215949188648186e-6,electrification,48,45
dovish,emilio,5,2.339466947777015e-6,0.6931471805599453,1.6215949188648186e-6,emilio,13,12
dovish,eponym,5,2.339466947777015e-6,0.6931471805599453,1.6215949188648186e-6,eponymous,19,19
dovish,erceg,5,2.339466947777015e-6,0.6931471805599453,1.6215949188648186e-6,erceg,127,65
dovish,esrc,5,2.339466947777015e-6,0.6931471805599453,1.6215949188648186e-6,esrc,29,13
dovish,eun,5,2.339466947777015e-6,0.6931471805599453,1.6215949188648186e-6,eun,28,15
dovish,euronext,5,2.339466947777015e-6,0.6931471805599453,1.6215949188648186e-6,euronext,12,10
dovish,expressway,5,2.339466947777015e-6,0.6931471805599453,1.6215949188648186e-6,expressway,18,19
dovish,fama,5,2.339466947777015e-6,0.6931471805599453,1.6215949188648186e-6,fama,31,17
dovish,fcl,5,2.339466947777015e-6,0.6931471805599453,1.6215949188648186e-6,fcl,33,20
dovish,fickl,5,2.339466947777015e-6,0.6931471805599453,1.6215949188648186e-6,fickle,26,28
dovish,finlay,5,2.339466947777015e-6,0.6931471805599453,1.6215949188648186e-6,finlay,16,12
dovish,fiveyear,5,2.339466947777015e-6,0.6931471805599453,1.6215949188648186e-6,fiveyear,21,23
dovish,flipsid,5,2.339466947777015e-6,0.6931471805599453,1.6215949188648186e-6,flipside,43,43
dovish,frbs,5,2.339466947777015e-6,0.6931471805599453,1.6215949188648186e-6,frbs,22,11
dovish,freefal,5,2.339466947777015e-6,0.6931471805599453,1.6215949188648186e-6,freefall,25,22
dovish,frugal,5,2.339466947777015e-6,0.6931471805599453,1.6215949188648186e-6,frugal,17,18
dovish,fullfledg,5,2.339466947777015e-6,0.6931471805599453,1.6215949188648186e-6,fullfledged,20,21
dovish,fusion,5,2.339466947777015e-6,0.6931471805599453,1.6215949188648186e-6,fusion,27,23
dovish,gabaix,5,2.339466947777015e-6,0.6931471805599453,1.6215949188648186e-6,gabaix,36,16
dovish,gale,5,2.339466947777015e-6,0.6931471805599453,1.6215949188648186e-6,gale,80,53
dovish,geanakoplo,5,2.339466947777015e-6,0.6931471805599453,1.6215949188648186e-6,geanakoplos,34,22
dovish,gerard,5,2.339466947777015e-6,0.6931471805599453,1.6215949188648186e-6,gerard,34,25
dovish,gfsn,5,2.339466947777015e-6,0.6931471805599453,1.6215949188648186e-6,gfsn,80,20
dovish,gillian,5,2.339466947777015e-6,0.6931471805599453,1.6215949188648186e-6,gillian,19,14
dovish,glacial,5,2.339466947777015e-6,0.6931471805599453,1.6215949188648186e-6,glacial,18,18
dovish,glare,5,2.339466947777015e-6,0.6931471805599453,1.6215949188648186e-6,glaring,33,50
dovish,griffoli,5,2.339466947777015e-6,0.6931471805599453,1.6215949188648186e-6,griffoli,16,13
dovish,grilich,5,2.339466947777015e-6,0.6931471805599453,1.6215949188648186e-6,griliches,24,13
dovish,gruber,5,2.339466947777015e-6,0.6931471805599453,1.6215949188648186e-6,gruber,30,22
dovish,gruen,5,2.339466947777015e-6,0.6931471805599453,1.6215949188648186e-6,gruen,60,26
dovish,guardrail,5,2.339466947777015e-6,0.6931471805599453,1.6215949188648186e-6,guardrails,31,28
dovish,gust,5,2.339466947777015e-6,0.6931471805599453,1.6215949188648186e-6,gust,52,30
dovish,gvc,5,2.339466947777015e-6,0.6931471805599453,1.6215949188648186e-6,gvc,33,14
dovish,gyrat,5,2.339466947777015e-6,0.6931471805599453,1.6215949188648186e-6,gyrations,33,41
dovish,hackathon,5,2.339466947777015e-6,0.6931471805599453,1.6215949188648186e-6,hackathon,16,12
dovish,hadad,5,2.339466947777015e-6,0.6931471805599453,1.6215949188648186e-6,hadad,14,13
dovish,hal,5,2.339466947777015e-6,0.6931471805599453,1.6215949188648186e-6,hal,13,12
dovish,hamlet,5,2.339466947777015e-6,0.6931471805599453,1.6215949188648186e-6,hamlet,12,14
dovish,handicraft,5,2.339466947777015e-6,0.6931471805599453,1.6215949188648186e-6,handicrafts,16,15
dovish,harsher,5,2.339466947777015e-6,0.6931471805599453,1.6215949188648186e-6,harsher,29,28
dovish,headach,5,2.339466947777015e-6,0.6931471805599453,1.6215949188648186e-6,headache,13,18
dovish,hectic,5,2.339466947777015e-6,0.6931471805599453,1.6215949188648186e-6,hectic,26,22
dovish,helpless,5,2.339466947777015e-6,0.6931471805599453,1.6215949188648186e-6,helpless,18,21
dovish,homo,5,2.339466947777015e-6,0.6931471805599453,1.6215949188648186e-6,homo,17,12
dovish,honohan,5,2.339466947777015e-6,0.6931471805599453,1.6215949188648186e-6,honohan,22,15
dovish,hurri,5,2.339466947777015e-6,0.6931471805599453,1.6215949188648186e-6,hurry,35,45
dovish,hydrogen,5,2.339466947777015e-6,0.6931471805599453,1.6215949188648186e-6,hydrogen,17,14
dovish,ici,5,2.339466947777015e-6,0.6931471805599453,1.6215949188648186e-6,ici,17,21
dovish,idfc,5,2.339466947777015e-6,0.6931471805599453,1.6215949188648186e-6,idfc,18,10
dovish,if,5,2.339466947777015e-6,0.6931471805599453,1.6215949188648186e-6,ifs,96,70
dovish,ifdp,5,2.339466947777015e-6,0.6931471805599453,1.6215949188648186e-6,ifdp,28,24
dovish,ime,5,2.339466947777015e-6,0.6931471805599453,1.6215949188648186e-6,imes,92,56
dovish,indira,5,2.339466947777015e-6,0.6931471805599453,1.6215949188648186e-6,indira,27,25
dovish,indistinguish,5,2.339466947777015e-6,0.6931471805599453,1.6215949188648186e-6,indistinguishable,50,49
dovish,ingv,5,2.339466947777015e-6,0.6931471805599453,1.6215949188648186e-6,ingves,24,16
dovish,interdeal,5,2.339466947777015e-6,0.6931471805599453,1.6215949188648186e-6,interdealer,33,17
dovish,intermitt,5,2.339466947777015e-6,0.6931471805599453,1.6215949188648186e-6,intermittent,30,56
dovish,interperson,5,2.339466947777015e-6,0.6931471805599453,1.6215949188648186e-6,interpersonal,22,17
dovish,ise,5,2.339466947777015e-6,0.6931471805599453,1.6215949188648186e-6,ise,72,35
dovish,ite,5,2.339466947777015e-6,0.6931471805599453,1.6215949188648186e-6,ites,21,15
dovish,jackman,5,2.339466947777015e-6,0.6931471805599453,1.6215949188648186e-6,jackman,53,33
dovish,jam,5,2.339466947777015e-6,0.6931471805599453,1.6215949188648186e-6,jam,33,41
dovish,joan,5,2.339466947777015e-6,0.6931471805599453,1.6215949188648186e-6,joan,25,20
dovish,justin,5,2.339466947777015e-6,0.6931471805599453,1.6215949188648186e-6,justin,38,37
dovish,kazuo,5,2.339466947777015e-6,0.6931471805599453,1.6215949188648186e-6,kazuo,58,33
dovish,keith,5,2.339466947777015e-6,0.6931471805599453,1.6215949188648186e-6,keith,21,17
dovish,kelli,5,2.339466947777015e-6,0.6931471805599453,1.6215949188648186e-6,kelly,57,35
dovish,kentucki,5,2.339466947777015e-6,0.6931471805599453,1.6215949188648186e-6,kentucky,19,12
dovish,kindergarten,5,2.339466947777015e-6,0.6931471805599453,1.6215949188648186e-6,kindergarten,22,21
dovish,kingston,5,2.339466947777015e-6,0.6931471805599453,1.6215949188648186e-6,kingston,34,29
dovish,kisaragi,5,2.339466947777015e-6,0.6931471805599453,1.6215949188648186e-6,kisaragi,40,24
dovish,kiyotaki,5,2.339466947777015e-6,0.6931471805599453,1.6215949188648186e-6,kiyotaki,86,45
dovish,knit,5,2.339466947777015e-6,0.6931471805599453,1.6215949188648186e-6,knit,25,36
dovish,knott,5,2.339466947777015e-6,0.6931471805599453,1.6215949188648186e-6,knott,13,12
dovish,konferenz,5,2.339466947777015e-6,0.6931471805599453,1.6215949188648186e-6,konferenz,12,11
dovish,kremer,5,2.339466947777015e-6,0.6931471805599453,1.6215949188648186e-6,kremer,21,20
dovish,kuwait,5,2.339466947777015e-6,0.6931471805599453,1.6215949188648186e-6,kuwait,48,32
dovish,landau,5,2.339466947777015e-6,0.6931471805599453,1.6215949188648186e-6,landau,50,34
dovish,landlord,5,2.339466947777015e-6,0.6931471805599453,1.6215949188648186e-6,landlords,39,29
dovish,langfield,5,2.339466947777015e-6,0.6931471805599453,1.6215949188648186e-6,langfield,20,16
dovish,laser,5,2.339466947777015e-6,0.6931471805599453,1.6215949188648186e-6,laser,46,44
dovish,lawmak,5,2.339466947777015e-6,0.6931471805599453,1.6215949188648186e-6,lawmakers,50,48
dovish,layout,5,2.339466947777015e-6,0.6931471805599453,1.6215949188648186e-6,layout,19,22
dovish,lazi,5,2.339466947777015e-6,0.6931471805599453,1.6215949188648186e-6,lazy,23,23
dovish,leaner,5,2.339466947777015e-6,0.6931471805599453,1.6215949188648186e-6,leaner,29,28
dovish,lid,5,2.339466947777015e-6,0.6931471805599453,1.6215949188648186e-6,lid,49,48
dovish,loecker,5,2.339466947777015e-6,0.6931471805599453,1.6215949188648186e-6,loecker,46,12
dovish,londono,5,2.339466947777015e-6,0.6931471805599453,1.6215949188648186e-6,londono,48,12
dovish,lookout,5,2.339466947777015e-6,0.6931471805599453,1.6215949188648186e-6,lookout,33,30
dovish,lowerincom,5,2.339466947777015e-6,0.6931471805599453,1.6215949188648186e-6,lowerincome,21,17
dovish,lump,5,2.339466947777015e-6,0.6931471805599453,1.6215949188648186e-6,lump,73,71
dovish,lyon,5,2.339466947777015e-6,0.6931471805599453,1.6215949188648186e-6,lyon,15,17
dovish,macallan,5,2.339466947777015e-6,0.6931471805599453,1.6215949188648186e-6,macallan,77,74
dovish,maggi,5,2.339466947777015e-6,0.6931471805599453,1.6215949188648186e-6,maggie,18,16
dovish,mahvash,5,2.339466947777015e-6,0.6931471805599453,1.6215949188648186e-6,mahvash,12,10
dovish,mammoth,5,2.339466947777015e-6,0.6931471805599453,1.6215949188648186e-6,mammoth,15,15
dovish,mancini,5,2.339466947777015e-6,0.6931471805599453,1.6215949188648186e-6,mancini,22,20
dovish,marketmak,5,2.339466947777015e-6,0.6931471805599453,1.6215949188648186e-6,marketmaking,9,18
dovish,martinez,5,2.339466947777015e-6,0.6931471805599453,1.6215949188648186e-6,martinez,55,45
dovish,marx,5,2.339466947777015e-6,0.6931471805599453,1.6215949188648186e-6,marx,49,34
dovish,mayoress,5,2.339466947777015e-6,0.6931471805599453,1.6215949188648186e-6,mayoress,34,21
dovish,mckay,5,2.339466947777015e-6,0.6931471805599453,1.6215949188648186e-6,mckay,29,16
dovish,mehl,5,2.339466947777015e-6,0.6931471805599453,1.6215949188648186e-6,mehl,52,30
dovish,mellon,5,2.339466947777015e-6,0.6931471805599453,1.6215949188648186e-6,mellon,35,32
dovish,mercantilist,5,2.339466947777015e-6,0.6931471805599453,1.6215949188648186e-6,mercantilist,17,16
dovish,merkel,5,2.339466947777015e-6,0.6931471805599453,1.6215949188648186e-6,merkel,21,11
dovish,metabol,5,2.339466947777015e-6,0.6931471805599453,1.6215949188648186e-6,metabolism,40,32
dovish,metr,5,2.339466947777015e-6,0.6931471805599453,1.6215949188648186e-6,metres,22,25
dovish,mike,5,2.339466947777015e-6,0.6931471805599453,1.6215949188648186e-6,mike,76,63
dovish,millenium,5,2.339466947777015e-6,0.6931471805599453,1.6215949188648186e-6,millenium,20,15
dovish,mishra,5,2.339466947777015e-6,0.6931471805599453,1.6215949188648186e-6,mishra,26,19
dovish,mitchel,5,2.339466947777015e-6,0.6931471805599453,1.6215949188648186e-6,mitchell,95,55
dovish,modem,5,2.339466947777015e-6,0.6931471805599453,1.6215949188648186e-6,modem,8,10
dovish,monoton,5,2.339466947777015e-6,0.6931471805599453,1.6215949188648186e-6,monotonic,21,33
dovish,mosaic,5,2.339466947777015e-6,0.6931471805599453,1.6215949188648186e-6,mosaic,20,16
dovish,multiannu,5,2.339466947777015e-6,0.6931471805599453,1.6215949188648186e-6,multiannual,16,13
dovish,multidisciplinari,5,2.339466947777015e-6,0.6931471805599453,1.6215949188648186e-6,multidisciplinary,47,40
dovish,multist,5,2.339466947777015e-6,0.6931471805599453,1.6215949188648186e-6,multistate,15,11
dovish,nakaso,5,2.339466947777015e-6,0.6931471805599453,1.6215949188648186e-6,nakaso,99,54
dovish,nandan,5,2.339466947777015e-6,0.6931471805599453,1.6215949188648186e-6,nandan,14,12
dovish,nfa,5,2.339466947777015e-6,0.6931471805599453,1.6215949188648186e-6,nfa,30,13
dovish,nfcs,5,2.339466947777015e-6,0.6931471805599453,1.6215949188648186e-6,nfcs,89,43
dovish,nigh,5,2.339466947777015e-6,0.6931471805599453,1.6215949188648186e-6,nigh,13,13
dovish,nilekani,5,2.339466947777015e-6,0.6931471805599453,1.6215949188648186e-6,nilekani,13,12
dovish,noncor,5,2.339466947777015e-6,0.6931471805599453,1.6215949188648186e-6,noncore,42,28
dovish,nonmemb,5,2.339466947777015e-6,0.6931471805599453,1.6215949188648186e-6,nonmember,15,18
dovish,nonreserv,5,2.339466947777015e-6,0.6931471805599453,1.6215949188648186e-6,nonreserve,11,12
dovish,nordhaus,5,2.339466947777015e-6,0.6931471805599453,1.6215949188648186e-6,nordhaus,37,22
dovish,nourish,5,2.339466947777015e-6,0.6931471805599453,1.6215949188648186e-6,nourished,16,31
dovish,nrega,5,2.339466947777015e-6,0.6931471805599453,1.6215949188648186e-6,nrega,13,10
dovish,of,5,2.339466947777015e-6,0.6931471805599453,1.6215949188648186e-6,offing,31,32
dovish,openingup,5,2.339466947777015e-6,0.6931471805599453,1.6215949188648186e-6,openingup,17,14
dovish,orbit,5,2.339466947777015e-6,0.6931471805599453,1.6215949188648186e-6,orbit,52,21
dovish,outrag,5,2.339466947777015e-6,0.6931471805599453,1.6215949188648186e-6,outrage,15,28
dovish,overstat,5,2.339466947777015e-6,0.6931471805599453,1.6215949188648186e-6,overstatement,24,23
dovish,overus,5,2.339466947777015e-6,0.6931471805599453,1.6215949188648186e-6,overused,13,22
dovish,pamphlet,5,2.339466947777015e-6,0.6931471805599453,1.6215949188648186e-6,pamphlets,18,29
dovish,parastat,5,2.339466947777015e-6,0.6931471805599453,1.6215949188648186e-6,parastatals,8,10
dovish,parenthes,5,2.339466947777015e-6,0.6931471805599453,1.6215949188648186e-6,parentheses,79,55
dovish,patern,5,2.339466947777015e-6,0.6931471805599453,1.6215949188648186e-6,paternity,8,13
dovish,patronag,5,2.339466947777015e-6,0.6931471805599453,1.6215949188648186e-6,patronage,20,16
dovish,paustian,5,2.339466947777015e-6,0.6931471805599453,1.6215949188648186e-6,paustian,54,44
dovish,pawn,5,2.339466947777015e-6,0.6931471805599453,1.6215949188648186e-6,pawn,11,11
dovish,paydown,5,2.339466947777015e-6,0.6931471805599453,1.6215949188648186e-6,paydown,11,13
dovish,persaud,5,2.339466947777015e-6,0.6931471805599453,1.6215949188648186e-6,persaud,33,27
dovish,petersen,5,2.339466947777015e-6,0.6931471805599453,1.6215949188648186e-6,petersen,27,18
dovish,piggyback,5,2.339466947777015e-6,0.6931471805599453,1.6215949188648186e-6,piggyback,14,10
dovish,pindyck,5,2.339466947777015e-6,0.6931471805599453,1.6215949188648186e-6,pindyck,34,19
dovish,pine,5,2.339466947777015e-6,0.6931471805599453,1.6215949188648186e-6,pine,13,12
dovish,pki,5,2.339466947777015e-6,0.6931471805599453,1.6215949188648186e-6,pki,25,14
dovish,plenderleith,5,2.339466947777015e-6,0.6931471805599453,1.6215949188648186e-6,plenderleith,40,27
dovish,pomerleano,5,2.339466947777015e-6,0.6931471805599453,1.6215949188648186e-6,pomerleano,24,18
dovish,porta,5,2.339466947777015e-6,0.6931471805599453,1.6215949188648186e-6,porta,19,13
dovish,poultri,5,2.339466947777015e-6,0.6931471805599453,1.6215949188648186e-6,poultry,60,33
dovish,precommit,5,2.339466947777015e-6,0.6931471805599453,1.6215949188648186e-6,precommitment,20,15
dovish,preemption,5,2.339466947777015e-6,0.6931471805599453,1.6215949188648186e-6,preemptions,23,32
dovish,presumptu,5,2.339466947777015e-6,0.6931471805599453,1.6215949188648186e-6,presumptuous,21,23
dovish,pretext,5,2.339466947777015e-6,0.6931471805599453,1.6215949188648186e-6,pretext,28,27
dovish,prolif,5,2.339466947777015e-6,0.6931471805599453,1.6215949188648186e-6,prolific,25,27
dovish,prose,5,2.339466947777015e-6,0.6931471805599453,1.6215949188648186e-6,prose,20,15
dovish,proudman,5,2.339466947777015e-6,0.6931471805599453,1.6215949188648186e-6,proudman,69,47
dovish,pts,5,2.339466947777015e-6,0.6931471805599453,1.6215949188648186e-6,pts,76,25
dovish,purvey,5,2.339466947777015e-6,0.6931471805599453,1.6215949188648186e-6,purveying,12,13
dovish,purvi,5,2.339466947777015e-6,0.6931471805599453,1.6215949188648186e-6,purvis,26,12
dovish,qis,5,2.339466947777015e-6,0.6931471805599453,1.6215949188648186e-6,qis,69,27
dovish,qld,5,2.339466947777015e-6,0.6931471805599453,1.6215949188648186e-6,qld,15,13
dovish,quer,5,2.339466947777015e-6,0.6931471805599453,1.6215949188648186e-6,quere,21,14
dovish,queri,5,2.339466947777015e-6,0.6931471805599453,1.6215949188648186e-6,queries,46,59
dovish,queu,5,2.339466947777015e-6,0.6931471805599453,1.6215949188648186e-6,queuing,20,21
dovish,quip,5,2.339466947777015e-6,0.6931471805599453,1.6215949188648186e-6,quipped,23,40
dovish,quit,5,2.339466947777015e-6,0.6931471805599453,1.6215949188648186e-6,quit,52,82
dovish,rafael,5,2.339466947777015e-6,0.6931471805599453,1.6215949188648186e-6,rafael,29,25
dovish,raffo,5,2.339466947777015e-6,0.6931471805599453,1.6215949188648186e-6,raffo,23,17
dovish,rai,5,2.339466947777015e-6,0.6931471805599453,1.6215949188648186e-6,rai,14,14
dovish,raiser,5,2.339466947777015e-6,0.6931471805599453,1.6215949188648186e-6,raiser,8,12
dovish,reclassifi,5,2.339466947777015e-6,0.6931471805599453,1.6215949188648186e-6,reclassified,15,20
dovish,recuper,5,2.339466947777015e-6,0.6931471805599453,1.6215949188648186e-6,recuperation,37,31
dovish,refriger,5,2.339466947777015e-6,0.6931471805599453,1.6215949188648186e-6,refrigerators,18,24
dovish,reinsdorf,5,2.339466947777015e-6,0.6931471805599453,1.6215949188648186e-6,reinsdorf,18,12
dovish,remodel,5,2.339466947777015e-6,0.6931471805599453,1.6215949188648186e-6,remodeling,8,17
dovish,reservoir,5,2.339466947777015e-6,0.6931471805599453,1.6215949188648186e-6,reservoir,33,39
dovish,reshuffl,5,2.339466947777015e-6,0.6931471805599453,1.6215949188648186e-6,reshuffle,14,27
dovish,reskil,5,2.339466947777015e-6,0.6931471805599453,1.6215949188648186e-6,reskilling,16,18
dovish,rework,5,2.339466947777015e-6,0.6931471805599453,1.6215949188648186e-6,reworking,16,32
dovish,ridg,5,2.339466947777015e-6,0.6931471805599453,1.6215949188648186e-6,ridge,16,17
dovish,riga,5,2.339466947777015e-6,0.6931471805599453,1.6215949188648186e-6,riga,32,26
dovish,riskmeasur,5,2.339466947777015e-6,0.6931471805599453,1.6215949188648186e-6,riskmeasurement,13,11
dovish,rocket,5,2.339466947777015e-6,0.6931471805599453,1.6215949188648186e-6,rocket,41,52
dovish,rocki,5,2.339466947777015e-6,0.6931471805599453,1.6215949188648186e-6,rocky,39,37
dovish,rohan,5,2.339466947777015e-6,0.6931471805599453,1.6215949188648186e-6,rohan,27,25
dovish,rok,5,2.339466947777015e-6,0.6931471805599453,1.6215949188648186e-6,rok,42,21
dovish,rosen,5,2.339466947777015e-6,0.6931471805599453,1.6215949188648186e-6,rosen,69,48
dovish,rotten,5,2.339466947777015e-6,0.6931471805599453,1.6215949188648186e-6,rotten,12,14
dovish,roubini,5,2.339466947777015e-6,0.6931471805599453,1.6215949188648186e-6,roubini,35,22
dovish,rung,5,2.339466947777015e-6,0.6931471805599453,1.6215949188648186e-6,rung,36,35
dovish,runoff,5,2.339466947777015e-6,0.6931471805599453,1.6215949188648186e-6,runoff,53,40
dovish,ryuzo,5,2.339466947777015e-6,0.6931471805599453,1.6215949188648186e-6,ryuzo,44,20
dovish,santa,5,2.339466947777015e-6,0.6931471805599453,1.6215949188648186e-6,santa,35,27
dovish,sara,5,2.339466947777015e-6,0.6931471805599453,1.6215949188648186e-6,sara,18,16
dovish,selodi,5,2.339466947777015e-6,0.6931471805599453,1.6215949188648186e-6,selody,21,14
dovish,seong,5,2.339466947777015e-6,0.6931471805599453,1.6215949188648186e-6,seong,21,14
dovish,sft,5,2.339466947777015e-6,0.6931471805599453,1.6215949188648186e-6,sft,77,18
dovish,shelbi,5,2.339466947777015e-6,0.6931471805599453,1.6215949188648186e-6,shelby,47,45
dovish,sheng,5,2.339466947777015e-6,0.6931471805599453,1.6215949188648186e-6,sheng,17,13
dovish,shiratsuka,5,2.339466947777015e-6,0.6931471805599453,1.6215949188648186e-6,shiratsuka,59,26
dovish,shutter,5,2.339466947777015e-6,0.6931471805599453,1.6215949188648186e-6,shuttered,12,23
dovish,sidestep,5,2.339466947777015e-6,0.6931471805599453,1.6215949188648186e-6,sidestep,13,25
dovish,sing,5,2.339466947777015e-6,0.6931471805599453,1.6215949188648186e-6,sing,16,27
dovish,sinner,5,2.339466947777015e-6,0.6931471805599453,1.6215949188648186e-6,sinners,16,11
dovish,slovak,5,2.339466947777015e-6,0.6931471805599453,1.6215949188648186e-6,slovak,57,35
dovish,sondermann,5,2.339466947777015e-6,0.6931471805599453,1.6215949188648186e-6,sondermann,13,10
dovish,sop,5,2.339466947777015e-6,0.6931471805599453,1.6215949188648186e-6,sops,8,11
dovish,speedomet,5,2.339466947777015e-6,0.6931471805599453,1.6215949188648186e-6,speedometer,15,11
dovish,sro,5,2.339466947777015e-6,0.6931471805599453,1.6215949188648186e-6,sro,58,27
dovish,stacey,5,2.339466947777015e-6,0.6931471805599453,1.6215949188648186e-6,stacey,26,24
dovish,stapl,5,2.339466947777015e-6,0.6931471805599453,1.6215949188648186e-6,staple,40,51
dovish,stare,5,2.339466947777015e-6,0.6931471805599453,1.6215949188648186e-6,staring,24,32
dovish,stella,5,2.339466947777015e-6,0.6931471805599453,1.6215949188648186e-6,stella,46,34
dovish,stymi,5,2.339466947777015e-6,0.6931471805599453,1.6215949188648186e-6,stymied,16,26
dovish,suarez,5,2.339466947777015e-6,0.6931471805599453,1.6215949188648186e-6,suarez,56,40
dovish,subgroup,5,2.339466947777015e-6,0.6931471805599453,1.6215949188648186e-6,subgroups,45,63
dovish,subtitl,5,2.339466947777015e-6,0.6931471805599453,1.6215949188648186e-6,subtitle,11,14
dovish,suffrag,5,2.339466947777015e-6,0.6931471805599453,1.6215949188648186e-6,suffrage,19,13
dovish,sumatra,5,2.339466947777015e-6,0.6931471805599453,1.6215949188648186e-6,sumatra,55,17
dovish,surabaya,5,2.339466947777015e-6,0.6931471805599453,1.6215949188648186e-6,surabaya,32,19
dovish,sushil,5,2.339466947777015e-6,0.6931471805599453,1.6215949188648186e-6,sushil,72,41
dovish,symbiot,5,2.339466947777015e-6,0.6931471805599453,1.6215949188648186e-6,symbiotic,39,40
dovish,synergist,5,2.339466947777015e-6,0.6931471805599453,1.6215949188648186e-6,synergistic,31,35
dovish,synthesis,5,2.339466947777015e-6,0.6931471805599453,1.6215949188648186e-6,synthesise,18,28
dovish,tae,5,2.339466947777015e-6,0.6931471805599453,1.6215949188648186e-6,tae,44,26
dovish,tca,5,2.339466947777015e-6,0.6931471805599453,1.6215949188648186e-6,tca,35,10
dovish,teaser,5,2.339466947777015e-6,0.6931471805599453,1.6215949188648186e-6,teaser,29,22
dovish,tel,5,2.339466947777015e-6,0.6931471805599453,1.6215949188648186e-6,tel,44,32
dovish,thirteenth,5,2.339466947777015e-6,0.6931471805599453,1.6215949188648186e-6,thirteenth,41,30
dovish,thorsten,5,2.339466947777015e-6,0.6931471805599453,1.6215949188648186e-6,thorsten,20,19
dovish,threeyear,5,2.339466947777015e-6,0.6931471805599453,1.6215949188648186e-6,threeyear,21,21
dovish,thwait,5,2.339466947777015e-6,0.6931471805599453,1.6215949188648186e-6,thwaites,67,46
dovish,timber,5,2.339466947777015e-6,0.6931471805599453,1.6215949188648186e-6,timber,24,22
dovish,timer,5,2.339466947777015e-6,0.6931471805599453,1.6215949188648186e-6,timers,28,25
dovish,tinbergen,5,2.339466947777015e-6,0.6931471805599453,1.6215949188648186e-6,tinbergen,111,72
dovish,todd,5,2.339466947777015e-6,0.6931471805599453,1.6215949188648186e-6,todd,26,17
dovish,togdp,5,2.339466947777015e-6,0.6931471805599453,1.6215949188648186e-6,togdp,16,15
dovish,toilet,5,2.339466947777015e-6,0.6931471805599453,1.6215949188648186e-6,toilets,10,12
dovish,tractor,5,2.339466947777015e-6,0.6931471805599453,1.6215949188648186e-6,tractors,17,22
dovish,tradeweight,5,2.339466947777015e-6,0.6931471805599453,1.6215949188648186e-6,tradeweighted,21,20
dovish,transpir,5,2.339466947777015e-6,0.6931471805599453,1.6215949188648186e-6,transpired,38,66
dovish,troika,5,2.339466947777015e-6,0.6931471805599453,1.6215949188648186e-6,troika,46,23
dovish,twothird,5,2.339466947777015e-6,0.6931471805599453,1.6215949188648186e-6,twothirds,29,29
dovish,uae,5,2.339466947777015e-6,0.6931471805599453,1.6215949188648186e-6,uae,23,21
dovish,uncompromis,5,2.339466947777015e-6,0.6931471805599453,1.6215949188648186e-6,uncompromising,21,30
dovish,uncorrel,5,2.339466947777015e-6,0.6931471805599453,1.6215949188648186e-6,uncorrelated,52,41
dovish,unmanag,5,2.339466947777015e-6,0.6931471805599453,1.6215949188648186e-6,unmanageable,42,52
dovish,unmeasur,5,2.339466947777015e-6,0.6931471805599453,1.6215949188648186e-6,unmeasured,12,17
dovish,unquest,5,2.339466947777015e-6,0.6931471805599453,1.6215949188648186e-6,unquestioned,31,34
dovish,vadera,5,2.339466947777015e-6,0.6931471805599453,1.6215949188648186e-6,vadera,10,10
dovish,veteran,5,2.339466947777015e-6,0.6931471805599453,1.6215949188648186e-6,veterans,29,40
dovish,victorian,5,2.339466947777015e-6,0.6931471805599453,1.6215949188648186e-6,victorian,45,40
dovish,violant,5,2.339466947777015e-6,0.6931471805599453,1.6215949188648186e-6,violante,60,38
dovish,vri,5,2.339466947777015e-6,0.6931471805599453,1.6215949188648186e-6,vries,14,10
dovish,wartim,5,2.339466947777015e-6,0.6931471805599453,1.6215949188648186e-6,wartime,65,52
dovish,watchmak,5,2.339466947777015e-6,0.6931471805599453,1.6215949188648186e-6,watchmaking,10,14
dovish,watt,5,2.339466947777015e-6,0.6931471805599453,1.6215949188648186e-6,watt,22,25
dovish,wealthiest,5,2.339466947777015e-6,0.6931471805599453,1.6215949188648186e-6,wealthiest,29,22
dovish,wechat,5,2.339466947777015e-6,0.6931471805599453,1.6215949188648186e-6,wechat,18,16
dovish,welch,5,2.339466947777015e-6,0.6931471805599453,1.6215949188648186e-6,welch,15,13
dovish,westermann,5,2.339466947777015e-6,0.6931471805599453,1.6215949188648186e-6,westermann,17,13
dovish,whiff,5,2.339466947777015e-6,0.6931471805599453,1.6215949188648186e-6,whiff,10,10
dovish,whisker,5,2.339466947777015e-6,0.6931471805599453,1.6215949188648186e-6,whisker,12,19
dovish,widow,5,2.339466947777015e-6,0.6931471805599453,1.6215949188648186e-6,widows,8,12
dovish,wilcox,5,2.339466947777015e-6,0.6931471805599453,1.6215949188648186e-6,wilcox,99,70
dovish,windmil,5,2.339466947777015e-6,0.6931471805599453,1.6215949188648186e-6,windmills,9,12
dovish,wisconsin,5,2.339466947777015e-6,0.6931471805599453,1.6215949188648186e-6,wisconsin,37,24
dovish,wolff,5,2.339466947777015e-6,0.6931471805599453,1.6215949188648186e-6,wolff,21,17
dovish,wwii,5,2.339466947777015e-6,0.6931471805599453,1.6215949188648186e-6,wwii,45,37
dovish,wyman,5,2.339466947777015e-6,0.6931471805599453,1.6215949188648186e-6,wyman,28,23
dovish,xiv,5,2.339466947777015e-6,0.6931471805599453,1.6215949188648186e-6,xiv,20,17
dovish,yang,5,2.339466947777015e-6,0.6931471805599453,1.6215949188648186e-6,yang,75,61
dovish,yearend,5,2.339466947777015e-6,0.6931471805599453,1.6215949188648186e-6,yearend,19,19
dovish,zhang,5,2.339466947777015e-6,0.6931471805599453,1.6215949188648186e-6,zhang,78,56
dovish,abdul,4,1.871573558221612e-6,0.6931471805599453,1.297275935091855e-6,abdul,28,27
dovish,absa,4,1.871573558221612e-6,0.6931471805599453,1.297275935091855e-6,absa,24,18
dovish,adalat,4,1.871573558221612e-6,0.6931471805599453,1.297275935091855e-6,adalats,15,12
dovish,admonit,4,1.871573558221612e-6,0.6931471805599453,1.297275935091855e-6,admonition,19,22
dovish,afor,4,1.871573558221612e-6,0.6931471805599453,1.297275935091855e-6,afores,14,15
dovish,agon,4,1.871573558221612e-6,0.6931471805599453,1.297275935091855e-6,agonizing,6,17
dovish,aiyar,4,1.871573558221612e-6,0.6931471805599453,1.297275935091855e-6,aiyar,33,20
dovish,alabama,4,1.871573558221612e-6,0.6931471805599453,1.297275935091855e-6,alabama,19,16
dovish,alaikum,4,1.871573558221612e-6,0.6931471805599453,1.297275935091855e-6,alaikum,22,21
dovish,alexi,4,1.871573558221612e-6,0.6931471805599453,1.297275935091855e-6,alexis,11,11
dovish,allan,4,1.871573558221612e-6,0.6931471805599453,1.297275935091855e-6,allan,67,53
dovish,alpha,4,1.871573558221612e-6,0.6931471805599453,1.297275935091855e-6,alpha,61,27
dovish,amir,4,1.871573558221612e-6,0.6931471805599453,1.297275935091855e-6,amir,33,27
dovish,amnesti,4,1.871573558221612e-6,0.6931471805599453,1.297275935091855e-6,amnesty,28,10
dovish,andersson,4,1.871573558221612e-6,0.6931471805599453,1.297275935091855e-6,andersson,22,18
dovish,angri,4,1.871573558221612e-6,0.6931471805599453,1.297275935091855e-6,angry,35,23
dovish,antithesi,4,1.871573558221612e-6,0.6931471805599453,1.297275935091855e-6,antithesis,11,11
dovish,aoki,4,1.871573558221612e-6,0.6931471805599453,1.297275935091855e-6,aoki,31,17
dovish,apprentic,4,1.871573558221612e-6,0.6931471805599453,1.297275935091855e-6,apprentice,10,10
dovish,areawid,4,1.871573558221612e-6,0.6931471805599453,1.297275935091855e-6,areawide,15,15
dovish,ashok,4,1.871573558221612e-6,0.6931471805599453,1.297275935091855e-6,ashok,24,21
dovish,astound,4,1.871573558221612e-6,0.6931471805599453,1.297275935091855e-6,astounding,23,27
dovish,athlet,4,1.871573558221612e-6,0.6931471805599453,1.297275935091855e-6,athletes,23,29
dovish,atkinson,4,1.871573558221612e-6,0.6931471805599453,1.297275935091855e-6,atkinson,44,23
dovish,audibl,4,1.871573558221612e-6,0.6931471805599453,1.297275935091855e-6,audible,9,10
dovish,augustin,4,1.871573558221612e-6,0.6931471805599453,1.297275935091855e-6,augustine,7,11
dovish,axe,4,1.871573558221612e-6,0.6931471805599453,1.297275935091855e-6,axes,34,30
dovish,bai,4,1.871573558221612e-6,0.6931471805599453,1.297275935091855e-6,bai,16,13
dovish,balachandran,4,1.871573558221612e-6,0.6931471805599453,1.297275935091855e-6,balachandran,15,11
dovish,balancesheet,4,1.871573558221612e-6,0.6931471805599453,1.297275935091855e-6,balancesheet,27,29
dovish,bat,4,1.871573558221612e-6,0.6931471805599453,1.297275935091855e-6,batting,18,23
dovish,batten,4,1.871573558221612e-6,0.6931471805599453,1.297275935091855e-6,batten,31,29
dovish,beaten,4,1.871573558221612e-6,0.6931471805599453,1.297275935091855e-6,beaten,18,18
dovish,bech,4,1.871573558221612e-6,0.6931471805599453,1.297275935091855e-6,bech,19,15
dovish,bedevil,4,1.871573558221612e-6,0.6931471805599453,1.297275935091855e-6,bedevil,13,39
dovish,beer,4,1.871573558221612e-6,0.6931471805599453,1.297275935091855e-6,beer,33,32
dovish,benevol,4,1.871573558221612e-6,0.6931471805599453,1.297275935091855e-6,benevolent,22,30
dovish,bennett,4,1.871573558221612e-6,0.6931471805599453,1.297275935091855e-6,bennett,54,39
dovish,berg,4,1.871573558221612e-6,0.6931471805599453,1.297275935091855e-6,berg,47,46
dovish,bergmann,4,1.871573558221612e-6,0.6931471805599453,1.297275935091855e-6,bergmann,14,13
dovish,bertaut,4,1.871573558221612e-6,0.6931471805599453,1.297275935091855e-6,bertaut,16,12
dovish,bin,4,1.871573558221612e-6,0.6931471805599453,1.297275935091855e-6,bin,96,52
dovish,bipin,4,1.871573558221612e-6,0.6931471805599453,1.297275935091855e-6,bipin,10,10
dovish,blanchflow,4,1.871573558221612e-6,0.6931471805599453,1.297275935091855e-6,blanchflower,222,40
dovish,blast,4,1.871573558221612e-6,0.6931471805599453,1.297275935091855e-6,blast,13,16
dovish,blatant,4,1.871573558221612e-6,0.6931471805599453,1.297275935091855e-6,blatantly,15,23
dovish,boao,4,1.871573558221612e-6,0.6931471805599453,1.297275935091855e-6,boao,29,10
dovish,booster,4,1.871573558221612e-6,0.6931471805599453,1.297275935091855e-6,booster,16,19
dovish,bors,4,1.871573558221612e-6,0.6931471805599453,1.297275935091855e-6,borse,16,13
dovish,boyarchenko,4,1.871573558221612e-6,0.6931471805599453,1.297275935091855e-6,boyarchenko,20,12
dovish,brethren,4,1.871573558221612e-6,0.6931471805599453,1.297275935091855e-6,brethren,9,10
dovish,bsb,4,1.871573558221612e-6,0.6931471805599453,1.297275935091855e-6,bsb,15,11
dovish,bundestag,4,1.871573558221612e-6,0.6931471805599453,1.297275935091855e-6,bundestag,28,19
dovish,burda,4,1.871573558221612e-6,0.6931471805599453,1.297275935091855e-6,burda,14,10
dovish,butterfli,4,1.871573558221612e-6,0.6931471805599453,1.297275935091855e-6,butterfly,18,15
dovish,cab,4,1.871573558221612e-6,0.6931471805599453,1.297275935091855e-6,cab,65,35
dovish,caja,4,1.871573558221612e-6,0.6931471805599453,1.297275935091855e-6,caja,8,11
dovish,calafel,4,1.871573558221612e-6,0.6931471805599453,1.297275935091855e-6,calafell,61,50
dovish,calderon,4,1.871573558221612e-6,0.6931471805599453,1.297275935091855e-6,calderon,13,10
dovish,callabl,4,1.871573558221612e-6,0.6931471805599453,1.297275935091855e-6,callable,23,20
dovish,canal,4,1.871573558221612e-6,0.6931471805599453,1.297275935091855e-6,canal,20,24
dovish,cardiff,4,1.871573558221612e-6,0.6931471805599453,1.297275935091855e-6,cardiff,54,30
dovish,casa,4,1.871573558221612e-6,0.6931471805599453,1.297275935091855e-6,casa,19,28
dovish,cathi,4,1.871573558221612e-6,0.6931471805599453,1.297275935091855e-6,cathy,9,11
dovish,cavallo,4,1.871573558221612e-6,0.6931471805599453,1.297275935091855e-6,cavallo,34,26
dovish,ccs,4,1.871573558221612e-6,0.6931471805599453,1.297275935091855e-6,ccs,15,10
dovish,centro,4,1.871573558221612e-6,0.6931471805599453,1.297275935091855e-6,centro,13,13
dovish,chari,4,1.871573558221612e-6,0.6931471805599453,1.297275935091855e-6,chari,24,14
dovish,chetti,4,1.871573558221612e-6,0.6931471805599453,1.297275935091855e-6,chetty,42,19
dovish,citibank,4,1.871573558221612e-6,0.6931471805599453,1.297275935091855e-6,citibank,35,26
dovish,citizenship,4,1.871573558221612e-6,0.6931471805599453,1.297275935091855e-6,citizenship,36,28
dovish,civilian,4,1.871573558221612e-6,0.6931471805599453,1.297275935091855e-6,civilian,54,49
dovish,clearstream,4,1.871573558221612e-6,0.6931471805599453,1.297275935091855e-6,clearstream,18,18
dovish,clement,4,1.871573558221612e-6,0.6931471805599453,1.297275935091855e-6,clements,12,20
dovish,clo,4,1.871573558221612e-6,0.6931471805599453,1.297275935091855e-6,clo,15,10
dovish,cmi,4,1.871573558221612e-6,0.6931471805599453,1.297275935091855e-6,cmi,31,17
dovish,coinag,4,1.871573558221612e-6,0.6931471805599453,1.297275935091855e-6,coinage,69,35
dovish,comin,4,1.871573558221612e-6,0.6931471805599453,1.297275935091855e-6,comin,38,11
dovish,concord,4,1.871573558221612e-6,0.6931471805599453,1.297275935091855e-6,concordance,10,13
dovish,consul,4,1.871573558221612e-6,0.6931471805599453,1.297275935091855e-6,consul,16,17
dovish,consumm,4,1.871573558221612e-6,0.6931471805599453,1.297275935091855e-6,consummation,30,37
dovish,contacto,4,1.871573558221612e-6,0.6931471805599453,1.297275935091855e-6,contacto,22,13
dovish,cooki,4,1.871573558221612e-6,0.6931471805599453,1.297275935091855e-6,cookie,12,12
dovish,courtesi,4,1.871573558221612e-6,0.6931471805599453,1.297275935091855e-6,courtesy,51,46
dovish,covitz,4,1.871573558221612e-6,0.6931471805599453,1.297275935091855e-6,covitz,38,27
dovish,cpff,4,1.871573558221612e-6,0.6931471805599453,1.297275935091855e-6,cpff,31,13
dovish,crapo,4,1.871573558221612e-6,0.6931471805599453,1.297275935091855e-6,crapo,24,23
dovish,crawford,4,1.871573558221612e-6,0.6931471805599453,1.297275935091855e-6,crawford,34,20
dovish,cream,4,1.871573558221612e-6,0.6931471805599453,1.297275935091855e-6,cream,20,19
dovish,cro,4,1.871573558221612e-6,0.6931471805599453,1.297275935091855e-6,cro,18,11
dovish,crook,4,1.871573558221612e-6,0.6931471805599453,1.297275935091855e-6,crooks,6,13
dovish,crowley,4,1.871573558221612e-6,0.6931471805599453,1.297275935091855e-6,crowley,12,10
dovish,curcuru,4,1.871573558221612e-6,0.6931471805599453,1.297275935091855e-6,curcuru,32,19
dovish,curri,4,1.871573558221612e-6,0.6931471805599453,1.297275935091855e-6,currie,18,22
dovish,cursori,4,1.871573558221612e-6,0.6931471805599453,1.297275935091855e-6,cursory,23,22
dovish,cusbert,4,1.871573558221612e-6,0.6931471805599453,1.297275935091855e-6,cusbert,17,12
dovish,cutler,4,1.871573558221612e-6,0.6931471805599453,1.297275935091855e-6,cutler,27,21
dovish,daniell,4,1.871573558221612e-6,0.6931471805599453,1.297275935091855e-6,danielle,17,17
dovish,davey,4,1.871573558221612e-6,0.6931471805599453,1.297275935091855e-6,davey,38,21
dovish,dbt,4,1.871573558221612e-6,0.6931471805599453,1.297275935091855e-6,dbt,36,18
dovish,delev,4,1.871573558221612e-6,0.6931471805599453,1.297275935091855e-6,delever,21,23
dovish,demerit,4,1.871573558221612e-6,0.6931471805599453,1.297275935091855e-6,demerits,25,21
dovish,denbe,4,1.871573558221612e-6,0.6931471805599453,1.297275935091855e-6,denbee,15,15
dovish,dept,4,1.871573558221612e-6,0.6931471805599453,1.297275935091855e-6,dept,22,17
dovish,deutscher,4,1.871573558221612e-6,0.6931471805599453,1.297275935091855e-6,deutscher,33,30
dovish,dian,4,1.871573558221612e-6,0.6931471805599453,1.297275935091855e-6,diane,17,15
dovish,diana,4,1.871573558221612e-6,0.6931471805599453,1.297275935091855e-6,diana,27,25
dovish,diner,4,1.871573558221612e-6,0.6931471805599453,1.297275935091855e-6,diners,13,11
dovish,disquiet,4,1.871573558221612e-6,0.6931471805599453,1.297275935091855e-6,disquieting,25,34
dovish,disreput,4,1.871573558221612e-6,0.6931471805599453,1.297275935091855e-6,disrepute,10,13
dovish,dollardenomin,4,1.871573558221612e-6,0.6931471805599453,1.297275935091855e-6,dollardenominated,31,29
dovish,dorich,4,1.871573558221612e-6,0.6931471805599453,1.297275935091855e-6,dorich,32,18
dovish,downfal,4,1.871573558221612e-6,0.6931471805599453,1.297275935091855e-6,downfall,30,31
dovish,downtown,4,1.871573558221612e-6,0.6931471805599453,1.297275935091855e-6,downtown,38,29
dovish,dpr,4,1.871573558221612e-6,0.6931471805599453,1.297275935091855e-6,dpr,33,20
dovish,drehmann,4,1.871573558221612e-6,0.6931471805599453,1.297275935091855e-6,drehmann,62,44
dovish,drone,4,1.871573558221612e-6,0.6931471805599453,1.297275935091855e-6,drone,9,16
dovish,duncan,4,1.871573558221612e-6,0.6931471805599453,1.297275935091855e-6,duncan,15,12
dovish,dynamo,4,1.871573558221612e-6,0.6931471805599453,1.297275935091855e-6,dynamo,18,16
dovish,eccl,4,1.871573558221612e-6,0.6931471805599453,1.297275935091855e-6,eccles,31,16
dovish,edo,4,1.871573558221612e-6,0.6931471805599453,1.297275935091855e-6,edo,29,23
dovish,eeckhout,4,1.871573558221612e-6,0.6931471805599453,1.297275935091855e-6,eeckhout,35,10
dovish,eichenbaum,4,1.871573558221612e-6,0.6931471805599453,1.297275935091855e-6,eichenbaum,91,52
dovish,eisenhow,4,1.871573558221612e-6,0.6931471805599453,1.297275935091855e-6,eisenhower,15,10
dovish,elgar,4,1.871573558221612e-6,0.6931471805599453,1.297275935091855e-6,elgar,42,38
dovish,eng,4,1.871573558221612e-6,0.6931471805599453,1.297275935091855e-6,eng,16,16
dovish,engrav,4,1.871573558221612e-6,0.6931471805599453,1.297275935091855e-6,engraving,23,26
dovish,enrico,4,1.871573558221612e-6,0.6931471805599453,1.297275935091855e-6,enrico,14,12
dovish,erasmus,4,1.871573558221612e-6,0.6931471805599453,1.297275935091855e-6,erasmus,16,13
dovish,esp,4,1.871573558221612e-6,0.6931471805599453,1.297275935091855e-6,esp,52,34
dovish,etch,4,1.871573558221612e-6,0.6931471805599453,1.297275935091855e-6,etched,9,13
dovish,eurchf,4,1.871573558221612e-6,0.6931471805599453,1.297275935091855e-6,eurchf,76,16
dovish,extraterritori,4,1.871573558221612e-6,0.6931471805599453,1.297275935091855e-6,extraterritorial,14,11
dovish,eyebrow,4,1.871573558221612e-6,0.6931471805599453,1.297275935091855e-6,eyebrows,24,12
dovish,fahr,4,1.871573558221612e-6,0.6931471805599453,1.297275935091855e-6,fahr,24,19
dovish,fame,4,1.871573558221612e-6,0.6931471805599453,1.297275935091855e-6,fame,13,20
dovish,famin,4,1.871573558221612e-6,0.6931471805599453,1.297275935091855e-6,famine,26,27
dovish,fax,4,1.871573558221612e-6,0.6931471805599453,1.297275935091855e-6,fax,28,32
dovish,fernand,4,1.871573558221612e-6,0.6931471805599453,1.297275935091855e-6,fernandes,9,13
dovish,ferrero,4,1.871573558221612e-6,0.6931471805599453,1.297275935091855e-6,ferrero,61,39
dovish,financialmarket,4,1.871573558221612e-6,0.6931471805599453,1.297275935091855e-6,financialmarket,10,12
dovish,fingerprint,4,1.871573558221612e-6,0.6931471805599453,1.297275935091855e-6,fingerprint,11,12
dovish,flank,4,1.871573558221612e-6,0.6931471805599453,1.297275935091855e-6,flanked,21,30
dovish,flare,4,1.871573558221612e-6,0.6931471805599453,1.297275935091855e-6,flare,30,46
dovish,flawless,4,1.871573558221612e-6,0.6931471805599453,1.297275935091855e-6,flawless,11,17
dovish,floatat,4,1.871573558221612e-6,0.6931471805599453,1.297275935091855e-6,floatation,15,15
dovish,fmd,4,1.871573558221612e-6,0.6931471805599453,1.297275935091855e-6,fmd,35,14
dovish,foreground,4,1.871573558221612e-6,0.6931471805599453,1.297275935091855e-6,foreground,35,30
dovish,fort,4,1.871573558221612e-6,0.6931471805599453,1.297275935091855e-6,fort,28,36
dovish,fortuit,4,1.871573558221612e-6,0.6931471805599453,1.297275935091855e-6,fortuitous,31,45
dovish,fraga,4,1.871573558221612e-6,0.6931471805599453,1.297275935091855e-6,fraga,17,13
dovish,fred,4,1.871573558221612e-6,0.6931471805599453,1.297275935091855e-6,fred,91,56
dovish,frivol,4,1.871573558221612e-6,0.6931471805599453,1.297275935091855e-6,frivolous,9,10
dovish,froth,4,1.871573558221612e-6,0.6931471805599453,1.297275935091855e-6,froth,37,27
dovish,frothi,4,1.871573558221612e-6,0.6931471805599453,1.297275935091855e-6,frothy,16,17
dovish,fruitless,4,1.871573558221612e-6,0.6931471805599453,1.297275935091855e-6,fruitless,23,25
dovish,fundssuppli,4,1.871573558221612e-6,0.6931471805599453,1.297275935091855e-6,fundssupplying,30,25
dovish,galleri,4,1.871573558221612e-6,0.6931471805599453,1.297275935091855e-6,gallery,28,18
dovish,galvan,4,1.871573558221612e-6,0.6931471805599453,1.297275935091855e-6,galvanize,11,23
dovish,garment,4,1.871573558221612e-6,0.6931471805599453,1.297275935091855e-6,garments,13,16
dovish,gaussian,4,1.871573558221612e-6,0.6931471805599453,1.297275935091855e-6,gaussian,23,18
dovish,gauti,4,1.871573558221612e-6,0.6931471805599453,1.297275935091855e-6,gauti,56,49
dovish,gen,4,1.871573558221612e-6,0.6931471805599453,1.297275935091855e-6,gen,37,24
dovish,gennaioli,4,1.871573558221612e-6,0.6931471805599453,1.297275935091855e-6,gennaioli,24,14
dovish,genom,4,1.871573558221612e-6,0.6931471805599453,1.297275935091855e-6,genome,14,16
dovish,geoffrey,4,1.871573558221612e-6,0.6931471805599453,1.297275935091855e-6,geoffrey,39,35
dovish,geometri,4,1.871573558221612e-6,0.6931471805599453,1.297275935091855e-6,geometry,15,11
dovish,gianni,4,1.871573558221612e-6,0.6931471805599453,1.297275935091855e-6,gianni,11,10
dovish,giavazzi,4,1.871573558221612e-6,0.6931471805599453,1.297275935091855e-6,giavazzi,70,50
dovish,gilchrist,4,1.871573558221612e-6,0.6931471805599453,1.297275935091855e-6,gilchrist,130,62
dovish,glow,4,1.871573558221612e-6,0.6931471805599453,1.297275935091855e-6,glowing,7,11
dovish,goldberg,4,1.871573558221612e-6,0.6931471805599453,1.297275935091855e-6,goldberg,81,45
dovish,goodby,4,1.871573558221612e-6,0.6931471805599453,1.297275935091855e-6,goodbye,36,32
dovish,governorship,4,1.871573558221612e-6,0.6931471805599453,1.297275935091855e-6,governorship,13,12
dovish,greenlaw,4,1.871573558221612e-6,0.6931471805599453,1.297275935091855e-6,greenlaw,15,10
dovish,groundless,4,1.871573558221612e-6,0.6931471805599453,1.297275935091855e-6,groundless,15,14
dovish,guaranti,4,1.871573558221612e-6,0.6931471805599453,1.297275935091855e-6,guaranty,11,12
dovish,guilhem,4,1.871573558221612e-6,0.6931471805599453,1.297275935091855e-6,guilhem,48,38
dovish,handi,4,1.871573558221612e-6,0.6931471805599453,1.297275935091855e-6,handy,39,37
dovish,harold,4,1.871573558221612e-6,0.6931471805599453,1.297275935091855e-6,harold,37,34
dovish,hbos,4,1.871573558221612e-6,0.6931471805599453,1.297275935091855e-6,hbos,33,23
dovish,helpman,4,1.871573558221612e-6,0.6931471805599453,1.297275935091855e-6,helpman,18,11
dovish,hendren,4,1.871573558221612e-6,0.6931471805599453,1.297275935091855e-6,hendren,19,16
dovish,herti,4,1.871573558221612e-6,0.6931471805599453,1.297275935091855e-6,hertie,14,10
dovish,hid,4,1.871573558221612e-6,0.6931471805599453,1.297275935091855e-6,hid,10,10
dovish,hive,4,1.871573558221612e-6,0.6931471805599453,1.297275935091855e-6,hived,11,25
dovish,hobart,4,1.871573558221612e-6,0.6931471805599453,1.297275935091855e-6,hobart,34,21
dovish,hog,4,1.871573558221612e-6,0.6931471805599453,1.297275935091855e-6,hog,21,18
dovish,holmstrom,4,1.871573558221612e-6,0.6931471805599453,1.297275935091855e-6,holmstrom,23,17
dovish,hood,4,1.871573558221612e-6,0.6931471805599453,1.297275935091855e-6,hood,34,28
dovish,horrifi,4,1.871573558221612e-6,0.6931471805599453,1.297275935091855e-6,horrifying,8,11
dovish,hud,4,1.871573558221612e-6,0.6931471805599453,1.297275935091855e-6,hud,135,21
dovish,hunter,4,1.871573558221612e-6,0.6931471805599453,1.297275935091855e-6,hunter,48,35
dovish,hygien,4,1.871573558221612e-6,0.6931471805599453,1.297275935091855e-6,hygiene,31,24
dovish,icpf,4,1.871573558221612e-6,0.6931471805599453,1.297275935091855e-6,icpfs,31,13
dovish,idf,4,1.871573558221612e-6,0.6931471805599453,1.297275935091855e-6,idfs,37,22
dovish,iman,4,1.871573558221612e-6,0.6931471805599453,1.297275935091855e-6,imane,8,10
dovish,imd,4,1.871573558221612e-6,0.6931471805599453,1.297275935091855e-6,imd,30,10
dovish,impass,4,1.871573558221612e-6,0.6931471805599453,1.297275935091855e-6,impasse,27,29
dovish,impercept,4,1.871573558221612e-6,0.6931471805599453,1.297275935091855e-6,imperceptible,8,12
dovish,inaccuraci,4,1.871573558221612e-6,0.6931471805599453,1.297275935091855e-6,inaccuracy,12,18
dovish,inbound,4,1.871573558221612e-6,0.6931471805599453,1.297275935091855e-6,inbound,123,85
dovish,incontrovert,4,1.871573558221612e-6,0.6931471805599453,1.297275935091855e-6,incontrovertible,11,15
dovish,indemnifi,4,1.871573558221612e-6,0.6931471805599453,1.297275935091855e-6,indemnified,16,18
dovish,indepth,4,1.871573558221612e-6,0.6931471805599453,1.297275935091855e-6,indepth,19,19
dovish,indeterminaci,4,1.871573558221612e-6,0.6931471805599453,1.297275935091855e-6,indeterminacy,22,22
dovish,inerti,4,1.871573558221612e-6,0.6931471805599453,1.297275935091855e-6,inertial,62,44
dovish,inexhaust,4,1.871573558221612e-6,0.6931471805599453,1.297275935091855e-6,inexhaustible,12,13
dovish,innumer,4,1.871573558221612e-6,0.6931471805599453,1.297275935091855e-6,innumerable,38,37
dovish,interior,4,1.871573558221612e-6,0.6931471805599453,1.297275935091855e-6,interior,30,26
dovish,inund,4,1.871573558221612e-6,0.6931471805599453,1.297275935091855e-6,inundated,18,20
dovish,inventor,4,1.871573558221612e-6,0.6931471805599453,1.297275935091855e-6,inventors,17,22
dovish,ivan,4,1.871573558221612e-6,0.6931471805599453,1.297275935091855e-6,ivan,46,40
dovish,iwata,4,1.871573558221612e-6,0.6931471805599453,1.297275935091855e-6,iwata,90,37
dovish,jaaskela,4,1.871573558221612e-6,0.6931471805599453,1.297275935091855e-6,jaaskela,15,12
dovish,jekyl,4,1.871573558221612e-6,0.6931471805599453,1.297275935091855e-6,jekyll,10,10
dovish,jenni,4,1.871573558221612e-6,0.6931471805599453,1.297275935091855e-6,jenny,26,35
dovish,josh,4,1.871573558221612e-6,0.6931471805599453,1.297275935091855e-6,josh,47,43
dovish,jpm,4,1.871573558221612e-6,0.6931471805599453,1.297275935091855e-6,jpm,14,10
dovish,julia,4,1.871573558221612e-6,0.6931471805599453,1.297275935091855e-6,julia,31,30
dovish,junbo,4,1.871573558221612e-6,0.6931471805599453,1.297275935091855e-6,junbo,30,10
dovish,just,4,1.871573558221612e-6,0.6931471805599453,1.297275935091855e-6,justly,20,24
dovish,kamp,4,1.871573558221612e-6,0.6931471805599453,1.297275935091855e-6,kamps,12,11
dovish,kara,4,1.871573558221612e-6,0.6931471805599453,1.297275935091855e-6,kara,32,28
dovish,kathryn,4,1.871573558221612e-6,0.6931471805599453,1.297275935091855e-6,kathryn,44,37
dovish,kay,4,1.871573558221612e-6,0.6931471805599453,1.297275935091855e-6,kay,48,23
dovish,kearney,4,1.871573558221612e-6,0.6931471805599453,1.297275935091855e-6,kearney,23,16
dovish,kenkyu,4,1.871573558221612e-6,0.6931471805599453,1.297275935091855e-6,kenkyu,19,13
dovish,klem,4,1.871573558221612e-6,0.6931471805599453,1.297275935091855e-6,klems,58,20
dovish,klenow,4,1.871573558221612e-6,0.6931471805599453,1.297275935091855e-6,klenow,34,23
dovish,knut,4,1.871573558221612e-6,0.6931471805599453,1.297275935091855e-6,knut,34,31
dovish,kochi,4,1.871573558221612e-6,0.6931471805599453,1.297275935091855e-6,kochi,61,19
dovish,koizumi,4,1.871573558221612e-6,0.6931471805599453,1.297275935091855e-6,koizumi,13,11
dovish,kothari,4,1.871573558221612e-6,0.6931471805599453,1.297275935091855e-6,kothari,13,13
dovish,kotlikoff,4,1.871573558221612e-6,0.6931471805599453,1.297275935091855e-6,kotlikoff,31,14
dovish,kraay,4,1.871573558221612e-6,0.6931471805599453,1.297275935091855e-6,kraay,15,10
dovish,krishnamurthi,4,1.871573558221612e-6,0.6931471805599453,1.297275935091855e-6,krishnamurthy,110,66
dovish,lacuna,4,1.871573558221612e-6,0.6931471805599453,1.297275935091855e-6,lacunae,16,31
dovish,lai,4,1.871573558221612e-6,0.6931471805599453,1.297275935091855e-6,lai,16,15
dovish,languish,4,1.871573558221612e-6,0.6931471805599453,1.297275935091855e-6,languish,16,44
dovish,leduc,4,1.871573558221612e-6,0.6931471805599453,1.297275935091855e-6,leduc,52,37
dovish,leed,4,1.871573558221612e-6,0.6931471805599453,1.297275935091855e-6,leeds,74,41
dovish,leeper,4,1.871573558221612e-6,0.6931471805599453,1.297275935091855e-6,leeper,48,28
dovish,lehmann,4,1.871573558221612e-6,0.6931471805599453,1.297275935091855e-6,lehmann,11,10
dovish,levchenko,4,1.871573558221612e-6,0.6931471805599453,1.297275935091855e-6,levchenko,14,10
dovish,lic,4,1.871573558221612e-6,0.6931471805599453,1.297275935091855e-6,lic,31,22
dovish,lifeboat,4,1.871573558221612e-6,0.6931471805599453,1.297275935091855e-6,lifeboat,16,11
dovish,lim,4,1.871573558221612e-6,0.6931471805599453,1.297275935091855e-6,lim,28,20
dovish,lit,4,1.871573558221612e-6,0.6931471805599453,1.297275935091855e-6,lit,22,20
dovish,litter,4,1.871573558221612e-6,0.6931471805599453,1.297275935091855e-6,littered,20,26
dovish,maddison,4,1.871573558221612e-6,0.6931471805599453,1.297275935091855e-6,maddison,45,31
dovish,mahapatra,4,1.871573558221612e-6,0.6931471805599453,1.297275935091855e-6,mahapatra,24,19
dovish,mandarin,4,1.871573558221612e-6,0.6931471805599453,1.297275935091855e-6,mandarin,9,12
dovish,manganelli,4,1.871573558221612e-6,0.6931471805599453,1.297275935091855e-6,manganelli,37,33
dovish,manitoba,4,1.871573558221612e-6,0.6931471805599453,1.297275935091855e-6,manitoba,54,21
dovish,markit,4,1.871573558221612e-6,0.6931471805599453,1.297275935091855e-6,markit,196,108
dovish,markus,4,1.871573558221612e-6,0.6931471805599453,1.297275935091855e-6,markus,103,59
dovish,mason,4,1.871573558221612e-6,0.6931471805599453,1.297275935091855e-6,mason,16,17
dovish,mat,4,1.871573558221612e-6,0.6931471805599453,1.297275935091855e-6,mat,10,15
dovish,mathew,4,1.871573558221612e-6,0.6931471805599453,1.297275935091855e-6,mathew,13,13
dovish,mauricio,4,1.871573558221612e-6,0.6931471805599453,1.297275935091855e-6,mauricio,17,16
dovish,mbss,4,1.871573558221612e-6,0.6931471805599453,1.297275935091855e-6,mbss,29,17
dovish,mcandrew,4,1.871573558221612e-6,0.6931471805599453,1.297275935091855e-6,mcandrews,21,15
dovish,mcchesney,4,1.871573558221612e-6,0.6931471805599453,1.297275935091855e-6,mcchesney,18,12
dovish,mcguir,4,1.871573558221612e-6,0.6931471805599453,1.297275935091855e-6,mcguire,14,12
dovish,mcmillan,4,1.871573558221612e-6,0.6931471805599453,1.297275935091855e-6,mcmillan,16,12
dovish,mdi,4,1.871573558221612e-6,0.6931471805599453,1.297275935091855e-6,mdi,27,10
dovish,mesh,4,1.871573558221612e-6,0.6931471805599453,1.297275935091855e-6,mesh,19,32
dovish,mesopotamia,4,1.871573558221612e-6,0.6931471805599453,1.297275935091855e-6,mesopotamia,11,10
dovish,micromanag,4,1.871573558221612e-6,0.6931471805599453,1.297275935091855e-6,micromanage,8,16
dovish,microprocessor,4,1.871573558221612e-6,0.6931471805599453,1.297275935091855e-6,microprocessor,22,31
dovish,microwav,4,1.871573558221612e-6,0.6931471805599453,1.297275935091855e-6,microwave,11,12
dovish,midland,4,1.871573558221612e-6,0.6931471805599453,1.297275935091855e-6,midlands,135,51
dovish,midseptemb,4,1.871573558221612e-6,0.6931471805599453,1.297275935091855e-6,midseptember,19,17
dovish,midsiz,4,1.871573558221612e-6,0.6931471805599453,1.297275935091855e-6,midsize,11,16
dovish,midsumm,4,1.871573558221612e-6,0.6931471805599453,1.297275935091855e-6,midsummer,24,17
dovish,mimick,4,1.871573558221612e-6,0.6931471805599453,1.297275935091855e-6,mimicking,12,23
dovish,mischief,4,1.871573558221612e-6,0.6931471805599453,1.297275935091855e-6,mischief,15,13
dovish,miser,4,1.871573558221612e-6,0.6931471805599453,1.297275935091855e-6,miserable,20,31
dovish,misfortun,4,1.871573558221612e-6,0.6931471805599453,1.297275935091855e-6,misfortune,27,29
dovish,misnom,4,1.871573558221612e-6,0.6931471805599453,1.297275935091855e-6,misnomer,27,24
dovish,modesti,4,1.871573558221612e-6,0.6931471805599453,1.297275935091855e-6,modesty,26,25
dovish,moessner,4,1.871573558221612e-6,0.6931471805599453,1.297275935091855e-6,moessner,26,18
dovish,moham,4,1.871573558221612e-6,0.6931471805599453,1.297275935091855e-6,mohammed,22,35
dovish,mold,4,1.871573558221612e-6,0.6931471805599453,1.297275935091855e-6,mold,9,16
dovish,monozukuri,4,1.871573558221612e-6,0.6931471805599453,1.297275935091855e-6,monozukuri,20,10
dovish,morningstar,4,1.871573558221612e-6,0.6931471805599453,1.297275935091855e-6,morningstar,16,11
dovish,moynihan,4,1.871573558221612e-6,0.6931471805599453,1.297275935091855e-6,moynihan,22,10
dovish,msci,4,1.871573558221612e-6,0.6931471805599453,1.297275935091855e-6,msci,44,31
dovish,msf,4,1.871573558221612e-6,0.6931471805599453,1.297275935091855e-6,msf,40,20
dovish,mtm,4,1.871573558221612e-6,0.6931471805599453,1.297275935091855e-6,mtm,55,28
dovish,multicurr,4,1.871573558221612e-6,0.6931471805599453,1.297275935091855e-6,multicurrency,22,14
dovish,musso,4,1.871573558221612e-6,0.6931471805599453,1.297275935091855e-6,musso,22,18
dovish,muster,4,1.871573558221612e-6,0.6931471805599453,1.297275935091855e-6,muster,29,36
dovish,naic,4,1.871573558221612e-6,0.6931471805599453,1.297275935091855e-6,naic,33,11
dovish,namibia,4,1.871573558221612e-6,0.6931471805599453,1.297275935091855e-6,namibia,36,23
dovish,nao,4,1.871573558221612e-6,0.6931471805599453,1.297275935091855e-6,nao,15,11
dovish,narrowest,4,1.871573558221612e-6,0.6931471805599453,1.297275935091855e-6,narrowest,27,25
dovish,nathaniel,4,1.871573558221612e-6,0.6931471805599453,1.297275935091855e-6,nathaniel,16,13
dovish,nbfis,4,1.871573558221612e-6,0.6931471805599453,1.297275935091855e-6,nbfis,181,28
dovish,neiss,4,1.871573558221612e-6,0.6931471805599453,1.297275935091855e-6,neiss,19,13
dovish,newfound,4,1.871573558221612e-6,0.6931471805599453,1.297275935091855e-6,newfound,22,16
dovish,nfs,4,1.871573558221612e-6,0.6931471805599453,1.297275935091855e-6,nfs,27,17
dovish,nightmar,4,1.871573558221612e-6,0.6931471805599453,1.297275935091855e-6,nightmare,32,34
dovish,nikhila,4,1.871573558221612e-6,0.6931471805599453,1.297275935091855e-6,nikhila,10,10
dovish,nippon,4,1.871573558221612e-6,0.6931471805599453,1.297275935091855e-6,nippon,94,58
dovish,noncompetit,4,1.871573558221612e-6,0.6931471805599453,1.297275935091855e-6,noncompetitive,12,12
dovish,nondefens,4,1.871573558221612e-6,0.6931471805599453,1.297275935091855e-6,nondefense,42,40
dovish,nonviabl,4,1.871573558221612e-6,0.6931471805599453,1.297275935091855e-6,nonviable,15,15
dovish,noon,4,1.871573558221612e-6,0.6931471805599453,1.297275935091855e-6,noon,35,31
dovish,nottingham,4,1.871573558221612e-6,0.6931471805599453,1.297275935091855e-6,nottingham,52,34
dovish,nova,4,1.871573558221612e-6,0.6931471805599453,1.297275935091855e-6,nova,49,29
dovish,novel,4,1.871573558221612e-6,0.6931471805599453,1.297275935091855e-6,novels,16,12
dovish,observatori,4,1.871573558221612e-6,0.6931471805599453,1.297275935091855e-6,observatory,19,15
dovish,ol,4,1.871573558221612e-6,0.6931471805599453,1.297275935091855e-6,ols,25,11
dovish,orlando,4,1.871573558221612e-6,0.6931471805599453,1.297275935091855e-6,orlando,29,29
dovish,oswald,4,1.871573558221612e-6,0.6931471805599453,1.297275935091855e-6,oswald,97,20
dovish,ot,4,1.871573558221612e-6,0.6931471805599453,1.297275935091855e-6,ots,52,29
dovish,outgrown,4,1.871573558221612e-6,0.6931471805599453,1.297275935091855e-6,outgrown,13,12
dovish,outrun,4,1.871573558221612e-6,0.6931471805599453,1.297275935091855e-6,outrun,11,21
dovish,outstat,4,1.871573558221612e-6,0.6931471805599453,1.297275935091855e-6,outstation,20,12
dovish,overblown,4,1.871573558221612e-6,0.6931471805599453,1.297275935091855e-6,overblown,15,15
dovish,overoptimist,4,1.871573558221612e-6,0.6931471805599453,1.297275935091855e-6,overoptimistic,15,15
dovish,overpr,4,1.871573558221612e-6,0.6931471805599453,1.297275935091855e-6,overpriced,22,33
dovish,ozaki,4,1.871573558221612e-6,0.6931471805599453,1.297275935091855e-6,ozaki,18,11
dovish,palett,4,1.871573558221612e-6,0.6931471805599453,1.297275935091855e-6,palette,7,10
dovish,paperless,4,1.871573558221612e-6,0.6931471805599453,1.297275935091855e-6,paperless,30,24
dovish,parametr,4,1.871573558221612e-6,0.6931471805599453,1.297275935091855e-6,parametric,28,17
dovish,parenthesi,4,1.871573558221612e-6,0.6931471805599453,1.297275935091855e-6,parenthesis,19,17
dovish,parmalat,4,1.871573558221612e-6,0.6931471805599453,1.297275935091855e-6,parmalat,18,13
dovish,parttim,4,1.871573558221612e-6,0.6931471805599453,1.297275935091855e-6,parttime,18,14
dovish,passthrough,4,1.871573558221612e-6,0.6931471805599453,1.297275935091855e-6,passthrough,111,87
dovish,patterson,4,1.871573558221612e-6,0.6931471805599453,1.297275935091855e-6,patterson,51,37
dovish,pejor,4,1.871573558221612e-6,0.6931471805599453,1.297275935091855e-6,pejorative,11,11
dovish,penultim,4,1.871573558221612e-6,0.6931471805599453,1.297275935091855e-6,penultimate,12,12
dovish,persev,4,1.871573558221612e-6,0.6931471805599453,1.297275935091855e-6,persevering,19,30
dovish,persian,4,1.871573558221612e-6,0.6931471805599453,1.297275935091855e-6,persian,13,12
dovish,persson,4,1.871573558221612e-6,0.6931471805599453,1.297275935091855e-6,persson,30,22
dovish,perturb,4,1.871573558221612e-6,0.6931471805599453,1.297275935091855e-6,perturbations,13,29
dovish,pesticid,4,1.871573558221612e-6,0.6931471805599453,1.297275935091855e-6,pesticides,10,12
dovish,petroulaki,4,1.871573558221612e-6,0.6931471805599453,1.297275935091855e-6,petroulakis,20,19
dovish,pezzini,4,1.871573558221612e-6,0.6931471805599453,1.297275935091855e-6,pezzini,12,10
dovish,pissarid,4,1.871573558221612e-6,0.6931471805599453,1.297275935091855e-6,pissarides,45,14
dovish,piti,4,1.871573558221612e-6,0.6931471805599453,1.297275935091855e-6,pity,21,32
dovish,pluck,4,1.871573558221612e-6,0.6931471805599453,1.297275935091855e-6,plucked,7,11
dovish,pmis,4,1.871573558221612e-6,0.6931471805599453,1.297275935091855e-6,pmis,64,45
dovish,polak,4,1.871573558221612e-6,0.6931471805599453,1.297275935091855e-6,polak,42,33
dovish,pork,4,1.871573558221612e-6,0.6931471805599453,1.297275935091855e-6,pork,18,16
dovish,pot,4,1.871573558221612e-6,0.6931471805599453,1.297275935091855e-6,pot,34,34
dovish,potter,4,1.871573558221612e-6,0.6931471805599453,1.297275935091855e-6,potter,52,44
dovish,pradeep,4,1.871573558221612e-6,0.6931471805599453,1.297275935091855e-6,pradeep,15,15
dovish,primeag,4,1.871573558221612e-6,0.6931471805599453,1.297275935091855e-6,primeage,14,10
dovish,pristin,4,1.871573558221612e-6,0.6931471805599453,1.297275935091855e-6,pristine,14,13
dovish,proflig,4,1.871573558221612e-6,0.6931471805599453,1.297275935091855e-6,profligate,15,15
dovish,prologu,4,1.871573558221612e-6,0.6931471805599453,1.297275935091855e-6,prologue,25,22
dovish,psb,4,1.871573558221612e-6,0.6931471805599453,1.297275935091855e-6,psb,57,21
dovish,punchbowl,4,1.871573558221612e-6,0.6931471805599453,1.297275935091855e-6,punchbowl,33,27
dovish,pursuanc,4,1.871573558221612e-6,0.6931471805599453,1.297275935091855e-6,pursuance,60,55
dovish,quickest,4,1.871573558221612e-6,0.6931471805599453,1.297275935091855e-6,quickest,18,18
dovish,quintupl,4,1.871573558221612e-6,0.6931471805599453,1.297275935091855e-6,quintupled,14,17
dovish,quiz,4,1.871573558221612e-6,0.6931471805599453,1.297275935091855e-6,quiz,26,16
dovish,rajesh,4,1.871573558221612e-6,0.6931471805599453,1.297275935091855e-6,rajesh,11,11
dovish,ralph,4,1.871573558221612e-6,0.6931471805599453,1.297275935091855e-6,ralph,24,20
dovish,reagan,4,1.871573558221612e-6,0.6931471805599453,1.297275935091855e-6,reagan,54,23
dovish,rebel,4,1.871573558221612e-6,0.6931471805599453,1.297275935091855e-6,rebel,10,10
dovish,rebellion,4,1.871573558221612e-6,0.6931471805599453,1.297275935091855e-6,rebellion,13,10
dovish,rebutt,4,1.871573558221612e-6,0.6931471805599453,1.297275935091855e-6,rebuttal,14,16
dovish,redux,4,1.871573558221612e-6,0.6931471805599453,1.297275935091855e-6,redux,32,31
dovish,ree,4,1.871573558221612e-6,0.6931471805599453,1.297275935091855e-6,rees,36,32
dovish,reevalu,4,1.871573558221612e-6,0.6931471805599453,1.297275935091855e-6,reevaluate,28,57
dovish,reflat,4,1.871573558221612e-6,0.6931471805599453,1.297275935091855e-6,reflation,50,52
dovish,reformul,4,1.871573558221612e-6,0.6931471805599453,1.297275935091855e-6,reformulated,19,30
dovish,reneg,4,1.871573558221612e-6,0.6931471805599453,1.297275935091855e-6,renege,37,46
dovish,republican,4,1.871573558221612e-6,0.6931471805599453,1.297275935091855e-6,republican,34,24
dovish,resecurit,4,1.871573558221612e-6,0.6931471805599453,1.297275935091855e-6,resecuritization,3,10
dovish,resona,4,1.871573558221612e-6,0.6931471805599453,1.297275935091855e-6,resona,14,10
dovish,restless,4,1.871573558221612e-6,0.6931471805599453,1.297275935091855e-6,restless,8,11
dovish,retribut,4,1.871573558221612e-6,0.6931471805599453,1.297275935091855e-6,retribution,17,20
dovish,revoc,4,1.871573558221612e-6,0.6931471805599453,1.297275935091855e-6,revocation,45,31
dovish,rig,4,1.871573558221612e-6,0.6931471805599453,1.297275935091855e-6,rigging,16,44
dovish,risksensit,4,1.871573558221612e-6,0.6931471805599453,1.297275935091855e-6,risksensitive,12,13
dovish,robl,4,1.871573558221612e-6,0.6931471805599453,1.297275935091855e-6,robles,18,15
dovish,rope,4,1.871573558221612e-6,0.6931471805599453,1.297275935091855e-6,rope,23,22
dovish,rostom,4,1.871573558221612e-6,0.6931471805599453,1.297275935091855e-6,rostom,33,24
dovish,roundabout,4,1.871573558221612e-6,0.6931471805599453,1.297275935091855e-6,roundabout,8,13
dovish,rseti,4,1.871573558221612e-6,0.6931471805599453,1.297275935091855e-6,rsetis,12,11
dovish,rubbish,4,1.871573558221612e-6,0.6931471805599453,1.297275935091855e-6,rubbish,10,10
dovish,rubin,4,1.871573558221612e-6,0.6931471805599453,1.297275935091855e-6,rubin,23,15
dovish,ruiz,4,1.871573558221612e-6,0.6931471805599453,1.297275935091855e-6,ruiz,25,24
dovish,runaway,4,1.871573558221612e-6,0.6931471805599453,1.297275935091855e-6,runaway,45,38
dovish,saarcfin,4,1.871573558221612e-6,0.6931471805599453,1.297275935091855e-6,saarcfinance,38,14
dovish,sannikov,4,1.871573558221612e-6,0.6931471805599453,1.297275935091855e-6,sannikov,48,30
dovish,santor,4,1.871573558221612e-6,0.6931471805599453,1.297275935091855e-6,santor,24,23
dovish,sato,4,1.871573558221612e-6,0.6931471805599453,1.297275935091855e-6,sato,35,20
dovish,saudiz,4,1.871573558221612e-6,0.6931471805599453,1.297275935091855e-6,saudization,11,11
dovish,scanner,4,1.871573558221612e-6,0.6931471805599453,1.297275935091855e-6,scanners,17,21
dovish,schole,4,1.871573558221612e-6,0.6931471805599453,1.297275935091855e-6,scholes,35,26
dovish,scourg,4,1.871573558221612e-6,0.6931471805599453,1.297275935091855e-6,scourge,33,29
dovish,seignorag,4,1.871573558221612e-6,0.6931471805599453,1.297275935091855e-6,seignorage,34,19
dovish,semblanc,4,1.871573558221612e-6,0.6931471805599453,1.297275935091855e-6,semblance,13,13
dovish,shah,4,1.871573558221612e-6,0.6931471805599453,1.297275935091855e-6,shah,26,24
dovish,shimbun,4,1.871573558221612e-6,0.6931471805599453,1.297275935091855e-6,shimbun,15,13
dovish,shirk,4,1.871573558221612e-6,0.6931471805599453,1.297275935091855e-6,shirk,9,19
dovish,sibo,4,1.871573558221612e-6,0.6931471805599453,1.297275935091855e-6,sibos,23,12
dovish,sideeffect,4,1.871573558221612e-6,0.6931471805599453,1.297275935091855e-6,sideeffects,16,16
dovish,sighted,4,1.871573558221612e-6,0.6931471805599453,1.297275935091855e-6,sightedness,19,16
dovish,slab,4,1.871573558221612e-6,0.6931471805599453,1.297275935091855e-6,slabs,14,17
dovish,slifman,4,1.871573558221612e-6,0.6931471805599453,1.297275935091855e-6,slifman,35,21
dovish,smoke,4,1.871573558221612e-6,0.6931471805599453,1.297275935091855e-6,smoke,22,32
dovish,soccer,4,1.871573558221612e-6,0.6931471805599453,1.297275935091855e-6,soccer,15,13
dovish,solomon,4,1.871573558221612e-6,0.6931471805599453,1.297275935091855e-6,solomon,17,16
dovish,spectat,4,1.871573558221612e-6,0.6931471805599453,1.297275935091855e-6,spectators,14,20
dovish,spectr,4,1.871573558221612e-6,0.6931471805599453,1.297275935091855e-6,spectre,62,57
dovish,spenc,4,1.871573558221612e-6,0.6931471805599453,1.297275935091855e-6,spence,41,26
dovish,staiger,4,1.871573558221612e-6,0.6931471805599453,1.297275935091855e-6,staiger,42,21
dovish,starker,4,1.871573558221612e-6,0.6931471805599453,1.297275935091855e-6,starker,21,20
dovish,startl,4,1.871573558221612e-6,0.6931471805599453,1.297275935091855e-6,startling,38,44
dovish,statesman,4,1.871573558221612e-6,0.6931471805599453,1.297275935091855e-6,statesman,35,30
dovish,stickier,4,1.871573558221612e-6,0.6931471805599453,1.297275935091855e-6,stickier,35,30
dovish,stigmatis,4,1.871573558221612e-6,0.6931471805599453,1.297275935091855e-6,stigmatised,11,16
dovish,stockpil,4,1.871573558221612e-6,0.6931471805599453,1.297275935091855e-6,stockpile,10,31
dovish,stockton,4,1.871573558221612e-6,0.6931471805599453,1.297275935091855e-6,stockton,40,21
dovish,str,4,1.871573558221612e-6,0.6931471805599453,1.297275935091855e-6,str,120,26
dovish,strife,4,1.871573558221612e-6,0.6931471805599453,1.297275935091855e-6,strife,17,17
dovish,stroke,4,1.871573558221612e-6,0.6931471805599453,1.297275935091855e-6,stroke,34,35
dovish,subservi,4,1.871573558221612e-6,0.6931471805599453,1.297275935091855e-6,subservient,26,25
dovish,sullivan,4,1.871573558221612e-6,0.6931471805599453,1.297275935091855e-6,sullivan,38,31
dovish,sunstein,4,1.871573558221612e-6,0.6931471805599453,1.297275935091855e-6,sunstein,19,11
dovish,surveyor,4,1.871573558221612e-6,0.6931471805599453,1.297275935091855e-6,surveyors,22,21
dovish,swipe,4,1.871573558221612e-6,0.6931471805599453,1.297275935091855e-6,swipe,9,18
dovish,sworn,4,1.871573558221612e-6,0.6931471805599453,1.297275935091855e-6,sworn,16,16
dovish,syllabus,4,1.871573558221612e-6,0.6931471805599453,1.297275935091855e-6,syllabus,12,12
dovish,tabul,4,1.871573558221612e-6,0.6931471805599453,1.297275935091855e-6,tabulations,24,40
dovish,tantalis,4,1.871573558221612e-6,0.6931471805599453,1.297275935091855e-6,tantalising,8,10
dovish,tasmania,4,1.871573558221612e-6,0.6931471805599453,1.297275935091855e-6,tasmania,32,13
dovish,telkom,4,1.871573558221612e-6,0.6931471805599453,1.297275935091855e-6,telkom,16,10
dovish,tennesse,4,1.871573558221612e-6,0.6931471805599453,1.297275935091855e-6,tennessee,40,25
dovish,tercentenari,4,1.871573558221612e-6,0.6931471805599453,1.297275935091855e-6,tercentenary,26,18
dovish,tevlin,4,1.871573558221612e-6,0.6931471805599453,1.297275935091855e-6,tevlin,26,18
dovish,therapi,4,1.871573558221612e-6,0.6931471805599453,1.297275935091855e-6,therapy,32,29
dovish,throughput,4,1.871573558221612e-6,0.6931471805599453,1.297275935091855e-6,throughput,22,16
dovish,timid,4,1.871573558221612e-6,0.6931471805599453,1.297275935091855e-6,timid,42,58
dovish,tonnag,4,1.871573558221612e-6,0.6931471805599453,1.297275935091855e-6,tonnages,14,21
dovish,township,4,1.871573558221612e-6,0.6931471805599453,1.297275935091855e-6,township,12,18
dovish,traumat,4,1.871573558221612e-6,0.6931471805599453,1.297275935091855e-6,traumatic,46,47
dovish,troy,4,1.871573558221612e-6,0.6931471805599453,1.297275935091855e-6,troy,24,24
dovish,truman,4,1.871573558221612e-6,0.6931471805599453,1.297275935091855e-6,truman,46,20
dovish,trumpet,4,1.871573558221612e-6,0.6931471805599453,1.297275935091855e-6,trumpet,7,10
dovish,tslf,4,1.871573558221612e-6,0.6931471805599453,1.297275935091855e-6,tslf,17,10
dovish,turrel,4,1.871573558221612e-6,0.6931471805599453,1.297275935091855e-6,turrell,28,11
dovish,tverski,4,1.871573558221612e-6,0.6931471805599453,1.297275935091855e-6,tversky,36,18
dovish,tweet,4,1.871573558221612e-6,0.6931471805599453,1.297275935091855e-6,tweet,13,22
dovish,typolog,4,1.871573558221612e-6,0.6931471805599453,1.297275935091855e-6,typology,16,13
dovish,uganda,4,1.871573558221612e-6,0.6931471805599453,1.297275935091855e-6,uganda,14,13
dovish,ulc,4,1.871573558221612e-6,0.6931471805599453,1.297275935091855e-6,ulc,111,32
dovish,unadjust,4,1.871573558221612e-6,0.6931471805599453,1.297275935091855e-6,unadjusted,32,26
dovish,uncontest,4,1.871573558221612e-6,0.6931471805599453,1.297275935091855e-6,uncontested,17,18
dovish,underlay,4,1.871573558221612e-6,0.6931471805599453,1.297275935091855e-6,underlay,20,19
dovish,underweight,4,1.871573558221612e-6,0.6931471805599453,1.297275935091855e-6,underweight,18,18
dovish,unexplor,4,1.871573558221612e-6,0.6931471805599453,1.297275935091855e-6,unexplored,30,28
dovish,unfccc,4,1.871573558221612e-6,0.6931471805599453,1.297275935091855e-6,unfccc,13,12
dovish,unfil,4,1.871573558221612e-6,0.6931471805599453,1.297275935091855e-6,unfilled,34,30
dovish,unpack,4,1.871573558221612e-6,0.6931471805599453,1.297275935091855e-6,unpack,16,30
dovish,unrespons,4,1.871573558221612e-6,0.6931471805599453,1.297275935091855e-6,unresponsive,32,31
dovish,unsolicit,4,1.871573558221612e-6,0.6931471805599453,1.297275935091855e-6,unsolicited,18,14
dovish,untri,4,1.871573558221612e-6,0.6931471805599453,1.297275935091855e-6,untried,15,14
dovish,upskil,4,1.871573558221612e-6,0.6931471805599453,1.297275935091855e-6,upskilling,19,15
dovish,uptick,4,1.871573558221612e-6,0.6931471805599453,1.297275935091855e-6,uptick,94,94
dovish,urjit,4,1.871573558221612e-6,0.6931471805599453,1.297275935091855e-6,urjit,38,26
dovish,ust,4,1.871573558221612e-6,0.6931471805599453,1.297275935091855e-6,ust,31,13
dovish,vansteenkist,4,1.871573558221612e-6,0.6931471805599453,1.297275935091855e-6,vansteenkiste,36,32
dovish,ventura,4,1.871573558221612e-6,0.6931471805599453,1.297275935091855e-6,ventura,22,13
dovish,verb,4,1.871573558221612e-6,0.6931471805599453,1.297275935091855e-6,verbs,9,12
dovish,veron,4,1.871573558221612e-6,0.6931471805599453,1.297275935091855e-6,veron,21,13
dovish,vicissitud,4,1.871573558221612e-6,0.6931471805599453,1.297275935091855e-6,vicissitudes,42,41
dovish,vij,4,1.871573558221612e-6,0.6931471805599453,1.297275935091855e-6,vij,11,11
dovish,villa,4,1.871573558221612e-6,0.6931471805599453,1.297275935091855e-6,villa,40,23
dovish,vincent,4,1.871573558221612e-6,0.6931471805599453,1.297275935091855e-6,vincent,61,48
dovish,vishni,4,1.871573558221612e-6,0.6931471805599453,1.297275935091855e-6,vishny,40,24
dovish,vsat,4,1.871573558221612e-6,0.6931471805599453,1.297275935091855e-6,vsat,17,13
dovish,warner,4,1.871573558221612e-6,0.6931471805599453,1.297275935091855e-6,warner,19,13
dovish,wassalamu,4,1.871573558221612e-6,0.6931471805599453,1.297275935091855e-6,wassalamu,14,14
dovish,watchdog,4,1.871573558221612e-6,0.6931471805599453,1.297275935091855e-6,watchdog,17,23
dovish,webb,4,1.871573558221612e-6,0.6931471805599453,1.297275935091855e-6,webb,48,38
dovish,wef,4,1.871573558221612e-6,0.6931471805599453,1.297275935091855e-6,wef,30,20
dovish,weitzman,4,1.871573558221612e-6,0.6931471805599453,1.297275935091855e-6,weitzman,27,10
dovish,welldefin,4,1.871573558221612e-6,0.6931471805599453,1.297275935091855e-6,welldefined,15,15
dovish,wellestablish,4,1.871573558221612e-6,0.6931471805599453,1.297275935091855e-6,wellestablished,18,18
dovish,westpac,4,1.871573558221612e-6,0.6931471805599453,1.297275935091855e-6,westpac,12,10
dovish,westwood,4,1.871573558221612e-6,0.6931471805599453,1.297275935091855e-6,westwood,14,11
dovish,wheeler,4,1.871573558221612e-6,0.6931471805599453,1.297275935091855e-6,wheelers,12,16
dovish,wheelock,4,1.871573558221612e-6,0.6931471805599453,1.297275935091855e-6,wheelock,31,14
dovish,whet,4,1.871573558221612e-6,0.6931471805599453,1.297275935091855e-6,whet,14,20
dovish,whittl,4,1.871573558221612e-6,0.6931471805599453,1.297275935091855e-6,whittled,7,15
dovish,whop,4,1.871573558221612e-6,0.6931471805599453,1.297275935091855e-6,whopping,23,23
dovish,woo,4,1.871573558221612e-6,0.6931471805599453,1.297275935091855e-6,woo,13,11
dovish,workweek,4,1.871573558221612e-6,0.6931471805599453,1.297275935091855e-6,workweek,22,20
dovish,wouter,4,1.871573558221612e-6,0.6931471805599453,1.297275935091855e-6,wouters,45,28
dovish,xiii,4,1.871573558221612e-6,0.6931471805599453,1.297275935091855e-6,xiii,27,23
dovish,xvii,4,1.871573558221612e-6,0.6931471805599453,1.297275935091855e-6,xvii,19,12
dovish,yearbook,4,1.871573558221612e-6,0.6931471805599453,1.297275935091855e-6,yearbook,21,17
dovish,yearn,4,1.871573558221612e-6,0.6931471805599453,1.297275935091855e-6,yearn,10,20
dovish,yutaka,4,1.871573558221612e-6,0.6931471805599453,1.297275935091855e-6,yutaka,80,28
dovish,abbrevi,3,1.403680168666209e-6,0.6931471805599453,9.729569513188912e-7,abbreviated,13,29
dovish,abel,3,1.403680168666209e-6,0.6931471805599453,9.729569513188912e-7,abel,47,26
dovish,abigail,3,1.403680168666209e-6,0.6931471805599453,9.729569513188912e-7,abigail,21,20
dovish,abort,3,1.403680168666209e-6,0.6931471805599453,9.729569513188912e-7,aborted,13,21
dovish,adbi,3,1.403680168666209e-6,0.6931471805599453,9.729569513188912e-7,adbi,24,20
dovish,admati,3,1.403680168666209e-6,0.6931471805599453,9.729569513188912e-7,admati,49,25
dovish,affluenc,3,1.403680168666209e-6,0.6931471805599453,9.729569513188912e-7,affluence,47,38
dovish,afghanistan,3,1.403680168666209e-6,0.6931471805599453,9.729569513188912e-7,afghanistan,35,34
dovish,ailment,3,1.403680168666209e-6,0.6931471805599453,9.729569513188912e-7,ailments,9,16
dovish,alfaro,3,1.403680168666209e-6,0.6931471805599453,9.729569513188912e-7,alfaro,23,15
dovish,algeria,3,1.403680168666209e-6,0.6931471805599453,9.729569513188912e-7,algeria,23,17
dovish,algo,3,1.403680168666209e-6,0.6931471805599453,9.729569513188912e-7,algo,27,13
dovish,alina,3,1.403680168666209e-6,0.6931471805599453,9.729569513188912e-7,alina,29,29
dovish,alltim,3,1.403680168666209e-6,0.6931471805599453,9.729569513188912e-7,alltime,10,10
dovish,aloud,3,1.403680168666209e-6,0.6931471805599453,9.729569513188912e-7,aloud,11,10
dovish,alp,3,1.403680168666209e-6,0.6931471805599453,9.729569513188912e-7,alps,17,21
dovish,alumnus,3,1.403680168666209e-6,0.6931471805599453,9.729569513188912e-7,alumnus,12,11
dovish,amass,3,1.403680168666209e-6,0.6931471805599453,9.729569513188912e-7,amassed,14,23
dovish,ampudia,3,1.403680168666209e-6,0.6931471805599453,9.729569513188912e-7,ampudia,18,15
dovish,ana,3,1.403680168666209e-6,0.6931471805599453,9.729569513188912e-7,ana,42,39
dovish,anat,3,1.403680168666209e-6,0.6931471805599453,9.729569513188912e-7,anat,14,11
dovish,anathema,3,1.403680168666209e-6,0.6931471805599453,9.729569513188912e-7,anathema,14,14
dovish,annoy,3,1.403680168666209e-6,0.6931471805599453,9.729569513188912e-7,annoyance,7,18
dovish,antagonist,3,1.403680168666209e-6,0.6931471805599453,9.729569513188912e-7,antagonistic,8,12
dovish,antoin,3,1.403680168666209e-6,0.6931471805599453,9.729569513188912e-7,antoine,23,24
dovish,anu,3,1.403680168666209e-6,0.6931471805599453,9.729569513188912e-7,anu,19,19
dovish,appal,3,1.403680168666209e-6,0.6931471805599453,9.729569513188912e-7,appalling,26,33
dovish,append,3,1.403680168666209e-6,0.6931471805599453,9.729569513188912e-7,appended,5,11
dovish,apuassttr,3,1.403680168666209e-6,0.6931471805599453,9.729569513188912e-7,apuassttr,11,11
dovish,aquacultur,3,1.403680168666209e-6,0.6931471805599453,9.729569513188912e-7,aquaculture,12,12
dovish,armstrong,3,1.403680168666209e-6,0.6931471805599453,9.729569513188912e-7,armstrong,13,10
dovish,arnaud,3,1.403680168666209e-6,0.6931471805599453,9.729569513188912e-7,arnaud,13,13
dovish,arnold,3,1.403680168666209e-6,0.6931471805599453,9.729569513188912e-7,arnold,26,18
dovish,arun,3,1.403680168666209e-6,0.6931471805599453,9.729569513188912e-7,arun,12,11
dovish,ashenfelt,3,1.403680168666209e-6,0.6931471805599453,9.729569513188912e-7,ashenfelter,23,18
dovish,astut,3,1.403680168666209e-6,0.6931471805599453,9.729569513188912e-7,astute,28,30
dovish,atif,3,1.403680168666209e-6,0.6931471805599453,9.729569513188912e-7,atif,20,17
dovish,atkin,3,1.403680168666209e-6,0.6931471805599453,9.729569513188912e-7,atkin,9,11
dovish,autocrat,3,1.403680168666209e-6,0.6931471805599453,9.729569513188912e-7,autocratic,9,13
dovish,ave,3,1.403680168666209e-6,0.6931471805599453,9.729569513188912e-7,ave,16,13
dovish,awash,3,1.403680168666209e-6,0.6931471805599453,9.729569513188912e-7,awash,32,32
dovish,aziz,3,1.403680168666209e-6,0.6931471805599453,9.729569513188912e-7,aziz,12,12
dovish,babel,3,1.403680168666209e-6,0.6931471805599453,9.729569513188912e-7,babel,19,10
dovish,backfir,3,1.403680168666209e-6,0.6931471805599453,9.729569513188912e-7,backfire,18,21
dovish,baffl,3,1.403680168666209e-6,0.6931471805599453,9.729569513188912e-7,baffled,9,18
dovish,balk,3,1.403680168666209e-6,0.6931471805599453,9.729569513188912e-7,balk,10,17
dovish,bandung,3,1.403680168666209e-6,0.6931471805599453,9.729569513188912e-7,bandung,12,10
dovish,bandwidth,3,1.403680168666209e-6,0.6931471805599453,9.729569513188912e-7,bandwidth,17,19
dovish,bark,3,1.403680168666209e-6,0.6931471805599453,9.729569513188912e-7,bark,37,48
dovish,barrag,3,1.403680168666209e-6,0.6931471805599453,9.729569513188912e-7,barrage,14,14
dovish,bastion,3,1.403680168666209e-6,0.6931471805599453,9.729569513188912e-7,bastion,9,10
dovish,basu,3,1.403680168666209e-6,0.6931471805599453,9.729569513188912e-7,basu,38,17
dovish,bathwat,3,1.403680168666209e-6,0.6931471805599453,9.729569513188912e-7,bathwater,15,14
dovish,battlefield,3,1.403680168666209e-6,0.6931471805599453,9.729569513188912e-7,battlefield,14,16
dovish,bearish,3,1.403680168666209e-6,0.6931471805599453,9.729569513188912e-7,bearish,27,26
dovish,beast,3,1.403680168666209e-6,0.6931471805599453,9.729569513188912e-7,beast,25,19
dovish,beckon,3,1.403680168666209e-6,0.6931471805599453,9.729569513188912e-7,beckons,10,13
dovish,behemoth,3,1.403680168666209e-6,0.6931471805599453,9.729569513188912e-7,behemoths,7,10
dovish,belliger,3,1.403680168666209e-6,0.6931471805599453,9.729569513188912e-7,belligerent,11,11
dovish,benito,3,1.403680168666209e-6,0.6931471805599453,9.729569513188912e-7,benito,33,19
dovish,bere,3,1.403680168666209e-6,0.6931471805599453,9.729569513188912e-7,beres,17,11
dovish,bfsi,3,1.403680168666209e-6,0.6931471805599453,9.729569513188912e-7,bfsi,15,11
dovish,bhutta,3,1.403680168666209e-6,0.6931471805599453,9.729569513188912e-7,bhutta,25,15
dovish,bielecki,3,1.403680168666209e-6,0.6931471805599453,9.729569513188912e-7,bielecki,36,23
dovish,bifr,3,1.403680168666209e-6,0.6931471805599453,9.729569513188912e-7,bifr,13,11
dovish,bil,3,1.403680168666209e-6,0.6931471805599453,9.729569513188912e-7,bil,97,63
dovish,biomass,3,1.403680168666209e-6,0.6931471805599453,9.729569513188912e-7,biomass,13,13
dovish,birthrat,3,1.403680168666209e-6,0.6931471805599453,9.729569513188912e-7,birthrate,64,43
dovish,blair,3,1.403680168666209e-6,0.6931471805599453,9.729569513188912e-7,blair,30,26
dovish,blattner,3,1.403680168666209e-6,0.6931471805599453,9.729569513188912e-7,blattner,92,56
dovish,bleed,3,1.403680168666209e-6,0.6931471805599453,9.729569513188912e-7,bleeding,8,12
dovish,blemish,3,1.403680168666209e-6,0.6931471805599453,9.729569513188912e-7,blemished,7,18
dovish,blew,3,1.403680168666209e-6,0.6931471805599453,9.729569513188912e-7,blew,17,16
dovish,blink,3,1.403680168666209e-6,0.6931471805599453,9.729569513188912e-7,blink,14,17
dovish,blip,3,1.403680168666209e-6,0.6931471805599453,9.729569513188912e-7,blip,18,30
dovish,boge,3,1.403680168666209e-6,0.6931471805599453,9.729569513188912e-7,boge,13,13
dovish,bonanza,3,1.403680168666209e-6,0.6931471805599453,9.729569513188912e-7,bonanza,23,18
dovish,bot,3,1.403680168666209e-6,0.6931471805599453,9.729569513188912e-7,bot,12,12
dovish,bradley,3,1.403680168666209e-6,0.6931471805599453,9.729569513188912e-7,bradley,21,19
dovish,braun,3,1.403680168666209e-6,0.6931471805599453,9.729569513188912e-7,braun,38,17
dovish,breakneck,3,1.403680168666209e-6,0.6931471805599453,9.729569513188912e-7,breakneck,12,12
dovish,brett,3,1.403680168666209e-6,0.6931471805599453,9.729569513188912e-7,brett,14,13
dovish,brevoort,3,1.403680168666209e-6,0.6931471805599453,9.729569513188912e-7,brevoort,17,12
dovish,bribe,3,1.403680168666209e-6,0.6931471805599453,9.729569513188912e-7,bribes,9,16
dovish,briberi,3,1.403680168666209e-6,0.6931471805599453,9.729569513188912e-7,bribery,17,16
dovish,bricker,3,1.403680168666209e-6,0.6931471805599453,9.729569513188912e-7,bricker,20,17
dovish,brigitt,3,1.403680168666209e-6,0.6931471805599453,9.729569513188912e-7,brigitte,20,13
dovish,brischetto,3,1.403680168666209e-6,0.6931471805599453,9.729569513188912e-7,brischetto,18,17
dovish,browser,3,1.403680168666209e-6,0.6931471805599453,9.729569513188912e-7,browsers,8,11
dovish,brsa,3,1.403680168666209e-6,0.6931471805599453,9.729569513188912e-7,brsa,45,30
dovish,bryan,3,1.403680168666209e-6,0.6931471805599453,9.729569513188912e-7,bryan,27,16
dovish,buffett,3,1.403680168666209e-6,0.6931471805599453,9.729569513188912e-7,buffett,24,20
dovish,bursari,3,1.403680168666209e-6,0.6931471805599453,9.729569513188912e-7,bursaries,8,11
dovish,cai,3,1.403680168666209e-6,0.6931471805599453,9.729569513188912e-7,cai,57,33
dovish,calib,3,1.403680168666209e-6,0.6931471805599453,9.729569513188912e-7,caliber,15,14
dovish,campa,3,1.403680168666209e-6,0.6931471805599453,9.729569513188912e-7,campa,25,14
dovish,cappiello,3,1.403680168666209e-6,0.6931471805599453,9.729569513188912e-7,cappiello,33,24
dovish,caprio,3,1.403680168666209e-6,0.6931471805599453,9.729569513188912e-7,caprio,23,17
dovish,cartoon,3,1.403680168666209e-6,0.6931471805599453,9.729569513188912e-7,cartoon,13,16
dovish,cbpp,3,1.403680168666209e-6,0.6931471805599453,9.729569513188912e-7,cbpp,14,12
dovish,cbps,3,1.403680168666209e-6,0.6931471805599453,9.729569513188912e-7,cbps,51,12
dovish,cdx,3,1.403680168666209e-6,0.6931471805599453,9.729569513188912e-7,cdx,26,11
dovish,cellphon,3,1.403680168666209e-6,0.6931471805599453,9.729569513188912e-7,cellphone,9,10
dovish,cernobbio,3,1.403680168666209e-6,0.6931471805599453,9.729569513188912e-7,cernobbio,19,18
dovish,cfos,3,1.403680168666209e-6,0.6931471805599453,9.729569513188912e-7,cfos,46,25
dovish,cgap,3,1.403680168666209e-6,0.6931471805599453,9.729569513188912e-7,cgap,15,10
dovish,chad,3,1.403680168666209e-6,0.6931471805599453,9.729569513188912e-7,chad,32,28
dovish,chakraborti,3,1.403680168666209e-6,0.6931471805599453,9.729569513188912e-7,chakraborty,23,18
dovish,champagn,3,1.403680168666209e-6,0.6931471805599453,9.729569513188912e-7,champagne,18,13
dovish,charbonneau,3,1.403680168666209e-6,0.6931471805599453,9.729569513188912e-7,charbonneau,19,13
dovish,chatter,3,1.403680168666209e-6,0.6931471805599453,9.729569513188912e-7,chatter,11,10
dovish,cheung,3,1.403680168666209e-6,0.6931471805599453,9.729569513188912e-7,cheung,13,13
dovish,chinn,3,1.403680168666209e-6,0.6931471805599453,9.729569513188912e-7,chinn,38,20
dovish,christodoulou,3,1.403680168666209e-6,0.6931471805599453,9.729569513188912e-7,christodoulou,14,11
dovish,chronolog,3,1.403680168666209e-6,0.6931471805599453,9.729569513188912e-7,chronology,27,56
dovish,circumstanti,3,1.403680168666209e-6,0.6931471805599453,9.729569513188912e-7,circumstantial,14,14
dovish,clarendon,3,1.403680168666209e-6,0.6931471805599453,9.729569513188912e-7,clarendon,30,26
dovish,cleric,3,1.403680168666209e-6,0.6931471805599453,9.729569513188912e-7,clerical,24,18
dovish,clew,3,1.403680168666209e-6,0.6931471805599453,9.729569513188912e-7,clews,30,22
dovish,clifford,3,1.403680168666209e-6,0.6931471805599453,9.729569513188912e-7,clifford,10,10
dovish,cling,3,1.403680168666209e-6,0.6931471805599453,9.729569513188912e-7,cling,12,21
dovish,clive,3,1.403680168666209e-6,0.6931471805599453,9.729569513188912e-7,clive,22,21
dovish,cockerel,3,1.403680168666209e-6,0.6931471805599453,9.729569513188912e-7,cockerell,15,14
dovish,coen,3,1.403680168666209e-6,0.6931471805599453,9.729569513188912e-7,coen,18,16
dovish,coenen,3,1.403680168666209e-6,0.6931471805599453,9.729569513188912e-7,coenen,82,57
dovish,cohabit,3,1.403680168666209e-6,0.6931471805599453,9.729569513188912e-7,cohabitation,18,13
dovish,coke,3,1.403680168666209e-6,0.6931471805599453,9.729569513188912e-7,coking,17,20
dovish,colin,3,1.403680168666209e-6,0.6931471805599453,9.729569513188912e-7,colin,31,25
dovish,communal,3,1.403680168666209e-6,0.6931471805599453,9.729569513188912e-7,communal,28,21
dovish,compnet,3,1.403680168666209e-6,0.6931471805599453,9.729569513188912e-7,compnet,48,22
dovish,concessionari,3,1.403680168666209e-6,0.6931471805599453,9.729569513188912e-7,concessionary,9,10
dovish,congressman,3,1.403680168666209e-6,0.6931471805599453,9.729569513188912e-7,congressman,31,22
dovish,conseil,3,1.403680168666209e-6,0.6931471805599453,9.729569513188912e-7,conseil,19,16
dovish,cont,3,1.403680168666209e-6,0.6931471805599453,9.729569513188912e-7,cont,31,16
dovish,coppin,3,1.403680168666209e-6,0.6931471805599453,9.729569513188912e-7,coppins,15,16
dovish,cormac,3,1.403680168666209e-6,0.6931471805599453,9.729569513188912e-7,cormac,14,14
dovish,cornish,3,1.403680168666209e-6,0.6931471805599453,9.729569513188912e-7,cornish,33,13
dovish,corros,3,1.403680168666209e-6,0.6931471805599453,9.729569513188912e-7,corrosive,34,33
dovish,cottag,3,1.403680168666209e-6,0.6931471805599453,9.729569513188912e-7,cottage,26,22
dovish,counten,3,1.403680168666209e-6,0.6931471805599453,9.729569513188912e-7,countenance,17,18
dovish,counterargu,3,1.403680168666209e-6,0.6931471805599453,9.729569513188912e-7,counterargument,10,18
dovish,counterintuit,3,1.403680168666209e-6,0.6931471805599453,9.729569513188912e-7,counterintuitive,34,41
dovish,courteous,3,1.403680168666209e-6,0.6931471805599453,9.729569513188912e-7,courteous,12,12
dovish,cowen,3,1.403680168666209e-6,0.6931471805599453,9.729569513188912e-7,cowen,28,14
dovish,crane,3,1.403680168666209e-6,0.6931471805599453,9.729569513188912e-7,crane,15,18
dovish,credo,3,1.403680168666209e-6,0.6931471805599453,9.729569513188912e-7,credo,14,12
dovish,crept,3,1.403680168666209e-6,0.6931471805599453,9.729569513188912e-7,crept,30,30
dovish,crimp,3,1.403680168666209e-6,0.6931471805599453,9.729569513188912e-7,crimp,6,16
dovish,crush,3,1.403680168666209e-6,0.6931471805599453,9.729569513188912e-7,crushed,18,31
dovish,cutoff,3,1.403680168666209e-6,0.6931471805599453,9.729569513188912e-7,cutoff,14,16
dovish,cyberspac,3,1.403680168666209e-6,0.6931471805599453,9.729569513188912e-7,cyberspace,21,20
dovish,cylind,3,1.403680168666209e-6,0.6931471805599453,9.729569513188912e-7,cylinders,12,13
dovish,damien,3,1.403680168666209e-6,0.6931471805599453,9.729569513188912e-7,damien,14,13
dovish,darken,3,1.403680168666209e-6,0.6931471805599453,9.729569513188912e-7,darkened,14,31
dovish,darker,3,1.403680168666209e-6,0.6931471805599453,9.729569513188912e-7,darker,26,20
dovish,darwinian,3,1.403680168666209e-6,0.6931471805599453,9.729569513188912e-7,darwinian,19,15
dovish,dasgupta,3,1.403680168666209e-6,0.6931471805599453,9.729569513188912e-7,dasgupta,23,13
dovish,daycar,3,1.403680168666209e-6,0.6931471805599453,9.729569513188912e-7,daycare,11,18
dovish,decay,3,1.403680168666209e-6,0.6931471805599453,9.729569513188912e-7,decay,23,32
dovish,dedola,3,1.403680168666209e-6,0.6931471805599453,9.729569513188912e-7,dedola,50,27
dovish,demateri,3,1.403680168666209e-6,0.6931471805599453,9.729569513188912e-7,dematerialization,17,21
dovish,demirguc,3,1.403680168666209e-6,0.6931471805599453,9.729569513188912e-7,demirguc,53,36
dovish,demonet,3,1.403680168666209e-6,0.6931471805599453,9.729569513188912e-7,demonetization,10,10
dovish,dettl,3,1.403680168666209e-6,0.6931471805599453,9.729569513188912e-7,dettling,19,13
dovish,deutschemark,3,1.403680168666209e-6,0.6931471805599453,9.729569513188912e-7,deutschemark,18,15
dovish,deutschen,3,1.403680168666209e-6,0.6931471805599453,9.729569513188912e-7,deutschen,15,12
dovish,deutschland,3,1.403680168666209e-6,0.6931471805599453,9.729569513188912e-7,deutschland,21,19
dovish,disarray,3,1.403680168666209e-6,0.6931471805599453,9.729569513188912e-7,disarray,20,20
dovish,disdain,3,1.403680168666209e-6,0.6931471805599453,9.729569513188912e-7,disdain,11,12
dovish,disinclin,3,1.403680168666209e-6,0.6931471805599453,9.729569513188912e-7,disinclined,10,15
dovish,disinfect,3,1.403680168666209e-6,0.6931471805599453,9.729569513188912e-7,disinfection,6,11
dovish,dislik,3,1.403680168666209e-6,0.6931471805599453,9.729569513188912e-7,dislike,48,49
dovish,disprov,3,1.403680168666209e-6,0.6931471805599453,9.729569513188912e-7,disproved,15,29
dovish,disrespect,3,1.403680168666209e-6,0.6931471805599453,9.729569513188912e-7,disrespect,8,10
dovish,dissav,3,1.403680168666209e-6,0.6931471805599453,9.729569513188912e-7,dissaving,53,53
dovish,dock,3,1.403680168666209e-6,0.6931471805599453,9.729569513188912e-7,dock,12,22
dovish,doomsay,3,1.403680168666209e-6,0.6931471805599453,9.729569513188912e-7,doomsayers,9,10
dovish,doomsday,3,1.403680168666209e-6,0.6931471805599453,9.729569513188912e-7,doomsday,12,11
dovish,dorn,3,1.403680168666209e-6,0.6931471805599453,9.729569513188912e-7,dorn,44,32
dovish,dsti,3,1.403680168666209e-6,0.6931471805599453,9.729569513188912e-7,dsti,27,11
dovish,duguay,3,1.403680168666209e-6,0.6931471805599453,9.729569513188912e-7,duguay,29,18
dovish,dunbar,3,1.403680168666209e-6,0.6931471805599453,9.729569513188912e-7,dunbar,23,15
dovish,ecbth,3,1.403680168666209e-6,0.6931471805599453,9.729569513188912e-7,ecbthe,12,12
dovish,elliott,3,1.403680168666209e-6,0.6931471805599453,9.729569513188912e-7,elliott,49,41
dovish,elmendorf,3,1.403680168666209e-6,0.6931471805599453,9.729569513188912e-7,elmendorf,23,15
dovish,engl,3,1.403680168666209e-6,0.6931471805599453,9.729569513188912e-7,engle,24,20
dovish,erian,3,1.403680168666209e-6,0.6931471805599453,9.729569513188912e-7,erian,25,18
dovish,esther,3,1.403680168666209e-6,0.6931471805599453,9.729569513188912e-7,esther,18,16
dovish,et,3,1.403680168666209e-6,0.6931471805599453,9.729569513188912e-7,ets,101,18
dovish,etienn,3,1.403680168666209e-6,0.6931471805599453,9.729569513188912e-7,etienne,34,27
dovish,etymolog,3,1.403680168666209e-6,0.6931471805599453,9.729569513188912e-7,etymology,9,13
dovish,euroscept,3,1.403680168666209e-6,0.6931471805599453,9.729569513188912e-7,eurosceptics,9,12
dovish,evinc,3,1.403680168666209e-6,0.6931471805599453,9.729569513188912e-7,evince,9,18
dovish,fabian,3,1.403680168666209e-6,0.6931471805599453,9.729569513188912e-7,fabian,26,26
dovish,factbook,3,1.403680168666209e-6,0.6931471805599453,9.729569513188912e-7,factbook,10,10
dovish,farrar,3,1.403680168666209e-6,0.6931471805599453,9.729569513188912e-7,farrar,17,16
dovish,fata,3,1.403680168666209e-6,0.6931471805599453,9.729569513188912e-7,fatas,33,23
dovish,fatalist,3,1.403680168666209e-6,0.6931471805599453,9.729569513188912e-7,fatalistic,9,11
dovish,fatten,3,1.403680168666209e-6,0.6931471805599453,9.729569513188912e-7,fattening,12,16
dovish,feast,3,1.403680168666209e-6,0.6931471805599453,9.729569513188912e-7,feast,28,27
dovish,feenstra,3,1.403680168666209e-6,0.6931471805599453,9.729569513188912e-7,feenstra,29,14
dovish,fibac,3,1.403680168666209e-6,0.6931471805599453,9.729569513188912e-7,fibac,25,13
dovish,fidel,3,1.403680168666209e-6,0.6931471805599453,9.729569513188912e-7,fidelity,22,26
dovish,fidora,3,1.403680168666209e-6,0.6931471805599453,9.729569513188912e-7,fidora,19,14
dovish,firefight,3,1.403680168666209e-6,0.6931471805599453,9.729569513188912e-7,firefighters,13,15
dovish,firmwid,3,1.403680168666209e-6,0.6931471805599453,9.729569513188912e-7,firmwide,22,15
dovish,fixiti,3,1.403680168666209e-6,0.6931471805599453,9.729569513188912e-7,fixity,29,22
dovish,flagrant,3,1.403680168666209e-6,0.6931471805599453,9.729569513188912e-7,flagrant,9,11
dovish,flex,3,1.403680168666209e-6,0.6931471805599453,9.729569513188912e-7,flex,15,20
dovish,flirt,3,1.403680168666209e-6,0.6931471805599453,9.729569513188912e-7,flirting,9,12
dovish,florian,3,1.403680168666209e-6,0.6931471805599453,9.729569513188912e-7,florian,14,14
dovish,foodgrain,3,1.403680168666209e-6,0.6931471805599453,9.729569513188912e-7,foodgrains,64,34
dovish,foreignexchang,3,1.403680168666209e-6,0.6931471805599453,9.729569513188912e-7,foreignexchange,15,12
dovish,forens,3,1.403680168666209e-6,0.6931471805599453,9.729569513188912e-7,forensic,24,28
dovish,foreword,3,1.403680168666209e-6,0.6931471805599453,9.729569513188912e-7,foreword,31,26
dovish,forgeri,3,1.403680168666209e-6,0.6931471805599453,9.729569513188912e-7,forgery,18,17
dovish,fpi,3,1.403680168666209e-6,0.6931471805599453,9.729569513188912e-7,fpi,52,19
dovish,fra,3,1.403680168666209e-6,0.6931471805599453,9.729569513188912e-7,fra,56,34
dovish,fraser,3,1.403680168666209e-6,0.6931471805599453,9.729569513188912e-7,fraser,49,31
dovish,frbsf,3,1.403680168666209e-6,0.6931471805599453,9.729569513188912e-7,frbsf,75,58
dovish,frederick,3,1.403680168666209e-6,0.6931471805599453,9.729569513188912e-7,frederick,19,18
dovish,fright,3,1.403680168666209e-6,0.6931471805599453,9.729569513188912e-7,fright,12,18
dovish,frisbe,3,1.403680168666209e-6,0.6931471805599453,9.729569513188912e-7,frisbee,31,15
dovish,fromth,3,1.403680168666209e-6,0.6931471805599453,9.729569513188912e-7,fromthe,10,10
dovish,fsrs,3,1.403680168666209e-6,0.6931471805599453,9.729569513188912e-7,fsrs,17,12
dovish,ftas,3,1.403680168666209e-6,0.6931471805599453,9.729569513188912e-7,ftas,55,29
dovish,fundrais,3,1.403680168666209e-6,0.6931471805599453,9.729569513188912e-7,fundraising,23,21
dovish,funer,3,1.403680168666209e-6,0.6931471805599453,9.729569513188912e-7,funeral,16,13
dovish,funni,3,1.403680168666209e-6,0.6931471805599453,9.729569513188912e-7,funny,18,15
dovish,fxc,3,1.403680168666209e-6,0.6931471805599453,9.729569513188912e-7,fxc,15,10
dovish,gala,3,1.403680168666209e-6,0.6931471805599453,9.729569513188912e-7,gala,32,24
dovish,galvanis,3,1.403680168666209e-6,0.6931471805599453,9.729569513188912e-7,galvanised,10,22
dovish,garicano,3,1.403680168666209e-6,0.6931471805599453,9.729569513188912e-7,garicano,14,10
dovish,gase,3,1.403680168666209e-6,0.6931471805599453,9.729569513188912e-7,gases,25,21
dovish,geehrter,3,1.403680168666209e-6,0.6931471805599453,9.729569513188912e-7,geehrter,19,11
dovish,genr,3,1.403680168666209e-6,0.6931471805599453,9.729569513188912e-7,genre,29,29
dovish,georgiadi,3,1.403680168666209e-6,0.6931471805599453,9.729569513188912e-7,georgiadis,49,25
dovish,gfk,3,1.403680168666209e-6,0.6931471805599453,9.729569513188912e-7,gfk,121,45
dovish,ghana,3,1.403680168666209e-6,0.6931471805599453,9.729569513188912e-7,ghana,28,21
dovish,ghos,3,1.403680168666209e-6,0.6931471805599453,9.729569513188912e-7,ghos,25,15
dovish,gic,3,1.403680168666209e-6,0.6931471805599453,9.729569513188912e-7,gic,27,10
dovish,giroux,3,1.403680168666209e-6,0.6931471805599453,9.729569513188912e-7,giroux,16,15
dovish,glaeser,3,1.403680168666209e-6,0.6931471805599453,9.729569513188912e-7,glaeser,21,13
dovish,gni,3,1.403680168666209e-6,0.6931471805599453,9.729569513188912e-7,gni,61,21
dovish,goldfajn,3,1.403680168666209e-6,0.6931471805599453,9.729569513188912e-7,goldfajn,18,12
dovish,golf,3,1.403680168666209e-6,0.6931471805599453,9.729569513188912e-7,golf,25,18
dovish,gouverneur,3,1.403680168666209e-6,0.6931471805599453,9.729569513188912e-7,gouverneurs,9,12
dovish,graci,3,1.403680168666209e-6,0.6931471805599453,9.729569513188912e-7,gracie,26,18
dovish,grandpar,3,1.403680168666209e-6,0.6931471805599453,9.729569513188912e-7,grandparents,37,27
dovish,granit,3,1.403680168666209e-6,0.6931471805599453,9.729569513188912e-7,granite,18,10
dovish,gravell,3,1.403680168666209e-6,0.6931471805599453,9.729569513188912e-7,gravelle,22,18
dovish,greenfield,3,1.403680168666209e-6,0.6931471805599453,9.729569513188912e-7,greenfield,26,20
dovish,grellan,3,1.403680168666209e-6,0.6931471805599453,9.729569513188912e-7,grellan,17,17
dovish,grief,3,1.403680168666209e-6,0.6931471805599453,9.729569513188912e-7,grief,16,16
dovish,grigoria,3,1.403680168666209e-6,0.6931471805599453,9.729569513188912e-7,grigoria,10,10
dovish,grill,3,1.403680168666209e-6,0.6931471805599453,9.729569513188912e-7,grill,14,13
dovish,groom,3,1.403680168666209e-6,0.6931471805599453,9.729569513188912e-7,grooming,10,14
dovish,gual,3,1.403680168666209e-6,0.6931471805599453,9.729569513188912e-7,gual,12,12
dovish,guerrieri,3,1.403680168666209e-6,0.6931471805599453,9.729569513188912e-7,guerrieri,63,38
dovish,guido,3,1.403680168666209e-6,0.6931471805599453,9.729569513188912e-7,guido,32,28
dovish,gurus,3,1.403680168666209e-6,0.6931471805599453,9.729569513188912e-7,gurus,13,11
dovish,gvcs,3,1.403680168666209e-6,0.6931471805599453,9.729569513188912e-7,gvcs,81,15
dovish,haddow,3,1.403680168666209e-6,0.6931471805599453,9.729569513188912e-7,haddow,33,17
dovish,handelsblatt,3,1.403680168666209e-6,0.6931471805599453,9.729569513188912e-7,handelsblatt,17,17
dovish,harcourt,3,1.403680168666209e-6,0.6931471805599453,9.729569513188912e-7,harcourt,20,18
dovish,haskel,3,1.403680168666209e-6,0.6931471805599453,9.729569513188912e-7,haskel,184,81
dovish,hawley,3,1.403680168666209e-6,0.6931471805599453,9.729569513188912e-7,hawley,15,14
dovish,hay,3,1.403680168666209e-6,0.6931471805599453,9.729569513188912e-7,hayes,19,21
dovish,headcount,3,1.403680168666209e-6,0.6931471805599453,9.729569513188912e-7,headcount,28,25
dovish,hedger,3,1.403680168666209e-6,0.6931471805599453,9.729569513188912e-7,hedgers,32,20
dovish,hellen,3,1.403680168666209e-6,0.6931471805599453,9.729569513188912e-7,hellenic,18,13
dovish,hellwig,3,1.403680168666209e-6,0.6931471805599453,9.729569513188912e-7,hellwig,58,35
dovish,hernando,3,1.403680168666209e-6,0.6931471805599453,9.729569513188912e-7,hernando,22,12
dovish,heroic,3,1.403680168666209e-6,0.6931471805599453,9.729569513188912e-7,heroic,44,35
dovish,hiccup,3,1.403680168666209e-6,0.6931471805599453,9.729569513188912e-7,hiccups,13,21
dovish,hick,3,1.403680168666209e-6,0.6931471805599453,9.729569513188912e-7,hicks,113,57
dovish,highgrowth,3,1.403680168666209e-6,0.6931471805599453,9.729569513188912e-7,highgrowth,11,11
dovish,highincom,3,1.403680168666209e-6,0.6931471805599453,9.729569513188912e-7,highincome,10,10
dovish,highlevel,3,1.403680168666209e-6,0.6931471805599453,9.729569513188912e-7,highlevel,24,24
dovish,highvalu,3,1.403680168666209e-6,0.6931471805599453,9.729569513188912e-7,highvalue,10,10
dovish,hird,3,1.403680168666209e-6,0.6931471805599453,9.729569513188912e-7,hird,18,16
dovish,hitch,3,1.403680168666209e-6,0.6931471805599453,9.729569513188912e-7,hitch,19,27
dovish,hitt,3,1.403680168666209e-6,0.6931471805599453,9.729569513188912e-7,hitt,17,10
dovish,hobbi,3,1.403680168666209e-6,0.6931471805599453,9.729569513188912e-7,hobbies,20,19
dovish,hobbl,3,1.403680168666209e-6,0.6931471805599453,9.729569513188912e-7,hobbled,15,23
dovish,hoenig,3,1.403680168666209e-6,0.6931471805599453,9.729569513188912e-7,hoenig,25,18
dovish,hooley,3,1.403680168666209e-6,0.6931471805599453,9.729569513188912e-7,hooley,23,18
dovish,horrif,3,1.403680168666209e-6,0.6931471805599453,9.729569513188912e-7,horrific,16,18
dovish,housekeep,3,1.403680168666209e-6,0.6931471805599453,9.729569513188912e-7,housekeeping,32,29
dovish,howat,3,1.403680168666209e-6,0.6931471805599453,9.729569513188912e-7,howat,14,13
dovish,hsieh,3,1.403680168666209e-6,0.6931471805599453,9.729569513188912e-7,hsieh,13,11
dovish,hump,3,1.403680168666209e-6,0.6931471805599453,9.729569513188912e-7,hump,36,33
dovish,hundredth,3,1.403680168666209e-6,0.6931471805599453,9.729569513188912e-7,hundredth,16,24
dovish,husbandri,3,1.403680168666209e-6,0.6931471805599453,9.729569513188912e-7,husbandry,13,11
dovish,hutchin,3,1.403680168666209e-6,0.6931471805599453,9.729569513188912e-7,hutchins,64,51
dovish,icmb,3,1.403680168666209e-6,0.6931471805599453,9.729569513188912e-7,icmb,32,28
dovish,id,3,1.403680168666209e-6,0.6931471805599453,9.729569513188912e-7,ids,21,15
dovish,ideat,3,1.403680168666209e-6,0.6931471805599453,9.729569513188912e-7,ideate,8,10
dovish,ih,3,1.403680168666209e-6,0.6931471805599453,9.729569513188912e-7,ihs,131,68
dovish,iifcl,3,1.403680168666209e-6,0.6931471805599453,9.729569513188912e-7,iifcl,41,12
dovish,immeasur,3,1.403680168666209e-6,0.6931471805599453,9.729569513188912e-7,immeasurably,15,25
dovish,impenetr,3,1.403680168666209e-6,0.6931471805599453,9.729569513188912e-7,impenetrable,16,16
dovish,inalien,3,1.403680168666209e-6,0.6931471805599453,9.729569513188912e-7,inalienable,20,19
dovish,inch,3,1.403680168666209e-6,0.6931471805599453,9.729569513188912e-7,inch,19,44
dovish,incis,3,1.403680168666209e-6,0.6931471805599453,9.729569513188912e-7,incisive,17,21
dovish,incompet,3,1.403680168666209e-6,0.6931471805599453,9.729569513188912e-7,incompetence,12,22
dovish,indianapoli,3,1.403680168666209e-6,0.6931471805599453,9.729569513188912e-7,indianapolis,15,15
dovish,indo,3,1.403680168666209e-6,0.6931471805599453,9.729569513188912e-7,indo,18,14
dovish,industrywid,3,1.403680168666209e-6,0.6931471805599453,9.729569513188912e-7,industrywide,13,13
dovish,inegi,3,1.403680168666209e-6,0.6931471805599453,9.729569513188912e-7,inegi,52,20
dovish,inflationtarget,3,1.403680168666209e-6,0.6931471805599453,9.729569513188912e-7,inflationtargeting,96,80
dovish,inhospit,3,1.403680168666209e-6,0.6931471805599453,9.729569513188912e-7,inhospitable,20,20
dovish,inopportun,3,1.403680168666209e-6,0.6931471805599453,9.729569513188912e-7,inopportune,15,15
dovish,intercontinent,3,1.403680168666209e-6,0.6931471805599453,9.729569513188912e-7,intercontinental,18,18
dovish,inviol,3,1.403680168666209e-6,0.6931471805599453,9.729569513188912e-7,inviolable,11,14
dovish,involuntarili,3,1.403680168666209e-6,0.6931471805599453,9.729569513188912e-7,involuntarily,32,29
dovish,ion,3,1.403680168666209e-6,0.6931471805599453,9.729569513188912e-7,ion,30,23
dovish,ira,3,1.403680168666209e-6,0.6931471805599453,9.729569513188912e-7,ira,21,16
dovish,itraxx,3,1.403680168666209e-6,0.6931471805599453,9.729569513188912e-7,itraxx,19,10
dovish,jami,3,1.403680168666209e-6,0.6931471805599453,9.729569513188912e-7,jamie,37,36
dovish,jason,3,1.403680168666209e-6,0.6931471805599453,9.729569513188912e-7,jason,38,34
dovish,jayakumar,3,1.403680168666209e-6,0.6931471805599453,9.729569513188912e-7,jayakumar,14,14
dovish,jgss,3,1.403680168666209e-6,0.6931471805599453,9.729569513188912e-7,jgss,38,17
dovish,jin,3,1.403680168666209e-6,0.6931471805599453,9.729569513188912e-7,jin,31,24
dovish,jlgs,3,1.403680168666209e-6,0.6931471805599453,9.729569513188912e-7,jlgs,11,11
dovish,jolt,3,1.403680168666209e-6,0.6931471805599453,9.729569513188912e-7,jolted,12,28
dovish,juggl,3,1.403680168666209e-6,0.6931471805599453,9.729569513188912e-7,juggle,12,20
dovish,julian,3,1.403680168666209e-6,0.6931471805599453,9.729569513188912e-7,julian,36,30
dovish,jumpstart,3,1.403680168666209e-6,0.6931471805599453,9.729569513188912e-7,jumpstart,9,12
dovish,kamath,3,1.403680168666209e-6,0.6931471805599453,9.729569513188912e-7,kamath,15,12
dovish,kaminski,3,1.403680168666209e-6,0.6931471805599453,9.729569513188912e-7,kaminsky,27,17
dovish,karlsruh,3,1.403680168666209e-6,0.6931471805599453,9.729569513188912e-7,karlsruhe,19,15
dovish,kedan,3,1.403680168666209e-6,0.6931471805599453,9.729569513188912e-7,kedan,14,13
dovish,keyboard,3,1.403680168666209e-6,0.6931471805599453,9.729569513188912e-7,keyboard,9,13
dovish,keyston,3,1.403680168666209e-6,0.6931471805599453,9.729569513188912e-7,keystone,12,15
dovish,klee,3,1.403680168666209e-6,0.6931471805599453,9.729569513188912e-7,klee,19,16
dovish,kochhar,3,1.403680168666209e-6,0.6931471805599453,9.729569513188912e-7,kochhar,20,18
dovish,koh,3,1.403680168666209e-6,0.6931471805599453,9.729569513188912e-7,kohli,34,15
dovish,kumhof,3,1.403680168666209e-6,0.6931471805599453,9.729569513188912e-7,kumhof,21,15
dovish,kunt,3,1.403680168666209e-6,0.6931471805599453,9.729569513188912e-7,kunt,54,37
dovish,laibson,3,1.403680168666209e-6,0.6931471805599453,9.729569513188912e-7,laibson,31,13
dovish,lam,3,1.403680168666209e-6,0.6931471805599453,9.729569513188912e-7,lam,22,19
dovish,lander,3,1.403680168666209e-6,0.6931471805599453,9.729569513188912e-7,lander,23,22
dovish,langen,3,1.403680168666209e-6,0.6931471805599453,9.729569513188912e-7,langen,19,10
dovish,laud,3,1.403680168666209e-6,0.6931471805599453,9.729569513188912e-7,lauded,16,21
dovish,ldr,3,1.403680168666209e-6,0.6931471805599453,9.729569513188912e-7,ldr,20,13
dovish,leaver,3,1.403680168666209e-6,0.6931471805599453,9.729569513188912e-7,leavers,15,16
dovish,lendabl,3,1.403680168666209e-6,0.6931471805599453,9.729569513188912e-7,lendable,34,26
dovish,lesotho,3,1.403680168666209e-6,0.6931471805599453,9.729569513188912e-7,lesotho,27,20
dovish,lev,3,1.403680168666209e-6,0.6931471805599453,9.729569513188912e-7,lev,14,12
dovish,liam,3,1.403680168666209e-6,0.6931471805599453,9.729569513188912e-7,liam,12,11
dovish,lima,3,1.403680168666209e-6,0.6931471805599453,9.729569513188912e-7,lima,14,13
dovish,limelight,3,1.403680168666209e-6,0.6931471805599453,9.729569513188912e-7,limelight,33,32
dovish,lip,3,1.403680168666209e-6,0.6931471805599453,9.729569513188912e-7,lip,14,27
dovish,lipski,3,1.403680168666209e-6,0.6931471805599453,9.729569513188912e-7,lipsky,38,29
dovish,lipton,3,1.403680168666209e-6,0.6931471805599453,9.729569513188912e-7,lipton,17,15
dovish,loanabl,3,1.403680168666209e-6,0.6931471805599453,9.729569513188912e-7,loanable,35,30
dovish,lobbyist,3,1.403680168666209e-6,0.6931471805599453,9.729569513188912e-7,lobbyists,7,10
dovish,lombardelli,3,1.403680168666209e-6,0.6931471805599453,9.729569513188912e-7,lombardelli,30,17
dovish,lorenz,3,1.403680168666209e-6,0.6931471805599453,9.729569513188912e-7,lorenz,13,10
dovish,lowincom,3,1.403680168666209e-6,0.6931471805599453,9.729569513188912e-7,lowincome,37,34
dovish,lps,3,1.403680168666209e-6,0.6931471805599453,9.729569513188912e-7,lps,58,19
dovish,luc,3,1.403680168666209e-6,0.6931471805599453,9.729569513188912e-7,luc,30,27
dovish,luckili,3,1.403680168666209e-6,0.6931471805599453,9.729569513188912e-7,luckily,31,30
dovish,luddit,3,1.403680168666209e-6,0.6931471805599453,9.729569513188912e-7,luddites,11,14
dovish,lund,3,1.403680168666209e-6,0.6931471805599453,9.729569513188912e-7,lund,13,11
dovish,lyndon,3,1.403680168666209e-6,0.6931471805599453,9.729569513188912e-7,lyndon,22,15
dovish,lynn,3,1.403680168666209e-6,0.6931471805599453,9.729569513188912e-7,lynn,17,17
dovish,mag,3,1.403680168666209e-6,0.6931471805599453,9.729569513188912e-7,mag,19,16
dovish,makeup,3,1.403680168666209e-6,0.6931471805599453,9.729569513188912e-7,makeup,114,48
dovish,maladi,3,1.403680168666209e-6,0.6931471805599453,9.729569513188912e-7,malady,12,20
dovish,malnutrit,3,1.403680168666209e-6,0.6931471805599453,9.729569513188912e-7,malnutrition,13,13
dovish,mandiri,3,1.403680168666209e-6,0.6931471805599453,9.729569513188912e-7,mandiri,13,10
dovish,manyika,3,1.403680168666209e-6,0.6931471805599453,9.729569513188912e-7,manyika,23,15
dovish,mariana,3,1.403680168666209e-6,0.6931471805599453,9.729569513188912e-7,mariana,11,10
dovish,mariann,3,1.403680168666209e-6,0.6931471805599453,9.729569513188912e-7,marianne,18,18
dovish,marion,3,1.403680168666209e-6,0.6931471805599453,9.729569513188912e-7,marion,24,19
dovish,markdown,3,1.403680168666209e-6,0.6931471805599453,9.729569513188912e-7,markdowns,14,17
dovish,maxwel,3,1.403680168666209e-6,0.6931471805599453,9.729569513188912e-7,maxwell,32,25
dovish,mcgrath,3,1.403680168666209e-6,0.6931471805599453,9.729569513188912e-7,mcgrath,17,17
dovish,mcgregor,3,1.403680168666209e-6,0.6931471805599453,9.729569513188912e-7,mcgregor,22,17
dovish,mediev,3,1.403680168666209e-6,0.6931471805599453,9.729569513188912e-7,medieval,34,25
dovish,megan,3,1.403680168666209e-6,0.6931471805599453,9.729569513188912e-7,megan,12,11
dovish,meiji,3,1.403680168666209e-6,0.6931471805599453,9.729569513188912e-7,meiji,36,26
dovish,melvill,3,1.403680168666209e-6,0.6931471805599453,9.729569513188912e-7,melville,114,20
dovish,menon,3,1.403680168666209e-6,0.6931471805599453,9.729569513188912e-7,menon,25,19
dovish,merton,3,1.403680168666209e-6,0.6931471805599453,9.729569513188912e-7,merton,71,36
dovish,mester,3,1.403680168666209e-6,0.6931471805599453,9.729569513188912e-7,mester,30,19
dovish,meter,3,1.403680168666209e-6,0.6931471805599453,9.729569513188912e-7,meters,27,24
dovish,mibor,3,1.403680168666209e-6,0.6931471805599453,9.729569513188912e-7,mibor,36,15
dovish,microeconometr,3,1.403680168666209e-6,0.6931471805599453,9.729569513188912e-7,microeconometric,10,10
dovish,midway,3,1.403680168666209e-6,0.6931471805599453,9.729569513188912e-7,midway,21,20
dovish,mighti,3,1.403680168666209e-6,0.6931471805599453,9.729569513188912e-7,mighty,21,20
dovish,miniscul,3,1.403680168666209e-6,0.6931471805599453,9.729569513188912e-7,miniscule,20,20
dovish,minoiu,3,1.403680168666209e-6,0.6931471805599453,9.729569513188912e-7,minoiu,15,10
dovish,miracul,3,1.403680168666209e-6,0.6931471805599453,9.729569513188912e-7,miraculous,12,13
dovish,mirag,3,1.403680168666209e-6,0.6931471805599453,9.729569513188912e-7,mirage,46,39
dovish,misdirect,3,1.403680168666209e-6,0.6931471805599453,9.729569513188912e-7,misdirected,7,15
dovish,mono,3,1.403680168666209e-6,0.6931471805599453,9.729569513188912e-7,mono,14,11
dovish,morbid,3,1.403680168666209e-6,0.6931471805599453,9.729569513188912e-7,morbidity,22,19
dovish,moribund,3,1.403680168666209e-6,0.6931471805599453,9.729569513188912e-7,moribund,14,13
dovish,mortem,3,1.403680168666209e-6,0.6931471805599453,9.729569513188912e-7,mortem,14,16
dovish,mous,3,1.403680168666209e-6,0.6931471805599453,9.729569513188912e-7,mous,47,59
dovish,mpra,3,1.403680168666209e-6,0.6931471805599453,9.729569513188912e-7,mpra,12,11
dovish,mros,3,1.403680168666209e-6,0.6931471805599453,9.729569513188912e-7,mros,35,24
dovish,muddl,3,1.403680168666209e-6,0.6931471805599453,9.729569513188912e-7,muddled,7,18
dovish,mukherje,3,1.403680168666209e-6,0.6931471805599453,9.729569513188912e-7,mukherjee,30,25
dovish,muliaman,3,1.403680168666209e-6,0.6931471805599453,9.729569513188912e-7,muliaman,10,10
dovish,multilateralis,3,1.403680168666209e-6,0.6931471805599453,9.729569513188912e-7,multilateralisation,13,12
dovish,murcia,3,1.403680168666209e-6,0.6931471805599453,9.729569513188912e-7,murcia,35,17
dovish,murder,3,1.403680168666209e-6,0.6931471805599453,9.729569513188912e-7,murder,19,24
dovish,myron,3,1.403680168666209e-6,0.6931471805599453,9.729569513188912e-7,myron,14,14
dovish,nail,3,1.403680168666209e-6,0.6931471805599453,9.729569513188912e-7,nail,19,26
dovish,nakamura,3,1.403680168666209e-6,0.6931471805599453,9.729569513188912e-7,nakamura,75,43
dovish,narendra,3,1.403680168666209e-6,0.6931471805599453,9.729569513188912e-7,narendra,21,16
dovish,nasscom,3,1.403680168666209e-6,0.6931471805599453,9.729569513188912e-7,nasscom,14,10
dovish,natasha,3,1.403680168666209e-6,0.6931471805599453,9.729569513188912e-7,natasha,14,12
dovish,naval,3,1.403680168666209e-6,0.6931471805599453,9.729569513188912e-7,naval,17,11
dovish,navi,3,1.403680168666209e-6,0.6931471805599453,9.729569513188912e-7,navy,66,27
dovish,nec,3,1.403680168666209e-6,0.6931471805599453,9.729569513188912e-7,necs,21,16
dovish,neiman,3,1.403680168666209e-6,0.6931471805599453,9.729569513188912e-7,neiman,19,11
dovish,newcastl,3,1.403680168666209e-6,0.6931471805599453,9.729569513188912e-7,newcastle,44,29
dovish,neyapti,3,1.403680168666209e-6,0.6931471805599453,9.729569513188912e-7,neyapti,25,16
dovish,nieto,3,1.403680168666209e-6,0.6931471805599453,9.729569513188912e-7,nieto,36,18
dovish,nineteen,3,1.403680168666209e-6,0.6931471805599453,9.729569513188912e-7,nineteen,35,32
dovish,nino,3,1.403680168666209e-6,0.6931471805599453,9.729569513188912e-7,nino,50,34
dovish,noncompli,3,1.403680168666209e-6,0.6931471805599453,9.729569513188912e-7,noncompliance,24,21
dovish,nongovern,3,1.403680168666209e-6,0.6931471805599453,9.729569513188912e-7,nongovernment,12,12
dovish,nonmonetari,3,1.403680168666209e-6,0.6931471805599453,9.729569513188912e-7,nonmonetary,64,55
dovish,nonsens,3,1.403680168666209e-6,0.6931471805599453,9.729569513188912e-7,nonsense,19,29
dovish,noss,3,1.403680168666209e-6,0.6931471805599453,9.729569513188912e-7,noss,17,14
dovish,notari,3,1.403680168666209e-6,0.6931471805599453,9.729569513188912e-7,notary,13,14
dovish,nouriel,3,1.403680168666209e-6,0.6931471805599453,9.729569513188912e-7,nouriel,15,13
dovish,nurks,3,1.403680168666209e-6,0.6931471805599453,9.729569513188912e-7,nurkse,17,12
dovish,obedi,3,1.403680168666209e-6,0.6931471805599453,9.729569513188912e-7,obediently,6,12
dovish,offtak,3,1.403680168666209e-6,0.6931471805599453,9.729569513188912e-7,offtake,18,15
dovish,overdo,3,1.403680168666209e-6,0.6931471805599453,9.729569513188912e-7,overdo,9,16
dovish,owen,3,1.403680168666209e-6,0.6931471805599453,9.729569513188912e-7,owen,24,19
dovish,pairwis,3,1.403680168666209e-6,0.6931471805599453,9.729569513188912e-7,pairwise,18,12
dovish,palai,3,1.403680168666209e-6,0.6931471805599453,9.729569513188912e-7,palais,11,12
dovish,palenzuela,3,1.403680168666209e-6,0.6931471805599453,9.729569513188912e-7,palenzuela,44,23
dovish,parenthet,3,1.403680168666209e-6,0.6931471805599453,9.729569513188912e-7,parenthetically,16,18
dovish,parochi,3,1.403680168666209e-6,0.6931471805599453,9.729569513188912e-7,parochial,16,21
dovish,parri,3,1.403680168666209e-6,0.6931471805599453,9.729569513188912e-7,parry,15,14
dovish,peacock,3,1.403680168666209e-6,0.6931471805599453,9.729569513188912e-7,peacock,20,15
dovish,pemex,3,1.403680168666209e-6,0.6931471805599453,9.729569513188912e-7,pemex,29,18
dovish,pena,3,1.403680168666209e-6,0.6931471805599453,9.729569513188912e-7,pena,45,25
dovish,perotti,3,1.403680168666209e-6,0.6931471805599453,9.729569513188912e-7,perotti,48,26
dovish,pharmaci,3,1.403680168666209e-6,0.6931471805599453,9.729569513188912e-7,pharmacy,7,10
dovish,photo,3,1.403680168666209e-6,0.6931471805599453,9.729569513188912e-7,photo,20,32
dovish,physician,3,1.403680168666209e-6,0.6931471805599453,9.729569513188912e-7,physicians,10,17
dovish,piie,3,1.403680168666209e-6,0.6931471805599453,9.729569513188912e-7,piie,54,23
dovish,pimco,3,1.403680168666209e-6,0.6931471805599453,9.729569513188912e-7,pimco,11,11
dovish,pinto,3,1.403680168666209e-6,0.6931471805599453,9.729569513188912e-7,pinto,15,12
dovish,plaqu,3,1.403680168666209e-6,0.6931471805599453,9.729569513188912e-7,plaque,9,12
dovish,poach,3,1.403680168666209e-6,0.6931471805599453,9.729569513188912e-7,poaching,7,13
dovish,podium,3,1.403680168666209e-6,0.6931471805599453,9.729569513188912e-7,podium,28,27
dovish,portent,3,1.403680168666209e-6,0.6931471805599453,9.729569513188912e-7,portents,7,13
dovish,postmeet,3,1.403680168666209e-6,0.6931471805599453,9.729569513188912e-7,postmeeting,63,42
dovish,prairi,3,1.403680168666209e-6,0.6931471805599453,9.729569513188912e-7,prairies,19,21
dovish,preconceiv,3,1.403680168666209e-6,0.6931471805599453,9.729569513188912e-7,preconceived,17,17
dovish,predilect,3,1.403680168666209e-6,0.6931471805599453,9.729569513188912e-7,predilection,17,19
dovish,preordain,3,1.403680168666209e-6,0.6931471805599453,9.729569513188912e-7,preordained,18,17
dovish,preposit,3,1.403680168666209e-6,0.6931471805599453,9.729569513188912e-7,prepositioned,13,11
dovish,presag,3,1.403680168666209e-6,0.6931471805599453,9.729569513188912e-7,presage,37,48
dovish,priya,3,1.403680168666209e-6,0.6931471805599453,9.729569513188912e-7,priya,13,13
dovish,probiti,3,1.403680168666209e-6,0.6931471805599453,9.729569513188912e-7,probity,31,23
dovish,propound,3,1.403680168666209e-6,0.6931471805599453,9.729569513188912e-7,propounded,19,20
dovish,prosecut,3,1.403680168666209e-6,0.6931471805599453,9.729569513188912e-7,prosecution,42,67
dovish,prosecutor,3,1.403680168666209e-6,0.6931471805599453,9.729569513188912e-7,prosecutors,19,19
dovish,psp,3,1.403680168666209e-6,0.6931471805599453,9.729569513188912e-7,psp,30,12
dovish,psr,3,1.403680168666209e-6,0.6931471805599453,9.729569513188912e-7,psr,24,11
dovish,punctual,3,1.403680168666209e-6,0.6931471805599453,9.729569513188912e-7,punctual,10,16
dovish,pundit,3,1.403680168666209e-6,0.6931471805599453,9.729569513188912e-7,pundits,39,38
dovish,puriti,3,1.403680168666209e-6,0.6931471805599453,9.729569513188912e-7,purity,23,19
dovish,purpl,3,1.403680168666209e-6,0.6931471805599453,9.729569513188912e-7,purple,77,44
dovish,qatar,3,1.403680168666209e-6,0.6931471805599453,9.729569513188912e-7,qatar,28,21
dovish,quaint,3,1.403680168666209e-6,0.6931471805599453,9.729569513188912e-7,quaint,10,13
dovish,rabbit,3,1.403680168666209e-6,0.6931471805599453,9.729569513188912e-7,rabbit,14,11
dovish,raensderrveecobgannikseosf,3,1.403680168666209e-6,0.6931471805599453,9.729569513188912e-7,raensderrveecobgannikseosf,11,11
dovish,raghu,3,1.403680168666209e-6,0.6931471805599453,9.729569513188912e-7,raghu,32,14
dovish,ragnar,3,1.403680168666209e-6,0.6931471805599453,9.729569513188912e-7,ragnar,16,14
dovish,rat,3,1.403680168666209e-6,0.6931471805599453,9.729569513188912e-7,rat,34,27
dovish,raul,3,1.403680168666209e-6,0.6931471805599453,9.729569513188912e-7,raul,13,13
dovish,readership,3,1.403680168666209e-6,0.6931471805599453,9.729569513188912e-7,readership,21,13
dovish,reborn,3,1.403680168666209e-6,0.6931471805599453,9.729569513188912e-7,reborn,16,15
dovish,recaptur,3,1.403680168666209e-6,0.6931471805599453,9.729569513188912e-7,recapture,24,16
dovish,rechristen,3,1.403680168666209e-6,0.6931471805599453,9.729569513188912e-7,rechristened,9,10
dovish,referenti,3,1.403680168666209e-6,0.6931471805599453,9.729569513188912e-7,referential,17,15
dovish,reflationari,3,1.403680168666209e-6,0.6931471805599453,9.729569513188912e-7,reflationary,29,19
dovish,reid,3,1.403680168666209e-6,0.6931471805599453,9.729569513188912e-7,reid,25,21
dovish,reifschneid,3,1.403680168666209e-6,0.6931471805599453,9.729569513188912e-7,reifschneider,249,124
dovish,rejoic,3,1.403680168666209e-6,0.6931471805599453,9.729569513188912e-7,rejoice,7,11
dovish,rekha,3,1.403680168666209e-6,0.6931471805599453,9.729569513188912e-7,rekha,10,10
dovish,reorder,3,1.403680168666209e-6,0.6931471805599453,9.729569513188912e-7,reordering,11,18
dovish,repar,3,1.403680168666209e-6,0.6931471805599453,9.729569513188912e-7,reparations,13,11
dovish,repudi,3,1.403680168666209e-6,0.6931471805599453,9.729569513188912e-7,repudiation,10,23
dovish,rescind,3,1.403680168666209e-6,0.6931471805599453,9.729569513188912e-7,rescind,15,18
dovish,resiz,3,1.403680168666209e-6,0.6931471805599453,9.729569513188912e-7,resizing,8,10
dovish,restitut,3,1.403680168666209e-6,0.6931471805599453,9.729569513188912e-7,restitution,12,10
dovish,reuven,3,1.403680168666209e-6,0.6931471805599453,9.729569513188912e-7,reuven,15,14
dovish,reynold,3,1.403680168666209e-6,0.6931471805599453,9.729569513188912e-7,reynolds,21,15
dovish,riskfre,3,1.403680168666209e-6,0.6931471805599453,9.729569513188912e-7,riskfree,31,28
dovish,riskweight,3,1.403680168666209e-6,0.6931471805599453,9.729569513188912e-7,riskweighted,42,46
dovish,ritual,3,1.403680168666209e-6,0.6931471805599453,9.729569513188912e-7,ritual,17,17
dovish,riyadh,3,1.403680168666209e-6,0.6931471805599453,9.729569513188912e-7,riyadh,37,33
dovish,rmbss,3,1.403680168666209e-6,0.6931471805599453,9.729569513188912e-7,rmbss,18,13
dovish,roar,3,1.403680168666209e-6,0.6931471805599453,9.729569513188912e-7,roaring,38,38
dovish,rogu,3,1.403680168666209e-6,0.6931471805599453,9.729569513188912e-7,rogue,22,21
dovish,roland,3,1.403680168666209e-6,0.6931471805599453,9.729569513188912e-7,roland,43,39
dovish,rom,3,1.403680168666209e-6,0.6931471805599453,9.729569513188912e-7,rom,30,23
dovish,roster,3,1.403680168666209e-6,0.6931471805599453,9.729569513188912e-7,roster,9,10
dovish,rubric,3,1.403680168666209e-6,0.6931471805599453,9.729569513188912e-7,rubric,19,19
dovish,ruge,3,1.403680168666209e-6,0.6931471805599453,9.729569513188912e-7,ruge,30,16
dovish,ruinous,3,1.403680168666209e-6,0.6931471805599453,9.729569513188912e-7,ruinous,12,13
dovish,rull,3,1.403680168666209e-6,0.6931471805599453,9.729569513188912e-7,rull,35,23
dovish,rungcharoenkitkul,3,1.403680168666209e-6,0.6931471805599453,9.729569513188912e-7,rungcharoenkitkul,16,10
dovish,sabha,3,1.403680168666209e-6,0.6931471805599453,9.729569513188912e-7,sabha,10,10
dovish,salienc,3,1.403680168666209e-6,0.6931471805599453,9.729569513188912e-7,salience,19,19
dovish,salli,3,1.403680168666209e-6,0.6931471805599453,9.729569513188912e-7,sally,37,28
dovish,salman,3,1.403680168666209e-6,0.6931471805599453,9.729569513188912e-7,salman,45,23
dovish,salvador,3,1.403680168666209e-6,0.6931471805599453,9.729569513188912e-7,salvador,33,30
dovish,sander,3,1.403680168666209e-6,0.6931471805599453,9.729569513188912e-7,sanders,13,18
dovish,sanjeev,3,1.403680168666209e-6,0.6931471805599453,9.729569513188912e-7,sanjeev,14,13
dovish,saxena,3,1.403680168666209e-6,0.6931471805599453,9.729569513188912e-7,saxena,27,21
dovish,sbn,3,1.403680168666209e-6,0.6931471805599453,9.729569513188912e-7,sbn,149,13
dovish,schinasi,3,1.403680168666209e-6,0.6931471805599453,9.729569513188912e-7,schinasi,14,10
dovish,schmiedel,3,1.403680168666209e-6,0.6931471805599453,9.729569513188912e-7,schmiedel,21,14
dovish,schoar,3,1.403680168666209e-6,0.6931471805599453,9.729569513188912e-7,schoar,20,12
dovish,schuster,3,1.403680168666209e-6,0.6931471805599453,9.729569513188912e-7,schuster,11,11
dovish,schweitzer,3,1.403680168666209e-6,0.6931471805599453,9.729569513188912e-7,schweitzer,16,10
dovish,scotia,3,1.403680168666209e-6,0.6931471805599453,9.729569513188912e-7,scotia,37,25
dovish,scotti,3,1.403680168666209e-6,0.6931471805599453,9.729569513188912e-7,scotti,52,34
dovish,sdif,3,1.403680168666209e-6,0.6931471805599453,9.729569513188912e-7,sdif,28,11
dovish,sedat,3,1.403680168666209e-6,0.6931471805599453,9.729569513188912e-7,sedate,11,16
dovish,selffulfil,3,1.403680168666209e-6,0.6931471805599453,9.729569513188912e-7,selffulfilling,18,18
dovish,shaghil,3,1.403680168666209e-6,0.6931471805599453,9.729569513188912e-7,shaghil,18,18
dovish,shakir,3,1.403680168666209e-6,0.6931471805599453,9.729569513188912e-7,shakir,25,20
dovish,shambaugh,3,1.403680168666209e-6,0.6931471805599453,9.729569513188912e-7,shambaugh,24,15
dovish,shane,3,1.403680168666209e-6,0.6931471805599453,9.729569513188912e-7,shane,31,23
dovish,silvia,3,1.403680168666209e-6,0.6931471805599453,9.729569513188912e-7,silvia,30,27
dovish,simpson,3,1.403680168666209e-6,0.6931471805599453,9.729569513188912e-7,simpson,17,14
dovish,sixfold,3,1.403680168666209e-6,0.6931471805599453,9.729569513188912e-7,sixfold,17,17
dovish,smell,3,1.403680168666209e-6,0.6931471805599453,9.729569513188912e-7,smell,21,16
dovish,smoot,3,1.403680168666209e-6,0.6931471805599453,9.729569513188912e-7,smoot,14,13
dovish,smr,3,1.403680168666209e-6,0.6931471805599453,9.729569513188912e-7,smr,52,14
dovish,sneez,3,1.403680168666209e-6,0.6931471805599453,9.729569513188912e-7,sneezes,11,16
dovish,soc,3,1.403680168666209e-6,0.6931471805599453,9.729569513188912e-7,soc,20,13
dovish,sophi,3,1.403680168666209e-6,0.6931471805599453,9.729569513188912e-7,sophie,21,20
dovish,sparkl,3,1.403680168666209e-6,0.6931471805599453,9.729569513188912e-7,sparkling,11,12
dovish,specter,3,1.403680168666209e-6,0.6931471805599453,9.729569513188912e-7,specter,23,23
dovish,spender,3,1.403680168666209e-6,0.6931471805599453,9.729569513188912e-7,spenders,9,12
dovish,spoil,3,1.403680168666209e-6,0.6931471805599453,9.729569513188912e-7,spoil,15,31
dovish,spurious,3,1.403680168666209e-6,0.6931471805599453,9.729569513188912e-7,spurious,38,28
dovish,squander,3,1.403680168666209e-6,0.6931471805599453,9.729569513188912e-7,squander,17,42
dovish,ssrn,3,1.403680168666209e-6,0.6931471805599453,9.729569513188912e-7,ssrn,28,24
dovish,stabilityori,3,1.403680168666209e-6,0.6931471805599453,9.729569513188912e-7,stabilityoriented,28,26
dovish,stale,3,1.403680168666209e-6,0.6931471805599453,9.729569513188912e-7,stale,18,18
dovish,steadier,3,1.403680168666209e-6,0.6931471805599453,9.729569513188912e-7,steadier,57,49
dovish,steffen,3,1.403680168666209e-6,0.6931471805599453,9.729569513188912e-7,steffen,27,17
dovish,strangl,3,1.403680168666209e-6,0.6931471805599453,9.729569513188912e-7,strangled,5,12
dovish,strategist,3,1.403680168666209e-6,0.6931471805599453,9.729569513188912e-7,strategist,9,16
dovish,straus,3,1.403680168666209e-6,0.6931471805599453,9.729569513188912e-7,straus,16,15
dovish,strauss,3,1.403680168666209e-6,0.6931471805599453,9.729569513188912e-7,strauss,12,11
dovish,stuttgart,3,1.403680168666209e-6,0.6931471805599453,9.729569513188912e-7,stuttgart,14,10
dovish,suicid,3,1.403680168666209e-6,0.6931471805599453,9.729569513188912e-7,suicide,20,25
dovish,sujit,3,1.403680168666209e-6,0.6931471805599453,9.729569513188912e-7,sujit,25,19
dovish,superimpos,3,1.403680168666209e-6,0.6931471805599453,9.729569513188912e-7,superimposed,15,23
dovish,supplysid,3,1.403680168666209e-6,0.6931471805599453,9.729569513188912e-7,supplyside,33,31
dovish,surest,3,1.403680168666209e-6,0.6931471805599453,9.729569513188912e-7,surest,27,27
dovish,sushma,3,1.403680168666209e-6,0.6931471805599453,9.729569513188912e-7,sushma,10,10
dovish,swaption,3,1.403680168666209e-6,0.6931471805599453,9.729569513188912e-7,swaptions,22,17
dovish,syariah,3,1.403680168666209e-6,0.6931471805599453,9.729569513188912e-7,syariah,50,12
dovish,sylvain,3,1.403680168666209e-6,0.6931471805599453,9.729569513188912e-7,sylvain,27,27
dovish,tac,3,1.403680168666209e-6,0.6931471805599453,9.729569513188912e-7,tac,33,20
dovish,tack,3,1.403680168666209e-6,0.6931471805599453,9.729569513188912e-7,tack,23,30
dovish,tactil,3,1.403680168666209e-6,0.6931471805599453,9.729569513188912e-7,tactile,14,11
dovish,tahuesirtrcaolinataincukinnogwcloendngeecstitohn,3,1.403680168666209e-6,0.6931471805599453,9.729569513188912e-7,tahuesirtrcaolinataincukinnogwcloendngeecstitohne,11,11
dovish,takat,3,1.403680168666209e-6,0.6931471805599453,9.729569513188912e-7,takats,33,20
dovish,talbot,3,1.403680168666209e-6,0.6931471805599453,9.729569513188912e-7,talbot,53,36
dovish,teeter,3,1.403680168666209e-6,0.6931471805599453,9.729569513188912e-7,teetering,9,18
dovish,temp,3,1.403680168666209e-6,0.6931471805599453,9.729569513188912e-7,temps,11,13
dovish,tencent,3,1.403680168666209e-6,0.6931471805599453,9.729569513188912e-7,tencent,12,11
dovish,terajima,3,1.403680168666209e-6,0.6931471805599453,9.729569513188912e-7,terajima,17,10
dovish,terminus,3,1.403680168666209e-6,0.6931471805599453,9.729569513188912e-7,terminus,15,15
dovish,terri,3,1.403680168666209e-6,0.6931471805599453,9.729569513188912e-7,terry,26,21
dovish,thedevelop,3,1.403680168666209e-6,0.6931471805599453,9.729569513188912e-7,thedevelopment,13,10
dovish,thimann,3,1.403680168666209e-6,0.6931471805599453,9.729569513188912e-7,thimann,16,12
dovish,tibor,3,1.403680168666209e-6,0.6931471805599453,9.729569513188912e-7,tibor,43,15
dovish,tidal,3,1.403680168666209e-6,0.6931471805599453,9.729569513188912e-7,tidal,24,22
dovish,timescal,3,1.403680168666209e-6,0.6931471805599453,9.729569513188912e-7,timescale,22,27
dovish,tito,3,1.403680168666209e-6,0.6931471805599453,9.729569513188912e-7,tito,20,18
dovish,tlahn,3,1.403680168666209e-6,0.6931471805599453,9.729569513188912e-7,tlahned,11,11
dovish,togeth,3,1.403680168666209e-6,0.6931471805599453,9.729569513188912e-7,togetherness,19,16
dovish,tomlin,3,1.403680168666209e-6,0.6931471805599453,9.729569513188912e-7,tomlin,14,11
dovish,tong,3,1.403680168666209e-6,0.6931471805599453,9.729569513188912e-7,tong,94,73
dovish,topographi,3,1.403680168666209e-6,0.6931471805599453,9.729569513188912e-7,topography,22,17
dovish,torch,3,1.403680168666209e-6,0.6931471805599453,9.729569513188912e-7,torch,9,10
dovish,transunion,3,1.403680168666209e-6,0.6931471805599453,9.729569513188912e-7,transunion,30,12
dovish,treacher,3,1.403680168666209e-6,0.6931471805599453,9.729569513188912e-7,treacherous,14,14
dovish,trevor,3,1.403680168666209e-6,0.6931471805599453,9.729569513188912e-7,trevor,28,27
dovish,triad,3,1.403680168666209e-6,0.6931471805599453,9.729569513188912e-7,triad,21,19
dovish,tryst,3,1.403680168666209e-6,0.6931471805599453,9.729569513188912e-7,tryst,12,11
dovish,tumult,3,1.403680168666209e-6,0.6931471805599453,9.729569513188912e-7,tumult,15,13
dovish,tusk,3,1.403680168666209e-6,0.6931471805599453,9.729569513188912e-7,tusk,17,15
dovish,tutor,3,1.403680168666209e-6,0.6931471805599453,9.729569513188912e-7,tutor,7,12
dovish,twoyear,3,1.403680168666209e-6,0.6931471805599453,9.729569513188912e-7,twoyear,12,13
dovish,tyler,3,1.403680168666209e-6,0.6931471805599453,9.729569513188912e-7,tyler,36,32
dovish,ulrich,3,1.403680168666209e-6,0.6931471805599453,9.729569513188912e-7,ulrich,31,24
dovish,unachiev,3,1.403680168666209e-6,0.6931471805599453,9.729569513188912e-7,unachievable,17,18
dovish,unattain,3,1.403680168666209e-6,0.6931471805599453,9.729569513188912e-7,unattainable,21,20
dovish,unbeliev,3,1.403680168666209e-6,0.6931471805599453,9.729569513188912e-7,unbelievable,14,13
dovish,unblock,3,1.403680168666209e-6,0.6931471805599453,9.729569513188912e-7,unblocking,21,26
dovish,undershot,3,1.403680168666209e-6,0.6931471805599453,9.729569513188912e-7,undershot,40,31
dovish,undetect,3,1.403680168666209e-6,0.6931471805599453,9.729569513188912e-7,undetected,18,17
dovish,undisclos,3,1.403680168666209e-6,0.6931471805599453,9.729569513188912e-7,undisclosed,17,16
dovish,unexploit,3,1.403680168666209e-6,0.6931471805599453,9.729569513188912e-7,unexploited,31,30
dovish,unfashion,3,1.403680168666209e-6,0.6931471805599453,9.729569513188912e-7,unfashionable,11,11
dovish,uni,3,1.403680168666209e-6,0.6931471805599453,9.729569513188912e-7,uni,33,31
dovish,unicorn,3,1.403680168666209e-6,0.6931471805599453,9.729569513188912e-7,unicorns,43,19
dovish,unicredit,3,1.403680168666209e-6,0.6931471805599453,9.729569513188912e-7,unicredit,23,21
dovish,unimped,3,1.403680168666209e-6,0.6931471805599453,9.729569513188912e-7,unimpeded,20,20
dovish,unionis,3,1.403680168666209e-6,0.6931471805599453,9.729569513188912e-7,unionisation,60,25
dovish,unmatch,3,1.403680168666209e-6,0.6931471805599453,9.729569513188912e-7,unmatched,21,19
dovish,unnatur,3,1.403680168666209e-6,0.6931471805599453,9.729569513188912e-7,unnatural,20,22
dovish,unproven,3,1.403680168666209e-6,0.6931471805599453,9.729569513188912e-7,unproven,18,17
dovish,unremit,3,1.403680168666209e-6,0.6931471805599453,9.729569513188912e-7,unremitting,15,16
dovish,unsupport,3,1.403680168666209e-6,0.6931471805599453,9.729569513188912e-7,unsupported,10,23
dovish,ural,3,1.403680168666209e-6,0.6931471805599453,9.729569513188912e-7,urals,30,25
dovish,valencia,3,1.403680168666209e-6,0.6931471805599453,9.729569513188912e-7,valencia,54,26
dovish,valuead,3,1.403680168666209e-6,0.6931471805599453,9.729569513188912e-7,valueadded,25,24
dovish,varun,3,1.403680168666209e-6,0.6931471805599453,9.729569513188912e-7,varun,15,15
dovish,vaus,3,1.403680168666209e-6,0.6931471805599453,9.729569513188912e-7,vause,18,17
dovish,veld,3,1.403680168666209e-6,0.6931471805599453,9.729569513188912e-7,veld,21,24
dovish,versuspay,3,1.403680168666209e-6,0.6931471805599453,9.729569513188912e-7,versuspayment,13,13
dovish,vidal,3,1.403680168666209e-6,0.6931471805599453,9.729569513188912e-7,vidal,13,12
dovish,vineet,3,1.403680168666209e-6,0.6931471805599453,9.729569513188912e-7,vineet,14,14
dovish,vivian,3,1.403680168666209e-6,0.6931471805599453,9.729569513188912e-7,vivian,13,15
dovish,vlassopoulo,3,1.403680168666209e-6,0.6931471805599453,9.729569513188912e-7,vlassopoulos,17,16
dovish,vocifer,3,1.403680168666209e-6,0.6931471805599453,9.729569513188912e-7,vociferous,16,17
dovish,wachovia,3,1.403680168666209e-6,0.6931471805599453,9.729569513188912e-7,wachovia,22,17
dovish,walton,3,1.403680168666209e-6,0.6931471805599453,9.729569513188912e-7,walton,45,30
dovish,wassalamualaikum,3,1.403680168666209e-6,0.6931471805599453,9.729569513188912e-7,wassalamualaikum,14,14
dovish,watanab,3,1.403680168666209e-6,0.6931471805599453,9.729569513188912e-7,watanabe,49,22
dovish,wayn,3,1.403680168666209e-6,0.6931471805599453,9.729569513188912e-7,wayne,47,37
dovish,weed,3,1.403680168666209e-6,0.6931471805599453,9.729569513188912e-7,weed,13,31
dovish,weeken,3,1.403680168666209e-6,0.6931471805599453,9.729569513188912e-7,weeken,25,12
dovish,weidmann,3,1.403680168666209e-6,0.6931471805599453,9.729569513188912e-7,weidmann,11,10
dovish,weiss,3,1.403680168666209e-6,0.6931471805599453,9.729569513188912e-7,weiss,38,25
dovish,welsh,3,1.403680168666209e-6,0.6931471805599453,9.729569513188912e-7,welsh,26,20
dovish,wendi,3,1.403680168666209e-6,0.6931471805599453,9.729569513188912e-7,wendy,21,20
dovish,whistl,3,1.403680168666209e-6,0.6931471805599453,9.729569513188912e-7,whistle,27,30
dovish,whitak,3,1.403680168666209e-6,0.6931471805599453,9.729569513188912e-7,whitaker,30,14
dovish,wieladek,3,1.403680168666209e-6,0.6931471805599453,9.729569513188912e-7,wieladek,62,38
dovish,windsor,3,1.403680168666209e-6,0.6931471805599453,9.729569513188912e-7,windsor,37,25
dovish,wolfer,3,1.403680168666209e-6,0.6931471805599453,9.729569513188912e-7,wolfers,62,24
dovish,worn,3,1.403680168666209e-6,0.6931471805599453,9.729569513188912e-7,worn,37,34
dovish,wring,3,1.403680168666209e-6,0.6931471805599453,9.729569513188912e-7,wring,9,14
dovish,wrongdo,3,1.403680168666209e-6,0.6931471805599453,9.729569513188912e-7,wrongdoing,23,21
dovish,wyo,3,1.403680168666209e-6,0.6931471805599453,9.729569513188912e-7,wyo,108,85
dovish,xavier,3,1.403680168666209e-6,0.6931471805599453,9.729569513188912e-7,xavier,29,23
dovish,xviii,3,1.403680168666209e-6,0.6931471805599453,9.729569513188912e-7,xviii,21,21
dovish,yogi,3,1.403680168666209e-6,0.6931471805599453,9.729569513188912e-7,yogi,18,14
dovish,yomiuri,3,1.403680168666209e-6,0.6931471805599453,9.729569513188912e-7,yomiuri,21,13
dovish,yorkshir,3,1.403680168666209e-6,0.6931471805599453,9.729569513188912e-7,yorkshire,79,25
dovish,youngster,3,1.403680168666209e-6,0.6931471805599453,9.729569513188912e-7,youngsters,14,13
dovish,ytd,3,1.403680168666209e-6,0.6931471805599453,9.729569513188912e-7,ytd,19,11
dovish,zip,3,1.403680168666209e-6,0.6931471805599453,9.729569513188912e-7,zip,31,13
dovish,aachen,2,9.35786779110806e-7,0.6931471805599453,6.486379675459275e-7,aachen,33,20
dovish,aaron,2,9.35786779110806e-7,0.6931471805599453,6.486379675459275e-7,aaron,32,25
dovish,aaronson,2,9.35786779110806e-7,0.6931471805599453,6.486379675459275e-7,aaronson,86,51
dovish,abey,2,9.35786779110806e-7,0.6931471805599453,6.486379675459275e-7,abeyance,13,12
dovish,abiad,2,9.35786779110806e-7,0.6931471805599453,6.486379675459275e-7,abiad,21,14
dovish,accent,2,9.35786779110806e-7,0.6931471805599453,6.486379675459275e-7,accent,29,34
dovish,accolad,2,9.35786779110806e-7,0.6931471805599453,6.486379675459275e-7,accolades,9,10
dovish,addict,2,9.35786779110806e-7,0.6931471805599453,6.486379675459275e-7,addiction,28,37
dovish,ado,2,9.35786779110806e-7,0.6931471805599453,6.486379675459275e-7,ado,27,27
dovish,advert,2,9.35786779110806e-7,0.6931471805599453,6.486379675459275e-7,adverts,16,18
dovish,afar,2,9.35786779110806e-7,0.6931471805599453,6.486379675459275e-7,afar,12,12
dovish,aforesaid,2,9.35786779110806e-7,0.6931471805599453,6.486379675459275e-7,aforesaid,23,20
dovish,aftereffect,2,9.35786779110806e-7,0.6931471805599453,6.486379675459275e-7,aftereffects,40,39
dovish,aftershock,2,9.35786779110806e-7,0.6931471805599453,6.486379675459275e-7,aftershocks,34,42
dovish,agarw,2,9.35786779110806e-7,0.6931471805599453,6.486379675459275e-7,agarwal,18,13
dovish,agath,2,9.35786779110806e-7,0.6931471805599453,6.486379675459275e-7,agathe,19,10
dovish,agit,2,9.35786779110806e-7,0.6931471805599453,6.486379675459275e-7,agitated,10,23
dovish,agricol,2,9.35786779110806e-7,0.6931471805599453,6.486379675459275e-7,agricole,17,15
dovish,agrippino,2,9.35786779110806e-7,0.6931471805599453,6.486379675459275e-7,agrippino,36,18
dovish,aguilar,2,9.35786779110806e-7,0.6931471805599453,6.486379675459275e-7,aguilar,10,10
dovish,ahearn,2,9.35786779110806e-7,0.6931471805599453,6.486379675459275e-7,ahearne,33,21
dovish,ahmad,2,9.35786779110806e-7,0.6931471805599453,6.486379675459275e-7,ahmad,20,17
dovish,airfar,2,9.35786779110806e-7,0.6931471805599453,6.486379675459275e-7,airfares,17,18
dovish,alam,2,9.35786779110806e-7,0.6931471805599453,6.486379675459275e-7,alam,14,14
dovish,albertazzi,2,9.35786779110806e-7,0.6931471805599453,6.486379675459275e-7,albertazzi,18,14
dovish,alessandro,2,9.35786779110806e-7,0.6931471805599453,6.486379675459275e-7,alessandro,22,16
dovish,alibaba,2,9.35786779110806e-7,0.6931471805599453,6.486379675459275e-7,alibaba,17,16
dovish,alongwith,2,9.35786779110806e-7,0.6931471805599453,6.486379675459275e-7,alongwith,15,13
dovish,alvin,2,9.35786779110806e-7,0.6931471805599453,6.486379675459275e-7,alvin,18,17
dovish,amamiya,2,9.35786779110806e-7,0.6931471805599453,6.486379675459275e-7,amamiya,50,29
dovish,amant,2,9.35786779110806e-7,0.6931471805599453,6.486379675459275e-7,amant,15,12
dovish,amber,2,9.35786779110806e-7,0.6931471805599453,6.486379675459275e-7,amber,31,24
dovish,ambival,2,9.35786779110806e-7,0.6931471805599453,6.486379675459275e-7,ambivalent,17,31
dovish,anachronist,2,9.35786779110806e-7,0.6931471805599453,6.486379675459275e-7,anachronistic,21,21
dovish,ando,2,9.35786779110806e-7,0.6931471805599453,6.486379675459275e-7,ando,15,11
dovish,andrad,2,9.35786779110806e-7,0.6931471805599453,6.486379675459275e-7,andrade,35,22
dovish,ang,2,9.35786779110806e-7,0.6931471805599453,6.486379675459275e-7,ang,21,20
dovish,angola,2,9.35786779110806e-7,0.6931471805599453,6.486379675459275e-7,angola,34,26
dovish,angrist,2,9.35786779110806e-7,0.6931471805599453,6.486379675459275e-7,angrist,19,10
dovish,annandal,2,9.35786779110806e-7,0.6931471805599453,6.486379675459275e-7,annandale,14,14
dovish,annett,2,9.35786779110806e-7,0.6931471805599453,6.486379675459275e-7,annette,22,24
dovish,anson,2,9.35786779110806e-7,0.6931471805599453,6.486379675459275e-7,anson,15,10
dovish,antagon,2,9.35786779110806e-7,0.6931471805599453,6.486379675459275e-7,antagonism,7,10
dovish,antiqu,2,9.35786779110806e-7,0.6931471805599453,6.486379675459275e-7,antiquated,13,30
dovish,arbitrageur,2,9.35786779110806e-7,0.6931471805599453,6.486379675459275e-7,arbitrageurs,40,28
dovish,arcand,2,9.35786779110806e-7,0.6931471805599453,6.486379675459275e-7,arcand,15,10
dovish,archaic,2,9.35786779110806e-7,0.6931471805599453,6.486379675459275e-7,archaic,23,23
dovish,ariel,2,9.35786779110806e-7,0.6931471805599453,6.486379675459275e-7,ariel,11,12
dovish,asdrubali,2,9.35786779110806e-7,0.6931471805599453,6.486379675459275e-7,asdrubali,35,26
dovish,assa,2,9.35786779110806e-7,0.6931471805599453,6.486379675459275e-7,assa,14,12
dovish,astronom,2,9.35786779110806e-7,0.6931471805599453,6.486379675459275e-7,astronomical,14,14
dovish,atop,2,9.35786779110806e-7,0.6931471805599453,6.486379675459275e-7,atop,14,13
dovish,auerbach,2,9.35786779110806e-7,0.6931471805599453,6.486379675459275e-7,auerbach,34,21
dovish,augustus,2,9.35786779110806e-7,0.6931471805599453,6.486379675459275e-7,augustus,14,11
dovish,aum,2,9.35786779110806e-7,0.6931471805599453,6.486379675459275e-7,aum,37,16
dovish,auspici,2,9.35786779110806e-7,0.6931471805599453,6.486379675459275e-7,auspicious,16,17
dovish,austin,2,9.35786779110806e-7,0.6931471805599453,6.486379675459275e-7,austin,28,21
dovish,aux,2,9.35786779110806e-7,0.6931471805599453,6.486379675459275e-7,aux,16,15
dovish,avant,2,9.35786779110806e-7,0.6931471805599453,6.486379675459275e-7,avant,19,18
dovish,avg,2,9.35786779110806e-7,0.6931471805599453,6.486379675459275e-7,avg,124,61
dovish,avian,2,9.35786779110806e-7,0.6931471805599453,6.486379675459275e-7,avian,66,13
dovish,avow,2,9.35786779110806e-7,0.6931471805599453,6.486379675459275e-7,avowed,14,16
dovish,awesom,2,9.35786779110806e-7,0.6931471805599453,6.486379675459275e-7,awesome,21,21
dovish,awhil,2,9.35786779110806e-7,0.6931471805599453,6.486379675459275e-7,awhile,14,13
dovish,backslid,2,9.35786779110806e-7,0.6931471805599453,6.486379675459275e-7,backsliding,12,14
dovish,bahaj,2,9.35786779110806e-7,0.6931471805599453,6.486379675459275e-7,bahaj,40,12
dovish,bake,2,9.35786779110806e-7,0.6931471805599453,6.486379675459275e-7,baked,24,38
dovish,bankcard,2,9.35786779110806e-7,0.6931471805599453,6.486379675459275e-7,bankcard,216,16
dovish,bankhaus,2,9.35786779110806e-7,0.6931471805599453,6.486379675459275e-7,bankhaus,12,11
dovish,baron,2,9.35786779110806e-7,0.6931471805599453,6.486379675459275e-7,baron,21,19
dovish,barroso,2,9.35786779110806e-7,0.6931471805599453,6.486379675459275e-7,barroso,37,24
dovish,basil,2,9.35786779110806e-7,0.6931471805599453,6.486379675459275e-7,basil,21,21
dovish,bauer,2,9.35786779110806e-7,0.6931471805599453,6.486379675459275e-7,bauer,41,27
dovish,bcg,2,9.35786779110806e-7,0.6931471805599453,6.486379675459275e-7,bcg,18,13
dovish,beam,2,9.35786779110806e-7,0.6931471805599453,6.486379675459275e-7,beam,8,11
dovish,bedford,2,9.35786779110806e-7,0.6931471805599453,6.486379675459275e-7,bedford,12,11
dovish,beguil,2,9.35786779110806e-7,0.6931471805599453,6.486379675459275e-7,beguiling,8,12
dovish,belknap,2,9.35786779110806e-7,0.6931471805599453,6.486379675459275e-7,belknap,13,12
dovish,bemoan,2,9.35786779110806e-7,0.6931471805599453,6.486379675459275e-7,bemoaning,7,17
dovish,bendheim,2,9.35786779110806e-7,0.6931471805599453,6.486379675459275e-7,bendheim,13,10
dovish,benigno,2,9.35786779110806e-7,0.6931471805599453,6.486379675459275e-7,benigno,26,16
dovish,bentolila,2,9.35786779110806e-7,0.6931471805599453,6.486379675459275e-7,bentolila,18,12
dovish,berk,2,9.35786779110806e-7,0.6931471805599453,6.486379675459275e-7,berkes,14,12
dovish,bernd,2,9.35786779110806e-7,0.6931471805599453,6.486379675459275e-7,bernd,24,22
dovish,berra,2,9.35786779110806e-7,0.6931471805599453,6.486379675459275e-7,berra,14,11
dovish,beverag,2,9.35786779110806e-7,0.6931471805599453,6.486379675459275e-7,beverages,182,116
dovish,bhandia,2,9.35786779110806e-7,0.6931471805599453,6.486379675459275e-7,bhandia,10,10
dovish,bholat,2,9.35786779110806e-7,0.6931471805599453,6.486379675459275e-7,bholat,27,15
dovish,bidirect,2,9.35786779110806e-7,0.6931471805599453,6.486379675459275e-7,bidirectional,11,11
dovish,biotech,2,9.35786779110806e-7,0.6931471805599453,6.486379675459275e-7,biotech,21,21
dovish,birthplac,2,9.35786779110806e-7,0.6931471805599453,6.486379675459275e-7,birthplace,24,23
dovish,bitten,2,9.35786779110806e-7,0.6931471805599453,6.486379675459275e-7,bitten,10,10
dovish,blaze,2,9.35786779110806e-7,0.6931471805599453,6.486379675459275e-7,blaze,7,14
dovish,blindsid,2,9.35786779110806e-7,0.6931471805599453,6.486379675459275e-7,blindsided,8,10
dovish,bloat,2,9.35786779110806e-7,0.6931471805599453,6.486379675459275e-7,bloated,29,31
dovish,bni,2,9.35786779110806e-7,0.6931471805599453,6.486379675459275e-7,bni,10,11
dovish,borderlin,2,9.35786779110806e-7,0.6931471805599453,6.486379675459275e-7,borderline,21,25
dovish,bori,2,9.35786779110806e-7,0.6931471805599453,6.486379675459275e-7,boris,23,24
dovish,bosworth,2,9.35786779110806e-7,0.6931471805599453,6.486379675459275e-7,bosworth,26,15
dovish,bounti,2,9.35786779110806e-7,0.6931471805599453,6.486379675459275e-7,bountiful,7,14
dovish,bowen,2,9.35786779110806e-7,0.6931471805599453,6.486379675459275e-7,bowen,17,12
dovish,bplr,2,9.35786779110806e-7,0.6931471805599453,6.486379675459275e-7,bplr,51,10
dovish,bpss,2,9.35786779110806e-7,0.6931471805599453,6.486379675459275e-7,bpss,24,14
dovish,brad,2,9.35786779110806e-7,0.6931471805599453,6.486379675459275e-7,brad,37,35
dovish,brewer,2,9.35786779110806e-7,0.6931471805599453,6.486379675459275e-7,brewer,20,13
dovish,bri,2,9.35786779110806e-7,0.6931471805599453,6.486379675459275e-7,bri,50,16
dovish,bristol,2,9.35786779110806e-7,0.6931471805599453,6.486379675459275e-7,bristol,39,18
dovish,bsc,2,9.35786779110806e-7,0.6931471805599453,6.486379675459275e-7,bsc,51,21
dovish,bulli,2,9.35786779110806e-7,0.6931471805599453,6.486379675459275e-7,bullying,11,10
dovish,burgess,2,9.35786779110806e-7,0.6931471805599453,6.486379675459275e-7,burgess,53,31
dovish,busiest,2,9.35786779110806e-7,0.6931471805599453,6.486379675459275e-7,busiest,12,12
dovish,butler,2,9.35786779110806e-7,0.6931471805599453,6.486379675459275e-7,butler,20,19
dovish,butt,2,9.35786779110806e-7,0.6931471805599453,6.486379675459275e-7,butt,23,23
dovish,bygon,2,9.35786779110806e-7,0.6931471805599453,6.486379675459275e-7,bygones,43,36
dovish,cacophoni,2,9.35786779110806e-7,0.6931471805599453,6.486379675459275e-7,cacophony,32,19
dovish,cadburi,2,9.35786779110806e-7,0.6931471805599453,6.486379675459275e-7,cadbury,56,15
dovish,cage,2,9.35786779110806e-7,0.6931471805599453,6.486379675459275e-7,cage,12,12
dovish,calcutta,2,9.35786779110806e-7,0.6931471805599453,6.486379675459275e-7,calcutta,24,20
dovish,caldara,2,9.35786779110806e-7,0.6931471805599453,6.486379675459275e-7,caldara,36,16
dovish,cambodia,2,9.35786779110806e-7,0.6931471805599453,6.486379675459275e-7,cambodia,14,11
dovish,cancer,2,9.35786779110806e-7,0.6931471805599453,6.486379675459275e-7,cancer,24,20
dovish,canzoneri,2,9.35786779110806e-7,0.6931471805599453,6.486379675459275e-7,canzoneri,21,16
dovish,capi,2,9.35786779110806e-7,0.6931471805599453,6.486379675459275e-7,capie,72,47
dovish,carboni,2,9.35786779110806e-7,0.6931471805599453,6.486379675459275e-7,carboni,52,41
dovish,carleton,2,9.35786779110806e-7,0.6931471805599453,6.486379675459275e-7,carleton,19,18
dovish,carlson,2,9.35786779110806e-7,0.6931471805599453,6.486379675459275e-7,carlson,61,46
dovish,carrol,2,9.35786779110806e-7,0.6931471805599453,6.486379675459275e-7,carroll,58,27
dovish,caso,2,9.35786779110806e-7,0.6931471805599453,6.486379675459275e-7,caso,14,12
dovish,cassola,2,9.35786779110806e-7,0.6931471805599453,6.486379675459275e-7,cassola,19,13
dovish,castro,2,9.35786779110806e-7,0.6931471805599453,6.486379675459275e-7,castro,18,14
dovish,cavali,2,9.35786779110806e-7,0.6931471805599453,6.486379675459275e-7,cavalier,10,10
dovish,cercl,2,9.35786779110806e-7,0.6931471805599453,6.486379675459275e-7,cercle,15,13
dovish,cerra,2,9.35786779110806e-7,0.6931471805599453,6.486379675459275e-7,cerra,19,13
dovish,cerutti,2,9.35786779110806e-7,0.6931471805599453,6.486379675459275e-7,cerutti,86,48
dovish,cet,2,9.35786779110806e-7,0.6931471805599453,6.486379675459275e-7,cet,33,26
dovish,cfms,2,9.35786779110806e-7,0.6931471805599453,6.486379675459275e-7,cfms,28,15
dovish,cgpi,2,9.35786779110806e-7,0.6931471805599453,6.486379675459275e-7,cgpi,39,28
dovish,channelis,2,9.35786779110806e-7,0.6931471805599453,6.486379675459275e-7,channelising,12,23
dovish,chapel,2,9.35786779110806e-7,0.6931471805599453,6.486379675459275e-7,chapel,14,10
dovish,chaudhuri,2,9.35786779110806e-7,0.6931471805599453,6.486379675459275e-7,chaudhuri,9,10
dovish,cheapen,2,9.35786779110806e-7,0.6931471805599453,6.486379675459275e-7,cheapening,7,11
dovish,chess,2,9.35786779110806e-7,0.6931471805599453,6.486379675459275e-7,chess,23,11
dovish,chime,2,9.35786779110806e-7,0.6931471805599453,6.486379675459275e-7,chimes,14,25
dovish,chong,2,9.35786779110806e-7,0.6931471805599453,6.486379675459275e-7,chong,23,15
dovish,chorus,2,9.35786779110806e-7,0.6931471805599453,6.486379675459275e-7,chorus,14,14
dovish,chowla,2,9.35786779110806e-7,0.6931471805599453,6.486379675459275e-7,chowla,39,36
dovish,citat,2,9.35786779110806e-7,0.6931471805599453,6.486379675459275e-7,citations,44,39
dovish,citicorp,2,9.35786779110806e-7,0.6931471805599453,6.486379675459275e-7,citicorp,16,13
dovish,cma,2,9.35786779110806e-7,0.6931471805599453,6.486379675459275e-7,cma,87,21
dovish,cml,2,9.35786779110806e-7,0.6931471805599453,6.486379675459275e-7,cml,20,10
dovish,coastlin,2,9.35786779110806e-7,0.6931471805599453,6.486379675459275e-7,coastline,15,17
dovish,collar,2,9.35786779110806e-7,0.6931471805599453,6.486379675459275e-7,collar,44,43
dovish,collid,2,9.35786779110806e-7,0.6931471805599453,6.486379675459275e-7,collider,6,12
dovish,colon,2,9.35786779110806e-7,0.6931471805599453,6.486379675459275e-7,colonization,7,12
dovish,columbus,2,9.35786779110806e-7,0.6931471805599453,6.486379675459275e-7,columbus,27,18
dovish,commerzbank,2,9.35786779110806e-7,0.6931471805599453,6.486379675459275e-7,commerzbank,17,14
dovish,commune,2,9.35786779110806e-7,0.6931471805599453,6.486379675459275e-7,communes,7,10
dovish,condition,2,9.35786779110806e-7,0.6931471805599453,6.486379675459275e-7,conditioners,14,16
dovish,condominium,2,9.35786779110806e-7,0.6931471805599453,6.486379675459275e-7,condominiums,29,27
dovish,cong,2,9.35786779110806e-7,0.6931471805599453,6.486379675459275e-7,cong,28,19
dovish,congo,2,9.35786779110806e-7,0.6931471805599453,6.486379675459275e-7,congo,17,13
dovish,constern,2,9.35786779110806e-7,0.6931471805599453,6.486379675459275e-7,consternation,11,10
dovish,contextualis,2,9.35786779110806e-7,0.6931471805599453,6.486379675459275e-7,contextualise,11,19
dovish,contriv,2,9.35786779110806e-7,0.6931471805599453,6.486379675459275e-7,contrivance,9,14
dovish,corder,2,9.35786779110806e-7,0.6931471805599453,6.486379675459275e-7,corder,31,29
dovish,corelog,2,9.35786779110806e-7,0.6931471805599453,6.486379675459275e-7,corelogic,46,27
dovish,cornelius,2,9.35786779110806e-7,0.6931471805599453,6.486379675459275e-7,cornelius,10,10
dovish,corrod,2,9.35786779110806e-7,0.6931471805599453,6.486379675459275e-7,corroded,4,10
dovish,cosmet,2,9.35786779110806e-7,0.6931471805599453,6.486379675459275e-7,cosmetic,10,16
dovish,cosmopolitan,2,9.35786779110806e-7,0.6931471805599453,6.486379675459275e-7,cosmopolitan,13,12
dovish,courier,2,9.35786779110806e-7,0.6931471805599453,6.486379675459275e-7,courier,17,15
dovish,coventri,2,9.35786779110806e-7,0.6931471805599453,6.486379675459275e-7,coventry,11,10
dovish,cowan,2,9.35786779110806e-7,0.6931471805599453,6.486379675459275e-7,cowan,19,11
dovish,craftsmanship,2,9.35786779110806e-7,0.6931471805599453,6.486379675459275e-7,craftsmanship,12,10
dovish,crazi,2,9.35786779110806e-7,0.6931471805599453,6.486379675459275e-7,crazy,25,22
dovish,crosscurr,2,9.35786779110806e-7,0.6931471805599453,6.486379675459275e-7,crosscurrents,39,30
dovish,cruz,2,9.35786779110806e-7,0.6931471805599453,6.486379675459275e-7,cruz,31,22
dovish,cube,2,9.35786779110806e-7,0.6931471805599453,6.486379675459275e-7,cubed,8,10
dovish,dad,2,9.35786779110806e-7,0.6931471805599453,6.486379675459275e-7,dad,18,14
dovish,daiwa,2,9.35786779110806e-7,0.6931471805599453,6.486379675459275e-7,daiwa,13,10
dovish,damen,2,9.35786779110806e-7,0.6931471805599453,6.486379675459275e-7,damen,23,22
dovish,damn,2,9.35786779110806e-7,0.6931471805599453,6.486379675459275e-7,damned,11,17
dovish,danmark,2,9.35786779110806e-7,0.6931471805599453,6.486379675459275e-7,danmarks,39,18
dovish,darrel,2,9.35786779110806e-7,0.6931471805599453,6.486379675459275e-7,darrell,24,21
dovish,databank,2,9.35786779110806e-7,0.6931471805599453,6.486379675459275e-7,databank,24,19
dovish,dax,2,9.35786779110806e-7,0.6931471805599453,6.486379675459275e-7,dax,14,10
dovish,dazzl,2,9.35786779110806e-7,0.6931471805599453,6.486379675459275e-7,dazzling,11,19
dovish,decker,2,9.35786779110806e-7,0.6931471805599453,6.486379675459275e-7,decker,30,20
dovish,decontrol,2,9.35786779110806e-7,0.6931471805599453,6.486379675459275e-7,decontrol,6,11
dovish,deft,2,9.35786779110806e-7,0.6931471805599453,6.486379675459275e-7,deftly,10,16
dovish,degener,2,9.35786779110806e-7,0.6931471805599453,6.486379675459275e-7,degenerate,24,42
dovish,demarzo,2,9.35786779110806e-7,0.6931471805599453,6.486379675459275e-7,demarzo,17,13
dovish,denounc,2,9.35786779110806e-7,0.6931471805599453,6.486379675459275e-7,denounce,6,15
dovish,derid,2,9.35786779110806e-7,0.6931471805599453,6.486379675459275e-7,derided,10,13
dovish,detour,2,9.35786779110806e-7,0.6931471805599453,6.486379675459275e-7,detour,31,36
dovish,detrend,2,9.35786779110806e-7,0.6931471805599453,6.486379675459275e-7,detrended,22,17
dovish,devereux,2,9.35786779110806e-7,0.6931471805599453,6.486379675459275e-7,devereux,41,23
dovish,dharma,2,9.35786779110806e-7,0.6931471805599453,6.486379675459275e-7,dharma,32,13
dovish,dhingra,2,9.35786779110806e-7,0.6931471805599453,6.486379675459275e-7,dhingra,25,18
dovish,dialect,2,9.35786779110806e-7,0.6931471805599453,6.486379675459275e-7,dialectic,8,16
dovish,dijsselbloem,2,9.35786779110806e-7,0.6931471805599453,6.486379675459275e-7,dijsselbloem,17,14
dovish,dimpl,2,9.35786779110806e-7,0.6931471805599453,6.486379675459275e-7,dimple,10,10
dovish,dint,2,9.35786779110806e-7,0.6931471805599453,6.486379675459275e-7,dint,10,10
dovish,discord,2,9.35786779110806e-7,0.6931471805599453,6.486379675459275e-7,discord,11,13
dovish,disney,2,9.35786779110806e-7,0.6931471805599453,6.486379675459275e-7,disney,25,13
dovish,disori,2,9.35786779110806e-7,0.6931471805599453,6.486379675459275e-7,disoriented,8,13
dovish,dissoci,2,9.35786779110806e-7,0.6931471805599453,6.486379675459275e-7,dissociated,8,13
dovish,doabl,2,9.35786779110806e-7,0.6931471805599453,6.486379675459275e-7,doable,12,11
dovish,doug,2,9.35786779110806e-7,0.6931471805599453,6.486379675459275e-7,doug,50,28
dovish,dovish,2,9.35786779110806e-7,0.6931471805599453,6.486379675459275e-7,dovish,15,15
dovish,dpk,2,9.35786779110806e-7,0.6931471805599453,6.486379675459275e-7,dpk,11,10
dovish,dropout,2,9.35786779110806e-7,0.6931471805599453,6.486379675459275e-7,dropout,12,11
dovish,drum,2,9.35786779110806e-7,0.6931471805599453,6.486379675459275e-7,drum,4,10
dovish,duart,2,9.35786779110806e-7,0.6931471805599453,6.486379675459275e-7,duarte,28,19
dovish,dug,2,9.35786779110806e-7,0.6931471805599453,6.486379675459275e-7,dug,13,13
dovish,ebook,2,9.35786779110806e-7,0.6931471805599453,6.486379675459275e-7,ebook,15,12
dovish,ecmi,2,9.35786779110806e-7,0.6931471805599453,6.486379675459275e-7,ecmi,11,10
dovish,economywid,2,9.35786779110806e-7,0.6931471805599453,6.486379675459275e-7,economywide,16,15
dovish,edd,2,9.35786779110806e-7,0.6931471805599453,6.486379675459275e-7,edd,22,15
dovish,eggertson,2,9.35786779110806e-7,0.6931471805599453,6.486379675459275e-7,eggertson,27,19
dovish,eleanor,2,9.35786779110806e-7,0.6931471805599453,6.486379675459275e-7,eleanor,10,10
dovish,elliot,2,9.35786779110806e-7,0.6931471805599453,6.486379675459275e-7,elliot,16,14
dovish,embarrass,2,9.35786779110806e-7,0.6931471805599453,6.486379675459275e-7,embarrassment,18,45
dovish,embi,2,9.35786779110806e-7,0.6931471805599453,6.486379675459275e-7,embi,71,42
dovish,empiric,2,9.35786779110806e-7,0.6931471805599453,6.486379675459275e-7,empiricism,12,11
dovish,endear,2,9.35786779110806e-7,0.6931471805599453,6.486379675459275e-7,endearing,20,21
dovish,engen,2,9.35786779110806e-7,0.6931471805599453,6.486379675459275e-7,engen,51,29
dovish,engert,2,9.35786779110806e-7,0.6931471805599453,6.486379675459275e-7,engert,15,10
dovish,eniss,2,9.35786779110806e-7,0.6931471805599453,6.486379675459275e-7,enisse,12,11
dovish,enria,2,9.35786779110806e-7,0.6931471805599453,6.486379675459275e-7,enria,22,19
dovish,entwin,2,9.35786779110806e-7,0.6931471805599453,6.486379675459275e-7,entwined,11,11
dovish,epitom,2,9.35786779110806e-7,0.6931471805599453,6.486379675459275e-7,epitomized,19,44
dovish,ete,2,9.35786779110806e-7,0.6931471805599453,6.486379675459275e-7,ete,14,13
dovish,ethan,2,9.35786779110806e-7,0.6931471805599453,6.486379675459275e-7,ethan,19,18
dovish,euler,2,9.35786779110806e-7,0.6931471805599453,6.486379675459275e-7,euler,42,17
dovish,exodus,2,9.35786779110806e-7,0.6931471805599453,6.486379675459275e-7,exodus,28,27
dovish,expel,2,9.35786779110806e-7,0.6931471805599453,6.486379675459275e-7,expelled,9,10
dovish,explic,2,9.35786779110806e-7,0.6931471805599453,6.486379675459275e-7,explicable,16,27
dovish,extric,2,9.35786779110806e-7,0.6931471805599453,6.486379675459275e-7,extricate,18,29
dovish,facad,2,9.35786779110806e-7,0.6931471805599453,6.486379675459275e-7,facade,19,20
dovish,fallibl,2,9.35786779110806e-7,0.6931471805599453,6.486379675459275e-7,fallible,12,22
dovish,fallick,2,9.35786779110806e-7,0.6931471805599453,6.486379675459275e-7,fallick,32,29
dovish,falloff,2,9.35786779110806e-7,0.6931471805599453,6.486379675459275e-7,falloff,26,25
dovish,faltin,2,9.35786779110806e-7,0.6931471805599453,6.486379675459275e-7,faltin,13,13
dovish,farreach,2,9.35786779110806e-7,0.6931471805599453,6.486379675459275e-7,farreaching,21,21
dovish,fasten,2,9.35786779110806e-7,0.6931471805599453,6.486379675459275e-7,fasten,6,10
dovish,favero,2,9.35786779110806e-7,0.6931471805599453,6.486379675459275e-7,favero,18,13
dovish,fawcett,2,9.35786779110806e-7,0.6931471805599453,6.486379675459275e-7,fawcett,10,10
dovish,fay,2,9.35786779110806e-7,0.6931471805599453,6.486379675459275e-7,fay,12,12
dovish,fbs,2,9.35786779110806e-7,0.6931471805599453,6.486379675459275e-7,fbs,29,13
dovish,fecht,2,9.35786779110806e-7,0.6931471805599453,6.486379675459275e-7,fecht,15,11
dovish,felip,2,9.35786779110806e-7,0.6931471805599453,6.486379675459275e-7,felipe,20,18
dovish,felix,2,9.35786779110806e-7,0.6931471805599453,6.486379675459275e-7,felix,30,30
dovish,fender,2,9.35786779110806e-7,0.6931471805599453,6.486379675459275e-7,fender,14,11
dovish,ferrucci,2,9.35786779110806e-7,0.6931471805599453,6.486379675459275e-7,ferrucci,13,12
dovish,fewest,2,9.35786779110806e-7,0.6931471805599453,6.486379675459275e-7,fewest,11,11
dovish,fieldwork,2,9.35786779110806e-7,0.6931471805599453,6.486379675459275e-7,fieldwork,12,11
dovish,fiercer,2,9.35786779110806e-7,0.6931471805599453,6.486379675459275e-7,fiercer,14,12
dovish,fighter,2,9.35786779110806e-7,0.6931471805599453,6.486379675459275e-7,fighter,31,45
dovish,filardo,2,9.35786779110806e-7,0.6931471805599453,6.486379675459275e-7,filardo,132,69
dovish,finanz,2,9.35786779110806e-7,0.6931471805599453,6.486379675459275e-7,finanz,12,11
dovish,findex,2,9.35786779110806e-7,0.6931471805599453,6.486379675459275e-7,findex,40,23
dovish,finetun,2,9.35786779110806e-7,0.6931471805599453,6.486379675459275e-7,finetune,9,19
dovish,fireston,2,9.35786779110806e-7,0.6931471805599453,6.486379675459275e-7,firestone,15,11
dovish,fixedincom,2,9.35786779110806e-7,0.6931471805599453,6.486379675459275e-7,fixedincome,11,11
dovish,fixedr,2,9.35786779110806e-7,0.6931471805599453,6.486379675459275e-7,fixedrate,16,15
dovish,flame,2,9.35786779110806e-7,0.6931471805599453,6.486379675459275e-7,flames,15,20
dovish,flu,2,9.35786779110806e-7,0.6931471805599453,6.486379675459275e-7,flu,128,50
dovish,flush,2,9.35786779110806e-7,0.6931471805599453,6.486379675459275e-7,flush,37,40
dovish,folkert,2,9.35786779110806e-7,0.6931471805599453,6.486379675459275e-7,folkerts,25,18
dovish,followup,2,9.35786779110806e-7,0.6931471805599453,6.486379675459275e-7,followup,14,14
dovish,foothil,2,9.35786779110806e-7,0.6931471805599453,6.486379675459275e-7,foothills,11,12
dovish,footloos,2,9.35786779110806e-7,0.6931471805599453,6.486379675459275e-7,footloose,13,11
dovish,forefath,2,9.35786779110806e-7,0.6931471805599453,6.486379675459275e-7,forefathers,10,10
dovish,forma,2,9.35786779110806e-7,0.6931471805599453,6.486379675459275e-7,forma,14,14
dovish,fouli,2,9.35786779110806e-7,0.6931471805599453,6.486379675459275e-7,foulis,24,11
dovish,frailti,2,9.35786779110806e-7,0.6931471805599453,6.486379675459275e-7,frailties,10,16
dovish,fras,2,9.35786779110806e-7,0.6931471805599453,6.486379675459275e-7,fras,29,17
dovish,fray,2,9.35786779110806e-7,0.6931471805599453,6.486379675459275e-7,fray,13,20
dovish,fret,2,9.35786779110806e-7,0.6931471805599453,6.486379675459275e-7,fret,8,20
dovish,frey,2,9.35786779110806e-7,0.6931471805599453,6.486379675459275e-7,frey,32,12
dovish,fritter,2,9.35786779110806e-7,0.6931471805599453,6.486379675459275e-7,frittered,7,11
dovish,ftc,2,9.35786779110806e-7,0.6931471805599453,6.486379675459275e-7,ftc,42,17
dovish,fuhrer,2,9.35786779110806e-7,0.6931471805599453,6.486379675459275e-7,fuhrer,87,47
dovish,fullyfledg,2,9.35786779110806e-7,0.6931471805599453,6.486379675459275e-7,fullyfledged,10,10
dovish,furious,2,9.35786779110806e-7,0.6931471805599453,6.486379675459275e-7,furious,6,10
dovish,furman,2,9.35786779110806e-7,0.6931471805599453,6.486379675459275e-7,furman,16,12
dovish,fxcs,2,9.35786779110806e-7,0.6931471805599453,6.486379675459275e-7,fxcs,69,19
dovish,gard,2,9.35786779110806e-7,0.6931471805599453,6.486379675459275e-7,garde,12,13
dovish,gardner,2,9.35786779110806e-7,0.6931471805599453,6.486379675459275e-7,gardner,25,14
dovish,gbe,2,9.35786779110806e-7,0.6931471805599453,6.486379675459275e-7,gbe,19,10
dovish,gdds,2,9.35786779110806e-7,0.6931471805599453,6.486379675459275e-7,gdds,22,13
dovish,genberg,2,9.35786779110806e-7,0.6931471805599453,6.486379675459275e-7,genberg,66,38
dovish,geolog,2,9.35786779110806e-7,0.6931471805599453,6.486379675459275e-7,geological,9,14
dovish,gerardi,2,9.35786779110806e-7,0.6931471805599453,6.486379675459275e-7,gerardi,24,15
dovish,germin,2,9.35786779110806e-7,0.6931471805599453,6.486379675459275e-7,germinal,4,13
dovish,gibbon,2,9.35786779110806e-7,0.6931471805599453,6.486379675459275e-7,gibbon,13,10
dovish,gigerenz,2,9.35786779110806e-7,0.6931471805599453,6.486379675459275e-7,gigerenzer,51,12
dovish,gita,2,9.35786779110806e-7,0.6931471805599453,6.486379675459275e-7,gita,21,20
dovish,giusepp,2,9.35786779110806e-7,0.6931471805599453,6.486379675459275e-7,giuseppe,12,11
dovish,gov,2,9.35786779110806e-7,0.6931471805599453,6.486379675459275e-7,gov,46,15
dovish,governmentsponsor,2,9.35786779110806e-7,0.6931471805599453,6.486379675459275e-7,governmentsponsored,18,18
dovish,grander,2,9.35786779110806e-7,0.6931471805599453,6.486379675459275e-7,grander,11,11
dovish,greenslad,2,9.35786779110806e-7,0.6931471805599453,6.486379675459275e-7,greenslade,37,20
dovish,greenwood,2,9.35786779110806e-7,0.6931471805599453,6.486379675459275e-7,greenwood,109,38
dovish,grohe,2,9.35786779110806e-7,0.6931471805599453,6.486379675459275e-7,grohe,27,16
dovish,groningen,2,9.35786779110806e-7,0.6931471805599453,6.486379675459275e-7,groningen,29,18
dovish,gropp,2,9.35786779110806e-7,0.6931471805599453,6.486379675459275e-7,gropp,17,11
dovish,groshen,2,9.35786779110806e-7,0.6931471805599453,6.486379675459275e-7,groshen,17,12
dovish,growthenhanc,2,9.35786779110806e-7,0.6931471805599453,6.486379675459275e-7,growthenhancing,11,10
dovish,guggenheim,2,9.35786779110806e-7,0.6931471805599453,6.486379675459275e-7,guggenheim,16,11
dovish,guinea,2,9.35786779110806e-7,0.6931471805599453,6.486379675459275e-7,guinea,16,11
dovish,gurney,2,9.35786779110806e-7,0.6931471805599453,6.486379675459275e-7,gurney,18,14
dovish,guru,2,9.35786779110806e-7,0.6931471805599453,6.486379675459275e-7,guru,17,15
dovish,gustavo,2,9.35786779110806e-7,0.6931471805599453,6.486379675459275e-7,gustavo,24,20
dovish,gym,2,9.35786779110806e-7,0.6931471805599453,6.486379675459275e-7,gym,15,15
dovish,hadulla,2,9.35786779110806e-7,0.6931471805599453,6.486379675459275e-7,hadulla,44,32
dovish,hakod,2,9.35786779110806e-7,0.6931471805599453,6.486379675459275e-7,hakodate,43,10
dovish,haltmaier,2,9.35786779110806e-7,0.6931471805599453,6.486379675459275e-7,haltmaier,25,19
dovish,hangov,2,9.35786779110806e-7,0.6931471805599453,6.486379675459275e-7,hangover,46,32
dovish,hangzhou,2,9.35786779110806e-7,0.6931471805599453,6.486379675459275e-7,hangzhou,12,11
dovish,harbing,2,9.35786779110806e-7,0.6931471805599453,6.486379675459275e-7,harbinger,55,57
dovish,hare,2,9.35786779110806e-7,0.6931471805599453,6.486379675459275e-7,hare,24,22
dovish,harimohan,2,9.35786779110806e-7,0.6931471805599453,6.486379675459275e-7,harimohan,13,13
dovish,hawaii,2,9.35786779110806e-7,0.6931471805599453,6.486379675459275e-7,hawaii,11,10
dovish,heap,2,9.35786779110806e-7,0.6931471805599453,6.486379675459275e-7,heap,12,18
dovish,heartiest,2,9.35786779110806e-7,0.6931471805599453,6.486379675459275e-7,heartiest,11,11
dovish,hegemon,2,9.35786779110806e-7,0.6931471805599453,6.486379675459275e-7,hegemon,21,19
dovish,heller,2,9.35786779110806e-7,0.6931471805599453,6.486379675459275e-7,heller,20,11
dovish,hendri,2,9.35786779110806e-7,0.6931471805599453,6.486379675459275e-7,hendry,34,20
dovish,herren,2,9.35786779110806e-7,0.6931471805599453,6.486379675459275e-7,herren,29,24
dovish,herv,2,9.35786779110806e-7,0.6931471805599453,6.486379675459275e-7,herve,12,10
dovish,heuvel,2,9.35786779110806e-7,0.6931471805599453,6.486379675459275e-7,heuvel,39,25
dovish,hewitt,2,9.35786779110806e-7,0.6931471805599453,6.486379675459275e-7,hewitt,10,10
dovish,hiatus,2,9.35786779110806e-7,0.6931471805599453,6.486379675459275e-7,hiatus,21,20
dovish,highfrequ,2,9.35786779110806e-7,0.6931471805599453,6.486379675459275e-7,highfrequency,16,13
dovish,hitotsubashi,2,9.35786779110806e-7,0.6931471805599453,6.486379675459275e-7,hitotsubashi,33,20
dovish,hlccfm,2,9.35786779110806e-7,0.6931471805599453,6.486379675459275e-7,hlccfm,16,10
dovish,hmrc,2,9.35786779110806e-7,0.6931471805599453,6.486379675459275e-7,hmrc,58,30
dovish,hokkaido,2,9.35786779110806e-7,0.6931471805599453,6.486379675459275e-7,hokkaido,93,35
dovish,hooper,2,9.35786779110806e-7,0.6931471805599453,6.486379675459275e-7,hooper,48,39
dovish,hordahl,2,9.35786779110806e-7,0.6931471805599453,6.486379675459275e-7,hordahl,27,18
dovish,hotter,2,9.35786779110806e-7,0.6931471805599453,6.486379675459275e-7,hotter,21,18
dovish,howe,2,9.35786779110806e-7,0.6931471805599453,6.486379675459275e-7,howe,31,26
dovish,hoyo,2,9.35786779110806e-7,0.6931471805599453,6.486379675459275e-7,hoyo,17,13
dovish,hulten,2,9.35786779110806e-7,0.6931471805599453,6.486379675459275e-7,hulten,26,13
dovish,humour,2,9.35786779110806e-7,0.6931471805599453,6.486379675459275e-7,humour,23,14
dovish,hurtl,2,9.35786779110806e-7,0.6931471805599453,6.486379675459275e-7,hurtling,9,11
dovish,hutchinson,2,9.35786779110806e-7,0.6931471805599453,6.486379675459275e-7,hutchinson,34,28
dovish,hypothec,2,9.35786779110806e-7,0.6931471805599453,6.486379675459275e-7,hypothecation,24,18
dovish,ica,2,9.35786779110806e-7,0.6931471805599453,6.486379675459275e-7,icas,72,24
dovish,icbc,2,9.35786779110806e-7,0.6931471805599453,6.486379675459275e-7,icbc,24,17
dovish,icrier,2,9.35786779110806e-7,0.6931471805599453,6.486379675459275e-7,icrier,24,18
dovish,igan,2,9.35786779110806e-7,0.6931471805599453,6.486379675459275e-7,igan,23,21
dovish,ikeda,2,9.35786779110806e-7,0.6931471805599453,6.486379675459275e-7,ikeda,19,14
dovish,immobilis,2,9.35786779110806e-7,0.6931471805599453,6.486379675459275e-7,immobilised,12,20
dovish,impound,2,9.35786779110806e-7,0.6931471805599453,6.486379675459275e-7,impounded,8,18
dovish,imprint,2,9.35786779110806e-7,0.6931471805599453,6.486379675459275e-7,imprint,59,64
dovish,indivis,2,9.35786779110806e-7,0.6931471805599453,6.486379675459275e-7,indivisible,20,21
dovish,indoor,2,9.35786779110806e-7,0.6931471805599453,6.486379675459275e-7,indoor,11,12
dovish,inexact,2,9.35786779110806e-7,0.6931471805599453,6.486379675459275e-7,inexact,17,16
dovish,info,2,9.35786779110806e-7,0.6931471805599453,6.486379675459275e-7,info,19,13
dovish,inop,2,9.35786779110806e-7,0.6931471805599453,6.486379675459275e-7,inoperative,20,14
dovish,interdisciplinari,2,9.35786779110806e-7,0.6931471805599453,6.486379675459275e-7,interdisciplinary,46,36
dovish,interestr,2,9.35786779110806e-7,0.6931471805599453,6.486379675459275e-7,interestrate,13,13
dovish,interspers,2,9.35786779110806e-7,0.6931471805599453,6.486379675459275e-7,interspersed,16,15
dovish,intragroup,2,9.35786779110806e-7,0.6931471805599453,6.486379675459275e-7,intragroup,34,25
dovish,invad,2,9.35786779110806e-7,0.6931471805599453,6.486379675459275e-7,invaded,16,26
dovish,investmentgrad,2,9.35786779110806e-7,0.6931471805599453,6.486379675459275e-7,investmentgrade,12,11
dovish,iot,2,9.35786779110806e-7,0.6931471805599453,6.486379675459275e-7,iot,38,28
dovish,ious,2,9.35786779110806e-7,0.6931471805599453,6.486379675459275e-7,ious,25,15
dovish,iowa,2,9.35786779110806e-7,0.6931471805599453,6.486379675459275e-7,iowa,10,10
dovish,iranian,2,9.35786779110806e-7,0.6931471805599453,6.486379675459275e-7,iranian,11,10
dovish,isa,2,9.35786779110806e-7,0.6931471805599453,6.486379675459275e-7,isa,10,11
dovish,isolation,2,9.35786779110806e-7,0.6931471805599453,6.486379675459275e-7,isolationism,15,11
dovish,ivashina,2,9.35786779110806e-7,0.6931471805599453,6.486379675459275e-7,ivashina,16,11
dovish,iyer,2,9.35786779110806e-7,0.6931471805599453,6.486379675459275e-7,iyer,18,14
dovish,izanagi,2,9.35786779110806e-7,0.6931471805599453,6.486379675459275e-7,izanagi,36,18
dovish,jae,2,9.35786779110806e-7,0.6931471805599453,6.486379675459275e-7,jae,23,23
dovish,jakob,2,9.35786779110806e-7,0.6931471805599453,6.486379675459275e-7,jakob,21,19
dovish,jansen,2,9.35786779110806e-7,0.6931471805599453,6.486379675459275e-7,jansen,37,27
dovish,jar,2,9.35786779110806e-7,0.6931471805599453,6.486379675459275e-7,jar,9,19
dovish,jel,2,9.35786779110806e-7,0.6931471805599453,6.486379675459275e-7,jel,15,14
dovish,jimmi,2,9.35786779110806e-7,0.6931471805599453,6.486379675459275e-7,jimmy,21,20
dovish,jobseek,2,9.35786779110806e-7,0.6931471805599453,6.486379675459275e-7,jobseekers,23,26
dovish,jordi,2,9.35786779110806e-7,0.6931471805599453,6.486379675459275e-7,jordi,65,53
dovish,juxtaposit,2,9.35786779110806e-7,0.6931471805599453,6.486379675459275e-7,juxtaposition,23,23
dovish,kaleidoscop,2,9.35786779110806e-7,0.6931471805599453,6.486379675459275e-7,kaleidoscope,7,10
dovish,kang,2,9.35786779110806e-7,0.6931471805599453,6.486379675459275e-7,kang,20,17
dovish,kannan,2,9.35786779110806e-7,0.6931471805599453,6.486379675459275e-7,kannan,13,12
dovish,kanto,2,9.35786779110806e-7,0.6931471805599453,6.486379675459275e-7,kanto,30,16
dovish,kapur,2,9.35786779110806e-7,0.6931471805599453,6.486379675459275e-7,kapur,33,28
dovish,karadi,2,9.35786779110806e-7,0.6931471805599453,6.486379675459275e-7,karadi,96,62
dovish,katharin,2,9.35786779110806e-7,0.6931471805599453,6.486379675459275e-7,katharine,10,10
dovish,kazumasa,2,9.35786779110806e-7,0.6931471805599453,6.486379675459275e-7,kazumasa,19,11
dovish,keeper,2,9.35786779110806e-7,0.6931471805599453,6.486379675459275e-7,keepers,11,15
dovish,kenen,2,9.35786779110806e-7,0.6931471805599453,6.486379675459275e-7,kenen,29,17
dovish,kharif,2,9.35786779110806e-7,0.6931471805599453,6.486379675459275e-7,kharif,18,14
dovish,kharroubi,2,9.35786779110806e-7,0.6931471805599453,6.486379675459275e-7,kharroubi,36,24
dovish,kickstart,2,9.35786779110806e-7,0.6931471805599453,6.486379675459275e-7,kickstart,6,11
dovish,kilogram,2,9.35786779110806e-7,0.6931471805599453,6.486379675459275e-7,kilogram,8,10
dovish,kimura,2,9.35786779110806e-7,0.6931471805599453,6.486379675459275e-7,kimura,30,16
dovish,kink,2,9.35786779110806e-7,0.6931471805599453,6.486379675459275e-7,kinked,11,16
dovish,kluwer,2,9.35786779110806e-7,0.6931471805599453,6.486379675459275e-7,kluwer,34,27
dovish,knowl,2,9.35786779110806e-7,0.6931471805599453,6.486379675459275e-7,knowles,18,14
dovish,kobe,2,9.35786779110806e-7,0.6931471805599453,6.486379675459275e-7,kobe,32,29
dovish,koo,2,9.35786779110806e-7,0.6931471805599453,6.486379675459275e-7,koo,35,28
dovish,kraenzlin,2,9.35786779110806e-7,0.6931471805599453,6.486379675459275e-7,kraenzlin,14,11
dovish,kristen,2,9.35786779110806e-7,0.6931471805599453,6.486379675459275e-7,kristen,15,10
dovish,krona,2,9.35786779110806e-7,0.6931471805599453,6.486379675459275e-7,krona,30,27
dovish,laen,2,9.35786779110806e-7,0.6931471805599453,6.486379675459275e-7,laen,25,21
dovish,lamo,2,9.35786779110806e-7,0.6931471805599453,6.486379675459275e-7,lamo,23,16
dovish,lamp,2,9.35786779110806e-7,0.6931471805599453,6.486379675459275e-7,lamps,8,14
dovish,largevalu,2,9.35786779110806e-7,0.6931471805599453,6.486379675459275e-7,largevalue,15,13
dovish,lass,2,9.35786779110806e-7,0.6931471805599453,6.486379675459275e-7,lasse,23,13
dovish,latecom,2,9.35786779110806e-7,0.6931471805599453,6.486379675459275e-7,latecomer,10,11
dovish,latenc,2,9.35786779110806e-7,0.6931471805599453,6.486379675459275e-7,latency,19,14
dovish,lbg,2,9.35786779110806e-7,0.6931471805599453,6.486379675459275e-7,lbg,15,11
dovish,leamer,2,9.35786779110806e-7,0.6931471805599453,6.486379675459275e-7,leamer,19,10
dovish,lesli,2,9.35786779110806e-7,0.6931471805599453,6.486379675459275e-7,leslie,69,27
dovish,lethargi,2,9.35786779110806e-7,0.6931471805599453,6.486379675459275e-7,lethargy,16,15
dovish,levett,2,9.35786779110806e-7,0.6931471805599453,6.486379675459275e-7,levett,14,14
dovish,lexington,2,9.35786779110806e-7,0.6931471805599453,6.486379675459275e-7,lexington,19,17
dovish,lightn,2,9.35786779110806e-7,0.6931471805599453,6.486379675459275e-7,lightning,24,19
dovish,linda,2,9.35786779110806e-7,0.6931471805599453,6.486379675459275e-7,linda,36,30
dovish,lita,2,9.35786779110806e-7,0.6931471805599453,6.486379675459275e-7,litas,17,10
dovish,lizzi,2,9.35786779110806e-7,0.6931471805599453,6.486379675459275e-7,lizzie,11,11
dovish,logan,2,9.35786779110806e-7,0.6931471805599453,6.486379675459275e-7,logan,22,19
dovish,logjam,2,9.35786779110806e-7,0.6931471805599453,6.486379675459275e-7,logjam,6,10
dovish,loretan,2,9.35786779110806e-7,0.6931471805599453,6.486379675459275e-7,loretan,11,10
dovish,loretta,2,9.35786779110806e-7,0.6931471805599453,6.486379675459275e-7,loretta,12,10
dovish,luka,2,9.35786779110806e-7,0.6931471805599453,6.486379675459275e-7,lukas,21,21
dovish,lunchtim,2,9.35786779110806e-7,0.6931471805599453,6.486379675459275e-7,lunchtime,15,15
dovish,luther,2,9.35786779110806e-7,0.6931471805599453,6.486379675459275e-7,luther,16,14
dovish,lynchpin,2,9.35786779110806e-7,0.6931471805599453,6.486379675459275e-7,lynchpin,9,11
dovish,mackay,2,9.35786779110806e-7,0.6931471805599453,6.486379675459275e-7,mackay,17,10
dovish,macquari,2,9.35786779110806e-7,0.6931471805599453,6.486379675459275e-7,macquarie,33,18
dovish,maelstrom,2,9.35786779110806e-7,0.6931471805599453,6.486379675459275e-7,maelstrom,11,11
dovish,magg,2,9.35786779110806e-7,0.6931471805599453,6.486379675459275e-7,maggs,11,11
dovish,magistrali,2,9.35786779110806e-7,0.6931471805599453,6.486379675459275e-7,magistralis,13,13
dovish,magyar,2,9.35786779110806e-7,0.6931471805599453,6.486379675459275e-7,magyar,19,14
dovish,malaysian,2,9.35786779110806e-7,0.6931471805599453,6.486379675459275e-7,malaysian,23,19
dovish,maldiv,2,9.35786779110806e-7,0.6931471805599453,6.486379675459275e-7,maldives,30,11
dovish,malmendi,2,9.35786779110806e-7,0.6931471805599453,6.486379675459275e-7,malmendier,31,20
dovish,maloney,2,9.35786779110806e-7,0.6931471805599453,6.486379675459275e-7,maloney,18,18
dovish,marino,2,9.35786779110806e-7,0.6931471805599453,6.486379675459275e-7,marinos,11,11
dovish,marit,2,9.35786779110806e-7,0.6931471805599453,6.486379675459275e-7,marital,14,13
dovish,maritim,2,9.35786779110806e-7,0.6931471805599453,6.486379675459275e-7,maritime,58,42
dovish,masai,2,9.35786779110806e-7,0.6931471805599453,6.486379675459275e-7,masai,15,11
dovish,masayoshi,2,9.35786779110806e-7,0.6931471805599453,6.486379675459275e-7,masayoshi,49,29
dovish,masterpiec,2,9.35786779110806e-7,0.6931471805599453,6.486379675459275e-7,masterpiece,9,14
dovish,mathia,2,9.35786779110806e-7,0.6931471805599453,6.486379675459275e-7,mathias,23,21
dovish,matsushita,2,9.35786779110806e-7,0.6931471805599453,6.486379675459275e-7,matsushita,20,11
dovish,matteo,2,9.35786779110806e-7,0.6931471805599453,6.486379675459275e-7,matteo,45,22
dovish,maximilian,2,9.35786779110806e-7,0.6931471805599453,6.486379675459275e-7,maximilian,15,13
dovish,mcadam,2,9.35786779110806e-7,0.6931471805599453,6.486379675459275e-7,mcadam,12,10
dovish,mccafferti,2,9.35786779110806e-7,0.6931471805599453,6.486379675459275e-7,mccafferty,69,29
dovish,mccauley,2,9.35786779110806e-7,0.6931471805599453,6.486379675459275e-7,mccauley,22,18
dovish,meadow,2,9.35786779110806e-7,0.6931471805599453,6.486379675459275e-7,meadows,15,13
dovish,melissa,2,9.35786779110806e-7,0.6931471805599453,6.486379675459275e-7,melissa,16,16
dovish,memo,2,9.35786779110806e-7,0.6931471805599453,6.486379675459275e-7,memo,60,53
dovish,mendicino,2,9.35786779110806e-7,0.6931471805599453,6.486379675459275e-7,mendicino,30,22
dovish,mercer,2,9.35786779110806e-7,0.6931471805599453,6.486379675459275e-7,mercer,16,12
dovish,mercosur,2,9.35786779110806e-7,0.6931471805599453,6.486379675459275e-7,mercosur,19,15
dovish,messeng,2,9.35786779110806e-7,0.6931471805599453,6.486379675459275e-7,messenger,29,31
dovish,metropoli,2,9.35786779110806e-7,0.6931471805599453,6.486379675459275e-7,metropolis,20,14
dovish,mett,2,9.35786779110806e-7,0.6931471805599453,6.486379675459275e-7,mette,25,24
dovish,microchip,2,9.35786779110806e-7,0.6931471805599453,6.486379675459275e-7,microchips,16,20
dovish,microcredit,2,9.35786779110806e-7,0.6931471805599453,6.486379675459275e-7,microcredit,35,18
dovish,micropay,2,9.35786779110806e-7,0.6931471805599453,6.486379675459275e-7,micropayments,10,10
dovish,middleincom,2,9.35786779110806e-7,0.6931471805599453,6.486379675459275e-7,middleincome,19,13
dovish,midnight,2,9.35786779110806e-7,0.6931471805599453,6.486379675459275e-7,midnight,29,26
dovish,miguel,2,9.35786779110806e-7,0.6931471805599453,6.486379675459275e-7,miguel,46,35
dovish,mikitani,2,9.35786779110806e-7,0.6931471805599453,6.486379675459275e-7,mikitani,21,11
dovish,mildest,2,9.35786779110806e-7,0.6931471805599453,6.486379675459275e-7,mildest,14,13
dovish,millard,2,9.35786779110806e-7,0.6931471805599453,6.486379675459275e-7,millard,24,14
dovish,min,2,9.35786779110806e-7,0.6931471805599453,6.486379675459275e-7,min,70,51
dovish,minimi,2,9.35786779110806e-7,0.6931471805599453,6.486379675459275e-7,minimis,10,10
dovish,misconstru,2,9.35786779110806e-7,0.6931471805599453,6.486379675459275e-7,misconstrued,17,21
dovish,mishandl,2,9.35786779110806e-7,0.6931471805599453,6.486379675459275e-7,mishandled,5,11
dovish,misinform,2,9.35786779110806e-7,0.6931471805599453,6.486379675459275e-7,misinformation,31,27
dovish,misreport,2,9.35786779110806e-7,0.6931471805599453,6.486379675459275e-7,misreporting,17,17
dovish,misrepres,2,9.35786779110806e-7,0.6931471805599453,6.486379675459275e-7,misrepresent,8,22
dovish,misrepresent,2,9.35786779110806e-7,0.6931471805599453,6.486379675459275e-7,misrepresentation,15,21
dovish,misspecif,2,9.35786779110806e-7,0.6931471805599453,6.486379675459275e-7,misspecification,19,14
dovish,mitra,2,9.35786779110806e-7,0.6931471805599453,6.486379675459275e-7,mitra,32,24
dovish,mitsubishi,2,9.35786779110806e-7,0.6931471805599453,6.486379675459275e-7,mitsubishi,23,13
dovish,moffitt,2,9.35786779110806e-7,0.6931471805599453,6.486379675459275e-7,moffitt,20,11
dovish,mohammad,2,9.35786779110806e-7,0.6931471805599453,6.486379675459275e-7,mohammad,18,15
dovish,moistur,2,9.35786779110806e-7,0.6931471805599453,6.486379675459275e-7,moisture,10,10
dovish,monetarypolici,2,9.35786779110806e-7,0.6931471805599453,6.486379675459275e-7,monetarypolicy,27,22
dovish,monocultur,2,9.35786779110806e-7,0.6931471805599453,6.486379675459275e-7,monoculture,12,12
dovish,monopol,2,9.35786779110806e-7,0.6931471805599453,6.486379675459275e-7,monopolized,8,18
dovish,mont,2,9.35786779110806e-7,0.6931471805599453,6.486379675459275e-7,monte,24,30
dovish,montek,2,9.35786779110806e-7,0.6931471805599453,6.486379675459275e-7,montek,10,10
dovish,morel,2,9.35786779110806e-7,0.6931471805599453,6.486379675459275e-7,morel,20,14
dovish,mori,2,9.35786779110806e-7,0.6931471805599453,6.486379675459275e-7,mori,28,19
dovish,morrow,2,9.35786779110806e-7,0.6931471805599453,6.486379675459275e-7,morrow,13,12
dovish,motherhood,2,9.35786779110806e-7,0.6931471805599453,6.486379675459275e-7,motherhood,13,13
dovish,motorway,2,9.35786779110806e-7,0.6931471805599453,6.486379675459275e-7,motorway,7,11
dovish,mpcs,2,9.35786779110806e-7,0.6931471805599453,6.486379675459275e-7,mpcs,14,11
dovish,murchison,2,9.35786779110806e-7,0.6931471805599453,6.486379675459275e-7,murchison,57,31
dovish,mussa,2,9.35786779110806e-7,0.6931471805599453,6.486379675459275e-7,mussa,18,11
dovish,mutton,2,9.35786779110806e-7,0.6931471805599453,6.486379675459275e-7,mutton,29,16
dovish,myanmar,2,9.35786779110806e-7,0.6931471805599453,6.486379675459275e-7,myanmar,13,12
dovish,myburgh,2,9.35786779110806e-7,0.6931471805599453,6.486379675459275e-7,myburgh,12,10
dovish,myer,2,9.35786779110806e-7,0.6931471805599453,6.486379675459275e-7,myers,20,13
dovish,nadir,2,9.35786779110806e-7,0.6931471805599453,6.486379675459275e-7,nadir,13,13
dovish,nagano,2,9.35786779110806e-7,0.6931471805599453,6.486379675459275e-7,nagano,39,10
dovish,nam,2,9.35786779110806e-7,0.6931471805599453,6.486379675459275e-7,nam,14,12
dovish,napl,2,9.35786779110806e-7,0.6931471805599453,6.486379675459275e-7,naples,17,10
dovish,nash,2,9.35786779110806e-7,0.6931471805599453,6.486379675459275e-7,nash,25,21
dovish,ndf,2,9.35786779110806e-7,0.6931471805599453,6.486379675459275e-7,ndf,45,19
dovish,nearterm,2,9.35786779110806e-7,0.6931471805599453,6.486379675459275e-7,nearterm,48,44
dovish,neer,2,9.35786779110806e-7,0.6931471805599453,6.486379675459275e-7,neer,19,11
dovish,negro,2,9.35786779110806e-7,0.6931471805599453,6.486379675459275e-7,negro,84,48
dovish,nemzeti,2,9.35786779110806e-7,0.6931471805599453,6.486379675459275e-7,nemzeti,19,14
dovish,neural,2,9.35786779110806e-7,0.6931471805599453,6.486379675459275e-7,neural,25,18
dovish,newsev,2,9.35786779110806e-7,0.6931471805599453,6.486379675459275e-7,newsevents,16,12
dovish,nguyen,2,9.35786779110806e-7,0.6931471805599453,6.486379675459275e-7,nguyen,26,21
dovish,nic,2,9.35786779110806e-7,0.6931471805599453,6.486379675459275e-7,nic,10,10
dovish,nicoletta,2,9.35786779110806e-7,0.6931471805599453,6.486379675459275e-7,nicoletta,12,11
dovish,niel,2,9.35786779110806e-7,0.6931471805599453,6.486379675459275e-7,niels,11,12
dovish,nier,2,9.35786779110806e-7,0.6931471805599453,6.486379675459275e-7,nier,15,12
dovish,niklaus,2,9.35786779110806e-7,0.6931471805599453,6.486379675459275e-7,niklaus,65,36
dovish,nmg,2,9.35786779110806e-7,0.6931471805599453,6.486379675459275e-7,nmg,66,30
dovish,nonconvent,2,9.35786779110806e-7,0.6931471805599453,6.486379675459275e-7,nonconventional,31,22
dovish,nonenergi,2,9.35786779110806e-7,0.6931471805599453,6.486379675459275e-7,nonenergy,18,18
dovish,nonmortgag,2,9.35786779110806e-7,0.6931471805599453,6.486379675459275e-7,nonmortgage,22,16
dovish,northwest,2,9.35786779110806e-7,0.6931471805599453,6.486379675459275e-7,northwest,26,12
dovish,nout,2,9.35786779110806e-7,0.6931471805599453,6.486379675459275e-7,nout,16,11
dovish,nouy,2,9.35786779110806e-7,0.6931471805599453,6.486379675459275e-7,nouy,10,10
dovish,nre,2,9.35786779110806e-7,0.6931471805599453,6.486379675459275e-7,nre,19,14
dovish,nullifi,2,9.35786779110806e-7,0.6931471805599453,6.486379675459275e-7,nullified,11,24
dovish,numismat,2,9.35786779110806e-7,0.6931471805599453,6.486379675459275e-7,numismatic,53,30
dovish,nurseri,2,9.35786779110806e-7,0.6931471805599453,6.486379675459275e-7,nursery,24,18
dovish,ofc,2,9.35786779110806e-7,0.6931471805599453,6.486379675459275e-7,ofcs,33,19
dovish,ofr,2,9.35786779110806e-7,0.6931471805599453,6.486379675459275e-7,ofr,30,14
dovish,omicron,2,9.35786779110806e-7,0.6931471805599453,6.486379675459275e-7,omicron,128,58
dovish,omnipot,2,9.35786779110806e-7,0.6931471805599453,6.486379675459275e-7,omnipotent,10,14
dovish,onethird,2,9.35786779110806e-7,0.6931471805599453,6.486379675459275e-7,onethird,14,14
dovish,onth,2,9.35786779110806e-7,0.6931471805599453,6.486379675459275e-7,onthe,9,12
dovish,ornament,2,9.35786779110806e-7,0.6931471805599453,6.486379675459275e-7,ornamental,5,11
dovish,orphan,2,9.35786779110806e-7,0.6931471805599453,6.486379675459275e-7,orphan,11,17
dovish,outgrowth,2,9.35786779110806e-7,0.6931471805599453,6.486379675459275e-7,outgrowth,13,12
dovish,oven,2,9.35786779110806e-7,0.6931471805599453,6.486379675459275e-7,oven,8,11
dovish,overambiti,2,9.35786779110806e-7,0.6931471805599453,6.486379675459275e-7,overambitious,13,11
dovish,overcrowd,2,9.35786779110806e-7,0.6931471805599453,6.486379675459275e-7,overcrowding,7,11
dovish,overdon,2,9.35786779110806e-7,0.6931471805599453,6.486379675459275e-7,overdone,53,50
dovish,overend,2,9.35786779110806e-7,0.6931471805599453,6.486379675459275e-7,overend,22,13
dovish,overlaid,2,9.35786779110806e-7,0.6931471805599453,6.486379675459275e-7,overlaid,20,20
dovish,overregul,2,9.35786779110806e-7,0.6931471805599453,6.486379675459275e-7,overregulation,15,19
dovish,overshot,2,9.35786779110806e-7,0.6931471805599453,6.486379675459275e-7,overshot,55,49
dovish,oversimplif,2,9.35786779110806e-7,0.6931471805599453,6.486379675459275e-7,oversimplification,29,29
dovish,pagan,2,9.35786779110806e-7,0.6931471805599453,6.486379675459275e-7,pagan,28,15
dovish,palliat,2,9.35786779110806e-7,0.6931471805599453,6.486379675459275e-7,palliative,10,15
dovish,panama,2,9.35786779110806e-7,0.6931471805599453,6.486379675459275e-7,panama,14,13
dovish,panchayat,2,9.35786779110806e-7,0.6931471805599453,6.486379675459275e-7,panchayats,9,12
dovish,panda,2,9.35786779110806e-7,0.6931471805599453,6.486379675459275e-7,panda,10,10
dovish,panglossian,2,9.35786779110806e-7,0.6931471805599453,6.486379675459275e-7,panglossian,14,10
dovish,panigirtzoglou,2,9.35786779110806e-7,0.6931471805599453,6.486379675459275e-7,panigirtzoglou,17,12
dovish,panoram,2,9.35786779110806e-7,0.6931471805599453,6.486379675459275e-7,panoramic,20,15
dovish,papaioannou,2,9.35786779110806e-7,0.6931471805599453,6.486379675459275e-7,papaioannou,30,17
dovish,paradigmat,2,9.35786779110806e-7,0.6931471805599453,6.486379675459275e-7,paradigmatic,10,10
dovish,parameteris,2,9.35786779110806e-7,0.6931471805599453,6.486379675459275e-7,parameterisation,8,15
dovish,particl,2,9.35786779110806e-7,0.6931471805599453,6.486379675459275e-7,particles,11,14
dovish,pascal,2,9.35786779110806e-7,0.6931471805599453,6.486379675459275e-7,pascal,13,10
dovish,pat,2,9.35786779110806e-7,0.6931471805599453,6.486379675459275e-7,pat,33,28
dovish,pearson,2,9.35786779110806e-7,0.6931471805599453,6.486379675459275e-7,pearson,13,11
dovish,peersman,2,9.35786779110806e-7,0.6931471805599453,6.486379675459275e-7,peersman,30,15
dovish,peltonen,2,9.35786779110806e-7,0.6931471805599453,6.486379675459275e-7,peltonen,17,12
dovish,perforc,2,9.35786779110806e-7,0.6931471805599453,6.486379675459275e-7,perforce,16,16
dovish,perish,2,9.35786779110806e-7,0.6931471805599453,6.486379675459275e-7,perishables,19,47
dovish,perk,2,9.35786779110806e-7,0.6931471805599453,6.486379675459275e-7,perks,6,16
dovish,permettez,2,9.35786779110806e-7,0.6931471805599453,6.486379675459275e-7,permettez,12,10
dovish,pfleider,2,9.35786779110806e-7,0.6931471805599453,6.486379675459275e-7,pfleiderer,12,11
dovish,pierluigi,2,9.35786779110806e-7,0.6931471805599453,6.486379675459275e-7,pierluigi,20,18
dovish,pigou,2,9.35786779110806e-7,0.6931471805599453,6.486379675459275e-7,pigou,23,12
dovish,pinter,2,9.35786779110806e-7,0.6931471805599453,6.486379675459275e-7,pinter,29,16
dovish,planck,2,9.35786779110806e-7,0.6931471805599453,6.486379675459275e-7,planck,12,11
dovish,politica,2,9.35786779110806e-7,0.6931471805599453,6.486379675459275e-7,politica,17,16
dovish,pooter,2,9.35786779110806e-7,0.6931471805599453,6.486379675459275e-7,pooter,20,12
dovish,por,2,9.35786779110806e-7,0.6931471805599453,6.486379675459275e-7,por,27,18
dovish,postpandem,2,9.35786779110806e-7,0.6931471805599453,6.486379675459275e-7,postpandemic,10,10
dovish,poterba,2,9.35786779110806e-7,0.6931471805599453,6.486379675459275e-7,poterba,38,19
dovish,ppk,2,9.35786779110806e-7,0.6931471805599453,6.486379675459275e-7,ppk,25,16
dovish,prayer,2,9.35786779110806e-7,0.6931471805599453,6.486379675459275e-7,prayers,12,21
dovish,prentic,2,9.35786779110806e-7,0.6931471805599453,6.486379675459275e-7,prentice,10,10
dovish,prewar,2,9.35786779110806e-7,0.6931471805599453,6.486379675459275e-7,prewar,12,11
dovish,pri,2,9.35786779110806e-7,0.6931471805599453,6.486379675459275e-7,pri,9,10
dovish,priceset,2,9.35786779110806e-7,0.6931471805599453,6.486379675459275e-7,pricesetting,16,16
dovish,primiceri,2,9.35786779110806e-7,0.6931471805599453,6.486379675459275e-7,primiceri,19,13
dovish,privi,2,9.35786779110806e-7,0.6931471805599453,6.486379675459275e-7,privy,13,10
dovish,profus,2,9.35786779110806e-7,0.6931471805599453,6.486379675459275e-7,profusion,8,14
dovish,pspp,2,9.35786779110806e-7,0.6931471805599453,6.486379675459275e-7,pspp,111,35
dovish,pti,2,9.35786779110806e-7,0.6931471805599453,6.486379675459275e-7,pty,9,12
dovish,pugh,2,9.35786779110806e-7,0.6931471805599453,6.486379675459275e-7,pugh,35,22
dovish,purifi,2,9.35786779110806e-7,0.6931471805599453,6.486379675459275e-7,purified,6,10
dovish,pvt,2,9.35786779110806e-7,0.6931471805599453,6.486379675459275e-7,pvt,28,19
dovish,qfii,2,9.35786779110806e-7,0.6931471805599453,6.486379675459275e-7,qfii,12,12
dovish,qpm,2,9.35786779110806e-7,0.6931471805599453,6.486379675459275e-7,qpm,38,17
dovish,quadrat,2,9.35786779110806e-7,0.6931471805599453,6.486379675459275e-7,quadratic,62,38
dovish,quadrillion,2,9.35786779110806e-7,0.6931471805599453,6.486379675459275e-7,quadrillion,51,18
dovish,quant,2,9.35786779110806e-7,0.6931471805599453,6.486379675459275e-7,quants,8,10
dovish,quixot,2,9.35786779110806e-7,0.6931471805599453,6.486379675459275e-7,quixote,8,10
dovish,rahman,2,9.35786779110806e-7,0.6931471805599453,6.486379675459275e-7,rahman,14,10
dovish,rajendra,2,9.35786779110806e-7,0.6931471805599453,6.486379675459275e-7,rajendra,12,12
dovish,ramirez,2,9.35786779110806e-7,0.6931471805599453,6.486379675459275e-7,ramirez,15,15
dovish,ramon,2,9.35786779110806e-7,0.6931471805599453,6.486379675459275e-7,ramon,23,19
dovish,rarest,2,9.35786779110806e-7,0.6931471805599453,6.486379675459275e-7,rarest,10,10
dovish,ras,2,9.35786779110806e-7,0.6931471805599453,6.486379675459275e-7,ras,17,10
dovish,razor,2,9.35786779110806e-7,0.6931471805599453,6.486379675459275e-7,razor,11,11
dovish,rbih,2,9.35786779110806e-7,0.6931471805599453,6.486379675459275e-7,rbih,28,14
dovish,rebelo,2,9.35786779110806e-7,0.6931471805599453,6.486379675459275e-7,rebelo,31,19
dovish,reconnect,2,9.35786779110806e-7,0.6931471805599453,6.486379675459275e-7,reconnect,11,23
dovish,recup,2,9.35786779110806e-7,0.6931471805599453,6.486379675459275e-7,recuperative,11,11
dovish,reev,2,9.35786779110806e-7,0.6931471805599453,6.486379675459275e-7,reeve,11,13
dovish,refashion,2,9.35786779110806e-7,0.6931471805599453,6.486379675459275e-7,refashioned,4,10
dovish,refuge,2,9.35786779110806e-7,0.6931471805599453,6.486379675459275e-7,refugees,21,33
dovish,refurbish,2,9.35786779110806e-7,0.6931471805599453,6.486379675459275e-7,refurbishment,8,14
dovish,regimen,2,9.35786779110806e-7,0.6931471805599453,6.486379675459275e-7,regimen,14,17
dovish,reinhardt,2,9.35786779110806e-7,0.6931471805599453,6.486379675459275e-7,reinhardt,34,21
dovish,reintroduct,2,9.35786779110806e-7,0.6931471805599453,6.486379675459275e-7,reintroduction,18,17
dovish,releg,2,9.35786779110806e-7,0.6931471805599453,6.486379675459275e-7,relegated,26,41
dovish,remak,2,9.35786779110806e-7,0.6931471805599453,6.486379675459275e-7,remake,9,14
dovish,reoccur,2,9.35786779110806e-7,0.6931471805599453,6.486379675459275e-7,reoccur,8,12
dovish,rep,2,9.35786779110806e-7,0.6931471805599453,6.486379675459275e-7,rep,39,20
dovish,reshef,2,9.35786779110806e-7,0.6931471805599453,6.486379675459275e-7,reshef,24,13
dovish,retic,2,9.35786779110806e-7,0.6931471805599453,6.486379675459275e-7,reticent,15,19
dovish,reus,2,9.35786779110806e-7,0.6931471805599453,6.486379675459275e-7,reuse,15,22
dovish,reveng,2,9.35786779110806e-7,0.6931471805599453,6.486379675459275e-7,revenge,21,16
dovish,rfr,2,9.35786779110806e-7,0.6931471805599453,6.486379675459275e-7,rfr,33,10
dovish,rochadi,2,9.35786779110806e-7,0.6931471805599453,6.486379675459275e-7,rochadi,11,10
dovish,rockefel,2,9.35786779110806e-7,0.6931471805599453,6.486379675459275e-7,rockefeller,14,10
dovish,romero,2,9.35786779110806e-7,0.6931471805599453,6.486379675459275e-7,romero,13,11
dovish,ronni,2,9.35786779110806e-7,0.6931471805599453,6.486379675459275e-7,ronnie,16,16
dovish,rossi,2,9.35786779110806e-7,0.6931471805599453,6.486379675459275e-7,rossi,38,22
dovish,rundown,2,9.35786779110806e-7,0.6931471805599453,6.486379675459275e-7,rundown,24,22
dovish,runup,2,9.35786779110806e-7,0.6931471805599453,6.486379675459275e-7,runup,25,25
dovish,ruptur,2,9.35786779110806e-7,0.6931471805599453,6.486379675459275e-7,rupture,10,20
dovish,rutger,2,9.35786779110806e-7,0.6931471805599453,6.486379675459275e-7,rutgers,14,12
dovish,saba,2,9.35786779110806e-7,0.6931471805599453,6.486379675459275e-7,saba,16,16
dovish,sadden,2,9.35786779110806e-7,0.6931471805599453,6.486379675459275e-7,saddened,9,11
dovish,sahay,2,9.35786779110806e-7,0.6931471805599453,6.486379675459275e-7,sahay,17,12
dovish,salzburg,2,9.35786779110806e-7,0.6931471805599453,6.486379675459275e-7,salzburg,19,10
dovish,samurai,2,9.35786779110806e-7,0.6931471805599453,6.486379675459275e-7,samurai,22,12
dovish,sandridg,2,9.35786779110806e-7,0.6931471805599453,6.486379675459275e-7,sandridge,48,47
dovish,sandton,2,9.35786779110806e-7,0.6931471805599453,6.486379675459275e-7,sandton,24,24
dovish,sanyo,2,9.35786779110806e-7,0.6931471805599453,6.486379675459275e-7,sanyo,22,12
dovish,scatterplot,2,9.35786779110806e-7,0.6931471805599453,6.486379675459275e-7,scatterplot,13,10
dovish,schmitt,2,9.35786779110806e-7,0.6931471805599453,6.486379675459275e-7,schmitt,38,20
dovish,schoenholtz,2,9.35786779110806e-7,0.6931471805599453,6.486379675459275e-7,schoenholtz,56,43
dovish,schoolchildren,2,9.35786779110806e-7,0.6931471805599453,6.486379675459275e-7,schoolchildren,12,11
dovish,schott,2,9.35786779110806e-7,0.6931471805599453,6.486379675459275e-7,schott,24,12
dovish,schuler,2,9.35786779110806e-7,0.6931471805599453,6.486379675459275e-7,schuler,17,14
dovish,schulz,2,9.35786779110806e-7,0.6931471805599453,6.486379675459275e-7,schulz,18,17
dovish,scot,2,9.35786779110806e-7,0.6931471805599453,6.486379675459275e-7,scots,10,13
dovish,scrape,2,9.35786779110806e-7,0.6931471805599453,6.486379675459275e-7,scraping,11,11
dovish,sdn,2,9.35786779110806e-7,0.6931471805599453,6.486379675459275e-7,sdn,23,22
dovish,sdrs,2,9.35786779110806e-7,0.6931471805599453,6.486379675459275e-7,sdrs,44,26
dovish,seam,2,9.35786779110806e-7,0.6931471805599453,6.486379675459275e-7,seam,9,10
dovish,sean,2,9.35786779110806e-7,0.6931471805599453,6.486379675459275e-7,sean,21,20
dovish,sebastien,2,9.35786779110806e-7,0.6931471805599453,6.486379675459275e-7,sebastien,13,11
dovish,seco,2,9.35786779110806e-7,0.6931471805599453,6.486379675459275e-7,seco,22,16
dovish,seduc,2,9.35786779110806e-7,0.6931471805599453,6.486379675459275e-7,seduced,12,17
dovish,segal,2,9.35786779110806e-7,0.6931471805599453,6.486379675459275e-7,segal,21,17
dovish,seiji,2,9.35786779110806e-7,0.6931471805599453,6.486379675459275e-7,seiji,36,21
dovish,selfinsur,2,9.35786779110806e-7,0.6931471805599453,6.486379675459275e-7,selfinsurance,7,10
dovish,selfinterest,2,9.35786779110806e-7,0.6931471805599453,6.486379675459275e-7,selfinterest,9,10
dovish,seru,2,9.35786779110806e-7,0.6931471805599453,6.486379675459275e-7,seru,13,12
dovish,shakeout,2,9.35786779110806e-7,0.6931471805599453,6.486379675459275e-7,shakeout,14,12
dovish,shave,2,9.35786779110806e-7,0.6931471805599453,6.486379675459275e-7,shave,11,22
dovish,sherlund,2,9.35786779110806e-7,0.6931471805599453,6.486379675459275e-7,sherlund,34,18
dovish,shigenori,2,9.35786779110806e-7,0.6931471805599453,6.486379675459275e-7,shigenori,24,15
dovish,shimizu,2,9.35786779110806e-7,0.6931471805599453,6.486379675459275e-7,shimizu,22,14
dovish,shortlist,2,9.35786779110806e-7,0.6931471805599453,6.486379675459275e-7,shortlist,21,18
dovish,shortliv,2,9.35786779110806e-7,0.6931471805599453,6.486379675459275e-7,shortlived,10,10
dovish,shortrun,2,9.35786779110806e-7,0.6931471805599453,6.486379675459275e-7,shortrun,26,24
dovish,sideswip,2,9.35786779110806e-7,0.6931471805599453,6.486379675459275e-7,sideswiped,9,12
dovish,siegel,2,9.35786779110806e-7,0.6931471805599453,6.486379675459275e-7,siegel,25,19
dovish,silan,2,9.35786779110806e-7,0.6931471805599453,6.486379675459275e-7,silanes,10,10
dovish,silvana,2,9.35786779110806e-7,0.6931471805599453,6.486379675459275e-7,silvana,104,86
dovish,sinclair,2,9.35786779110806e-7,0.6931471805599453,6.486379675459275e-7,sinclair,35,28
dovish,skittish,2,9.35786779110806e-7,0.6931471805599453,6.486379675459275e-7,skittish,20,20
dovish,sklar,2,9.35786779110806e-7,0.6931471805599453,6.486379675459275e-7,sklar,33,31
dovish,skyscrap,2,9.35786779110806e-7,0.6931471805599453,6.486379675459275e-7,skyscrapers,10,16
dovish,slacalek,2,9.35786779110806e-7,0.6931471805599453,6.486379675459275e-7,slacalek,47,21
dovish,sloan,2,9.35786779110806e-7,0.6931471805599453,6.486379675459275e-7,sloan,32,22
dovish,snake,2,9.35786779110806e-7,0.6931471805599453,6.486379675459275e-7,snake,31,22
dovish,snl,2,9.35786779110806e-7,0.6931471805599453,6.486379675459275e-7,snl,15,12
dovish,soma,2,9.35786779110806e-7,0.6931471805599453,6.486379675459275e-7,soma,18,11
dovish,sombr,2,9.35786779110806e-7,0.6931471805599453,6.486379675459275e-7,sombre,11,11
dovish,sommerdialog,2,9.35786779110806e-7,0.6931471805599453,6.486379675459275e-7,sommerdialog,12,12
dovish,sont,2,9.35786779110806e-7,0.6931471805599453,6.486379675459275e-7,sont,19,15
dovish,soundest,2,9.35786779110806e-7,0.6931471805599453,6.486379675459275e-7,soundest,18,18
dovish,speight,2,9.35786779110806e-7,0.6931471805599453,6.486379675459275e-7,speight,10,10
dovish,spiegel,2,9.35786779110806e-7,0.6931471805599453,6.486379675459275e-7,spiegel,19,12
dovish,sprang,2,9.35786779110806e-7,0.6931471805599453,6.486379675459275e-7,sprang,18,18
dovish,spreadsheet,2,9.35786779110806e-7,0.6931471805599453,6.486379675459275e-7,spreadsheet,16,18
dovish,spree,2,9.35786779110806e-7,0.6931471805599453,6.486379675459275e-7,spree,17,19
dovish,ssi,2,9.35786779110806e-7,0.6931471805599453,6.486379675459275e-7,ssi,137,25
dovish,staffer,2,9.35786779110806e-7,0.6931471805599453,6.486379675459275e-7,staffers,15,18
dovish,stalwart,2,9.35786779110806e-7,0.6931471805599453,6.486379675459275e-7,stalwarts,7,13
dovish,stan,2,9.35786779110806e-7,0.6931471805599453,6.486379675459275e-7,stan,53,19
dovish,stansburi,2,9.35786779110806e-7,0.6931471805599453,6.486379675459275e-7,stansbury,12,12
dovish,statehood,2,9.35786779110806e-7,0.6931471805599453,6.486379675459275e-7,statehood,11,10
dovish,stefano,2,9.35786779110806e-7,0.6931471805599453,6.486379675459275e-7,stefano,27,27
dovish,sting,2,9.35786779110806e-7,0.6931471805599453,6.486379675459275e-7,sting,9,12
dovish,strap,2,9.35786779110806e-7,0.6931471805599453,6.486379675459275e-7,strapped,23,21
dovish,stratifi,2,9.35786779110806e-7,0.6931471805599453,6.486379675459275e-7,stratified,11,14
dovish,strewn,2,9.35786779110806e-7,0.6931471805599453,6.486379675459275e-7,strewn,17,17
dovish,stuf,2,9.35786779110806e-7,0.6931471805599453,6.486379675459275e-7,stuffing,7,10
dovish,subcategori,2,9.35786779110806e-7,0.6931471805599453,6.486379675459275e-7,subcategories,21,17
dovish,sumitomo,2,9.35786779110806e-7,0.6931471805599453,6.486379675459275e-7,sumitomo,11,10
dovish,sung,2,9.35786779110806e-7,0.6931471805599453,6.486379675459275e-7,sung,36,23
dovish,suresh,2,9.35786779110806e-7,0.6931471805599453,6.486379675459275e-7,suresh,30,17
dovish,surgeon,2,9.35786779110806e-7,0.6931471805599453,6.486379675459275e-7,surgeons,6,11
dovish,swami,2,9.35786779110806e-7,0.6931471805599453,6.486379675459275e-7,swami,21,15
dovish,swaziland,2,9.35786779110806e-7,0.6931471805599453,6.486379675459275e-7,swaziland,29,17
dovish,sweat,2,9.35786779110806e-7,0.6931471805599453,6.486379675459275e-7,sweat,10,11
dovish,tadao,2,9.35786779110806e-7,0.6931471805599453,6.486379675459275e-7,tadao,15,10
dovish,tafcub,2,9.35786779110806e-7,0.6931471805599453,6.486379675459275e-7,tafcub,21,10
dovish,takako,2,9.35786779110806e-7,0.6931471805599453,6.486379675459275e-7,takako,14,10
dovish,takehiro,2,9.35786779110806e-7,0.6931471805599453,6.486379675459275e-7,takehiro,30,15
dovish,takeout,2,9.35786779110806e-7,0.6931471805599453,6.486379675459275e-7,takeout,21,10
dovish,takeshi,2,9.35786779110806e-7,0.6931471805599453,6.486379675459275e-7,takeshi,14,11
dovish,tamper,2,9.35786779110806e-7,0.6931471805599453,6.486379675459275e-7,tamper,11,19
dovish,tan,2,9.35786779110806e-7,0.6931471805599453,6.486379675459275e-7,tan,16,13
dovish,tang,2,9.35786779110806e-7,0.6931471805599453,6.486379675459275e-7,tang,25,18
dovish,tanzania,2,9.35786779110806e-7,0.6931471805599453,6.486379675459275e-7,tanzania,31,24
dovish,tedious,2,9.35786779110806e-7,0.6931471805599453,6.486379675459275e-7,tedious,17,17
dovish,tele,2,9.35786779110806e-7,0.6931471805599453,6.486379675459275e-7,tele,17,16
dovish,telework,2,9.35786779110806e-7,0.6931471805599453,6.486379675459275e-7,teleworking,19,23
dovish,tella,2,9.35786779110806e-7,0.6931471805599453,6.486379675459275e-7,tella,25,15
dovish,tellez,2,9.35786779110806e-7,0.6931471805599453,6.486379675459275e-7,tellez,10,10
dovish,tenaci,2,9.35786779110806e-7,0.6931471805599453,6.486379675459275e-7,tenacious,11,16
dovish,terrestri,2,9.35786779110806e-7,0.6931471805599453,6.486379675459275e-7,terrestrial,17,13
dovish,terrif,2,9.35786779110806e-7,0.6931471805599453,6.486379675459275e-7,terrific,17,16
dovish,terron,2,9.35786779110806e-7,0.6931471805599453,6.486379675459275e-7,terrones,30,22
dovish,teul,2,9.35786779110806e-7,0.6931471805599453,6.486379675459275e-7,teulings,23,17
dovish,textur,2,9.35786779110806e-7,0.6931471805599453,6.486379675459275e-7,texture,11,13
dovish,theeuro,2,9.35786779110806e-7,0.6931471805599453,6.486379675459275e-7,theeuro,15,11
dovish,thereon,2,9.35786779110806e-7,0.6931471805599453,6.486379675459275e-7,thereon,27,26
dovish,thereund,2,9.35786779110806e-7,0.6931471805599453,6.486379675459275e-7,thereunder,11,11
dovish,thethird,2,9.35786779110806e-7,0.6931471805599453,6.486379675459275e-7,thethird,12,12
dovish,thirst,2,9.35786779110806e-7,0.6931471805599453,6.486379675459275e-7,thirst,10,10
dovish,throttl,2,9.35786779110806e-7,0.6931471805599453,6.486379675459275e-7,throttle,11,17
dovish,thunder,2,9.35786779110806e-7,0.6931471805599453,6.486379675459275e-7,thunder,12,12
dovish,tightest,2,9.35786779110806e-7,0.6931471805599453,6.486379675459275e-7,tightest,22,22
dovish,timeous,2,9.35786779110806e-7,0.6931471805599453,6.486379675459275e-7,timeous,10,11
dovish,timevari,2,9.35786779110806e-7,0.6931471805599453,6.486379675459275e-7,timevarying,14,12
dovish,tinker,2,9.35786779110806e-7,0.6931471805599453,6.486379675459275e-7,tinkering,14,20
dovish,titan,2,9.35786779110806e-7,0.6931471805599453,6.486379675459275e-7,titanic,8,13
dovish,tokai,2,9.35786779110806e-7,0.6931471805599453,6.486379675459275e-7,tokai,37,18
dovish,tomasz,2,9.35786779110806e-7,0.6931471805599453,6.486379675459275e-7,tomasz,26,20
dovish,toobig,2,9.35786779110806e-7,0.6931471805599453,6.486379675459275e-7,toobig,14,14
dovish,toolset,2,9.35786779110806e-7,0.6931471805599453,6.486379675459275e-7,toolset,11,10
dovish,topix,2,9.35786779110806e-7,0.6931471805599453,6.486379675459275e-7,topix,34,22
dovish,tornel,2,9.35786779110806e-7,0.6931471805599453,6.486379675459275e-7,tornell,12,11
dovish,tpi,2,9.35786779110806e-7,0.6931471805599453,6.486379675459275e-7,tpi,37,19
dovish,transplant,2,9.35786779110806e-7,0.6931471805599453,6.486379675459275e-7,transplanted,8,17
dovish,tres,2,9.35786779110806e-7,0.6931471805599453,6.486379675459275e-7,tres,17,14
dovish,tribul,2,9.35786779110806e-7,0.6931471805599453,6.486379675459275e-7,tribulations,11,15
dovish,trickier,2,9.35786779110806e-7,0.6931471805599453,6.486379675459275e-7,trickier,20,20
dovish,tube,2,9.35786779110806e-7,0.6931471805599453,6.486379675459275e-7,tubes,11,15
dovish,ture,2,9.35786779110806e-7,0.6931471805599453,6.486379675459275e-7,turing,92,20
dovish,turunen,2,9.35786779110806e-7,0.6931471805599453,6.486379675459275e-7,turunen,29,23
dovish,tvs,2,9.35786779110806e-7,0.6931471805599453,6.486379675459275e-7,tvs,30,19
dovish,ufj,2,9.35786779110806e-7,0.6931471805599453,6.486379675459275e-7,ufj,15,12
dovish,ugai,2,9.35786779110806e-7,0.6931471805599453,6.486379675459275e-7,ugai,24,14
dovish,unassail,2,9.35786779110806e-7,0.6931471805599453,6.486379675459275e-7,unassailable,11,11
dovish,unbear,2,9.35786779110806e-7,0.6931471805599453,6.486379675459275e-7,unbearable,13,17
dovish,uncrit,2,9.35786779110806e-7,0.6931471805599453,6.486379675459275e-7,uncritically,9,12
dovish,undefin,2,9.35786779110806e-7,0.6931471805599453,6.486379675459275e-7,undefined,12,12
dovish,undersubscript,2,9.35786779110806e-7,0.6931471805599453,6.486379675459275e-7,undersubscription,40,18
dovish,underwhelm,2,9.35786779110806e-7,0.6931471805599453,6.486379675459275e-7,underwhelming,19,16
dovish,unev,2,9.35786779110806e-7,0.6931471805599453,6.486379675459275e-7,uneventful,11,10
dovish,unexplain,2,9.35786779110806e-7,0.6931471805599453,6.486379675459275e-7,unexplained,75,59
dovish,unfeas,2,9.35786779110806e-7,0.6931471805599453,6.486379675459275e-7,unfeasible,16,18
dovish,unflinch,2,9.35786779110806e-7,0.6931471805599453,6.486379675459275e-7,unflinching,8,10
dovish,unforgett,2,9.35786779110806e-7,0.6931471805599453,6.486379675459275e-7,unforgettable,13,15
dovish,unlucki,2,9.35786779110806e-7,0.6931471805599453,6.486379675459275e-7,unlucky,12,12
dovish,unnerv,2,9.35786779110806e-7,0.6931471805599453,6.486379675459275e-7,unnerving,8,15
dovish,unreport,2,9.35786779110806e-7,0.6931471805599453,6.486379675459275e-7,unreported,15,12
dovish,unrival,2,9.35786779110806e-7,0.6931471805599453,6.486379675459275e-7,unrivalled,13,13
dovish,unsatisfi,2,9.35786779110806e-7,0.6931471805599453,6.486379675459275e-7,unsatisfied,10,15
dovish,unspecifi,2,9.35786779110806e-7,0.6931471805599453,6.486379675459275e-7,unspecified,24,24
dovish,unstint,2,9.35786779110806e-7,0.6931471805599453,6.486379675459275e-7,unstinting,12,15
dovish,unsupervis,2,9.35786779110806e-7,0.6931471805599453,6.486379675459275e-7,unsupervised,15,17
dovish,unsuspect,2,9.35786779110806e-7,0.6931471805599453,6.486379675459275e-7,unsuspecting,19,24
dovish,unwin,2,9.35786779110806e-7,0.6931471805599453,6.486379675459275e-7,unwin,32,25
dovish,utilitarian,2,9.35786779110806e-7,0.6931471805599453,6.486379675459275e-7,utilitarian,9,10
dovish,vaunt,2,9.35786779110806e-7,0.6931471805599453,6.486379675459275e-7,vaunted,13,13
dovish,videgaray,2,9.35786779110806e-7,0.6931471805599453,6.486379675459275e-7,videgaray,10,10
dovish,villega,2,9.35786779110806e-7,0.6931471805599453,6.486379675459275e-7,villegas,14,12
dovish,vinal,2,9.35786779110806e-7,0.6931471805599453,6.486379675459275e-7,vinals,19,15
dovish,virt,2,9.35786779110806e-7,0.6931471805599453,6.486379675459275e-7,virt,24,11
dovish,vitiat,2,9.35786779110806e-7,0.6931471805599453,6.486379675459275e-7,vitiate,6,17
dovish,vliegh,2,9.35786779110806e-7,0.6931471805599453,6.486379675459275e-7,vlieghe,302,88
dovish,vrs,2,9.35786779110806e-7,0.6931471805599453,6.486379675459275e-7,vrs,12,12
dovish,wachter,2,9.35786779110806e-7,0.6931471805599453,6.486379675459275e-7,wachter,36,25
dovish,waldron,2,9.35786779110806e-7,0.6931471805599453,6.486379675459275e-7,waldron,59,46
dovish,warmeding,2,9.35786779110806e-7,0.6931471805599453,6.486379675459275e-7,warmedinger,12,10
dovish,warmth,2,9.35786779110806e-7,0.6931471805599453,6.486379675459275e-7,warmth,14,13
dovish,warnock,2,9.35786779110806e-7,0.6931471805599453,6.486379675459275e-7,warnock,66,31
dovish,weari,2,9.35786779110806e-7,0.6931471805599453,6.486379675459275e-7,weary,25,22
dovish,webber,2,9.35786779110806e-7,0.6931471805599453,6.486379675459275e-7,webber,33,23
dovish,weder,2,9.35786779110806e-7,0.6931471805599453,6.486379675459275e-7,weder,21,17
dovish,weir,2,9.35786779110806e-7,0.6931471805599453,6.486379675459275e-7,weir,15,10
dovish,wellink,2,9.35786779110806e-7,0.6931471805599453,6.486379675459275e-7,wellink,21,16
dovish,westlak,2,9.35786779110806e-7,0.6931471805599453,6.486379675459275e-7,westlake,33,15
dovish,whisper,2,9.35786779110806e-7,0.6931471805599453,6.486379675459275e-7,whispers,5,10
dovish,wholesom,2,9.35786779110806e-7,0.6931471805599453,6.486379675459275e-7,wholesome,11,12
dovish,wilder,2,9.35786779110806e-7,0.6931471805599453,6.486379675459275e-7,wilderness,9,11
dovish,willen,2,9.35786779110806e-7,0.6931471805599453,6.486379675459275e-7,willen,26,19
dovish,wobbl,2,9.35786779110806e-7,0.6931471805599453,6.486379675459275e-7,wobble,11,16
dovish,workingag,2,9.35786779110806e-7,0.6931471805599453,6.486379675459275e-7,workingage,12,11
dovish,worship,2,9.35786779110806e-7,0.6931471805599453,6.486379675459275e-7,worship,12,19
dovish,xix,2,9.35786779110806e-7,0.6931471805599453,6.486379675459275e-7,xix,23,21
dovish,xvi,2,9.35786779110806e-7,0.6931471805599453,6.486379675459275e-7,xvi,22,19
dovish,yao,2,9.35786779110806e-7,0.6931471805599453,6.486379675459275e-7,yao,13,11
dovish,yarasi,2,9.35786779110806e-7,0.6931471805599453,6.486379675459275e-7,yarasi,10,10
dovish,yeat,2,9.35786779110806e-7,0.6931471805599453,6.486379675459275e-7,yeates,25,17
dovish,yesteryear,2,9.35786779110806e-7,0.6931471805599453,6.486379675459275e-7,yesteryear,12,15
dovish,yetman,2,9.35786779110806e-7,0.6931471805599453,6.486379675459275e-7,yetman,13,10
dovish,yugoslavia,2,9.35786779110806e-7,0.6931471805599453,6.486379675459275e-7,yugoslavia,25,16
dovish,yunus,2,9.35786779110806e-7,0.6931471805599453,6.486379675459275e-7,yunus,14,10
dovish,abdulaziz,1,4.67893389555403e-7,0.6931471805599453,3.243189837729637e-7,abdulaziz,40,23
dovish,abenom,1,4.67893389555403e-7,0.6931471805599453,3.243189837729637e-7,abenomics,38,31
dovish,abhiman,1,4.67893389555403e-7,0.6931471805599453,3.243189837729637e-7,abhiman,16,16
dovish,ac,1,4.67893389555403e-7,0.6931471805599453,3.243189837729637e-7,acs,40,15
dovish,aceh,1,4.67893389555403e-7,0.6931471805599453,3.243189837729637e-7,aceh,48,11
dovish,acid,1,4.67893389555403e-7,0.6931471805599453,3.243189837729637e-7,acid,19,19
dovish,acrimoni,1,4.67893389555403e-7,0.6931471805599453,3.243189837729637e-7,acrimonious,11,17
dovish,adjudg,1,4.67893389555403e-7,0.6931471805599453,3.243189837729637e-7,adjudged,9,10
dovish,aei,1,4.67893389555403e-7,0.6931471805599453,3.243189837729637e-7,aei,67,33
dovish,affection,1,4.67893389555403e-7,0.6931471805599453,3.243189837729637e-7,affectionate,12,19
dovish,afoot,1,4.67893389555403e-7,0.6931471805599453,3.243189837729637e-7,afoot,21,21
dovish,ahn,1,4.67893389555403e-7,0.6931471805599453,3.243189837729637e-7,ahn,31,16
dovish,airway,1,4.67893389555403e-7,0.6931471805599453,3.243189837729637e-7,airways,14,13
dovish,alacr,1,4.67893389555403e-7,0.6931471805599453,3.243189837729637e-7,alacrity,14,14
dovish,alain,1,4.67893389555403e-7,0.6931471805599453,3.243189837729637e-7,alain,14,14
dovish,alarmist,1,4.67893389555403e-7,0.6931471805599453,3.243189837729637e-7,alarmist,15,15
dovish,alcohol,1,4.67893389555403e-7,0.6931471805599453,3.243189837729637e-7,alcoholic,123,104
dovish,aldermen,1,4.67893389555403e-7,0.6931471805599453,3.243189837729637e-7,aldermen,13,13
dovish,algebra,1,4.67893389555403e-7,0.6931471805599453,3.243189837729637e-7,algebra,10,16
dovish,amel,1,4.67893389555403e-7,0.6931471805599453,3.243189837729637e-7,amel,16,12
dovish,amherst,1,4.67893389555403e-7,0.6931471805599453,3.243189837729637e-7,amherst,26,22
dovish,amirault,1,4.67893389555403e-7,0.6931471805599453,3.243189837729637e-7,amirault,11,10
dovish,amit,1,4.67893389555403e-7,0.6931471805599453,3.243189837729637e-7,amit,13,12
dovish,amstad,1,4.67893389555403e-7,0.6931471805599453,3.243189837729637e-7,amstad,10,10
dovish,anacredit,1,4.67893389555403e-7,0.6931471805599453,3.243189837729637e-7,anacredit,59,12
dovish,anderton,1,4.67893389555403e-7,0.6931471805599453,3.243189837729637e-7,anderton,45,30
dovish,angelo,1,4.67893389555403e-7,0.6931471805599453,3.243189837729637e-7,angelo,10,10
dovish,angst,1,4.67893389555403e-7,0.6931471805599453,3.243189837729637e-7,angst,19,16
dovish,anguish,1,4.67893389555403e-7,0.6931471805599453,3.243189837729637e-7,anguish,9,10
dovish,anton,1,4.67893389555403e-7,0.6931471805599453,3.243189837729637e-7,anton,26,26
dovish,antulio,1,4.67893389555403e-7,0.6931471805599453,3.243189837729637e-7,antulio,14,10
dovish,antwerp,1,4.67893389555403e-7,0.6931471805599453,3.243189837729637e-7,antwerp,14,10
dovish,apocalypt,1,4.67893389555403e-7,0.6931471805599453,3.243189837729637e-7,apocalyptic,20,16
dovish,apposit,1,4.67893389555403e-7,0.6931471805599453,3.243189837729637e-7,apposite,20,21
dovish,appris,1,4.67893389555403e-7,0.6931471805599453,3.243189837729637e-7,apprised,12,15
dovish,ardent,1,4.67893389555403e-7,0.6931471805599453,3.243189837729637e-7,ardent,14,17
dovish,ari,1,4.67893389555403e-7,0.6931471805599453,3.243189837729637e-7,ari,9,13
dovish,ark,1,4.67893389555403e-7,0.6931471805599453,3.243189837729637e-7,ark,29,18
dovish,armor,1,4.67893389555403e-7,0.6931471805599453,3.243189837729637e-7,armor,7,11
dovish,assent,1,4.67893389555403e-7,0.6931471805599453,3.243189837729637e-7,assent,18,17
dovish,assort,1,4.67893389555403e-7,0.6931471805599453,3.243189837729637e-7,assortment,18,14
dovish,atheoret,1,4.67893389555403e-7,0.6931471805599453,3.243189837729637e-7,atheoretical,13,10
dovish,audio,1,4.67893389555403e-7,0.6931471805599453,3.243189837729637e-7,audio,52,42
dovish,autarki,1,4.67893389555403e-7,0.6931471805599453,3.243189837729637e-7,autarky,12,11
dovish,avdjiev,1,4.67893389555403e-7,0.6931471805599453,3.243189837729637e-7,avdjiev,14,11
dovish,avinash,1,4.67893389555403e-7,0.6931471805599453,3.243189837729637e-7,avinash,19,16
dovish,aviv,1,4.67893389555403e-7,0.6931471805599453,3.243189837729637e-7,aviv,18,11
dovish,avon,1,4.67893389555403e-7,0.6931471805599453,3.243189837729637e-7,avons,10,11
dovish,aw,1,4.67893389555403e-7,0.6931471805599453,3.243189837729637e-7,awful,26,25
dovish,baa,1,4.67893389555403e-7,0.6931471805599453,3.243189837729637e-7,baa,15,15
dovish,baaack,1,4.67893389555403e-7,0.6931471805599453,3.243189837729637e-7,baaack,27,27
dovish,backtrack,1,4.67893389555403e-7,0.6931471805599453,3.243189837729637e-7,backtracking,16,26
dovish,ballantyn,1,4.67893389555403e-7,0.6931471805599453,3.243189837729637e-7,ballantyne,15,12
dovish,baltensperg,1,4.67893389555403e-7,0.6931471805599453,3.243189837729637e-7,baltensperger,17,10
dovish,bankbas,1,4.67893389555403e-7,0.6931471805599453,3.243189837729637e-7,bankbased,15,15
dovish,baranova,1,4.67893389555403e-7,0.6931471805599453,3.243189837729637e-7,baranova,25,15
dovish,barber,1,4.67893389555403e-7,0.6931471805599453,3.243189837729637e-7,barber,23,19
dovish,baroda,1,4.67893389555403e-7,0.6931471805599453,3.243189837729637e-7,baroda,21,16
dovish,barriel,1,4.67893389555403e-7,0.6931471805599453,3.243189837729637e-7,barriel,29,19
dovish,bart,1,4.67893389555403e-7,0.6931471805599453,3.243189837729637e-7,bart,25,20
dovish,bate,1,4.67893389555403e-7,0.6931471805599453,3.243189837729637e-7,bate,6,12
dovish,batini,1,4.67893389555403e-7,0.6931471805599453,3.243189837729637e-7,batini,68,34
dovish,baumeist,1,4.67893389555403e-7,0.6931471805599453,3.243189837729637e-7,baumeister,22,14
dovish,bce,1,4.67893389555403e-7,0.6931471805599453,3.243189837729637e-7,bce,57,29
dovish,behold,1,4.67893389555403e-7,0.6931471805599453,3.243189837729637e-7,beholder,7,12
dovish,behov,1,4.67893389555403e-7,0.6931471805599453,3.243189837729637e-7,behoves,12,11
dovish,beig,1,4.67893389555403e-7,0.6931471805599453,3.243189837729637e-7,beige,33,24
dovish,belarus,1,4.67893389555403e-7,0.6931471805599453,3.243189837729637e-7,belarus,24,20
dovish,bellweth,1,4.67893389555403e-7,0.6931471805599453,3.243189837729637e-7,bellwether,15,15
dovish,bengaluru,1,4.67893389555403e-7,0.6931471805599453,3.243189837729637e-7,bengaluru,16,12
dovish,bent,1,4.67893389555403e-7,0.6931471805599453,3.243189837729637e-7,bent,16,17
dovish,bergsten,1,4.67893389555403e-7,0.6931471805599453,3.243189837729637e-7,bergsten,24,16
dovish,berni,1,4.67893389555403e-7,0.6931471805599453,3.243189837729637e-7,bernie,13,11
dovish,bertrand,1,4.67893389555403e-7,0.6931471805599453,3.243189837729637e-7,bertrand,19,15
dovish,besley,1,4.67893389555403e-7,0.6931471805599453,3.243189837729637e-7,besley,33,25
dovish,bhupal,1,4.67893389555403e-7,0.6931471805599453,3.243189837729637e-7,bhupal,11,11
dovish,bianchi,1,4.67893389555403e-7,0.6931471805599453,3.243189837729637e-7,bianchi,108,51
dovish,billon,1,4.67893389555403e-7,0.6931471805599453,3.243189837729637e-7,billon,10,11
dovish,bimetal,1,4.67893389555403e-7,0.6931471805599453,3.243189837729637e-7,bimetallic,22,14
dovish,blight,1,4.67893389555403e-7,0.6931471805599453,3.243189837729637e-7,blight,15,19
dovish,bloemfontein,1,4.67893389555403e-7,0.6931471805599453,3.243189837729637e-7,bloemfontein,10,10
dovish,blush,1,4.67893389555403e-7,0.6931471805599453,3.243189837729637e-7,blush,28,29
dovish,bnm,1,4.67893389555403e-7,0.6931471805599453,3.243189837729637e-7,bnm,13,10
dovish,bobeica,1,4.67893389555403e-7,0.6931471805599453,3.243189837729637e-7,bobeica,33,25
dovish,bohr,1,4.67893389555403e-7,0.6931471805599453,3.243189837729637e-7,bohr,10,10
dovish,bomfim,1,4.67893389555403e-7,0.6931471805599453,3.243189837729637e-7,bomfim,24,11
dovish,boni,1,4.67893389555403e-7,0.6931471805599453,3.243189837729637e-7,bonis,12,11
dovish,bours,1,4.67893389555403e-7,0.6931471805599453,3.243189837729637e-7,bourses,8,12
dovish,bow,1,4.67893389555403e-7,0.6931471805599453,3.243189837729637e-7,bow,22,32
dovish,boycott,1,4.67893389555403e-7,0.6931471805599453,3.243189837729637e-7,boycotts,12,17
dovish,boyer,1,4.67893389555403e-7,0.6931471805599453,3.243189837729637e-7,boyer,13,10
dovish,boz,1,4.67893389555403e-7,0.6931471805599453,3.243189837729637e-7,boz,20,11
dovish,bpl,1,4.67893389555403e-7,0.6931471805599453,3.243189837729637e-7,bpl,11,10
dovish,bpr,1,4.67893389555403e-7,0.6931471805599453,3.243189837729637e-7,bpr,50,14
dovish,brandt,1,4.67893389555403e-7,0.6931471805599453,3.243189837729637e-7,brandt,54,31
dovish,breckenfeld,1,4.67893389555403e-7,0.6931471805599453,3.243189837729637e-7,breckenfelder,19,16
dovish,bred,1,4.67893389555403e-7,0.6931471805599453,3.243189837729637e-7,bred,26,22
dovish,brighton,1,4.67893389555403e-7,0.6931471805599453,3.243189837729637e-7,brighton,14,10
dovish,buch,1,4.67893389555403e-7,0.6931471805599453,3.243189837729637e-7,buch,12,10
dovish,bukka,1,4.67893389555403e-7,0.6931471805599453,3.243189837729637e-7,bukka,22,15
dovish,bulki,1,4.67893389555403e-7,0.6931471805599453,3.243189837729637e-7,bulky,10,10
dovish,bumper,1,4.67893389555403e-7,0.6931471805599453,3.243189837729637e-7,bumper,17,18
dovish,bunseki,1,4.67893389555403e-7,0.6931471805599453,3.243189837729637e-7,bunseki,19,13
dovish,bustl,1,4.67893389555403e-7,0.6931471805599453,3.243189837729637e-7,bustling,7,10
dovish,butcher,1,4.67893389555403e-7,0.6931471805599453,3.243189837729637e-7,butcher,10,10
dovish,buzz,1,4.67893389555403e-7,0.6931471805599453,3.243189837729637e-7,buzz,15,11
dovish,bye,1,4.67893389555403e-7,0.6931471805599453,3.243189837729637e-7,bye,26,17
dovish,cadamagnani,1,4.67893389555403e-7,0.6931471805599453,3.243189837729637e-7,cadamagnani,29,28
dovish,cajner,1,4.67893389555403e-7,0.6931471805599453,3.243189837729637e-7,cajner,52,34
dovish,camdessus,1,4.67893389555403e-7,0.6931471805599453,3.243189837729637e-7,camdessus,50,35
dovish,canova,1,4.67893389555403e-7,0.6931471805599453,3.243189837729637e-7,canova,23,15
dovish,cantellano,1,4.67893389555403e-7,0.6931471805599453,3.243189837729637e-7,cantellano,13,11
dovish,capacit,1,4.67893389555403e-7,0.6931471805599453,3.243189837729637e-7,capacite,5,10
dovish,ccl,1,4.67893389555403e-7,0.6931471805599453,3.243189837729637e-7,ccl,26,11
dovish,centralbank,1,4.67893389555403e-7,0.6931471805599453,3.243189837729637e-7,centralbank,9,11
dovish,cetinkaya,1,4.67893389555403e-7,0.6931471805599453,3.243189837729637e-7,cetinkaya,16,12
dovish,cetorelli,1,4.67893389555403e-7,0.6931471805599453,3.243189837729637e-7,cetorelli,27,14
dovish,chadha,1,4.67893389555403e-7,0.6931471805599453,3.243189837729637e-7,chadha,19,14
dovish,chakravarti,1,4.67893389555403e-7,0.6931471805599453,3.243189837729637e-7,chakravarty,21,19
dovish,championship,1,4.67893389555403e-7,0.6931471805599453,3.243189837729637e-7,championship,13,16
dovish,chaturvedi,1,4.67893389555403e-7,0.6931471805599453,3.243189837729637e-7,chaturvedi,11,11
dovish,chavan,1,4.67893389555403e-7,0.6931471805599453,3.243189837729637e-7,chavan,20,13
dovish,chi,1,4.67893389555403e-7,0.6931471805599453,3.243189837729637e-7,chi,15,13
dovish,cho,1,4.67893389555403e-7,0.6931471805599453,3.243189837729637e-7,cho,13,12
dovish,chousa,1,4.67893389555403e-7,0.6931471805599453,3.243189837729637e-7,chousa,23,20
dovish,christen,1,4.67893389555403e-7,0.6931471805599453,3.243189837729637e-7,christened,14,20
dovish,chuo,1,4.67893389555403e-7,0.6931471805599453,3.243189837729637e-7,chuo,13,11
dovish,ciccarelli,1,4.67893389555403e-7,0.6931471805599453,3.243189837729637e-7,ciccarelli,85,60
dovish,clara,1,4.67893389555403e-7,0.6931471805599453,3.243189837729637e-7,clara,28,11
dovish,classmat,1,4.67893389555403e-7,0.6931471805599453,3.243189837729637e-7,classmates,15,13
dovish,clerc,1,4.67893389555403e-7,0.6931471805599453,3.243189837729637e-7,clerc,23,18
dovish,cobalt,1,4.67893389555403e-7,0.6931471805599453,3.243189837729637e-7,cobalt,11,10
dovish,cobb,1,4.67893389555403e-7,0.6931471805599453,3.243189837729637e-7,cobb,17,12
dovish,codi,1,4.67893389555403e-7,0.6931471805599453,3.243189837729637e-7,codi,62,22
dovish,coe,1,4.67893389555403e-7,0.6931471805599453,3.243189837729637e-7,coe,19,12
dovish,cog,1,4.67893389555403e-7,0.6931471805599453,3.243189837729637e-7,cogs,17,13
dovish,cogley,1,4.67893389555403e-7,0.6931471805599453,3.243189837729637e-7,cogley,40,19
dovish,coibion,1,4.67893389555403e-7,0.6931471805599453,3.243189837729637e-7,coibion,87,42
dovish,collis,1,4.67893389555403e-7,0.6931471805599453,3.243189837729637e-7,collision,12,15
dovish,columnist,1,4.67893389555403e-7,0.6931471805599453,3.243189837729637e-7,columnist,13,15
dovish,commodityexport,1,4.67893389555403e-7,0.6931471805599453,3.243189837729637e-7,commodityexporting,28,20
dovish,communism,1,4.67893389555403e-7,0.6931471805599453,3.243189837729637e-7,communism,17,15
dovish,compassion,1,4.67893389555403e-7,0.6931471805599453,3.243189837729637e-7,compassionate,10,10
dovish,comport,1,4.67893389555403e-7,0.6931471805599453,3.243189837729637e-7,comport,9,12
dovish,condon,1,4.67893389555403e-7,0.6931471805599453,3.243189837729637e-7,condoned,4,10
dovish,constantin,1,4.67893389555403e-7,0.6931471805599453,3.243189837729637e-7,constantine,11,11
dovish,convoc,1,4.67893389555403e-7,0.6931471805599453,3.243189837729637e-7,convocation,46,25
dovish,coppl,1,4.67893389555403e-7,0.6931471805599453,3.243189837729637e-7,copple,13,12
dovish,coral,1,4.67893389555403e-7,0.6931471805599453,3.243189837729637e-7,coral,17,11
dovish,corbo,1,4.67893389555403e-7,0.6931471805599453,3.243189837729637e-7,corbo,16,10
dovish,cordero,1,4.67893389555403e-7,0.6931471805599453,3.243189837729637e-7,cordero,14,11
dovish,cornel,1,4.67893389555403e-7,0.6931471805599453,3.243189837729637e-7,cornell,20,18
dovish,corporat,1,4.67893389555403e-7,0.6931471805599453,3.243189837729637e-7,corporatization,15,15
dovish,corporatis,1,4.67893389555403e-7,0.6931471805599453,3.243189837729637e-7,corporatised,12,13
dovish,costa,1,4.67893389555403e-7,0.6931471805599453,3.243189837729637e-7,costa,30,28
dovish,covari,1,4.67893389555403e-7,0.6931471805599453,3.243189837729637e-7,covariance,36,23
dovish,cowl,1,4.67893389555403e-7,0.6931471805599453,3.243189837729637e-7,cowles,15,17
dovish,cristina,1,4.67893389555403e-7,0.6931471805599453,3.243189837729637e-7,cristina,11,10
dovish,crosssect,1,4.67893389555403e-7,0.6931471805599453,3.243189837729637e-7,crosssection,5,10
dovish,crow,1,4.67893389555403e-7,0.6931471805599453,3.243189837729637e-7,crow,27,36
dovish,crucibl,1,4.67893389555403e-7,0.6931471805599453,3.243189837729637e-7,crucible,14,14
dovish,crump,1,4.67893389555403e-7,0.6931471805599453,3.243189837729637e-7,crump,14,12
dovish,crusad,1,4.67893389555403e-7,0.6931471805599453,3.243189837729637e-7,crusade,6,10
dovish,curatorship,1,4.67893389555403e-7,0.6931471805599453,3.243189837729637e-7,curatorship,31,17
dovish,curdia,1,4.67893389555403e-7,0.6931471805599453,3.243189837729637e-7,curdia,60,34
dovish,cynthia,1,4.67893389555403e-7,0.6931471805599453,3.243189837729637e-7,cynthia,30,28
dovish,damper,1,4.67893389555403e-7,0.6931471805599453,3.243189837729637e-7,damper,18,17
dovish,dank,1,4.67893389555403e-7,0.6931471805599453,3.243189837729637e-7,dank,16,17
dovish,darl,1,4.67893389555403e-7,0.6931471805599453,3.243189837729637e-7,darling,12,12
dovish,darva,1,4.67893389555403e-7,0.6931471805599453,3.243189837729637e-7,darvas,11,11
dovish,davidson,1,4.67893389555403e-7,0.6931471805599453,3.243189837729637e-7,davidson,12,11
dovish,dealership,1,4.67893389555403e-7,0.6931471805599453,3.243189837729637e-7,dealership,18,13
dovish,deanchor,1,4.67893389555403e-7,0.6931471805599453,3.243189837729637e-7,deanchoring,11,14
dovish,decenni,1,4.67893389555403e-7,0.6931471805599453,3.243189837729637e-7,decennial,17,19
dovish,decod,1,4.67893389555403e-7,0.6931471805599453,3.243189837729637e-7,decoding,7,12
dovish,deforest,1,4.67893389555403e-7,0.6931471805599453,3.243189837729637e-7,deforestation,21,14
dovish,defur,1,4.67893389555403e-7,0.6931471805599453,3.243189837729637e-7,defure,20,16
dovish,deglob,1,4.67893389555403e-7,0.6931471805599453,3.243189837729637e-7,deglobalization,42,13
dovish,delist,1,4.67893389555403e-7,0.6931471805599453,3.243189837729637e-7,delisting,10,11
dovish,delphic,1,4.67893389555403e-7,0.6931471805599453,3.243189837729637e-7,delphic,42,15
dovish,demiralp,1,4.67893389555403e-7,0.6931471805599453,3.243189837729637e-7,demiralp,19,11
dovish,depot,1,4.67893389555403e-7,0.6931471805599453,3.243189837729637e-7,depots,10,13
dovish,derviz,1,4.67893389555403e-7,0.6931471805599453,3.243189837729637e-7,derviz,10,10
dovish,desai,1,4.67893389555403e-7,0.6931471805599453,3.243189837729637e-7,desai,22,13
dovish,desroch,1,4.67893389555403e-7,0.6931471805599453,3.243189837729637e-7,desroches,12,12
dovish,detractor,1,4.67893389555403e-7,0.6931471805599453,3.243189837729637e-7,detractors,13,11
dovish,detragiach,1,4.67893389555403e-7,0.6931471805599453,3.243189837729637e-7,detragiache,18,13
dovish,deviant,1,4.67893389555403e-7,0.6931471805599453,3.243189837729637e-7,deviant,19,14
dovish,deyoung,1,4.67893389555403e-7,0.6931471805599453,3.243189837729637e-7,deyoung,13,10
dovish,diamet,1,4.67893389555403e-7,0.6931471805599453,3.243189837729637e-7,diameter,13,13
dovish,dib,1,4.67893389555403e-7,0.6931471805599453,3.243189837729637e-7,dibs,22,14
dovish,dictatorship,1,4.67893389555403e-7,0.6931471805599453,3.243189837729637e-7,dictatorship,14,14
dovish,diez,1,4.67893389555403e-7,0.6931471805599453,3.243189837729637e-7,diez,29,11
dovish,dijk,1,4.67893389555403e-7,0.6931471805599453,3.243189837729637e-7,dijk,20,17
dovish,dilip,1,4.67893389555403e-7,0.6931471805599453,3.243189837729637e-7,dilip,12,11
dovish,dimitri,1,4.67893389555403e-7,0.6931471805599453,3.243189837729637e-7,dimitri,11,13
dovish,ding,1,4.67893389555403e-7,0.6931471805599453,3.243189837729637e-7,ding,12,10
dovish,directori,1,4.67893389555403e-7,0.6931471805599453,3.243189837729637e-7,directory,12,12
dovish,disaffect,1,4.67893389555403e-7,0.6931471805599453,3.243189837729637e-7,disaffection,8,10
dovish,dishearten,1,4.67893389555403e-7,0.6931471805599453,3.243189837729637e-7,disheartening,10,14
dovish,disservic,1,4.67893389555403e-7,0.6931471805599453,3.243189837729637e-7,disservice,18,18
dovish,dive,1,4.67893389555403e-7,0.6931471805599453,3.243189837729637e-7,dive,52,66
dovish,documento,1,4.67893389555403e-7,0.6931471805599453,3.243189837729637e-7,documento,10,15
dovish,doldrum,1,4.67893389555403e-7,0.6931471805599453,3.243189837729637e-7,doldrums,18,18
dovish,dong,1,4.67893389555403e-7,0.6931471805599453,3.243189837729637e-7,dong,23,18
dovish,dosag,1,4.67893389555403e-7,0.6931471805599453,3.243189837729637e-7,dosage,18,17
dovish,douglass,1,4.67893389555403e-7,0.6931471805599453,3.243189837729637e-7,douglass,21,15
dovish,downdraft,1,4.67893389555403e-7,0.6931471805599453,3.243189837729637e-7,downdraft,6,10
dovish,downright,1,4.67893389555403e-7,0.6931471805599453,3.243189837729637e-7,downright,13,13
dovish,drown,1,4.67893389555403e-7,0.6931471805599453,3.243189837729637e-7,drowning,9,19
dovish,dvd,1,4.67893389555403e-7,0.6931471805599453,3.243189837729637e-7,dvd,11,11
dovish,eastward,1,4.67893389555403e-7,0.6931471805599453,3.243189837729637e-7,eastwards,11,15
dovish,ebitda,1,4.67893389555403e-7,0.6931471805599453,3.243189837729637e-7,ebitda,23,12
dovish,ecbbrussel,1,4.67893389555403e-7,0.6931471805599453,3.243189837729637e-7,ecbbrussels,14,14
dovish,ecbdeliv,1,4.67893389555403e-7,0.6931471805599453,3.243189837729637e-7,ecbdelivered,16,16
dovish,edelman,1,4.67893389555403e-7,0.6931471805599453,3.243189837729637e-7,edelman,20,11
dovish,edmonton,1,4.67893389555403e-7,0.6931471805599453,3.243189837729637e-7,edmonton,49,32
dovish,eingehen,1,4.67893389555403e-7,0.6931471805599453,3.243189837729637e-7,eingehen,16,16
dovish,elmeskov,1,4.67893389555403e-7,0.6931471805599453,3.243189837729637e-7,elmeskov,31,15
dovish,emeritus,1,4.67893389555403e-7,0.6931471805599453,3.243189837729637e-7,emeritus,21,18
dovish,en,1,4.67893389555403e-7,0.6931471805599453,3.243189837729637e-7,ens,38,30
dovish,encash,1,4.67893389555403e-7,0.6931471805599453,3.243189837729637e-7,encashment,8,15
dovish,enclos,1,4.67893389555403e-7,0.6931471805599453,3.243189837729637e-7,enclosed,7,15
dovish,enclosur,1,4.67893389555403e-7,0.6931471805599453,3.243189837729637e-7,enclosure,11,13
dovish,encod,1,4.67893389555403e-7,0.6931471805599453,3.243189837729637e-7,encoded,9,11
dovish,encuesta,1,4.67893389555403e-7,0.6931471805599453,3.243189837729637e-7,encuesta,12,12
dovish,engel,1,4.67893389555403e-7,0.6931471805599453,3.243189837729637e-7,engel,44,29
dovish,engstrom,1,4.67893389555403e-7,0.6931471805599453,3.243189837729637e-7,engstrom,22,13
dovish,ent,1,4.67893389555403e-7,0.6931471805599453,3.243189837729637e-7,ent,19,12
dovish,epa,1,4.67893389555403e-7,0.6931471805599453,3.243189837729637e-7,epa,16,13
dovish,epic,1,4.67893389555403e-7,0.6931471805599453,3.243189837729637e-7,epic,18,17
dovish,errant,1,4.67893389555403e-7,0.6931471805599453,3.243189837729637e-7,errant,16,15
dovish,erudit,1,4.67893389555403e-7,0.6931471805599453,3.243189837729637e-7,erudite,11,16
dovish,espinosa,1,4.67893389555403e-7,0.6931471805599453,3.243189837729637e-7,espinosa,20,17
dovish,estudio,1,4.67893389555403e-7,0.6931471805599453,3.243189837729637e-7,estudios,20,13
dovish,euroarea,1,4.67893389555403e-7,0.6931471805599453,3.243189837729637e-7,euroarea,34,29
dovish,europeanis,1,4.67893389555403e-7,0.6931471805599453,3.243189837729637e-7,europeanisation,23,12
dovish,eurostoxx,1,4.67893389555403e-7,0.6931471805599453,3.243189837729637e-7,eurostoxx,11,10
dovish,everchang,1,4.67893389555403e-7,0.6931471805599453,3.243189837729637e-7,everchanging,12,12
dovish,ewe,1,4.67893389555403e-7,0.6931471805599453,3.243189837729637e-7,ewing,14,12
dovish,exc,1,4.67893389555403e-7,0.6931471805599453,3.243189837729637e-7,exc,19,16
dovish,excl,1,4.67893389555403e-7,0.6931471805599453,3.243189837729637e-7,excl,63,45
dovish,expon,1,4.67893389555403e-7,0.6931471805599453,3.243189837729637e-7,exponent,12,19
dovish,extol,1,4.67893389555403e-7,0.6931471805599453,3.243189837729637e-7,extol,5,18
dovish,extravag,1,4.67893389555403e-7,0.6931471805599453,3.243189837729637e-7,extravagant,11,10
dovish,fabul,1,4.67893389555403e-7,0.6931471805599453,3.243189837729637e-7,fabulous,13,14
dovish,fahri,1,4.67893389555403e-7,0.6931471805599453,3.243189837729637e-7,fahri,15,13
dovish,feng,1,4.67893389555403e-7,0.6931471805599453,3.243189837729637e-7,feng,17,15
dovish,ferrando,1,4.67893389555403e-7,0.6931471805599453,3.243189837729637e-7,ferrando,23,21
dovish,ferrari,1,4.67893389555403e-7,0.6931471805599453,3.243189837729637e-7,ferrari,20,13
dovish,fester,1,4.67893389555403e-7,0.6931471805599453,3.243189837729637e-7,fester,12,20
dovish,fetter,1,4.67893389555403e-7,0.6931471805599453,3.243189837729637e-7,fetters,18,19
dovish,ffr,1,4.67893389555403e-7,0.6931471805599453,3.243189837729637e-7,ffr,32,10
dovish,fhfa,1,4.67893389555403e-7,0.6931471805599453,3.243189837729637e-7,fhfa,32,16
dovish,fibr,1,4.67893389555403e-7,0.6931471805599453,3.243189837729637e-7,fibre,12,16
dovish,figura,1,4.67893389555403e-7,0.6931471805599453,3.243189837729637e-7,figura,24,16
dovish,finalist,1,4.67893389555403e-7,0.6931471805599453,3.243189837729637e-7,finalists,40,26
dovish,financialst,1,4.67893389555403e-7,0.6931471805599453,3.243189837729637e-7,financialstability,12,11
dovish,financiera,1,4.67893389555403e-7,0.6931471805599453,3.243189837729637e-7,financiera,10,10
dovish,finess,1,4.67893389555403e-7,0.6931471805599453,3.243189837729637e-7,finesse,13,13
dovish,fingertip,1,4.67893389555403e-7,0.6931471805599453,3.243189837729637e-7,fingertips,12,11
dovish,fior,1,4.67893389555403e-7,0.6931471805599453,3.243189837729637e-7,fiore,29,20
dovish,fled,1,4.67893389555403e-7,0.6931471805599453,3.243189837729637e-7,fled,22,21
dovish,flew,1,4.67893389555403e-7,0.6931471805599453,3.243189837729637e-7,flew,10,10
dovish,flint,1,4.67893389555403e-7,0.6931471805599453,3.243189837729637e-7,flint,18,17
dovish,flore,1,4.67893389555403e-7,0.6931471805599453,3.243189837729637e-7,flores,19,18
dovish,flounder,1,4.67893389555403e-7,0.6931471805599453,3.243189837729637e-7,floundering,5,10
dovish,foe,1,4.67893389555403e-7,0.6931471805599453,3.243189837729637e-7,foe,11,15
dovish,foreigncurr,1,4.67893389555403e-7,0.6931471805599453,3.243189837729637e-7,foreigncurrency,14,13
dovish,foreshorten,1,4.67893389555403e-7,0.6931471805599453,3.243189837729637e-7,foreshortened,6,14
dovish,forewarn,1,4.67893389555403e-7,0.6931471805599453,3.243189837729637e-7,forewarned,9,25
dovish,forgon,1,4.67893389555403e-7,0.6931471805599453,3.243189837729637e-7,forgone,15,15
dovish,fox,1,4.67893389555403e-7,0.6931471805599453,3.243189837729637e-7,fox,34,21
dovish,frantic,1,4.67893389555403e-7,0.6931471805599453,3.243189837729637e-7,frantic,12,20
dovish,freiburg,1,4.67893389555403e-7,0.6931471805599453,3.243189837729637e-7,freiburg,42,19
dovish,frog,1,4.67893389555403e-7,0.6931471805599453,3.243189837729637e-7,frog,14,14
dovish,frontrunn,1,4.67893389555403e-7,0.6931471805599453,3.243189837729637e-7,frontrunner,19,22
dovish,frs,1,4.67893389555403e-7,0.6931471805599453,3.243189837729637e-7,frs,18,12
dovish,fundprovis,1,4.67893389555403e-7,0.6931471805599453,3.243189837729637e-7,fundprovisioning,17,15
dovish,fuss,1,4.67893389555403e-7,0.6931471805599453,3.243189837729637e-7,fuss,11,14
dovish,galbi,1,4.67893389555403e-7,0.6931471805599453,3.243189837729637e-7,galbis,18,18
dovish,gallon,1,4.67893389555403e-7,0.6931471805599453,3.243189837729637e-7,gallon,16,16
dovish,gallup,1,4.67893389555403e-7,0.6931471805599453,3.243189837729637e-7,gallup,21,11
dovish,garag,1,4.67893389555403e-7,0.6931471805599453,3.243189837729637e-7,garage,8,10
dovish,garber,1,4.67893389555403e-7,0.6931471805599453,3.243189837729637e-7,garber,46,28
dovish,garri,1,4.67893389555403e-7,0.6931471805599453,3.243189837729637e-7,garry,17,15
dovish,gauweil,1,4.67893389555403e-7,0.6931471805599453,3.243189837729637e-7,gauweiler,13,10
dovish,gdi,1,4.67893389555403e-7,0.6931471805599453,3.243189837729637e-7,gdi,47,20
dovish,georgarako,1,4.67893389555403e-7,0.6931471805599453,3.243189837729637e-7,georgarakos,15,13
dovish,georgio,1,4.67893389555403e-7,0.6931471805599453,3.243189837729637e-7,georgios,12,10
dovish,gerali,1,4.67893389555403e-7,0.6931471805599453,3.243189837729637e-7,gerali,18,13
dovish,gerd,1,4.67893389555403e-7,0.6931471805599453,3.243189837729637e-7,gerd,10,10
dovish,gian,1,4.67893389555403e-7,0.6931471805599453,3.243189837729637e-7,gian,12,12
dovish,gies,1,4.67893389555403e-7,0.6931471805599453,3.243189837729637e-7,giese,28,20
dovish,gilhooli,1,4.67893389555403e-7,0.6931471805599453,3.243189837729637e-7,gilhooly,13,12
dovish,ginko,1,4.67893389555403e-7,0.6931471805599453,3.243189837729637e-7,ginko,20,14
dovish,gist,1,4.67893389555403e-7,0.6931471805599453,3.243189837729637e-7,gist,14,13
dovish,glimmer,1,4.67893389555403e-7,0.6931471805599453,3.243189837729637e-7,glimmer,8,15
dovish,glue,1,4.67893389555403e-7,0.6931471805599453,3.243189837729637e-7,glue,19,16
dovish,goalpost,1,4.67893389555403e-7,0.6931471805599453,3.243189837729637e-7,goalposts,16,16
dovish,goldbi,1,4.67893389555403e-7,0.6931471805599453,3.243189837729637e-7,goldby,11,10
dovish,gorodnichenko,1,4.67893389555403e-7,0.6931471805599453,3.243189837729637e-7,gorodnichenko,88,50
dovish,granger,1,4.67893389555403e-7,0.6931471805599453,3.243189837729637e-7,granger,19,13
dovish,grauw,1,4.67893389555403e-7,0.6931471805599453,3.243189837729637e-7,grauwe,41,24
dovish,gregorio,1,4.67893389555403e-7,0.6931471805599453,3.243189837729637e-7,gregorio,26,16
dovish,grilli,1,4.67893389555403e-7,0.6931471805599453,3.243189837729637e-7,grilli,21,14
dovish,habib,1,4.67893389555403e-7,0.6931471805599453,3.243189837729637e-7,habib,18,12
dovish,habitu,1,4.67893389555403e-7,0.6931471805599453,3.243189837729637e-7,habitual,9,15
dovish,hambur,1,4.67893389555403e-7,0.6931471805599453,3.243189837729637e-7,hambur,24,15
dovish,hammond,1,4.67893389555403e-7,0.6931471805599453,3.243189837729637e-7,hammond,12,10
dovish,hancock,1,4.67893389555403e-7,0.6931471805599453,3.243189837729637e-7,hancock,42,26
dovish,handler,1,4.67893389555403e-7,0.6931471805599453,3.243189837729637e-7,handlers,33,23
dovish,handout,1,4.67893389555403e-7,0.6931471805599453,3.243189837729637e-7,handout,18,13
dovish,hardi,1,4.67893389555403e-7,0.6931471805599453,3.243189837729637e-7,hardy,12,11
dovish,hardwork,1,4.67893389555403e-7,0.6931471805599453,3.243189837729637e-7,hardworking,9,10
dovish,hark,1,4.67893389555403e-7,0.6931471805599453,3.243189837729637e-7,hark,4,10
dovish,harun,1,4.67893389555403e-7,0.6931471805599453,3.243189837729637e-7,harun,35,18
dovish,hawala,1,4.67893389555403e-7,0.6931471805599453,3.243189837729637e-7,hawala,26,10
dovish,hawkin,1,4.67893389555403e-7,0.6931471805599453,3.243189837729637e-7,hawkins,67,39
dovish,heinrich,1,4.67893389555403e-7,0.6931471805599453,3.243189837729637e-7,heinrich,11,11
dovish,henderson,1,4.67893389555403e-7,0.6931471805599453,3.243189837729637e-7,henderson,68,47
dovish,hibern,1,4.67893389555403e-7,0.6931471805599453,3.243189837729637e-7,hibernation,9,13
dovish,hidayah,1,4.67893389555403e-7,0.6931471805599453,3.243189837729637e-7,hidayah,15,15
dovish,higgin,1,4.67893389555403e-7,0.6931471805599453,3.243189837729637e-7,higgins,16,11
dovish,hobijn,1,4.67893389555403e-7,0.6931471805599453,3.243189837729637e-7,hobijn,33,23
dovish,hodrick,1,4.67893389555403e-7,0.6931471805599453,3.243189837729637e-7,hodrick,38,29
dovish,hoffman,1,4.67893389555403e-7,0.6931471805599453,3.243189837729637e-7,hoffman,15,10
dovish,hoffmann,1,4.67893389555403e-7,0.6931471805599453,3.243189837729637e-7,hoffmann,26,25
dovish,hogan,1,4.67893389555403e-7,0.6931471805599453,3.243189837729637e-7,hogan,69,12
dovish,holden,1,4.67893389555403e-7,0.6931471805599453,3.243189837729637e-7,holden,13,13
dovish,holston,1,4.67893389555403e-7,0.6931471805599453,3.243189837729637e-7,holston,94,50
dovish,homegrown,1,4.67893389555403e-7,0.6931471805599453,3.243189837729637e-7,homegrown,18,16
dovish,hongkong,1,4.67893389555403e-7,0.6931471805599453,3.243189837729637e-7,hongkong,12,10
dovish,hoogduin,1,4.67893389555403e-7,0.6931471805599453,3.243189837729637e-7,hoogduin,15,12
dovish,hotspot,1,4.67893389555403e-7,0.6931471805599453,3.243189837729637e-7,hotspots,13,13
dovish,housework,1,4.67893389555403e-7,0.6931471805599453,3.243189837729637e-7,housework,12,10
dovish,hsu,1,4.67893389555403e-7,0.6931471805599453,3.243189837729637e-7,hsu,33,25
dovish,hull,1,4.67893389555403e-7,0.6931471805599453,3.243189837729637e-7,hull,24,15
dovish,humankind,1,4.67893389555403e-7,0.6931471805599453,3.243189837729637e-7,humankind,41,28
dovish,humbersid,1,4.67893389555403e-7,0.6931471805599453,3.243189837729637e-7,humberside,19,12
dovish,hunker,1,4.67893389555403e-7,0.6931471805599453,3.243189837729637e-7,hunkering,5,11
dovish,hurst,1,4.67893389555403e-7,0.6931471805599453,3.243189837729637e-7,hurst,34,16
dovish,hydroelectr,1,4.67893389555403e-7,0.6931471805599453,3.243189837729637e-7,hydroelectric,11,12
dovish,iacoviello,1,4.67893389555403e-7,0.6931471805599453,3.243189837729637e-7,iacoviello,41,24
dovish,ibanez,1,4.67893389555403e-7,0.6931471805599453,3.243189837729637e-7,ibanez,24,20
dovish,icor,1,4.67893389555403e-7,0.6931471805599453,3.243189837729637e-7,icor,26,17
dovish,idb,1,4.67893389555403e-7,0.6931471805599453,3.243189837729637e-7,idb,53,17
dovish,ie,1,4.67893389555403e-7,0.6931471805599453,3.243189837729637e-7,ies,18,15
dovish,il,1,4.67893389555403e-7,0.6931471805599453,3.243189837729637e-7,ils,33,19
dovish,illog,1,4.67893389555403e-7,0.6931471805599453,3.243189837729637e-7,illogical,10,10
dovish,imbed,1,4.67893389555403e-7,0.6931471805599453,3.243189837729637e-7,imbedded,18,18
dovish,inauspici,1,4.67893389555403e-7,0.6931471805599453,3.243189837729637e-7,inauspicious,15,13
dovish,incapacit,1,4.67893389555403e-7,0.6931471805599453,3.243189837729637e-7,incapacitated,7,10
dovish,indec,1,4.67893389555403e-7,0.6931471805599453,3.243189837729637e-7,indec,9,12
dovish,ine,1,4.67893389555403e-7,0.6931471805599453,3.243189837729637e-7,ine,21,22
dovish,ineffectu,1,4.67893389555403e-7,0.6931471805599453,3.243189837729637e-7,ineffectual,15,14
dovish,infiltr,1,4.67893389555403e-7,0.6931471805599453,3.243189837729637e-7,infiltrated,7,12
dovish,infin,1,4.67893389555403e-7,0.6931471805599453,3.243189837729637e-7,infinity,16,17
dovish,initio,1,4.67893389555403e-7,0.6931471805599453,3.243189837729637e-7,initio,15,13
dovish,inscript,1,4.67893389555403e-7,0.6931471805599453,3.243189837729637e-7,inscription,10,11
dovish,inse,1,4.67893389555403e-7,0.6931471805599453,3.243189837729637e-7,insee,11,10
dovish,int,1,4.67893389555403e-7,0.6931471805599453,3.243189837729637e-7,int,13,11
dovish,interc,1,4.67893389555403e-7,0.6931471805599453,3.243189837729637e-7,intercity,18,14
dovish,intercept,1,4.67893389555403e-7,0.6931471805599453,3.243189837729637e-7,intercept,53,36
dovish,interinstitut,1,4.67893389555403e-7,0.6931471805599453,3.243189837729637e-7,interinstitutional,15,13
dovish,intermin,1,4.67893389555403e-7,0.6931471805599453,3.243189837729637e-7,interminable,8,11
dovish,interparliamentari,1,4.67893389555403e-7,0.6931471805599453,3.243189837729637e-7,interparliamentary,10,10
dovish,investec,1,4.67893389555403e-7,0.6931471805599453,3.243189837729637e-7,investec,12,11
dovish,isin,1,4.67893389555403e-7,0.6931471805599453,3.243189837729637e-7,isin,10,10
dovish,iti,1,4.67893389555403e-7,0.6931471805599453,3.243189837729637e-7,itis,12,13
dovish,itrel,1,4.67893389555403e-7,0.6931471805599453,3.243189837729637e-7,itrelated,12,12
dovish,jacobson,1,4.67893389555403e-7,0.6931471805599453,3.243189837729637e-7,jacobson,21,19
dovish,jake,1,4.67893389555403e-7,0.6931471805599453,3.243189837729637e-7,jake,13,12
dovish,jarvi,1,4.67893389555403e-7,0.6931471805599453,3.243189837729637e-7,jarvis,16,14
dovish,jaw,1,4.67893389555403e-7,0.6931471805599453,3.243189837729637e-7,jaws,10,10
dovish,jealous,1,4.67893389555403e-7,0.6931471805599453,3.243189837729637e-7,jealously,7,10
dovish,jefferi,1,4.67893389555403e-7,0.6931471805599453,3.243189837729637e-7,jeffery,12,11
dovish,jerk,1,4.67893389555403e-7,0.6931471805599453,3.243189837729637e-7,jerk,18,20
dovish,jerusalem,1,4.67893389555403e-7,0.6931471805599453,3.243189837729637e-7,jerusalem,12,11
dovish,jew,1,4.67893389555403e-7,0.6931471805599453,3.243189837729637e-7,jews,9,10
dovish,jewelleri,1,4.67893389555403e-7,0.6931471805599453,3.243189837729637e-7,jewellery,75,23
dovish,jha,1,4.67893389555403e-7,0.6931471805599453,3.243189837729637e-7,jha,56,13
dovish,jiang,1,4.67893389555403e-7,0.6931471805599453,3.243189837729637e-7,jiang,36,20
dovish,jimeno,1,4.67893389555403e-7,0.6931471805599453,3.243189837729637e-7,jimeno,12,12
dovish,jing,1,4.67893389555403e-7,0.6931471805599453,3.243189837729637e-7,jing,39,39
dovish,jitter,1,4.67893389555403e-7,0.6931471805599453,3.243189837729637e-7,jitters,14,14
dovish,johannsen,1,4.67893389555403e-7,0.6931471805599453,3.243189837729637e-7,johannsen,74,37
dovish,johnston,1,4.67893389555403e-7,0.6931471805599453,3.243189837729637e-7,johnston,24,24
dovish,jonung,1,4.67893389555403e-7,0.6931471805599453,3.243189837729637e-7,jonung,20,12
dovish,joo,1,4.67893389555403e-7,0.6931471805599453,3.243189837729637e-7,joo,21,20
dovish,jorgensen,1,4.67893389555403e-7,0.6931471805599453,3.243189837729637e-7,jorgensen,73,44
dovish,judith,1,4.67893389555403e-7,0.6931471805599453,3.243189837729637e-7,judith,10,10
dovish,julio,1,4.67893389555403e-7,0.6931471805599453,3.243189837729637e-7,julio,44,35
dovish,jumana,1,4.67893389555403e-7,0.6931471805599453,3.243189837729637e-7,jumana,21,19
dovish,kansai,1,4.67893389555403e-7,0.6931471805599453,3.243189837729637e-7,kansai,34,19
dovish,kathleen,1,4.67893389555403e-7,0.6931471805599453,3.243189837729637e-7,kathleen,14,14
dovish,keho,1,4.67893389555403e-7,0.6931471805599453,3.243189837729637e-7,kehoe,41,22
dovish,keidanren,1,4.67893389555403e-7,0.6931471805599453,3.243189837729637e-7,keidanren,48,33
dovish,keizaigaku,1,4.67893389555403e-7,0.6931471805599453,3.243189837729637e-7,keizaigaku,23,15
dovish,kernel,1,4.67893389555403e-7,0.6931471805599453,3.243189837729637e-7,kernel,27,20
dovish,kiki,1,4.67893389555403e-7,0.6931471805599453,3.243189837729637e-7,kiki,16,11
dovish,kilian,1,4.67893389555403e-7,0.6931471805599453,3.243189837729637e-7,kilian,27,17
dovish,knee,1,4.67893389555403e-7,0.6931471805599453,3.243189837729637e-7,knee,25,30
dovish,knot,1,4.67893389555403e-7,0.6931471805599453,3.243189837729637e-7,knot,12,17
dovish,kole,1,4.67893389555403e-7,0.6931471805599453,3.243189837729637e-7,kole,12,12
dovish,korinek,1,4.67893389555403e-7,0.6931471805599453,3.243189837729637e-7,korinek,30,16
dovish,kozicki,1,4.67893389555403e-7,0.6931471805599453,3.243189837729637e-7,kozicki,25,17
dovish,krishna,1,4.67893389555403e-7,0.6931471805599453,3.243189837729637e-7,krishna,26,17
dovish,kristoph,1,4.67893389555403e-7,0.6931471805599453,3.243189837729637e-7,kristopher,14,11
dovish,krusel,1,4.67893389555403e-7,0.6931471805599453,3.243189837729637e-7,krusell,16,11
dovish,kwazulu,1,4.67893389555403e-7,0.6931471805599453,3.243189837729637e-7,kwazulu,24,12
dovish,kyoto,1,4.67893389555403e-7,0.6931471805599453,3.243189837729637e-7,kyoto,102,41
dovish,laden,1,4.67893389555403e-7,0.6931471805599453,3.243189837729637e-7,laden,22,20
dovish,ladha,1,4.67893389555403e-7,0.6931471805599453,3.243189837729637e-7,ladha,10,10
dovish,lafort,1,4.67893389555403e-7,0.6931471805599453,3.243189837729637e-7,laforte,32,25
dovish,lain,1,4.67893389555403e-7,0.6931471805599453,3.243189837729637e-7,lain,10,11
dovish,landesberg,1,4.67893389555403e-7,0.6931471805599453,3.243189837729637e-7,landesberger,14,12
dovish,latvija,1,4.67893389555403e-7,0.6931471805599453,3.243189837729637e-7,latvijas,24,21
dovish,lauren,1,4.67893389555403e-7,0.6931471805599453,3.243189837729637e-7,lauren,11,17
dovish,lausann,1,4.67893389555403e-7,0.6931471805599453,3.243189837729637e-7,lausanne,24,20
dovish,lavoi,1,4.67893389555403e-7,0.6931471805599453,3.243189837729637e-7,lavoie,13,10
dovish,lbo,1,4.67893389555403e-7,0.6931471805599453,3.243189837729637e-7,lbo,35,16
dovish,leahi,1,4.67893389555403e-7,0.6931471805599453,3.243189837729637e-7,leahy,12,11
dovish,leftward,1,4.67893389555403e-7,0.6931471805599453,3.243189837729637e-7,leftward,8,10
dovish,lehnert,1,4.67893389555403e-7,0.6931471805599453,3.243189837729637e-7,lehnert,26,18
dovish,leicest,1,4.67893389555403e-7,0.6931471805599453,3.243189837729637e-7,leicester,42,28
dovish,lena,1,4.67893389555403e-7,0.6931471805599453,3.243189837729637e-7,lena,10,10
dovish,lenin,1,4.67893389555403e-7,0.6931471805599453,3.243189837729637e-7,lenin,11,10
dovish,lenney,1,4.67893389555403e-7,0.6931471805599453,3.243189837729637e-7,lenney,18,18
dovish,leo,1,4.67893389555403e-7,0.6931471805599453,3.243189837729637e-7,leo,11,11
dovish,lethal,1,4.67893389555403e-7,0.6931471805599453,3.243189837729637e-7,lethal,19,20
dovish,lind,1,4.67893389555403e-7,0.6931471805599453,3.243189837729637e-7,linde,12,13
dovish,linzert,1,4.67893389555403e-7,0.6931471805599453,3.243189837729637e-7,linzert,11,11
dovish,liquidationist,1,4.67893389555403e-7,0.6931471805599453,3.243189837729637e-7,liquidationist,12,10
dovish,lithium,1,4.67893389555403e-7,0.6931471805599453,3.243189837729637e-7,lithium,15,12
dovish,llc,1,4.67893389555403e-7,0.6931471805599453,3.243189837729637e-7,llc,19,16
dovish,loayza,1,4.67893389555403e-7,0.6931471805599453,3.243189837729637e-7,loayza,15,10
dovish,lockstep,1,4.67893389555403e-7,0.6931471805599453,3.243189837729637e-7,lockstep,39,34
dovish,longlast,1,4.67893389555403e-7,0.6931471805599453,3.243189837729637e-7,longlasting,12,12
dovish,lori,1,4.67893389555403e-7,0.6931471805599453,3.243189837729637e-7,lorie,12,18
dovish,loungani,1,4.67893389555403e-7,0.6931471805599453,3.243189837729637e-7,loungani,16,13
dovish,lugano,1,4.67893389555403e-7,0.6931471805599453,3.243189837729637e-7,lugano,19,16
dovish,luiss,1,4.67893389555403e-7,0.6931471805599453,3.243189837729637e-7,luiss,18,18
dovish,luminari,1,4.67893389555403e-7,0.6931471805599453,3.243189837729637e-7,luminaries,11,12
dovish,lurch,1,4.67893389555403e-7,0.6931471805599453,3.243189837729637e-7,lurch,17,33
dovish,magna,1,4.67893389555403e-7,0.6931471805599453,3.243189837729637e-7,magna,43,10
dovish,mahadeva,1,4.67893389555403e-7,0.6931471805599453,3.243189837729637e-7,mahadeva,28,22
dovish,mahalingam,1,4.67893389555403e-7,0.6931471805599453,3.243189837729637e-7,mahalingam,16,14
dovish,mainfram,1,4.67893389555403e-7,0.6931471805599453,3.243189837729637e-7,mainframe,34,22
dovish,mal,1,4.67893389555403e-7,0.6931471805599453,3.243189837729637e-7,mal,13,10
dovish,manoj,1,4.67893389555403e-7,0.6931471805599453,3.243189837729637e-7,manoj,19,19
dovish,marcelo,1,4.67893389555403e-7,0.6931471805599453,3.243189837729637e-7,marcelo,10,10
dovish,marian,1,4.67893389555403e-7,0.6931471805599453,3.243189837729637e-7,marian,16,15
dovish,marketdetermin,1,4.67893389555403e-7,0.6931471805599453,3.243189837729637e-7,marketdetermined,11,11
dovish,marlen,1,4.67893389555403e-7,0.6931471805599453,3.243189837729637e-7,marlene,11,11
dovish,marquez,1,4.67893389555403e-7,0.6931471805599453,3.243189837729637e-7,marquez,60,40
dovish,marvin,1,4.67893389555403e-7,0.6931471805599453,3.243189837729637e-7,marvin,72,42
dovish,masciandaro,1,4.67893389555403e-7,0.6931471805599453,3.243189837729637e-7,masciandaro,20,13
dovish,masolo,1,4.67893389555403e-7,0.6931471805599453,3.243189837729637e-7,masolo,22,12
dovish,matric,1,4.67893389555403e-7,0.6931471805599453,3.243189837729637e-7,matric,22,13
dovish,mcfadden,1,4.67893389555403e-7,0.6931471805599453,3.243189837729637e-7,mcfadden,19,10
dovish,mdbs,1,4.67893389555403e-7,0.6931471805599453,3.243189837729637e-7,mdbs,16,11
dovish,mediocr,1,4.67893389555403e-7,0.6931471805599453,3.243189837729637e-7,mediocre,31,33
dovish,mediumto,1,4.67893389555403e-7,0.6931471805599453,3.243189837729637e-7,mediumto,19,18
dovish,melani,1,4.67893389555403e-7,0.6931471805599453,3.243189837729637e-7,melanie,10,10
dovish,memoranda,1,4.67893389555403e-7,0.6931471805599453,3.243189837729637e-7,memoranda,39,38
dovish,mena,1,4.67893389555403e-7,0.6931471805599453,3.243189837729637e-7,mena,21,13
dovish,mer,1,4.67893389555403e-7,0.6931471805599453,3.243189837729637e-7,mers,10,12
dovish,methuen,1,4.67893389555403e-7,0.6931471805599453,3.243189837729637e-7,methuen,12,10
dovish,michiel,1,4.67893389555403e-7,0.6931471805599453,3.243189837729637e-7,michiel,11,10
dovish,mightili,1,4.67893389555403e-7,0.6931471805599453,3.243189837729637e-7,mightily,11,10
dovish,mikael,1,4.67893389555403e-7,0.6931471805599453,3.243189837729637e-7,mikael,12,11
dovish,milano,1,4.67893389555403e-7,0.6931471805599453,3.243189837729637e-7,milano,10,10
dovish,millionair,1,4.67893389555403e-7,0.6931471805599453,3.243189837729637e-7,millionaires,7,10
dovish,minuscul,1,4.67893389555403e-7,0.6931471805599453,3.243189837729637e-7,minuscule,12,12
dovish,miscellan,1,4.67893389555403e-7,0.6931471805599453,3.243189837729637e-7,miscellaneous,11,10
dovish,misde,1,4.67893389555403e-7,0.6931471805599453,3.243189837729637e-7,misdeeds,12,12
dovish,mist,1,4.67893389555403e-7,0.6931471805599453,3.243189837729637e-7,misted,6,14
dovish,miyako,1,4.67893389555403e-7,0.6931471805599453,3.243189837729637e-7,miyako,23,11
dovish,mizen,1,4.67893389555403e-7,0.6931471805599453,3.243189837729637e-7,mizen,32,25
dovish,mmr,1,4.67893389555403e-7,0.6931471805599453,3.243189837729637e-7,mmr,27,10
dovish,modi,1,4.67893389555403e-7,0.6931471805599453,3.243189837729637e-7,mody,10,12
dovish,moller,1,4.67893389555403e-7,0.6931471805599453,3.243189837729637e-7,moller,24,16
dovish,molloy,1,4.67893389555403e-7,0.6931471805599453,3.243189837729637e-7,molloy,12,11
dovish,mom,1,4.67893389555403e-7,0.6931471805599453,3.243189837729637e-7,mom,18,13
dovish,monarch,1,4.67893389555403e-7,0.6931471805599453,3.243189837729637e-7,monarch,13,12
dovish,monetario,1,4.67893389555403e-7,0.6931471805599453,3.243189837729637e-7,monetarios,6,10
dovish,monograph,1,4.67893389555403e-7,0.6931471805599453,3.243189837729637e-7,monograph,18,16
dovish,monopsoni,1,4.67893389555403e-7,0.6931471805599453,3.243189837729637e-7,monopsony,17,10
dovish,morelo,1,4.67893389555403e-7,0.6931471805599453,3.243189837729637e-7,morelos,44,10
dovish,morin,1,4.67893389555403e-7,0.6931471805599453,3.243189837729637e-7,morin,32,19
dovish,moyen,1,4.67893389555403e-7,0.6931471805599453,3.243189837729637e-7,moyen,11,11
dovish,mozambiqu,1,4.67893389555403e-7,0.6931471805599453,3.243189837729637e-7,mozambique,27,19
dovish,mpe,1,4.67893389555403e-7,0.6931471805599453,3.243189837729637e-7,mpe,42,13
dovish,mro,1,4.67893389555403e-7,0.6931471805599453,3.243189837729637e-7,mro,87,34
dovish,msps,1,4.67893389555403e-7,0.6931471805599453,3.243189837729637e-7,msps,62,12
dovish,mtp,1,4.67893389555403e-7,0.6931471805599453,3.243189837729637e-7,mtp,55,27
dovish,muneesh,1,4.67893389555403e-7,0.6931471805599453,3.243189837729637e-7,muneesh,21,20
dovish,munnik,1,4.67893389555403e-7,0.6931471805599453,3.243189837729637e-7,munnik,19,13
dovish,mythic,1,4.67893389555403e-7,0.6931471805599453,3.243189837729637e-7,mythical,14,15
dovish,mytholog,1,4.67893389555403e-7,0.6931471805599453,3.243189837729637e-7,mythology,20,22
dovish,nakajima,1,4.67893389555403e-7,0.6931471805599453,3.243189837729637e-7,nakajima,31,22
dovish,natal,1,4.67893389555403e-7,0.6931471805599453,3.243189837729637e-7,natal,24,14
dovish,natalucci,1,4.67893389555403e-7,0.6931471805599453,3.243189837729637e-7,natalucci,38,24
dovish,nawm,1,4.67893389555403e-7,0.6931471805599453,3.243189837729637e-7,nawm,25,12
dovish,ndp,1,4.67893389555403e-7,0.6931471805599453,3.243189837729637e-7,ndp,51,17
dovish,neeli,1,4.67893389555403e-7,0.6931471805599453,3.243189837729637e-7,neely,42,24
dovish,neto,1,4.67893389555403e-7,0.6931471805599453,3.243189837729637e-7,neto,13,11
dovish,newsworthi,1,4.67893389555403e-7,0.6931471805599453,3.243189837729637e-7,newsworthy,13,11
dovish,nof,1,4.67893389555403e-7,0.6931471805599453,3.243189837729637e-7,nof,29,12
dovish,nonagricultur,1,4.67893389555403e-7,0.6931471805599453,3.243189837729637e-7,nonagricultural,9,11
dovish,nonconform,1,4.67893389555403e-7,0.6931471805599453,3.243189837729637e-7,nonconforming,18,17
dovish,nonferr,1,4.67893389555403e-7,0.6931471805599453,3.243189837729637e-7,nonferrous,15,14
dovish,nonmetropolitan,1,4.67893389555403e-7,0.6931471805599453,3.243189837729637e-7,nonmetropolitan,22,15
dovish,nontrad,1,4.67893389555403e-7,0.6931471805599453,3.243189837729637e-7,nontraded,11,29
dovish,norbert,1,4.67893389555403e-7,0.6931471805599453,3.243189837729637e-7,norbert,13,13
dovish,novelist,1,4.67893389555403e-7,0.6931471805599453,3.243189837729637e-7,novelist,12,12
dovish,nss,1,4.67893389555403e-7,0.6931471805599453,3.243189837729637e-7,nss,15,13
dovish,null,1,4.67893389555403e-7,0.6931471805599453,3.243189837729637e-7,null,42,24
dovish,nusa,1,4.67893389555403e-7,0.6931471805599453,3.243189837729637e-7,nusa,37,15
dovish,nutter,1,4.67893389555403e-7,0.6931471805599453,3.243189837729637e-7,nutters,29,33
dovish,oath,1,4.67893389555403e-7,0.6931471805599453,3.243189837729637e-7,oath,23,15
dovish,oblivion,1,4.67893389555403e-7,0.6931471805599453,3.243189837729637e-7,oblivion,13,12
dovish,obr,1,4.67893389555403e-7,0.6931471805599453,3.243189837729637e-7,obr,57,28
dovish,obra,1,4.67893389555403e-7,0.6931471805599453,3.243189837729637e-7,obra,14,15
dovish,octoberdecemb,1,4.67893389555403e-7,0.6931471805599453,3.243189837729637e-7,octoberdecember,13,13
dovish,oda,1,4.67893389555403e-7,0.6931471805599453,3.243189837729637e-7,oda,34,21
dovish,offinanci,1,4.67893389555403e-7,0.6931471805599453,3.243189837729637e-7,offinancial,12,11
dovish,oilse,1,4.67893389555403e-7,0.6931471805599453,3.243189837729637e-7,oilseeds,33,23
dovish,olga,1,4.67893389555403e-7,0.6931471805599453,3.243189837729637e-7,olga,15,13
dovish,oligopoli,1,4.67893389555403e-7,0.6931471805599453,3.243189837729637e-7,oligopoly,10,12
dovish,onquart,1,4.67893389555403e-7,0.6931471805599453,3.243189837729637e-7,onquarter,14,13
dovish,openend,1,4.67893389555403e-7,0.6931471805599453,3.243189837729637e-7,openended,16,16
dovish,oracl,1,4.67893389555403e-7,0.6931471805599453,3.243189837729637e-7,oracle,14,13
dovish,orchestra,1,4.67893389555403e-7,0.6931471805599453,3.243189837729637e-7,orchestra,14,12
dovish,ordeal,1,4.67893389555403e-7,0.6931471805599453,3.243189837729637e-7,ordeal,10,10
dovish,orest,1,4.67893389555403e-7,0.6931471805599453,3.243189837729637e-7,oreste,16,15
dovish,osbat,1,4.67893389555403e-7,0.6931471805599453,3.243189837729637e-7,osbat,41,28
dovish,osborn,1,4.67893389555403e-7,0.6931471805599453,3.243189837729637e-7,osborne,40,25
dovish,oulton,1,4.67893389555403e-7,0.6931471805599453,3.243189837729637e-7,oulton,64,20
dovish,outlaw,1,4.67893389555403e-7,0.6931471805599453,3.243189837729637e-7,outlaw,6,18
dovish,overcollater,1,4.67893389555403e-7,0.6931471805599453,3.243189837729637e-7,overcollateralized,12,14
dovish,overflow,1,4.67893389555403e-7,0.6931471805599453,3.243189837729637e-7,overflowing,11,20
dovish,overpredict,1,4.67893389555403e-7,0.6931471805599453,3.243189837729637e-7,overprediction,7,13
dovish,overr,1,4.67893389555403e-7,0.6931471805599453,3.243189837729637e-7,overrated,9,15
dovish,overridden,1,4.67893389555403e-7,0.6931471805599453,3.243189837729637e-7,overridden,11,10
dovish,oversold,1,4.67893389555403e-7,0.6931471805599453,3.243189837729637e-7,oversold,54,26
dovish,owneroccupi,1,4.67893389555403e-7,0.6931471805599453,3.243189837729637e-7,owneroccupied,8,15
dovish,palac,1,4.67893389555403e-7,0.6931471805599453,3.243189837729637e-7,palace,36,30
dovish,palazzo,1,4.67893389555403e-7,0.6931471805599453,3.243189837729637e-7,palazzo,17,13
dovish,pall,1,4.67893389555403e-7,0.6931471805599453,3.243189837729637e-7,pall,9,11
dovish,pallavi,1,4.67893389555403e-7,0.6931471805599453,3.243189837729637e-7,pallavi,10,10
dovish,paltri,1,4.67893389555403e-7,0.6931471805599453,3.243189837729637e-7,paltry,12,12
dovish,panick,1,4.67893389555403e-7,0.6931471805599453,3.243189837729637e-7,panicked,16,18
dovish,pankki,1,4.67893389555403e-7,0.6931471805599453,3.243189837729637e-7,pankki,24,17
dovish,panorama,1,4.67893389555403e-7,0.6931471805599453,3.243189837729637e-7,panorama,26,24
dovish,papua,1,4.67893389555403e-7,0.6931471805599453,3.243189837729637e-7,papua,39,11
dovish,parabl,1,4.67893389555403e-7,0.6931471805599453,3.243189837729637e-7,parable,13,12
dovish,parad,1,4.67893389555403e-7,0.6931471805599453,3.243189837729637e-7,parade,7,14
dovish,pattnaik,1,4.67893389555403e-7,0.6931471805599453,3.243189837729637e-7,pattnaik,11,11
dovish,pedestrian,1,4.67893389555403e-7,0.6931471805599453,3.243189837729637e-7,pedestrian,10,14
dovish,pedigre,1,4.67893389555403e-7,0.6931471805599453,3.243189837729637e-7,pedigree,18,17
dovish,peltro,1,4.67893389555403e-7,0.6931471805599453,3.243189837729637e-7,peltros,11,12
dovish,penchant,1,4.67893389555403e-7,0.6931471805599453,3.243189837729637e-7,penchant,25,25
dovish,permut,1,4.67893389555403e-7,0.6931471805599453,3.243189837729637e-7,permutations,10,11
dovish,pet,1,4.67893389555403e-7,0.6931471805599453,3.243189837729637e-7,pet,9,12
dovish,piazzesi,1,4.67893389555403e-7,0.6931471805599453,3.243189837729637e-7,piazzesi,31,15
dovish,picturesqu,1,4.67893389555403e-7,0.6931471805599453,3.243189837729637e-7,picturesque,11,11
dovish,piger,1,4.67893389555403e-7,0.6931471805599453,3.243189837729637e-7,piger,29,16
dovish,piggi,1,4.67893389555403e-7,0.6931471805599453,3.243189837729637e-7,piggy,16,12
dovish,pink,1,4.67893389555403e-7,0.6931471805599453,3.243189837729637e-7,pink,49,43
dovish,plagborg,1,4.67893389555403e-7,0.6931471805599453,3.243189837729637e-7,plagborg,22,15
dovish,playwright,1,4.67893389555403e-7,0.6931471805599453,3.243189837729637e-7,playwright,10,10
dovish,plenum,1,4.67893389555403e-7,0.6931471805599453,3.243189837729637e-7,plenum,24,19
dovish,pokhran,1,4.67893389555403e-7,0.6931471805599453,3.243189837729637e-7,pokhran,15,14
dovish,politic,1,4.67893389555403e-7,0.6931471805599453,3.243189837729637e-7,politicization,10,18
dovish,polo,1,4.67893389555403e-7,0.6931471805599453,3.243189837729637e-7,polo,16,13
dovish,premiership,1,4.67893389555403e-7,0.6931471805599453,3.243189837729637e-7,premiership,16,11
dovish,prerecess,1,4.67893389555403e-7,0.6931471805599453,3.243189837729637e-7,prerecession,15,14
dovish,pretens,1,4.67893389555403e-7,0.6931471805599453,3.243189837729637e-7,pretense,6,13
dovish,pricest,1,4.67893389555403e-7,0.6931471805599453,3.243189837729637e-7,pricestability,11,13
dovish,prick,1,4.67893389555403e-7,0.6931471805599453,3.243189837729637e-7,prick,44,46
dovish,primordi,1,4.67893389555403e-7,0.6931471805599453,3.243189837729637e-7,primordial,10,10
dovish,prix,1,4.67893389555403e-7,0.6931471805599453,3.243189837729637e-7,prix,23,13
dovish,protein,1,4.67893389555403e-7,0.6931471805599453,3.243189837729637e-7,protein,119,52
dovish,prune,1,4.67893389555403e-7,0.6931471805599453,3.243189837729637e-7,pruning,6,13
dovish,pulp,1,4.67893389555403e-7,0.6931471805599453,3.243189837729637e-7,pulp,11,10
dovish,purg,1,4.67893389555403e-7,0.6931471805599453,3.243189837729637e-7,purge,10,27
dovish,putback,1,4.67893389555403e-7,0.6931471805599453,3.243189837729637e-7,putback,18,12
dovish,puth,1,4.67893389555403e-7,0.6931471805599453,3.243189837729637e-7,puth,21,16
dovish,putin,1,4.67893389555403e-7,0.6931471805599453,3.243189837729637e-7,putin,22,17
dovish,pyrrhic,1,4.67893389555403e-7,0.6931471805599453,3.243189837729637e-7,pyrrhic,10,10
dovish,qoq,1,4.67893389555403e-7,0.6931471805599453,3.243189837729637e-7,qoq,41,23
dovish,quadrini,1,4.67893389555403e-7,0.6931471805599453,3.243189837729637e-7,quadrini,26,15
dovish,quandari,1,4.67893389555403e-7,0.6931471805599453,3.243189837729637e-7,quandary,9,10
dovish,quantil,1,4.67893389555403e-7,0.6931471805599453,3.243189837729637e-7,quantile,27,15
dovish,quarrel,1,4.67893389555403e-7,0.6931471805599453,3.243189837729637e-7,quarrel,8,10
dovish,quibbl,1,4.67893389555403e-7,0.6931471805599453,3.243189837729637e-7,quibble,15,14
dovish,quirk,1,4.67893389555403e-7,0.6931471805599453,3.243189837729637e-7,quirk,6,10
dovish,radha,1,4.67893389555403e-7,0.6931471805599453,3.243189837729637e-7,radha,12,12
dovish,radia,1,4.67893389555403e-7,0.6931471805599453,3.243189837729637e-7,radia,18,15
dovish,raf,1,4.67893389555403e-7,0.6931471805599453,3.243189837729637e-7,raf,37,10
dovish,ransom,1,4.67893389555403e-7,0.6931471805599453,3.243189837729637e-7,ransom,13,13
dovish,rapport,1,4.67893389555403e-7,0.6931471805599453,3.243189837729637e-7,rapport,18,13
dovish,rarer,1,4.67893389555403e-7,0.6931471805599453,3.243189837729637e-7,rarer,19,16
dovish,rariti,1,4.67893389555403e-7,0.6931471805599453,3.243189837729637e-7,rarity,12,12
dovish,ratna,1,4.67893389555403e-7,0.6931471805599453,3.243189837729637e-7,ratna,10,10
dovish,ratnovski,1,4.67893389555403e-7,0.6931471805599453,3.243189837729637e-7,ratnovski,35,21
dovish,raven,1,4.67893389555403e-7,0.6931471805599453,3.243189837729637e-7,raven,14,16
dovish,rbabulletin,1,4.67893389555403e-7,0.6931471805599453,3.243189837729637e-7,rbabulletin,11,10
dovish,rea,1,4.67893389555403e-7,0.6931471805599453,3.243189837729637e-7,rea,14,11
dovish,reactionari,1,4.67893389555403e-7,0.6931471805599453,3.243189837729637e-7,reactionary,16,13
dovish,ream,1,4.67893389555403e-7,0.6931471805599453,3.243189837729637e-7,reams,14,15
dovish,reappoint,1,4.67893389555403e-7,0.6931471805599453,3.243189837729637e-7,reappointment,18,15
dovish,rebut,1,4.67893389555403e-7,0.6931471805599453,3.243189837729637e-7,rebut,8,12
dovish,recalcul,1,4.67893389555403e-7,0.6931471805599453,3.243189837729637e-7,recalculated,10,20
dovish,recharg,1,4.67893389555403e-7,0.6931471805599453,3.243189837729637e-7,recharge,13,15
dovish,reclassif,1,4.67893389555403e-7,0.6931471805599453,3.243189837729637e-7,reclassification,11,18
dovish,recommit,1,4.67893389555403e-7,0.6931471805599453,3.243189837729637e-7,recommit,5,10
dovish,redrawn,1,4.67893389555403e-7,0.6931471805599453,3.243189837729637e-7,redrawn,12,10
dovish,reenter,1,4.67893389555403e-7,0.6931471805599453,3.243189837729637e-7,reenter,8,14
dovish,regenc,1,4.67893389555403e-7,0.6931471805599453,3.243189837729637e-7,regencies,6,10
dovish,regroup,1,4.67893389555403e-7,0.6931471805599453,3.243189837729637e-7,regrouped,4,10
dovish,reig,1,4.67893389555403e-7,0.6931471805599453,3.243189837729637e-7,reig,18,18
dovish,rendl,1,4.67893389555403e-7,0.6931471805599453,3.243189837729637e-7,rendle,13,13
dovish,rennison,1,4.67893389555403e-7,0.6931471805599453,3.243189837729637e-7,rennison,19,15
dovish,repertoir,1,4.67893389555403e-7,0.6931471805599453,3.243189837729637e-7,repertoire,19,17
dovish,rephras,1,4.67893389555403e-7,0.6931471805599453,3.243189837729637e-7,rephrase,5,10
dovish,replay,1,4.67893389555403e-7,0.6931471805599453,3.243189837729637e-7,replay,12,13
dovish,repurpos,1,4.67893389555403e-7,0.6931471805599453,3.243189837729637e-7,repurposing,7,12
dovish,retaliatori,1,4.67893389555403e-7,0.6931471805599453,3.243189837729637e-7,retaliatory,24,22
dovish,rever,1,4.67893389555403e-7,0.6931471805599453,3.243189837729637e-7,revered,14,17
dovish,rhiannon,1,4.67893389555403e-7,0.6931471805599453,3.243189837729637e-7,rhiannon,12,12
dovish,ribbon,1,4.67893389555403e-7,0.6931471805599453,3.243189837729637e-7,ribbon,14,10
dovish,riccardo,1,4.67893389555403e-7,0.6931471805599453,3.243189837729637e-7,riccardo,16,15
dovish,rick,1,4.67893389555403e-7,0.6931471805599453,3.243189837729637e-7,rick,10,14
dovish,riddl,1,4.67893389555403e-7,0.6931471805599453,3.243189837729637e-7,riddled,14,19
dovish,rightward,1,4.67893389555403e-7,0.6931471805599453,3.243189837729637e-7,rightward,12,18
dovish,rigobon,1,4.67893389555403e-7,0.6931471805599453,3.243189837729637e-7,rigobon,55,29
dovish,riley,1,4.67893389555403e-7,0.6931471805599453,3.243189837729637e-7,riley,21,16
dovish,rime,1,4.67893389555403e-7,0.6931471805599453,3.243189837729637e-7,rime,14,13
dovish,robay,1,4.67893389555403e-7,0.6931471805599453,3.243189837729637e-7,robays,12,10
dovish,robberi,1,4.67893389555403e-7,0.6931471805599453,3.243189837729637e-7,robbery,10,11
dovish,robson,1,4.67893389555403e-7,0.6931471805599453,3.243189837729637e-7,robson,16,11
dovish,rod,1,4.67893389555403e-7,0.6931471805599453,3.243189837729637e-7,rod,18,17
dovish,roil,1,4.67893389555403e-7,0.6931471805599453,3.243189837729637e-7,roiled,20,30
dovish,roma,1,4.67893389555403e-7,0.6931471805599453,3.243189837729637e-7,roma,14,12
dovish,rotemberg,1,4.67893389555403e-7,0.6931471805599453,3.243189837729637e-7,rotemberg,65,37
dovish,rother,1,4.67893389555403e-7,0.6931471805599453,3.243189837729637e-7,rother,11,10
dovish,rqfii,1,4.67893389555403e-7,0.6931471805599453,3.243189837729637e-7,rqfii,15,11
dovish,rsa,1,4.67893389555403e-7,0.6931471805599453,3.243189837729637e-7,rsa,32,12
dovish,rudd,1,4.67893389555403e-7,0.6931471805599453,3.243189837729637e-7,rudd,33,21
dovish,rudi,1,4.67893389555403e-7,0.6931471805599453,3.243189837729637e-7,rudi,13,14
dovish,rudig,1,4.67893389555403e-7,0.6931471805599453,3.243189837729637e-7,rudiger,24,20
dovish,rug,1,4.67893389555403e-7,0.6931471805599453,3.243189837729637e-7,rug,9,11
dovish,runway,1,4.67893389555403e-7,0.6931471805599453,3.243189837729637e-7,runway,11,12
dovish,rupal,1,4.67893389555403e-7,0.6931471805599453,3.243189837729637e-7,rupal,11,11
dovish,ryland,1,4.67893389555403e-7,0.6931471805599453,3.243189837729637e-7,ryland,44,34
dovish,sadun,1,4.67893389555403e-7,0.6931471805599453,3.243189837729637e-7,sadun,18,15
dovish,saga,1,4.67893389555403e-7,0.6931471805599453,3.243189837729637e-7,saga,42,22
dovish,saggar,1,4.67893389555403e-7,0.6931471805599453,3.243189837729637e-7,saggar,13,11
dovish,sahoo,1,4.67893389555403e-7,0.6931471805599453,3.243189837729637e-7,sahoo,16,13
dovish,sailor,1,4.67893389555403e-7,0.6931471805599453,3.243189837729637e-7,sailors,12,12
dovish,saleheen,1,4.67893389555403e-7,0.6931471805599453,3.243189837729637e-7,saleheen,48,30
dovish,salina,1,4.67893389555403e-7,0.6931471805599453,3.243189837729637e-7,salina,12,12
dovish,salubri,1,4.67893389555403e-7,0.6931471805599453,3.243189837729637e-7,salubrious,10,10
dovish,sang,1,4.67893389555403e-7,0.6931471805599453,3.243189837729637e-7,sang,8,10
dovish,sanjay,1,4.67893389555403e-7,0.6931471805599453,3.243189837729637e-7,sanjay,13,13
dovish,sank,1,4.67893389555403e-7,0.6931471805599453,3.243189837729637e-7,sank,14,14
dovish,sapienza,1,4.67893389555403e-7,0.6931471805599453,3.243189837729637e-7,sapienza,25,12
dovish,satiat,1,4.67893389555403e-7,0.6931471805599453,3.243189837729637e-7,satiated,9,11
dovish,saviour,1,4.67893389555403e-7,0.6931471805599453,3.243189837729637e-7,saviour,8,10
dovish,sayer,1,4.67893389555403e-7,0.6931471805599453,3.243189837729637e-7,sayers,25,14
dovish,scari,1,4.67893389555403e-7,0.6931471805599453,3.243189837729637e-7,scary,16,16
dovish,scenic,1,4.67893389555403e-7,0.6931471805599453,3.243189837729637e-7,scenic,13,13
dovish,schemat,1,4.67893389555403e-7,0.6931471805599453,3.243189837729637e-7,schematic,23,30
dovish,schindler,1,4.67893389555403e-7,0.6931471805599453,3.243189837729637e-7,schindler,18,13
dovish,schmitz,1,4.67893389555403e-7,0.6931471805599453,3.243189837729637e-7,schmitz,34,15
dovish,schrimpf,1,4.67893389555403e-7,0.6931471805599453,3.243189837729637e-7,schrimpf,14,11
dovish,schwarz,1,4.67893389555403e-7,0.6931471805599453,3.243189837729637e-7,schwarz,14,13
dovish,schweizerisch,1,4.67893389555403e-7,0.6931471805599453,3.243189837729637e-7,schweizerische,12,14
dovish,scout,1,4.67893389555403e-7,0.6931471805599453,3.243189837729637e-7,scout,6,13
dovish,sebastia,1,4.67893389555403e-7,0.6931471805599453,3.243189837729637e-7,sebastia,21,15
dovish,sebastian,1,4.67893389555403e-7,0.6931471805599453,3.243189837729637e-7,sebastian,53,44
dovish,secondround,1,4.67893389555403e-7,0.6931471805599453,3.243189837729637e-7,secondround,20,19
dovish,seep,1,4.67893389555403e-7,0.6931471805599453,3.243189837729637e-7,seep,6,17
dovish,seisaku,1,4.67893389555403e-7,0.6931471805599453,3.243189837729637e-7,seisaku,37,27
dovish,seismic,1,4.67893389555403e-7,0.6931471805599453,3.243189837729637e-7,seismic,38,37
dovish,selfless,1,4.67893389555403e-7,0.6931471805599453,3.243189837729637e-7,selfless,8,11
dovish,selfregulatori,1,4.67893389555403e-7,0.6931471805599453,3.243189837729637e-7,selfregulatory,11,10
dovish,selloff,1,4.67893389555403e-7,0.6931471805599453,3.243189837729637e-7,selloff,11,13
dovish,sequel,1,4.67893389555403e-7,0.6931471805599453,3.243189837729637e-7,sequel,29,29
dovish,sergio,1,4.67893389555403e-7,0.6931471805599453,3.243189837729637e-7,sergio,27,24
dovish,sevenfold,1,4.67893389555403e-7,0.6931471805599453,3.243189837729637e-7,sevenfold,11,10
dovish,shale,1,4.67893389555403e-7,0.6931471805599453,3.243189837729637e-7,shale,83,56
dovish,sheriff,1,4.67893389555403e-7,0.6931471805599453,3.243189837729637e-7,sheriffs,17,19
dovish,shim,1,4.67893389555403e-7,0.6931471805599453,3.243189837729637e-7,shim,35,19
dovish,shiv,1,4.67893389555403e-7,0.6931471805599453,3.243189837729637e-7,shiv,34,34
dovish,shopkeep,1,4.67893389555403e-7,0.6931471805599453,3.243189837729637e-7,shopkeepers,12,19
dovish,shower,1,4.67893389555403e-7,0.6931471805599453,3.243189837729637e-7,showers,10,10
dovish,shuttl,1,4.67893389555403e-7,0.6931471805599453,3.243189837729637e-7,shuttle,11,10
dovish,simsek,1,4.67893389555403e-7,0.6931471805599453,3.243189837729637e-7,simsek,25,13
dovish,sinist,1,4.67893389555403e-7,0.6931471805599453,3.243189837729637e-7,sinister,10,10
dovish,sip,1,4.67893389555403e-7,0.6931471805599453,3.243189837729637e-7,sips,11,11
dovish,sixtieth,1,4.67893389555403e-7,0.6931471805599453,3.243189837729637e-7,sixtieth,11,10
dovish,skander,1,4.67893389555403e-7,0.6931471805599453,3.243189837729637e-7,skander,13,12
dovish,slid,1,4.67893389555403e-7,0.6931471805599453,3.243189837729637e-7,slid,19,19
dovish,smi,1,4.67893389555403e-7,0.6931471805599453,3.243189837729637e-7,smi,11,11
dovish,smietanka,1,4.67893389555403e-7,0.6931471805599453,3.243189837729637e-7,smietanka,14,12
dovish,sna,1,4.67893389555403e-7,0.6931471805599453,3.243189837729637e-7,sna,100,50
dovish,sobr,1,4.67893389555403e-7,0.6931471805599453,3.243189837729637e-7,sobre,33,25
dovish,sociologist,1,4.67893389555403e-7,0.6931471805599453,3.243189837729637e-7,sociologists,13,21
dovish,socrat,1,4.67893389555403e-7,0.6931471805599453,3.243189837729637e-7,socrates,12,10
dovish,sofia,1,4.67893389555403e-7,0.6931471805599453,3.243189837729637e-7,sofia,16,11
dovish,solitud,1,4.67893389555403e-7,0.6931471805599453,3.243189837729637e-7,solitude,6,10
dovish,somakumar,1,4.67893389555403e-7,0.6931471805599453,3.243189837729637e-7,somakumar,12,12
dovish,soni,1,4.67893389555403e-7,0.6931471805599453,3.243189837729637e-7,sony,7,10
dovish,sooth,1,4.67893389555403e-7,0.6931471805599453,3.243189837729637e-7,soothing,7,19
dovish,sous,1,4.67893389555403e-7,0.6931471805599453,3.243189837729637e-7,sous,10,10
dovish,sowerbutt,1,4.67893389555403e-7,0.6931471805599453,3.243189837729637e-7,sowerbutts,25,17
dovish,specimen,1,4.67893389555403e-7,0.6931471805599453,3.243189837729637e-7,specimen,7,13
dovish,spencer,1,4.67893389555403e-7,0.6931471805599453,3.243189837729637e-7,spencer,101,68
dovish,splice,1,4.67893389555403e-7,0.6931471805599453,3.243189837729637e-7,spliced,10,13
dovish,sprout,1,4.67893389555403e-7,0.6931471805599453,3.243189837729637e-7,sprouting,7,17
dovish,ssss,1,4.67893389555403e-7,0.6931471805599453,3.243189837729637e-7,ssss,32,13
dovish,stalem,1,4.67893389555403e-7,0.6931471805599453,3.243189837729637e-7,stalemate,17,13
dovish,standardset,1,4.67893389555403e-7,0.6931471805599453,3.243189837729637e-7,standardsetting,11,11
dovish,stateconting,1,4.67893389555403e-7,0.6931471805599453,3.243189837729637e-7,statecontingent,15,14
dovish,statesmen,1,4.67893389555403e-7,0.6931471805599453,3.243189837729637e-7,statesmen,12,11
dovish,stealth,1,4.67893389555403e-7,0.6931471805599453,3.243189837729637e-7,stealth,15,14
dovish,stigmat,1,4.67893389555403e-7,0.6931471805599453,3.243189837729637e-7,stigmatized,5,10
dovish,stirl,1,4.67893389555403e-7,0.6931471805599453,3.243189837729637e-7,stirling,23,16
dovish,stoppag,1,4.67893389555403e-7,0.6931471805599453,3.243189837729637e-7,stoppages,23,27
dovish,studio,1,4.67893389555403e-7,0.6931471805599453,3.243189837729637e-7,studio,8,10
dovish,subcontractor,1,4.67893389555403e-7,0.6931471805599453,3.243189837729637e-7,subcontractors,18,15
dovish,subdivis,1,4.67893389555403e-7,0.6931471805599453,3.243189837729637e-7,subdivisions,16,18
dovish,subway,1,4.67893389555403e-7,0.6931471805599453,3.243189837729637e-7,subway,13,14
dovish,suchanek,1,4.67893389555403e-7,0.6931471805599453,3.243189837729637e-7,suchanek,15,13
dovish,suda,1,4.67893389555403e-7,0.6931471805599453,3.243189837729637e-7,suda,24,11
dovish,sudo,1,4.67893389555403e-7,0.6931471805599453,3.243189837729637e-7,sudo,16,10
dovish,suffoc,1,4.67893389555403e-7,0.6931471805599453,3.243189837729637e-7,suffocate,9,11
dovish,summat,1,4.67893389555403e-7,0.6931471805599453,3.243189837729637e-7,summation,9,11
dovish,sunderam,1,4.67893389555403e-7,0.6931471805599453,3.243189837729637e-7,sunderam,13,10
dovish,sunlight,1,4.67893389555403e-7,0.6931471805599453,3.243189837729637e-7,sunlight,17,15
dovish,sunris,1,4.67893389555403e-7,0.6931471805599453,3.243189837729637e-7,sunrise,12,11
dovish,suomen,1,4.67893389555403e-7,0.6931471805599453,3.243189837729637e-7,suomen,26,17
dovish,supercycl,1,4.67893389555403e-7,0.6931471805599453,3.243189837729637e-7,supercycle,15,13
dovish,supplydemand,1,4.67893389555403e-7,0.6931471805599453,3.243189837729637e-7,supplydemand,10,10
dovish,supress,1,4.67893389555403e-7,0.6931471805599453,3.243189837729637e-7,supressed,7,14
dovish,swoboda,1,4.67893389555403e-7,0.6931471805599453,3.243189837729637e-7,swoboda,17,14
dovish,sympath,1,4.67893389555403e-7,0.6931471805599453,3.243189837729637e-7,sympathize,10,10
dovish,symphoni,1,4.67893389555403e-7,0.6931471805599453,3.243189837729637e-7,symphony,12,10
dovish,tad,1,4.67893389555403e-7,0.6931471805599453,3.243189837729637e-7,tad,11,11
dovish,takatoshi,1,4.67893389555403e-7,0.6931471805599453,3.243189837729637e-7,takatoshi,16,11
dovish,tanja,1,4.67893389555403e-7,0.6931471805599453,3.243189837729637e-7,tanja,11,11
dovish,tanner,1,4.67893389555403e-7,0.6931471805599453,3.243189837729637e-7,tanner,20,14
dovish,tass,1,4.67893389555403e-7,0.6931471805599453,3.243189837729637e-7,tass,73,48
dovish,taux,1,4.67893389555403e-7,0.6931471805599453,3.243189837729637e-7,taux,11,10
dovish,tenac,1,4.67893389555403e-7,0.6931471805599453,3.243189837729637e-7,tenacity,11,11
dovish,tendulkar,1,4.67893389555403e-7,0.6931471805599453,3.243189837729637e-7,tendulkar,42,10
dovish,tenggara,1,4.67893389555403e-7,0.6931471805599453,3.243189837729637e-7,tenggara,30,10
dovish,tfsme,1,4.67893389555403e-7,0.6931471805599453,3.243189837729637e-7,tfsme,41,15
dovish,thadden,1,4.67893389555403e-7,0.6931471805599453,3.243189837729637e-7,thadden,20,14
dovish,thanexpect,1,4.67893389555403e-7,0.6931471805599453,3.243189837729637e-7,thanexpected,29,29
dovish,theater,1,4.67893389555403e-7,0.6931471805599453,3.243189837729637e-7,theater,14,14
dovish,thema,1,4.67893389555403e-7,0.6931471805599453,3.243189837729637e-7,thema,10,10
dovish,theoris,1,4.67893389555403e-7,0.6931471805599453,3.243189837729637e-7,theorising,8,13
dovish,thesmar,1,4.67893389555403e-7,0.6931471805599453,3.243189837729637e-7,thesmar,16,12
dovish,thirtieth,1,4.67893389555403e-7,0.6931471805599453,3.243189837729637e-7,thirtieth,14,12
dovish,thous,1,4.67893389555403e-7,0.6931471805599453,3.243189837729637e-7,thous,48,27
dovish,tns,1,4.67893389555403e-7,0.6931471805599453,3.243189837729637e-7,tns,40,10
dovish,toma,1,4.67893389555403e-7,0.6931471805599453,3.243189837729637e-7,tomas,39,38
dovish,tomaz,1,4.67893389555403e-7,0.6931471805599453,3.243189837729637e-7,tomaz,38,33
dovish,topa,1,4.67893389555403e-7,0.6931471805599453,3.243189837729637e-7,topa,15,14
dovish,topalova,1,4.67893389555403e-7,0.6931471805599453,3.243189837729637e-7,topalova,14,13
dovish,tovalu,1,4.67893389555403e-7,0.6931471805599453,3.243189837729637e-7,tovalue,12,12
dovish,toyota,1,4.67893389555403e-7,0.6931471805599453,3.243189837729637e-7,toyota,14,13
dovish,trabajo,1,4.67893389555403e-7,0.6931471805599453,3.243189837729637e-7,trabajo,11,10
dovish,tradeweb,1,4.67893389555403e-7,0.6931471805599453,3.243189837729637e-7,tradeweb,34,25
dovish,trailblaz,1,4.67893389555403e-7,0.6931471805599453,3.243189837729637e-7,trailblazer,5,10
dovish,transcendent,1,4.67893389555403e-7,0.6931471805599453,3.243189837729637e-7,transcendental,12,12
dovish,troop,1,4.67893389555403e-7,0.6931471805599453,3.243189837729637e-7,troops,17,18
dovish,trott,1,4.67893389555403e-7,0.6931471805599453,3.243189837729637e-7,trott,16,15
dovish,tsb,1,4.67893389555403e-7,0.6931471805599453,3.243189837729637e-7,tsb,16,14
dovish,tsutomu,1,4.67893389555403e-7,0.6931471805599453,3.243189837729637e-7,tsutomu,21,19
dovish,tug,1,4.67893389555403e-7,0.6931471805599453,3.243189837729637e-7,tug,16,14
dovish,unanchor,1,4.67893389555403e-7,0.6931471805599453,3.243189837729637e-7,unanchored,111,106
dovish,unapp,1,4.67893389555403e-7,0.6931471805599453,3.243189837729637e-7,unappealing,10,10
dovish,unbal,1,4.67893389555403e-7,0.6931471805599453,3.243189837729637e-7,unbalance,9,12
dovish,unceas,1,4.67893389555403e-7,0.6931471805599453,3.243189837729637e-7,unceasing,9,12
dovish,uncl,1,4.67893389555403e-7,0.6931471805599453,3.243189837729637e-7,uncle,18,14
dovish,unconnect,1,4.67893389555403e-7,0.6931471805599453,3.243189837729637e-7,unconnected,27,26
dovish,undercurr,1,4.67893389555403e-7,0.6931471805599453,3.243189837729637e-7,undercurrent,8,14
dovish,underpredict,1,4.67893389555403e-7,0.6931471805599453,3.243189837729637e-7,underpredicted,9,17
dovish,undiminish,1,4.67893389555403e-7,0.6931471805599453,3.243189837729637e-7,undiminished,18,16
dovish,undiversifi,1,4.67893389555403e-7,0.6931471805599453,3.243189837729637e-7,undiversified,9,11
dovish,unend,1,4.67893389555403e-7,0.6931471805599453,3.243189837729637e-7,unending,10,11
dovish,unenvi,1,4.67893389555403e-7,0.6931471805599453,3.243189837729637e-7,unenviable,18,18
dovish,unfail,1,4.67893389555403e-7,0.6931471805599453,3.243189837729637e-7,unfailing,8,12
dovish,unforgiv,1,4.67893389555403e-7,0.6931471805599453,3.243189837729637e-7,unforgiving,17,19
dovish,unhind,1,4.67893389555403e-7,0.6931471805599453,3.243189837729637e-7,unhindered,19,19
dovish,uninterest,1,4.67893389555403e-7,0.6931471805599453,3.243189837729637e-7,uninteresting,7,13
dovish,unlevel,1,4.67893389555403e-7,0.6931471805599453,3.243189837729637e-7,unlevel,24,19
dovish,unleverag,1,4.67893389555403e-7,0.6931471805599453,3.243189837729637e-7,unleveraged,12,10
dovish,untoward,1,4.67893389555403e-7,0.6931471805599453,3.243189837729637e-7,untoward,10,10
dovish,untru,1,4.67893389555403e-7,0.6931471805599453,3.243189837729637e-7,untrue,12,11
dovish,usaha,1,4.67893389555403e-7,0.6931471805599453,3.243189837729637e-7,usaha,16,10
dovish,utopia,1,4.67893389555403e-7,0.6931471805599453,3.243189837729637e-7,utopia,15,14
dovish,valorem,1,4.67893389555403e-7,0.6931471805599453,3.243189837729637e-7,valorem,11,10
dovish,vanessa,1,4.67893389555403e-7,0.6931471805599453,3.243189837729637e-7,vanessa,11,11
dovish,vardoulaki,1,4.67893389555403e-7,0.6931471805599453,3.243189837729637e-7,vardoulakis,22,16
dovish,varga,1,4.67893389555403e-7,0.6931471805599453,3.243189837729637e-7,varga,10,13
dovish,vasco,1,4.67893389555403e-7,0.6931471805599453,3.243189837729637e-7,vasco,24,22
dovish,vehement,1,4.67893389555403e-7,0.6931471805599453,3.243189837729637e-7,vehemently,8,10
dovish,velasco,1,4.67893389555403e-7,0.6931471805599453,3.243189837729637e-7,velasco,28,21
dovish,veldkamp,1,4.67893389555403e-7,0.6931471805599453,3.243189837729637e-7,veldkamp,24,13
dovish,vengeanc,1,4.67893389555403e-7,0.6931471805599453,3.243189837729637e-7,vengeance,15,15
dovish,vent,1,4.67893389555403e-7,0.6931471805599453,3.243189837729637e-7,vent,9,10
dovish,vermeulen,1,4.67893389555403e-7,0.6931471805599453,3.243189837729637e-7,vermeulen,15,12
dovish,videoconferenc,1,4.67893389555403e-7,0.6931471805599453,3.243189837729637e-7,videoconferencing,11,11
dovish,vigfusson,1,4.67893389555403e-7,0.6931471805599453,3.243189837729637e-7,vigfusson,20,10
dovish,vinci,1,4.67893389555403e-7,0.6931471805599453,3.243189837729637e-7,vinci,10,10
dovish,visco,1,4.67893389555403e-7,0.6931471805599453,3.243189837729637e-7,visco,14,10
dovish,viss,1,4.67893389555403e-7,0.6931471805599453,3.243189837729637e-7,vissing,58,33
dovish,vittorio,1,4.67893389555403e-7,0.6931471805599453,3.243189837729637e-7,vittorio,12,11
dovish,walrasian,1,4.67893389555403e-7,0.6931471805599453,3.243189837729637e-7,walrasian,14,10
dovish,wardlow,1,4.67893389555403e-7,0.6931471805599453,3.243189837729637e-7,wardlow,14,14
dovish,watertight,1,4.67893389555403e-7,0.6931471805599453,3.243189837729637e-7,watertight,17,16
dovish,waysid,1,4.67893389555403e-7,0.6931471805599453,3.243189837729637e-7,wayside,17,16
dovish,webster,1,4.67893389555403e-7,0.6931471805599453,3.243189837729637e-7,webster,14,12
dovish,well,1,4.67893389555403e-7,0.6931471805599453,3.243189837729637e-7,wellness,14,16
dovish,welldesign,1,4.67893389555403e-7,0.6931471805599453,3.243189837729637e-7,welldesigned,14,14
dovish,wellington,1,4.67893389555403e-7,0.6931471805599453,3.243189837729637e-7,wellington,12,11
dovish,wellmanag,1,4.67893389555403e-7,0.6931471805599453,3.243189837729637e-7,wellmanaged,12,12
dovish,werden,1,4.67893389555403e-7,0.6931471805599453,3.243189837729637e-7,werden,15,11
dovish,wern,1,4.67893389555403e-7,0.6931471805599453,3.243189837729637e-7,werning,40,29
dovish,whammi,1,4.67893389555403e-7,0.6931471805599453,3.243189837729637e-7,whammy,17,17
dovish,widerang,1,4.67893389555403e-7,0.6931471805599453,3.243189837729637e-7,wideranging,19,19
dovish,wiggl,1,4.67893389555403e-7,0.6931471805599453,3.243189837729637e-7,wiggle,11,12
dovish,wilhelm,1,4.67893389555403e-7,0.6931471805599453,3.243189837729637e-7,wilhelm,23,14
dovish,wilkinson,1,4.67893389555403e-7,0.6931471805599453,3.243189837729637e-7,wilkinson,19,11
dovish,wincoop,1,4.67893389555403e-7,0.6931471805599453,3.243189837729637e-7,wincoop,19,13
dovish,wirtschaftsforschung,1,4.67893389555403e-7,0.6931471805599453,3.243189837729637e-7,wirtschaftsforschung,12,12
dovish,wirtschaftspolitik,1,4.67893389555403e-7,0.6931471805599453,3.243189837729637e-7,wirtschaftspolitik,25,19
dovish,wive,1,4.67893389555403e-7,0.6931471805599453,3.243189837729637e-7,wives,14,11
dovish,wool,1,4.67893389555403e-7,0.6931471805599453,3.243189837729637e-7,wool,26,17
dovish,workaround,1,4.67893389555403e-7,0.6931471805599453,3.243189837729637e-7,workarounds,8,10
dovish,worlidg,1,4.67893389555403e-7,0.6931471805599453,3.243189837729637e-7,worlidge,16,12
dovish,wrinkl,1,4.67893389555403e-7,0.6931471805599453,3.243189837729637e-7,wrinkles,7,12
dovish,writ,1,4.67893389555403e-7,0.6931471805599453,3.243189837729637e-7,writ,11,10
dovish,wwi,1,4.67893389555403e-7,0.6931471805599453,3.243189837729637e-7,wwi,29,10
dovish,xxiii,1,4.67893389555403e-7,0.6931471805599453,3.243189837729637e-7,xxiii,11,10
dovish,yamamoto,1,4.67893389555403e-7,0.6931471805599453,3.243189837729637e-7,yamamoto,17,12
dovish,yugoslav,1,4.67893389555403e-7,0.6931471805599453,3.243189837729637e-7,yugoslav,15,12
dovish,zakat,1,4.67893389555403e-7,0.6931471805599453,3.243189837729637e-7,zakat,77,21
dovish,zampolli,1,4.67893389555403e-7,0.6931471805599453,3.243189837729637e-7,zampolli,26,19
dovish,zar,1,4.67893389555403e-7,0.6931471805599453,3.243189837729637e-7,zar,31,17
dovish,zehnder,1,4.67893389555403e-7,0.6931471805599453,3.243189837729637e-7,zehnder,11,11
dovish,zelmer,1,4.67893389555403e-7,0.6931471805599453,3.243189837729637e-7,zelmer,12,11
dovish,zoom,1,4.67893389555403e-7,0.6931471805599453,3.243189837729637e-7,zoom,18,28
dovish,zorzi,1,4.67893389555403e-7,0.6931471805599453,3.243189837729637e-7,zorzi,19,11
dovish,risk,17872,0.008362190658134162,0,0,risk,73978,10030
dovish,rate,15404,0.007207429772711428,0,0,rate,103316,9894
dovish,system,15156,0.007091392212101688,0,0,system,65513,9713
dovish,increas,10483,0.00490492640270929,0,0,increase,36306,10583
dovish,capit,9714,0.004545116386141185,0,0,capital,61461,8213
dovish,countri,9712,0.004544180599362074,0,0,countries,51504,9235
dovish,institut,8332,0.003898487721775618,0,0,institutions,37399,8879
dovish,sector,8325,0.0038952124680487303,0,0,sector,48921,9120
dovish,term,8017,0.003751101304065666,0,0,term,57108,10189
dovish,credit,7933,0.003711798259343012,0,0,credit,51734,7641
dovish,govern,7895,0.003694018310539907,0,0,government,30144,9133
dovish,effect,7394,0.00345960372237265,0,0,effects,26512,10241
dovish,level,7133,0.00333748354769869,0,0,level,40162,10168
dovish,manag,7105,0.0033243825327911383,0,0,management,26568,7932
dovish,busi,6918,0.003236886468944278,0,0,business,35733,8485
dovish,payment,6878,0.003218170733362062,0,0,payments,18234,4842
dovish,reserv,6878,0.003218170733362062,0,0,reserve,42141,7263
dovish,product,6834,0.0031975834242216243,0,0,productivity,19436,8348
dovish,crisi,6779,0.003171849287796077,0,0,crisis,51499,6867
dovish,intern,6759,0.003162491420004969,0,0,international,37379,8709
dovish,invest,6539,0.0030595548743027803,0,0,investment,37250,8269
dovish,inflat,6390,0.0029898387592590253,0,0,inflation,130560,7215
dovish,asset,6388,0.0029889029724799146,0,0,assets,25079,7410
dovish,issu,6335,0.0029641046228334783,0,0,issues,18435,8997
dovish,provid,6297,0.002946324674030373,0,0,provide,19019,9462
dovish,fund,6092,0.0028504065291715154,0,0,funds,21233,7282
dovish,requir,6042,0.002827011859693745,0,0,requirements,12549,8790
dovish,account,5999,0.0028068924439428626,0,0,account,22754,8766
dovish,servic,5973,0.002794727215814422,0,0,services,28739,7323
dovish,recent,5915,0.002767589399220209,0,0,recent,37723,9964
dovish,liquid,5584,0.0026127166872773706,0,0,liquidity,34343,6135
dovish,continu,5517,0.0025813678301771586,0,0,continue,21681,9976
dovish,cost,5414,0.002533174811052952,0,0,costs,19565,8280
dovish,regul,5411,0.0025317711308842855,0,0,regulation,16057,5973
dovish,measur,5350,0.002503229634121406,0,0,measures,30263,8738
dovish,financ,5334,0.0024957433398885196,0,0,finance,19868,7947
dovish,expect,5296,0.0024779633910854146,0,0,expectations,26794,9383
dovish,speech,5228,0.002446146640595647,0,0,speeches,21375,8530
dovish,oper,5162,0.0024152656768849905,0,0,operations,12608,7933
dovish,includ,5050,0.0023628616172547854,0,0,including,22943,9574
dovish,improv,5040,0.002358182683359231,0,0,improve,10457,8792
dovish,support,5004,0.002341338521335237,0,0,support,22343,9094
dovish,nation,4962,0.00232168699897391,0,0,national,27903,7868
dovish,activ,4811,0.002251035097151044,0,0,activity,20628,9007
dovish,debt,4809,0.002250099310371933,0,0,debt,29696,5835
dovish,secur,4778,0.0022355946152957155,0,0,securities,17757,6601
dovish,firm,4703,0.0022005026110790606,0,0,firms,33013,6384
dovish,chang,4636,0.0021691537539788486,0,0,change,24812,8419
dovish,process,4531,0.002120024948075531,0,0,process,24183,8084
dovish,inform,4519,0.002114410227400866,0,0,information,24845,7195
dovish,loan,4408,0.0020624740611602166,0,0,loans,18554,4960
dovish,feder,4406,0.002061538274381106,0,0,federal,36291,5239
dovish,trade,4400,0.0020587309140437733,0,0,trade,22009,6904
dovish,exchang,4256,0.0019913542659477953,0,0,exchange,40582,6673
dovish,signific,4153,0.0019431612468235888,0,0,significant,22463,9163
dovish,role,4087,0.0019122802831129321,0,0,role,27535,8407
dovish,balanc,4078,0.0019080692426069335,0,0,balance,24076,7850
dovish,base,4059,0.0018991792682053808,0,0,based,26744,8633
dovish,relat,4013,0.0018776561722858324,0,0,related,13760,8871
dovish,world,3984,0.0018640872639887256,0,0,world,31286,7906
dovish,structur,3960,0.001852857822639396,0,0,structural,15536,7775
dovish,current,3868,0.0018098116308002989,0,0,current,35478,8650
dovish,standard,3862,0.0018070042704629666,0,0,standards,14480,6601
dovish,result,3848,0.0018004537630091908,0,0,result,17256,9045
dovish,challeng,3845,0.0017990500828405245,0,0,challenges,16778,7798
dovish,low,3842,0.0017976464026718585,0,0,low,32495,7975
dovish,industri,3828,0.0017910958952180828,0,0,industry,14271,6331
dovish,futur,3821,0.0017878206414911949,0,0,future,28936,8690
dovish,money,3808,0.0017817380274269747,0,0,money,31527,6018
dovish,demand,3773,0.0017653617587925355,0,0,demand,38998,7913
dovish,remain,3749,0.0017541323174432059,0,0,remain,15678,9103
dovish,real,3737,0.001748517596768541,0,0,real,37279,7991
dovish,banker,3708,0.0017349486884714344,0,0,bankers,21740,4685
dovish,framework,3703,0.0017326092215236575,0,0,framework,25873,6855
dovish,reform,3679,0.0017213797801743278,0,0,reforms,12970,4984
dovish,ensur,3672,0.00171810452644744,0,0,ensure,16869,7857
dovish,respons,3649,0.0017073429784876656,0,0,response,12963,8552
dovish,particip,3571,0.001670847294102344,0,0,participants,13517,7010
dovish,set,3570,0.0016703794007127887,0,0,set,18569,8333
dovish,currenc,3551,0.001661489426311236,0,0,currency,23968,5601
dovish,share,3522,0.0016479205180141294,0,0,share,15386,7446
dovish,technolog,3508,0.0016413700105603539,0,0,technology,10808,4506
dovish,period,3505,0.0016399663303916876,0,0,period,28733,8245
dovish,cent,3489,0.0016324800361588012,0,0,cent,25345,2484
dovish,reduc,3442,0.0016104890468496972,0,0,reduce,11424,8135
dovish,bond,3418,0.0015992596055003675,0,0,bonds,11930,4573
dovish,data,3389,0.001585690697203261,0,0,data,28011,6189
dovish,report,3389,0.001585690697203261,0,0,report,15731,6754
dovish,benefit,3381,0.0015819475500868177,0,0,benefits,11536,6921
dovish,regulatori,3377,0.001580075976528596,0,0,regulatory,20952,4746
dovish,potenti,3364,0.0015739933624643757,0,0,potential,24583,8063
dovish,fiscal,3326,0.0015562134136612705,0,0,fiscal,30318,5322
dovish,communiti,3296,0.0015421766119746083,0,0,community,10735,3178
dovish,competit,3286,0.0015374976780790544,0,0,competition,9996,5606
dovish,past,3256,0.0015234608763923922,0,0,past,27277,8140
dovish,incom,3236,0.0015141030086012841,0,0,income,20576,5907
dovish,lend,3219,0.0015061488209788423,0,0,lending,21098,5111
dovish,implement,3193,0.0014939835928504017,0,0,implementation,9606,6763
dovish,discuss,3118,0.0014588915886337467,0,0,discussion,8571,7832
dovish,privat,3118,0.0014588915886337467,0,0,private,22521,6610
dovish,decis,3111,0.0014556163349068588,0,0,decisions,13387,7263
dovish,model,3100,0.0014504695076217493,0,0,model,11840,4920
dovish,posit,3097,0.001449065827453083,0,0,positive,11293,8017
dovish,corpor,3075,0.0014387721728828643,0,0,corporate,17242,5308
dovish,foreign,3050,0.0014270748381439793,0,0,foreign,26227,5387
dovish,view,3049,0.0014266069447544237,0,0,view,18584,8264
dovish,achiev,3034,0.0014195885439110929,0,0,achieve,10000,7812
dovish,integr,3015,0.0014106985695095402,0,0,integration,12581,4734
dovish,ecb,3011,0.0014088269959513186,0,0,ecb,26836,3421
dovish,assess,2983,0.0013957259810437673,0,0,assessment,10957,6990
dovish,address,2969,0.0013891754735899915,0,0,address,13203,7166
dovish,contribut,2968,0.0013887075802004362,0,0,contribution,6550,8230
dovish,percent,2956,0.0013830928595257713,0,0,percent,31837,3380
dovish,board,2953,0.001381689179357105,0,0,board,22178,7158
dovish,target,2948,0.0013793497124093281,0,0,target,26659,6532
dovish,approach,2944,0.0013774781388511065,0,0,approach,15869,6265
dovish,unit,2930,0.0013709276313973308,0,0,united,20824,6310
dovish,factor,2899,0.0013564229363211134,0,0,factors,18415,7296
dovish,impact,2893,0.001353615575983781,0,0,impact,24795,7300
dovish,bis,2892,0.0013531476825942256,0,0,bis,18696,3371
dovish,addit,2884,0.0013494045354777824,0,0,addition,13947,8164
dovish,insur,2884,0.0013494045354777824,0,0,insurance,11070,3705
dovish,direct,2870,0.0013428540280240066,0,0,direct,7989,7938
dovish,rise,2863,0.001339578774297119,0,0,rise,18537,7022
dovish,domest,2857,0.0013367714139597864,0,0,domestic,25528,6736
dovish,declin,2839,0.0013283493329477893,0,0,decline,15410,6188
dovish,emerg,2822,0.0013203951453253473,0,0,emerging,15701,6997
dovish,household,2814,0.001316651998208904,0,0,households,15259,5310
dovish,strong,2748,0.0012857710344982476,0,0,strong,17882,7686
dovish,peopl,2745,0.0012843673543295813,0,0,people,17324,5413
dovish,creat,2741,0.0012824957807713597,0,0,create,6881,6978
dovish,major,2734,0.0012792205270444718,0,0,major,17987,7491
dovish,innov,2716,0.0012707984460324747,0,0,innovation,9069,4308
dovish,hous,2705,0.0012656516187473652,0,0,housing,12079,4407
dovish,borrow,2699,0.0012628442584100327,0,0,borrowers,7138,4702
dovish,effort,2692,0.001259569004683145,0,0,efforts,13258,6395
dovish,focus,2673,0.0012506790302815923,0,0,focus,12530,7569
dovish,transact,2651,0.0012403853757113734,0,0,transactions,11659,4298
dovish,effici,2649,0.0012394495889322627,0,0,efficiency,7855,5774
dovish,short,2648,0.0012389816955427073,0,0,short,23585,7530
dovish,supervis,2646,0.0012380459087635964,0,0,supervision,13198,3610
dovish,import,2644,0.0012371101219844857,0,0,importance,11347,7879
dovish,sustain,2628,0.001229623827751599,0,0,sustainable,10359,6785
dovish,meet,2624,0.0012277522541933774,0,0,meeting,10102,7390
dovish,adjust,2617,0.0012244770004664898,0,0,adjustment,8799,6490
dovish,function,2613,0.0012226054269082682,0,0,functioning,7507,6247
dovish,key,2593,0.00121324755911716,0,0,key,19889,7407
dovish,investor,2588,0.001210908092169383,0,0,investors,13963,4780
dovish,question,2585,0.0012095044120007169,0,0,question,12008,6406
dovish,author,2578,0.001206229158273829,0,0,authorities,11556,5818
dovish,compani,2568,0.0012015502243782749,0,0,companies,14518,4805
dovish,consum,2536,0.001186577635912502,0,0,consumer,14362,5907
dovish,object,2495,0.0011673940069407305,0,0,objective,12134,6194
dovish,return,2446,0.0011444672308525158,0,0,return,10455,6112
dovish,india,2434,0.001138852510177851,0,0,india,15279,1734
dovish,committe,2433,0.0011383846167882954,0,0,committee,17194,5312
dovish,opportun,2423,0.0011337056828927415,0,0,opportunity,7481,6607
dovish,start,2416,0.0011304304291658537,0,0,start,9456,7535
dovish,union,2413,0.0011290267489971874,0,0,union,14158,3482
dovish,gdp,2410,0.0011276230688285213,0,0,gdp,22501,5136
dovish,access,2395,0.0011206046679851903,0,0,access,10124,4722
dovish,time,2383,0.0011149899473105254,0,0,times,12736,7372
dovish,reflect,2376,0.0011117146935836375,0,0,reflect,5836,7691
dovish,reason,2372,0.001109843120025416,0,0,reason,7834,7337
dovish,practic,2371,0.0011093752266358606,0,0,practices,7998,5878
dovish,employ,2361,0.0011046962927403065,0,0,employment,17922,5494
dovish,averag,2359,0.0011037605059611958,0,0,average,19809,6041
dovish,governor,2352,0.0011004852522343079,0,0,governor,9855,7839
dovish,initi,2337,0.0010934668513909768,0,0,initiatives,5485,6367
dovish,lead,2332,0.0010911273844431998,0,0,lead,9728,7389
dovish,basel,2331,0.0010906594910536445,0,0,basel,9415,1855
dovish,close,2320,0.001085512663768535,0,0,close,10919,8084
dovish,concern,2314,0.0010827053034312027,0,0,concerns,8483,7040
dovish,infrastructur,2301,0.0010766226893669823,0,0,infrastructure,10084,3553
dovish,understand,2282,0.0010677327149654298,0,0,understanding,7574,6350
dovish,save,2281,0.0010672648215758742,0,0,savings,8267,4278
dovish,limit,2274,0.0010639895678489866,0,0,limited,7978,6979
dovish,individu,2263,0.001058842740563877,0,0,individual,9886,5664
dovish,take,2243,0.001049484872772769,0,0,taking,12566,7277
dovish,month,2237,0.0010466775124354365,0,0,months,13013,6674
dovish,action,2235,0.0010457417256563258,0,0,actions,9542,6262
dovish,hold,2216,0.0010368517512547731,0,0,hold,6016,5862
dovish,loss,2207,0.0010326407107487745,0,0,losses,8401,4683
dovish,region,2182,0.0010209433760098893,0,0,regional,5779,4177
dovish,deposit,2170,0.0010153286553352245,0,0,deposits,7863,3816
dovish,maintain,2164,0.0010125212949978922,0,0,maintain,8368,6909
dovish,stress,2159,0.0010101818280501152,0,0,stress,10849,4165
dovish,custom,2150,0.0010059707875441164,0,0,customers,6165,2736
dovish,europ,2149,0.001005502894154561,0,0,europe,14986,4129
dovish,play,2145,0.0010036313205963395,0,0,play,7492,6968
dovish,project,2138,0.0010003560668694516,0,0,projections,4234,5236
dovish,sourc,2136,9.994202800903409e-4,0,0,source,11925,5581
dovish,plan,2128,9.956771329738977e-4,0,0,plan,5098,5148
dovish,singl,2127,9.952092395843423e-4,0,0,single,13033,4320
dovish,rule,2121,9.924018792470098e-4,0,0,rules,11203,4848
dovish,advanc,2097,9.811724378976801e-4,0,0,advanced,9908,5758
dovish,confer,2065,9.661998494319072e-4,0,0,conference,12246,5250
dovish,experi,2057,9.62456702315464e-4,0,0,experience,13116,6689
dovish,enhanc,2052,9.60117235367687e-4,0,0,enhance,5171,5519
dovish,environ,2052,9.60117235367687e-4,0,0,environment,16931,6623
dovish,establish,2039,9.540346213034668e-4,0,0,established,5986,5907
dovish,perform,2036,9.526309411348005e-4,0,0,performance,9690,5665
dovish,strengthen,2034,9.516951543556897e-4,0,0,strengthen,5910,5767
dovish,recoveri,2027,9.484199006288019e-4,0,0,recovery,18589,4800
dovish,act,2026,9.479520072392465e-4,0,0,act,11423,5643
dovish,ratio,2023,9.465483270705803e-4,0,0,ratio,10177,3989
dovish,instrument,2021,9.456125402914695e-4,0,0,instruments,11742,4945
dovish,japan,2005,9.381262460585831e-4,0,0,japan,17854,2754
dovish,resourc,1999,9.353188857212507e-4,0,0,resources,9303,4839
dovish,progress,1994,9.329794187734736e-4,0,0,progress,11704,5891
dovish,move,1982,9.273646980988088e-4,0,0,move,7448,6696
dovish,build,1970,9.217499774241439e-4,0,0,building,6175,5420
dovish,equiti,1958,9.161352567494791e-4,0,0,equity,11264,3634
dovish,suggest,1958,9.161352567494791e-4,0,0,suggests,6412,6226
dovish,exist,1948,9.114563228539251e-4,0,0,existing,6969,5905
dovish,rais,1942,9.086489625165927e-4,0,0,raise,6496,6572
dovish,affect,1939,9.072452823479265e-4,0,0,affect,7592,6920
dovish,run,1935,9.053737087897049e-4,0,0,run,13326,5763
dovish,basi,1917,8.969516277777076e-4,0,0,basis,15641,6516
dovish,review,1916,8.964837343881522e-4,0,0,review,12549,5541
dovish,supervisori,1910,8.936763740508198e-4,0,0,supervisory,11540,2828
dovish,conduct,1906,8.918048004925982e-4,0,0,conduct,9620,5768
dovish,trend,1892,8.852542930388225e-4,0,0,trend,12368,5708
dovish,purchas,1888,8.833827194806009e-4,0,0,purchases,9271,4610
dovish,suppli,1884,8.815111459223793e-4,0,0,supply,21348,5737
dovish,cash,1882,8.805753591432685e-4,0,0,cash,11175,3130
dovish,mean,1880,8.796395723641577e-4,0,0,means,12450,6380
dovish,total,1880,8.796395723641577e-4,0,0,total,12824,5354
dovish,note,1879,8.791716789746022e-4,0,0,note,7685,5956
dovish,grow,1867,8.735569582999374e-4,0,0,growing,9028,6088
dovish,decad,1860,8.702817045730496e-4,0,0,decade,6946,5228
dovish,confid,1856,8.68410131014828e-4,0,0,confidence,12340,5939
dovish,call,1851,8.66070664067051e-4,0,0,called,7929,6369
dovish,main,1851,8.66070664067051e-4,0,0,main,14906,6282
dovish,success,1851,8.66070664067051e-4,0,0,success,5753,5993
dovish,amount,1848,8.646669838983848e-4,0,0,amount,9561,5372
dovish,flow,1846,8.63731197119274e-4,0,0,flows,10325,4872
dovish,control,1840,8.609238367819416e-4,0,0,control,9109,4877
dovish,rang,1840,8.609238367819416e-4,0,0,range,14624,6504
dovish,social,1830,8.562449028863875e-4,0,0,social,9441,3539
dovish,settlement,1827,8.548412227177213e-4,0,0,settlement,8481,2885
dovish,situat,1813,8.482907152639456e-4,0,0,situation,16394,6008
dovish,adopt,1809,8.46419141705724e-4,0,0,adopted,4832,5126
dovish,line,1809,8.46419141705724e-4,0,0,line,10534,6109
dovish,step,1799,8.4174020781017e-4,0,0,step,5310,5589
dovish,billion,1796,8.403365276415039e-4,0,0,billion,11998,3614
dovish,research,1793,8.389328474728376e-4,0,0,research,12516,4438
dovish,labour,1786,8.356575937459498e-4,0,0,labour,17176,3179
dovish,promot,1786,8.356575937459498e-4,0,0,promote,5823,5002
dovish,paper,1782,8.337860201877282e-4,0,0,paper,13218,4384
dovish,due,1781,8.333181267981728e-4,0,0,due,15985,5903
dovish,mortgag,1779,8.32382340019062e-4,0,0,mortgage,11055,2713
dovish,quarter,1779,8.32382340019062e-4,0,0,quarter,13143,5450
dovish,form,1778,8.319144466295066e-4,0,0,form,8509,5808
dovish,complex,1775,8.305107664608403e-4,0,0,complex,6988,4160
dovish,export,1775,8.305107664608403e-4,0,0,exports,9623,3721
dovish,popul,1772,8.291070862921742e-4,0,0,population,8491,2918
dovish,event,1763,8.248960457861755e-4,0,0,events,6666,5598
dovish,sheet,1761,8.239602590070647e-4,0,0,sheet,8047,4079
dovish,final,1740,8.141344978264013e-4,0,0,finally,7565,6498
dovish,day,1728,8.085197771517365e-4,0,0,day,7368,4852
dovish,strategi,1727,8.08051883762181e-4,0,0,strategy,10887,4744
dovish,program,1725,8.071160969830702e-4,0,0,program,6462,2747
dovish,consider,1720,8.047766300352932e-4,0,0,considerable,6106,6594
dovish,propos,1718,8.038408432561824e-4,0,0,proposed,3878,3522
dovish,compar,1712,8.0103348291885e-4,0,0,compared,7682,5859
dovish,similar,1706,7.982261225815176e-4,0,0,similar,8664,5903
dovish,remark,1701,7.958866556337405e-4,0,0,remarks,9304,6926
dovish,involv,1698,7.944829754650744e-4,0,0,involved,4593,5293
dovish,qualiti,1696,7.935471886859636e-4,0,0,quality,9332,4331
dovish,uncertainti,1696,7.935471886859636e-4,0,0,uncertainty,15377,5626
dovish,mechan,1694,7.926114019068528e-4,0,0,mechanism,7828,4932
dovish,consist,1681,7.865287878426325e-4,0,0,consistent,9661,6299
dovish,natur,1681,7.865287878426325e-4,0,0,nature,7495,6192
dovish,pressur,1680,7.86060894453077e-4,0,0,pressure,9864,6229
dovish,common,1668,7.804461737784122e-4,0,0,common,9226,4841
dovish,forc,1668,7.804461737784122e-4,0,0,force,6443,5721
dovish,net,1667,7.799782803888568e-4,0,0,net,12204,4339
dovish,resili,1666,7.795103869993014e-4,0,0,resilience,7201,3793
dovish,forward,1663,7.781067068306352e-4,0,0,forward,14563,6157
dovish,specif,1657,7.752993464933028e-4,0,0,specific,8900,6090
dovish,offer,1656,7.748314531037474e-4,0,0,offer,4414,4724
dovish,difficult,1646,7.701525192081933e-4,0,0,difficult,12450,5983
dovish,commerci,1645,7.69684625818638e-4,0,0,commercial,9390,3206
dovish,shock,1625,7.603267580275299e-4,0,0,shocks,14054,5222
dovish,dollar,1615,7.556478241319759e-4,0,0,dollar,9232,3458
dovish,transpar,1615,7.556478241319759e-4,0,0,transparency,8166,4038
dovish,fall,1614,7.551799307424204e-4,0,0,fall,9891,5581
dovish,inclus,1614,7.551799307424204e-4,0,0,inclusion,5327,1563
dovish,educ,1603,7.500331034573111e-4,0,0,education,6347,2206
dovish,capac,1592,7.448862761722016e-4,0,0,capacity,11178,4840
dovish,help,1592,7.448862761722016e-4,0,0,helped,4406,5770
dovish,rapid,1581,7.397394488870922e-4,0,0,rapid,6532,5422
dovish,stock,1580,7.392715554975368e-4,0,0,stock,10363,4154
dovish,annual,1570,7.345926216019827e-4,0,0,annual,13154,5704
dovish,estim,1567,7.331889414333166e-4,0,0,estimates,6588,4772
dovish,size,1563,7.31317367875095e-4,0,0,size,8371,4799
dovish,resolut,1550,7.252347538108747e-4,0,0,resolution,7850,2307
dovish,wide,1544,7.224273934735423e-4,0,0,wide,7969,5803
dovish,encourag,1524,7.130695256824342e-4,0,0,encourage,3982,5189
dovish,protect,1517,7.097942719555464e-4,0,0,protection,4769,4221
dovish,sound,1516,7.09326378565991e-4,0,0,sound,7036,4564
dovish,critic,1513,7.079226983973248e-4,0,0,critical,6932,4617
dovish,test,1511,7.06986911618214e-4,0,0,test,3226,3021
dovish,evid,1510,7.065190182286586e-4,0,0,evidence,11813,5478
dovish,medium,1508,7.055832314495478e-4,0,0,medium,16007,5233
dovish,profit,1503,7.032437645017707e-4,0,0,profits,5019,4029
dovish,reach,1496,6.999685107748829e-4,0,0,reached,4730,5976
dovish,climat,1495,6.995006173853275e-4,0,0,climate,8143,1275
dovish,supervisor,1486,6.952895768793289e-4,0,0,supervisors,5804,1946
dovish,depend,1484,6.943537901002181e-4,0,0,depend,3455,5969
dovish,job,1474,6.896748562046641e-4,0,0,job,7734,4016
dovish,respect,1470,6.878032826464425e-4,0,0,respect,6688,5217
dovish,analysi,1464,6.8499592230911e-4,0,0,analysis,12278,4674
dovish,design,1462,6.840601355299992e-4,0,0,design,4229,4675
dovish,broad,1459,6.82656455361333e-4,0,0,broad,7536,5923
dovish,commit,1451,6.789133082448897e-4,0,0,commitment,6255,4988
dovish,independ,1447,6.770417346866681e-4,0,0,independence,6274,3752
dovish,organ,1447,6.770417346866681e-4,0,0,organizations,4435,2677
dovish,extern,1445,6.761059479075573e-4,0,0,external,12159,4632
dovish,macroeconom,1444,6.75638054518002e-4,0,0,macroeconomic,13550,4932
dovish,tax,1441,6.742343743493357e-4,0,0,tax,8450,3313
dovish,perspect,1436,6.718949074015588e-4,0,0,perspective,8207,5084
dovish,cross,1429,6.686196536746709e-4,0,0,cross,9050,3361
dovish,polit,1421,6.648765065582277e-4,0,0,political,8227,3423
dovish,deficit,1417,6.63004933000006e-4,0,0,deficit,7383,2942
dovish,half,1403,6.564544255462304e-4,0,0,half,11284,5314
dovish,power,1399,6.545828519880088e-4,0,0,power,6141,4667
dovish,spend,1392,6.51307598261121e-4,0,0,spending,10906,3936
dovish,border,1391,6.508397048715656e-4,0,0,border,6567,2760
dovish,substanti,1387,6.48968131313344e-4,0,0,substantial,7724,5408
dovish,indic,1386,6.485002379237886e-4,0,0,indicators,7740,5116
dovish,age,1384,6.475644511446778e-4,0,0,age,4361,2337
dovish,chart,1383,6.470965577551224e-4,0,0,chart,23025,1899
dovish,march,1383,6.470965577551224e-4,0,0,march,11815,4840
dovish,aim,1378,6.447570908073454e-4,0,0,aim,4972,5618
dovish,bring,1374,6.428855172491238e-4,0,0,bring,5843,5629
dovish,australian,1373,6.424176238595683e-4,0,0,australian,4678,643
dovish,repres,1371,6.414818370804575e-4,0,0,represent,2449,5228
dovish,determin,1370,6.410139436909022e-4,0,0,determined,3488,5448
dovish,context,1368,6.400781569117914e-4,0,0,context,10710,5224
dovish,generat,1360,6.363350097953482e-4,0,0,generate,2601,4528
dovish,expand,1359,6.358671164057927e-4,0,0,expand,3622,4898
dovish,australia,1358,6.353992230162373e-4,0,0,australia,6139,1128
dovish,cooper,1352,6.325918626789049e-4,0,0,cooperation,5713,2931
dovish,principl,1347,6.302523957311279e-4,0,0,principles,5654,4188
dovish,leverag,1346,6.297845023415725e-4,0,0,leverage,6434,2679
dovish,stabl,1344,6.288487155624617e-4,0,0,stable,12087,5338
dovish,studi,1334,6.241697816669077e-4,0,0,studies,4287,3809
dovish,identifi,1317,6.162155940444658e-4,0,0,identify,3840,4297
dovish,differ,1316,6.157477006549103e-4,0,0,differences,5167,4555
dovish,china,1315,6.15279807265355e-4,0,0,china,9032,2379
dovish,canada,1312,6.138761270966887e-4,0,0,canada,10160,1436
dovish,tool,1309,6.124724469280226e-4,0,0,tools,7589,4019
dovish,essenti,1305,6.10600873369801e-4,0,0,essential,6833,5155
dovish,home,1305,6.10600873369801e-4,0,0,home,7840,3416
dovish,relev,1305,6.10600873369801e-4,0,0,relevant,7950,4824
dovish,hand,1297,6.068577262533577e-4,0,0,hand,10548,5113
dovish,pay,1288,6.02646685747359e-4,0,0,pay,7531,4025
dovish,regard,1287,6.021787923578037e-4,0,0,regard,9244,4875
dovish,local,1285,6.012430055786929e-4,0,0,local,6336,2779
dovish,gain,1284,6.007751121891374e-4,0,0,gains,5137,4780
dovish,enabl,1283,6.003072187995821e-4,0,0,enable,3070,3737
dovish,yield,1283,6.003072187995821e-4,0,0,yield,7002,3716
dovish,begin,1274,5.960961782935834e-4,0,0,beginning,6382,5699
dovish,incent,1271,5.946924981249173e-4,0,0,incentives,5419,3538
dovish,distribut,1261,5.900135642293632e-4,0,0,distribution,5442,3296
dovish,negat,1260,5.895456708398078e-4,0,0,negative,12023,4577
dovish,council,1259,5.890777774502524e-4,0,0,council,9611,3123
dovish,excess,1259,5.890777774502524e-4,0,0,excessive,5867,4950
dovish,deal,1258,5.88609884060697e-4,0,0,deal,5420,4464
dovish,agenc,1256,5.876740972815862e-4,0,0,agencies,5560,2767
dovish,earlier,1254,5.867383105024754e-4,0,0,earlier,11027,5384
dovish,facilit,1253,5.8627041711292e-4,0,0,facilitate,3902,4061
dovish,extent,1252,5.858025237233645e-4,0,0,extent,10944,5514
dovish,provis,1237,5.787841228800336e-4,0,0,provision,4830,3736
dovish,live,1236,5.783162294904781e-4,0,0,living,3592,4149
dovish,attent,1230,5.755088691531457e-4,0,0,attention,9437,5485
dovish,law,1228,5.745730823740349e-4,0,0,law,6081,3005
dovish,introduct,1225,5.731694022053687e-4,0,0,introduction,9368,4569
dovish,fundament,1217,5.694262550889255e-4,0,0,fundamental,5166,4789
dovish,observ,1212,5.670867881411484e-4,0,0,observed,5533,5207
dovish,flexibl,1209,5.656831079724823e-4,0,0,flexibility,5496,4337
dovish,wage,1209,5.656831079724823e-4,0,0,wage,9865,3451
dovish,refer,1207,5.647473211933715e-4,0,0,reference,3830,4827
dovish,unemploy,1202,5.624078542455944e-4,0,0,unemployment,16169,3709
dovish,goal,1196,5.59600493908262e-4,0,0,goal,5076,3967
dovish,enterpris,1192,5.577289203500404e-4,0,0,enterprises,4426,2158
dovish,conclus,1189,5.563252401813742e-4,0,0,conclusion,6336,5817
dovish,mention,1188,5.558573467918188e-4,0,0,mentioned,6417,4830
dovish,prudenti,1185,5.544536666231526e-4,0,0,prudential,8366,2326
dovish,consequ,1182,5.530499864544864e-4,0,0,consequences,5787,4799
dovish,spread,1182,5.530499864544864e-4,0,0,spread,5004,3945
dovish,deriv,1181,5.52582093064931e-4,0,0,derivatives,4765,2836
dovish,societi,1173,5.488389459484878e-4,0,0,society,5655,3110
dovish,swiss,1170,5.474352657798215e-4,0,0,swiss,10214,936
dovish,output,1167,5.460315856111554e-4,0,0,output,17875,4169
dovish,septemb,1158,5.418205451051567e-4,0,0,september,10418,4825
dovish,retail,1156,5.408847583260459e-4,0,0,retail,7144,2615
dovish,worker,1155,5.404168649364905e-4,0,0,workers,7304,2145
dovish,abil,1154,5.399489715469351e-4,0,0,ability,8128,4424
dovish,rbi,1154,5.399489715469351e-4,0,0,rbi,6483,796
dovish,facil,1153,5.394810781573797e-4,0,0,facility,3932,2596
dovish,explain,1151,5.385452913782689e-4,0,0,explain,5712,4709
dovish,introduc,1151,5.385452913782689e-4,0,0,introduced,5286,4266
dovish,budget,1150,5.380773979887135e-4,0,0,budget,5710,2287
dovish,transfer,1150,5.380773979887135e-4,0,0,transfer,3834,2788
dovish,degre,1149,5.376095045991581e-4,0,0,degree,9182,4821
dovish,monitor,1147,5.366737178200473e-4,0,0,monitoring,4608,4618
dovish,prevent,1145,5.357379310409365e-4,0,0,prevent,4764,4443
dovish,face,1139,5.329305707036041e-4,0,0,facing,4549,4985
dovish,june,1132,5.296553169767162e-4,0,0,june,9555,4627
dovish,card,1131,5.291874235871609e-4,0,0,card,3148,1207
dovish,element,1131,5.291874235871609e-4,0,0,elements,4377,4027
dovish,survey,1129,5.282516368080501e-4,0,0,survey,9220,3745
dovish,led,1127,5.273158500289392e-4,0,0,led,9458,5135
dovish,prepar,1120,5.240405963020514e-4,0,0,prepared,2963,4534
dovish,ago,1116,5.221690227438298e-4,0,0,ago,7811,4544
dovish,exposur,1114,5.21233235964719e-4,0,0,exposures,3922,2633
dovish,complet,1112,5.202974491856082e-4,0,0,complete,3176,4635
dovish,appli,1105,5.170221954587203e-4,0,0,apply,3082,4339
dovish,legal,1105,5.170221954587203e-4,0,0,legal,6668,3081
dovish,implic,1103,5.160864086796095e-4,0,0,implications,8758,4541
dovish,type,1102,5.156185152900541e-4,0,0,types,4195,4001
dovish,liabil,1098,5.137469417318325e-4,0,0,liabilities,4499,2428
dovish,forecast,1097,5.132790483422771e-4,0,0,forecast,9858,3715
dovish,tradit,1094,5.118753681736109e-4,0,0,traditional,4560,3507
dovish,receiv,1089,5.095359012258338e-4,0,0,received,2701,3684
dovish,serv,1079,5.048569673302798e-4,0,0,serve,3311,4077
dovish,aspect,1076,5.034532871616137e-4,0,0,aspects,4627,3980
dovish,shift,1072,5.015817136033921e-4,0,0,shift,5374,4564
dovish,collater,1071,5.011138202138366e-4,0,0,collateral,6712,2346
dovish,care,1068,4.997101400451704e-4,0,0,carefully,2956,4292
dovish,subject,1064,4.978385664869488e-4,0,0,subject,7309,4454
dovish,regim,1054,4.931596325913948e-4,0,0,regime,7145,2921
dovish,coordin,1053,0.00049269173920183935,0,0,coordination,3628,2789
dovish,skill,1049,4.908201656436177e-4,0,0,skills,3198,2025
dovish,cycl,1046,4.894164854749516e-4,0,0,cycle,7750,3735
dovish,lender,1046,4.894164854749516e-4,0,0,lenders,4210,2096
dovish,graph,1045,4.889485920853961e-4,0,0,graph,5077,520
dovish,cover,1043,4.880128053062854e-4,0,0,cover,2571,3606
dovish,communic,1041,4.8707701852717457e-4,0,0,communication,6417,3721
dovish,england,1039,4.8614123174806377e-4,0,0,england,9756,2199
dovish,failur,1038,4.8567333835850836e-4,0,0,failure,4811,2839
dovish,volatil,1038,4.8567333835850836e-4,0,0,volatility,9352,4316
dovish,task,1036,4.8473755157939756e-4,0,0,task,5080,3882
dovish,under,1034,4.838017648002867e-4,0,0,underlying,8699,4241
dovish,avoid,1030,4.819301912420651e-4,0,0,avoid,5429,4650
dovish,network,1026,4.800586176838435e-4,0,0,network,3672,2132
dovish,april,1024,4.7912283090473267e-4,0,0,april,10015,4379
dovish,suffici,1024,4.7912283090473267e-4,0,0,sufficient,5324,4569
dovish,publish,1021,4.7771915073606646e-4,0,0,published,5521,3838
dovish,detail,1018,4.7631547056740025e-4,0,0,detail,2725,4336
dovish,held,1016,4.7537968378828945e-4,0,0,held,7719,4386
dovish,pace,1013,4.7397600361962324e-4,0,0,pace,10014,4311
dovish,outcom,1006,4.707007498927354e-4,0,0,outcomes,4467,3729
dovish,matter,1004,4.697649631136246e-4,0,0,matter,4617,4323
dovish,core,1001,4.683612829449584e-4,0,0,core,8830,3742
dovish,respond,1001,4.683612829449584e-4,0,0,respond,4510,4529
dovish,arrang,1000,4.67893389555403e-4,0,0,arrangements,4714,2990
dovish,scale,1000,4.67893389555403e-4,0,0,scale,8000,4021
dovish,contract,997,4.664897093867368e-4,0,0,contracts,2855,3181
dovish,scenario,993,4.646181358285152e-4,0,0,scenario,5721,2946
dovish,talk,993,4.646181358285152e-4,0,0,talk,4663,3760
dovish,accept,992,4.641502424389598e-4,0,0,accepted,2026,3648
dovish,fail,991,4.636823490494044e-4,0,0,fail,2860,2908
dovish,link,991,4.636823490494044e-4,0,0,linked,3107,4095
dovish,mandat,988,4.6227866888073817e-4,0,0,mandate,7042,3649
dovish,channel,987,4.6181077549118277e-4,0,0,channels,4139,3566
dovish,clear,986,4.6134288210162737e-4,0,0,clearing,4636,1395
dovish,occur,986,4.6134288210162737e-4,0,0,occur,3108,4124
dovish,transit,985,4.6087498871207196e-4,0,0,transition,6292,2681
dovish,larger,983,4.5993920193296116e-4,0,0,larger,6647,3756
dovish,produc,976,4.5666394820607334e-4,0,0,produce,2362,3898
dovish,high,972,4.5479237464785173e-4,0,0,highly,6782,4413
dovish,digit,970,4.538565878687409e-4,0,0,digital,6605,1766
dovish,examin,969,4.533886944791855e-4,0,0,examine,1953,3060
dovish,conclud,968,4.529208010896301e-4,0,0,conclude,4231,5131
dovish,fix,968,4.529208010896301e-4,0,0,fixed,8348,3772
dovish,consumpt,964,4.510492275314085e-4,0,0,consumption,12565,3544
dovish,figur,964,4.510492275314085e-4,0,0,figure,8092,3021
dovish,januari,964,4.510492275314085e-4,0,0,january,8784,4072
dovish,deliv,963,4.505813341418531e-4,0,0,deliver,3007,3718
dovish,person,963,4.505813341418531e-4,0,0,personal,3595,3413
dovish,expans,962,4.501134407522977e-4,0,0,expansion,8673,4100
dovish,reduct,961,4.496455473627423e-4,0,0,reduction,6590,4021
dovish,collect,960,4.491776539731869e-4,0,0,collective,2070,3120
dovish,disclosur,960,4.491776539731869e-4,0,0,disclosure,3137,1453
dovish,influenc,960,4.491776539731869e-4,0,0,influence,5602,4466
dovish,margin,960,4.491776539731869e-4,0,0,margin,2707,3172
dovish,word,960,4.491776539731869e-4,0,0,words,6443,4336
dovish,portfolio,957,4.477739738045207e-4,0,0,portfolio,5247,2898
dovish,south,954,4.463702936358545e-4,0,0,south,9836,1453
dovish,octob,949,4.4403082668807747e-4,0,0,october,9607,4380
dovish,previous,949,4.4403082668807747e-4,0,0,previous,6754,4976
dovish,electron,947,4.4309503990896666e-4,0,0,electronic,3887,1349
dovish,entiti,946,4.4262714651941126e-4,0,0,entities,4698,2372
dovish,aggreg,944,4.4169135974030045e-4,0,0,aggregate,8240,4100
dovish,dynam,943,4.4122346635074505e-4,0,0,dynamics,4754,3823
dovish,advantag,941,4.4028767957163424e-4,0,0,advantage,3929,3617
dovish,allow,941,4.4028767957163424e-4,0,0,allowed,3849,4080
dovish,learn,939,4.3935189279252344e-4,0,0,learned,2245,3451
dovish,possibl,936,4.3794821262385723e-4,0,0,possibility,5181,4520
dovish,awar,933,4.36544532455191e-4,0,0,aware,3917,3533
dovish,hope,933,4.36544532455191e-4,0,0,hope,4829,3767
dovish,commiss,930,4.351408522865248e-4,0,0,commission,5254,2759
dovish,statist,925,4.328013853387478e-4,0,0,statistics,5952,2959
dovish,purpos,921,4.309298117805262e-4,0,0,purpose,3774,3718
dovish,relationship,921,4.309298117805262e-4,0,0,relationship,5877,3652
dovish,announc,919,4.299940250014154e-4,0,0,announced,4204,3667
dovish,asian,919,4.299940250014154e-4,0,0,asian,5991,1718
dovish,treasuri,916,4.285903448327492e-4,0,0,treasury,6175,2328
dovish,lesson,912,4.2671877127452756e-4,0,0,lessons,4888,3078
dovish,found,909,4.2531509110586136e-4,0,0,found,5620,3982
dovish,sovereign,909,4.2531509110586136e-4,0,0,sovereign,5348,1930
dovish,combin,905,4.2344351754763975e-4,0,0,combination,3169,4393
dovish,featur,904,4.2297562415808434e-4,0,0,features,3891,3557
dovish,scheme,902,4.2203983737897354e-4,0,0,scheme,3492,2039
dovish,canadian,896,4.192324770416411e-4,0,0,canadian,4832,756
dovish,million,896,4.192324770416411e-4,0,0,million,5635,2765
dovish,releas,896,4.192324770416411e-4,0,0,release,2940,3160
dovish,slow,893,4.178287968729749e-4,0,0,slow,4181,3983
dovish,labor,892,4.173609034834195e-4,0,0,labor,11628,1955
dovish,free,891,4.168930100938641e-4,0,0,free,6113,3165
dovish,ahead,890,4.164251167043087e-4,0,0,ahead,7881,4302
dovish,prospect,890,4.164251167043087e-4,0,0,prospects,5185,3926
dovish,decemb,888,4.154893299251979e-4,0,0,december,8219,4036
dovish,default,888,4.154893299251979e-4,0,0,default,3273,1811
dovish,minimum,886,4.145535431460871e-4,0,0,minimum,5219,2266
dovish,post,886,4.145535431460871e-4,0,0,post,6093,3439
dovish,programm,886,4.145535431460871e-4,0,0,programme,4929,2393
dovish,indonesia,885,4.140856497565317e-4,0,0,indonesia,5774,531
dovish,offic,885,4.140856497565317e-4,0,0,office,3802,2793
dovish,ultim,884,4.136177563669763e-4,0,0,ultimately,5117,4061
dovish,record,882,4.126819695878655e-4,0,0,record,3670,3774
dovish,primari,881,4.122140761983101e-4,0,0,primary,6655,3344
dovish,basic,879,4.112782894191993e-4,0,0,basic,4508,3135
dovish,quick,876,4.0987460925053307e-4,0,0,quickly,5526,4009
dovish,imbal,873,4.0847092908186686e-4,0,0,imbalances,7563,2698
dovish,oil,872,4.0800303569231146e-4,0,0,oil,11963,3013
dovish,special,872,4.0800303569231146e-4,0,0,special,5369,3422
dovish,statement,872,4.0800303569231146e-4,0,0,statement,5159,3338
dovish,sens,869,4.0659935552364525e-4,0,0,sense,6256,3852
dovish,novemb,868,4.0613146213408984e-4,0,0,november,7825,4044
dovish,germani,867,4.0566356874453444e-4,0,0,germany,6411,3407
dovish,largest,865,4.0472778196542364e-4,0,0,largest,5167,2884
dovish,fair,864,4.0425988857586823e-4,0,0,fair,3021,3244
dovish,lack,861,4.02856208407202e-4,0,0,lack,4935,3483
dovish,solut,860,4.023883150176466e-4,0,0,solutions,2693,2734
dovish,rural,859,4.019204216280912e-4,0,0,rural,3753,819
dovish,gradual,857,4.009846348489804e-4,0,0,gradually,6170,4439
dovish,alloc,856,4.00516741459425e-4,0,0,allocation,3191,2823
dovish,normal,856,4.00516741459425e-4,0,0,normal,5658,3395
dovish,macro,854,3.995809546803142e-4,0,0,macro,6869,2241
dovish,execut,853,3.991130612907588e-4,0,0,executive,4136,3754
dovish,univers,853,3.991130612907588e-4,0,0,university,5109,3310
dovish,carri,851,3.98177274511648e-4,0,0,carried,2672,3762
dovish,crise,850,3.977093811220926e-4,0,0,crises,6759,2583
dovish,franc,850,3.977093811220926e-4,0,0,franc,4392,1653
dovish,stage,850,3.977093811220926e-4,0,0,stage,4976,3566
dovish,decid,849,3.972414877325372e-4,0,0,decided,4497,3906
dovish,imf,848,3.967735943429818e-4,0,0,imf,7521,2589
dovish,agricultur,845,0.00039536991417431553,0,0,agricultural,2486,1379
dovish,histori,844,3.949020207847601e-4,0,0,history,6757,3584
dovish,trust,844,3.949020207847601e-4,0,0,trust,5032,2474
dovish,defin,841,3.934983406160939e-4,0,0,defined,4211,3667
dovish,histor,841,3.934983406160939e-4,0,0,historical,4667,4234
dovish,staff,840,3.930304472265385e-4,0,0,staff,7363,3358
dovish,option,839,3.925625538369831e-4,0,0,options,3266,2835
dovish,extend,838,3.920946604474277e-4,0,0,extended,3622,4305
dovish,vulner,838,3.920946604474277e-4,0,0,vulnerabilities,3356,3071
dovish,gap,837,3.916267670578723e-4,0,0,gap,7711,3416
dovish,recommend,837,3.916267670578723e-4,0,0,recommendations,3273,2292
dovish,week,836,3.911588736683169e-4,0,0,week,3334,3380
dovish,consolid,832,3.892873001100953e-4,0,0,consolidation,4369,2659
dovish,asia,827,3.869478331623183e-4,0,0,asia,5627,1718
dovish,field,826,3.864799397727629e-4,0,0,field,3808,2664
dovish,adequ,825,3.8601204638320747e-4,0,0,adequate,3820,3011
dovish,index,824,3.8554415299365207e-4,0,0,index,7659,3414
dovish,matur,823,3.8507625960409667e-4,0,0,maturity,4151,3104
dovish,robust,823,3.8507625960409667e-4,0,0,robust,5531,3552
dovish,seek,823,3.8507625960409667e-4,0,0,seek,2714,3424
dovish,human,822,3.8460836621454126e-4,0,0,human,3984,1998
dovish,circumst,821,3.8414047282498586e-4,0,0,circumstances,6851,3925
dovish,life,821,3.8414047282498586e-4,0,0,life,4730,2425
dovish,origin,820,3.8367257943543046e-4,0,0,original,1691,3289
dovish,applic,819,3.8320468604587506e-4,0,0,application,2415,2695
dovish,onlin,818,3.8273679265631965e-4,0,0,online,4614,974
dovish,mark,813,3.8039732570854264e-4,0,0,mark,2884,4235
dovish,counterparti,812,3.7992943231898724e-4,0,0,counterparties,2964,1795
dovish,divers,812,3.7992943231898724e-4,0,0,diversity,2252,1999
dovish,evalu,808,3.780578587607656e-4,0,0,evaluation,1677,2784
dovish,safeti,808,3.780578587607656e-4,0,0,safety,4776,2192
dovish,percentag,807,3.775899653712102e-4,0,0,percentage,8957,3393
dovish,altern,803,3.757183918129886e-4,0,0,alternative,4047,3154
dovish,answer,803,3.757183918129886e-4,0,0,answer,3837,3179
dovish,aris,800,3.743147116443224e-4,0,0,arise,2661,3583
dovish,legisl,800,3.743147116443224e-4,0,0,legislation,2712,2218
dovish,crucial,793,3.710394579174346e-4,0,0,crucial,5065,3640
dovish,comment,792,3.705715645278792e-4,0,0,comments,2674,3061
dovish,happen,792,3.705715645278792e-4,0,0,happen,2419,3181
dovish,earn,788,3.6869999096965757e-4,0,0,earnings,3868,2536
dovish,evolv,784,3.6682841741143596e-4,0,0,evolving,2105,3250
dovish,branch,780,3.6495684385321435e-4,0,0,branches,2445,1482
dovish,mobil,778,3.6402105707410354e-4,0,0,mobile,2218,1566
dovish,iii,777,3.6355316368454814e-4,0,0,iii,5265,2415
dovish,path,777,3.6355316368454814e-4,0,0,path,8980,4059
dovish,experienc,775,3.6261737690543734e-4,0,0,experienced,4407,3718
dovish,indian,775,3.6261737690543734e-4,0,0,indian,6025,993
dovish,engag,774,3.6214948351588193e-4,0,0,engage,1771,2783
dovish,stand,773,3.6168159012632653e-4,0,0,stand,2197,3730
dovish,consid,768,3.593421231785495e-4,0,0,considered,5369,3852
dovish,organis,768,3.593421231785495e-4,0,0,organised,1431,2694
dovish,extrem,767,3.588742297889941e-4,0,0,extremely,3462,3449
dovish,idea,766,3.584063363994387e-4,0,0,idea,3043,2951
dovish,tend,766,3.584063363994387e-4,0,0,tend,4679,3419
dovish,volum,766,3.584063363994387e-4,0,0,volume,3777,2834
dovish,agre,765,3.579384430098833e-4,0,0,agreed,2867,3071
dovish,trillion,762,3.565347628412171e-4,0,0,trillion,5150,1898
dovish,stronger,759,3.551310826725509e-4,0,0,stronger,5950,3531
dovish,citi,758,3.546631892829955e-4,0,0,city,3328,2222
dovish,properti,757,3.541952958934401e-4,0,0,property,3209,1669
dovish,recess,756,3.537274025038847e-4,0,0,recession,7039,2811
dovish,sever,755,3.532595091143293e-4,0,0,severe,4471,3547
dovish,guarante,754,3.527916157247739e-4,0,0,guarantee,2524,2526
dovish,american,752,3.5185582894566307e-4,0,0,american,4728,2487
dovish,manufactur,749,3.5045214877699686e-4,0,0,manufacturing,5340,2306
dovish,attract,748,3.4998425538744146e-4,0,0,attractive,1782,2992
dovish,assist,747,3.4951636199788606e-4,0,0,assistance,3153,2924
dovish,press,747,3.4951636199788606e-4,0,0,press,5482,3160
dovish,sign,746,3.4904846860833066e-4,0,0,signs,4282,3926
dovish,true,746,3.4904846860833066e-4,0,0,true,5660,3497
dovish,concentr,744,3.4811268182921985e-4,0,0,concentration,1685,2622
dovish,pre,742,3.4717689505010905e-4,0,0,pre,7025,3355
dovish,instanc,740,3.4624110827099824e-4,0,0,instance,5025,3308
dovish,safe,740,3.4624110827099824e-4,0,0,safe,3921,2315
dovish,highlight,734,3.434337479336658e-4,0,0,highlight,2248,3534
dovish,manner,733,3.429658545441104e-4,0,0,manner,6106,3493
dovish,agreement,731,3.420300677649996e-4,0,0,agreement,3548,2752
dovish,movement,729,3.410942809858888e-4,0,0,movements,5221,3430
dovish,argu,727,3.40158494206778e-4,0,0,argued,2817,3180
dovish,moder,727,3.40158494206778e-4,0,0,moderate,4771,3610
dovish,impli,726,3.396906008172226e-4,0,0,implies,2693,3651
dovish,issuanc,726,3.396906008172226e-4,0,0,issuance,3768,1701
dovish,debat,724,3.387548140381118e-4,0,0,debate,4627,3084
dovish,speak,721,3.373511338694456e-4,0,0,speak,2982,3502
dovish,centr,720,3.368832404798902e-4,0,0,centre,2951,2140
dovish,centuri,719,3.364153470903348e-4,0,0,century,4839,2500
dovish,repo,719,3.364153470903348e-4,0,0,repo,4607,1314
dovish,energi,718,3.359474537007794e-4,0,0,energy,10554,2882
dovish,disciplin,713,3.3360798675300237e-4,0,0,discipline,3794,2124
dovish,late,713,3.3360798675300237e-4,0,0,late,6212,3495
dovish,presid,713,3.3360798675300237e-4,0,0,president,4628,2858
dovish,health,708,3.3126851980522535e-4,0,0,health,4446,2291
dovish,make,708,3.3126851980522535e-4,0,0,makes,5164,3612
dovish,shown,706,3.3033273302611455e-4,0,0,shown,5917,3475
dovish,economist,704,3.2939694624700374e-4,0,0,economists,4517,2644
dovish,credibl,703,3.2892905285744834e-4,0,0,credibility,4780,3193
dovish,date,702,3.2846115946789294e-4,0,0,date,4240,3333
dovish,charg,701,3.2799326607833753e-4,0,0,charge,1485,1993
dovish,broader,700,3.2752537268878213e-4,0,0,broader,4935,3139
dovish,segment,700,3.2752537268878213e-4,0,0,segments,2417,2149
dovish,prioriti,699,3.2705747929922673e-4,0,0,priority,3339,2617
dovish,weight,696,3.256537991305605e-4,0,0,weighted,2484,2721
dovish,come,695,3.251859057410051e-4,0,0,coming,5658,3586
dovish,knowledg,695,3.251859057410051e-4,0,0,knowledge,4135,2303
dovish,juli,694,3.247180123514497e-4,0,0,july,7183,3522
dovish,banknot,692,3.237822255723389e-4,0,0,banknotes,4124,873
dovish,comprehens,691,3.233143321827835e-4,0,0,comprehensive,4487,2979
dovish,disrupt,689,3.223785454036727e-4,0,0,disruptions,1887,2793
dovish,urban,689,3.223785454036727e-4,0,0,urban,2547,953
dovish,commod,688,3.219106520141173e-4,0,0,commodity,6567,2784
dovish,technic,686,3.209748652350065e-4,0,0,technical,4155,2593
dovish,procedur,685,3.205069718454511e-4,0,0,procedures,3099,2184
dovish,pursu,685,3.205069718454511e-4,0,0,pursue,2464,3418
dovish,sale,684,3.200390784558957e-4,0,0,sales,4915,2704
dovish,wealth,683,3.195711850663403e-4,0,0,wealth,5243,2059
dovish,hard,681,3.186353982872295e-4,0,0,hard,4748,3140
dovish,check,676,3.1629593133945247e-4,0,0,check,1789,1394
dovish,strength,676,3.1629593133945247e-4,0,0,strength,4378,3067
dovish,phase,674,3.1536014456034166e-4,0,0,phase,4593,2872
dovish,mind,672,3.1442435778123085e-4,0,0,mind,4110,3694
dovish,user,672,3.1442435778123085e-4,0,0,users,2522,1337
dovish,parti,671,3.1395646439167545e-4,0,0,parties,2137,2064
dovish,acceler,668,3.1255278422300924e-4,0,0,accelerated,1772,3380
dovish,creation,666,3.1161699744389844e-4,0,0,creation,5013,2976
dovish,equal,665,0.00031114910405434303,0,0,equal,2712,3343
dovish,intermedi,664,3.1068121066478763e-4,0,0,intermediation,3450,2405
dovish,launch,663,3.1021331727523223e-4,0,0,launched,2163,2609
dovish,lot,663,3.1021331727523223e-4,0,0,lot,3791,2569
dovish,tabl,663,3.1021331727523223e-4,0,0,table,4673,1486
dovish,eurosystem,661,3.092775304961214e-4,0,0,eurosystem,5706,1270
dovish,proper,661,3.092775304961214e-4,0,0,proper,2117,2532
dovish,japanes,659,3.083417437170106e-4,0,0,japanese,5120,1315
dovish,appear,653,3.0553438337967815e-4,0,0,appears,4393,3517
dovish,associ,652,3.0506648999012275e-4,0,0,association,3527,2577
dovish,deputi,652,3.0506648999012275e-4,0,0,deputy,3610,2603
dovish,reli,652,3.0506648999012275e-4,0,0,rely,2551,3074
dovish,topic,652,3.0506648999012275e-4,0,0,topic,2991,3059
dovish,mitig,651,3.0459859660056734e-4,0,0,mitigate,2537,2719
dovish,pension,649,3.0366280982145654e-4,0,0,pension,3661,1534
dovish,quantit,649,3.0366280982145654e-4,0,0,quantitative,5102,2434
dovish,choic,646,3.0225912965279033e-4,0,0,choice,2698,2608
dovish,februari,646,3.0225912965279033e-4,0,0,february,6750,3374
dovish,correct,645,3.017912362632349e-4,0,0,correct,1783,3173
dovish,forum,644,3.013233428736795e-4,0,0,forum,3778,2325
dovish,typic,644,3.013233428736795e-4,0,0,typically,3988,3034
dovish,assum,642,3.003875560945687e-4,0,0,assume,2175,3309
dovish,famili,642,3.003875560945687e-4,0,0,families,1660,1333
dovish,smooth,642,3.003875560945687e-4,0,0,smooth,3285,3000
dovish,revis,641,2.999196627050133e-4,0,0,revised,3070,3010
dovish,outstand,640,2.994517693154579e-4,0,0,outstanding,3862,1998
dovish,oblig,637,2.980480891467917e-4,0,0,obligations,2162,2218
dovish,school,637,2.980480891467917e-4,0,0,school,2786,1710
dovish,ad,635,2.971123023676809e-4,0,0,added,3508,3076
dovish,construct,635,2.971123023676809e-4,0,0,construction,3343,2949
dovish,surplus,632,2.957086221990147e-4,0,0,surplus,3331,1750
dovish,mid,631,2.952407288094593e-4,0,0,mid,5642,3196
dovish,restructur,631,2.952407288094593e-4,0,0,restructuring,3204,1643
dovish,scope,631,2.952407288094593e-4,0,0,scope,4604,2997
dovish,predict,630,2.947728354199039e-4,0,0,predictable,1428,2939
dovish,calcul,628,2.938370486407931e-4,0,0,calculations,3330,2373
dovish,chairman,628,2.938370486407931e-4,0,0,chairman,4378,2614
dovish,pillar,628,2.938370486407931e-4,0,0,pillar,2407,1299
dovish,pose,627,2.933691552512377e-4,0,0,pose,2266,3217
dovish,foster,625,2.9243336847212687e-4,0,0,foster,2355,2729
dovish,train,625,2.9243336847212687e-4,0,0,training,2530,1606
dovish,converg,623,2.9149758169301607e-4,0,0,convergence,4303,1915
dovish,difficulti,621,2.9056179491390526e-4,0,0,difficulties,3302,3114
dovish,behaviour,620,2.9009390152434986e-4,0,0,behaviour,4677,2367
dovish,guidanc,619,0.00028962600813479446,0,0,guidance,6974,2239
dovish,compet,618,2.8915811474523905e-4,0,0,compete,977,2168
dovish,desir,618,2.8915811474523905e-4,0,0,desirable,2072,3117
dovish,book,617,2.8869022135568365e-4,0,0,book,2462,1919
dovish,exercis,616,2.8822232796612825e-4,0,0,exercise,2715,2272
dovish,simpli,615,2.8775443457657284e-4,0,0,simply,4533,2910
dovish,transmiss,615,2.8775443457657284e-4,0,0,transmission,7038,2723
dovish,joint,614,2.8728654118701744e-4,0,0,joint,2837,2421
dovish,adapt,612,2.8635075440790664e-4,0,0,adapt,1719,2469
dovish,contrast,612,2.8635075440790664e-4,0,0,contrast,4499,3156
dovish,offici,612,2.8635075440790664e-4,0,0,official,3581,2490
dovish,recogn,612,2.8635075440790664e-4,0,0,recognize,1651,2260
dovish,bubbl,611,2.8588286101835123e-4,0,0,bubble,3339,1532
dovish,recognis,611,2.8588286101835123e-4,0,0,recognised,1710,2457
dovish,seri,611,2.8588286101835123e-4,0,0,series,6974,3345
dovish,media,610,2.8541496762879583e-4,0,0,media,4418,3321
dovish,ongo,609,2.8494707423924043e-4,0,0,ongoing,5134,3354
dovish,fourth,608,2.84479180849685e-4,0,0,fourth,4336,2967
dovish,interact,605,2.830755006810188e-4,0,0,interaction,1853,2489
dovish,retir,605,2.830755006810188e-4,0,0,retirement,1765,868
dovish,surpris,605,2.830755006810188e-4,0,0,surprising,1488,2977
dovish,advers,604,2.826076072914634e-4,0,0,adverse,5149,3374
dovish,burden,602,2.816718205123526e-4,0,0,burden,3449,2424
dovish,estat,602,2.816718205123526e-4,0,0,estate,4166,1659
dovish,top,602,2.816718205123526e-4,0,0,top,3722,2448
dovish,transform,602,2.816718205123526e-4,0,0,transformation,2390,2241
dovish,august,597,2.793323535645756e-4,0,0,august,6809,3284
dovish,definit,596,2.788644601750202e-4,0,0,definition,3598,2543
dovish,materi,596,2.788644601750202e-4,0,0,material,2350,3070
dovish,revenu,596,2.788644601750202e-4,0,0,revenue,1776,1681
dovish,invit,595,2.783965667854648e-4,0,0,inviting,1231,3025
dovish,pandem,591,2.765249932272432e-4,0,0,pandemic,8392,1193
dovish,bear,590,2.760570998376878e-4,0,0,bear,2438,3060
dovish,buffer,588,2.7512131305857697e-4,0,0,buffers,2206,1675
dovish,boom,587,2.7465341966902157e-4,0,0,boom,3536,1865
dovish,director,587,2.7465341966902157e-4,0,0,directors,2375,2119
dovish,macroprudenti,587,2.7465341966902157e-4,0,0,macroprudential,6053,1188
dovish,concept,586,2.7418552627946616e-4,0,0,concept,3059,2274
dovish,switzerland,585,2.7371763288991076e-4,0,0,switzerland,4907,1019
dovish,ladi,584,2.7324973950035536e-4,0,0,ladies,3789,2554
dovish,green,583,2.7278184611079996e-4,0,0,green,2844,813
dovish,nomin,583,2.7278184611079996e-4,0,0,nominal,9131,3211
dovish,intervent,581,2.7184605933168915e-4,0,0,intervention,2591,2138
dovish,doubt,580,2.7137816594213375e-4,0,0,doubt,3220,2902
dovish,cyclic,579,2.7091027255257835e-4,0,0,cyclical,4295,2325
dovish,hour,579,2.7091027255257835e-4,0,0,hours,2482,1495
dovish,intend,579,2.7091027255257835e-4,0,0,intended,2828,2884
dovish,poor,578,2.7044237916302294e-4,0,0,poor,3034,1859
dovish,gross,577,2.6997448577346754e-4,0,0,gross,4296,2393
dovish,fed,574,2.6857080560480133e-4,0,0,fed,4841,1795
dovish,micro,573,2.6810291221524593e-4,0,0,micro,3212,1379
dovish,draw,572,2.676350188256905e-4,0,0,draw,2625,3060
dovish,policymak,571,2.671671254361351e-4,0,0,policymakers,5484,2553
dovish,rest,571,2.671671254361351e-4,0,0,rest,3819,2876
dovish,driven,568,2.657634452674689e-4,0,0,driven,5176,3229
dovish,gentlemen,567,2.652955518779135e-4,0,0,gentlemen,3714,2466
dovish,frankfurt,566,2.648276584883581e-4,0,0,frankfurt,4198,2690
dovish,worth,566,2.648276584883581e-4,0,0,worth,3858,2593
dovish,express,564,2.638918717092473e-4,0,0,expressed,2435,3319
dovish,resolv,564,2.638918717092473e-4,0,0,resolve,1373,2082
dovish,boost,562,2.629560849301365e-4,0,0,boost,2812,2761
dovish,consult,562,2.629560849301365e-4,0,0,consultation,1683,1903
dovish,prefer,562,2.629560849301365e-4,0,0,preferences,1069,2604
dovish,separ,562,2.629560849301365e-4,0,0,separate,1841,2212
dovish,avail,561,2.624881915405811e-4,0,0,availability,3691,2336
dovish,intens,561,2.624881915405811e-4,0,0,intensive,1662,2404
dovish,simpl,561,2.624881915405811e-4,0,0,simple,4567,2530
dovish,caus,559,2.615524047614703e-4,0,0,caused,3901,3263
dovish,swap,557,2.606166179823595e-4,0,0,swap,2362,1573
dovish,buy,556,2.601487245928041e-4,0,0,buy,2396,2058
dovish,oversight,556,2.601487245928041e-4,0,0,oversight,3408,1478
dovish,foundat,553,2.587450444241379e-4,0,0,foundation,2285,2405
dovish,maker,553,2.587450444241379e-4,0,0,makers,4164,2292
dovish,extens,552,2.5827715103458247e-4,0,0,extensive,1961,2882
dovish,cpi,551,2.5780925764502707e-4,0,0,cpi,8670,1766
dovish,constitut,547,2.5593768408680546e-4,0,0,constitute,1025,2278
dovish,formal,546,2.5546979069725006e-4,0,0,formal,2542,1914
dovish,list,546,2.5546979069725006e-4,0,0,list,2008,2101
dovish,favour,543,2.5406611052858385e-4,0,0,favourable,2715,2680
dovish,sensit,538,2.5172664358080683e-4,0,0,sensitive,2243,2129
dovish,physic,537,2.5125875019125143e-4,0,0,physical,2473,1424
dovish,bill,536,2.5079085680169603e-4,0,0,bills,1742,1528
dovish,faster,535,2.503229634121406e-4,0,0,faster,4381,2611
dovish,light,535,2.503229634121406e-4,0,0,light,4038,3061
dovish,complianc,534,2.498550700225852e-4,0,0,compliance,3827,1436
dovish,platform,534,2.498550700225852e-4,0,0,platform,1795,1351
dovish,code,532,2.489192832434744e-4,0,0,code,2384,915
dovish,absorb,530,2.479834964643636e-4,0,0,absorb,1801,2346
dovish,add,530,2.479834964643636e-4,0,0,add,2928,2589
dovish,korea,530,2.479834964643636e-4,0,0,korea,2849,791
dovish,contact,529,2.475156030748082e-4,0,0,contact,3376,3282
dovish,chain,528,2.470477096852528e-4,0,0,chain,1965,1696
dovish,compon,527,2.465798162956974e-4,0,0,components,2660,2891
dovish,creditor,527,2.465798162956974e-4,0,0,creditors,2276,1060
dovish,pattern,525,2.456440295165866e-4,0,0,pattern,2385,2225
dovish,hedg,524,2.451761361270312e-4,0,0,hedge,2508,1452
dovish,leav,521,2.43772455958365e-4,0,0,leave,2122,2765
dovish,brought,520,2.4330456256880958e-4,0,0,brought,4060,2944
dovish,modern,520,2.4330456256880958e-4,0,0,modern,2710,1997
dovish,optim,520,2.4330456256880958e-4,0,0,optimal,3139,2390
dovish,proport,520,2.4330456256880958e-4,0,0,proportion,2900,2122
dovish,pick,519,2.4283666917925418e-4,0,0,pick,2422,2382
dovish,guidelin,518,2.4236877578969878e-4,0,0,guidelines,2991,1449
dovish,bodi,515,2.4096509562103254e-4,0,0,bodies,1677,1972
dovish,coupl,514,2.4049720223147714e-4,0,0,couple,2317,2534
dovish,expenditur,514,2.4049720223147714e-4,0,0,expenditure,3003,2140
dovish,prove,514,2.4049720223147714e-4,0,0,proved,2165,2940
dovish,demonstr,513,2.4002930884192174e-4,0,0,demonstrated,1587,2663
dovish,method,513,2.4002930884192174e-4,0,0,methods,1987,1854
dovish,accumul,512,2.3956141545236634e-4,0,0,accumulation,1955,2386
dovish,updat,510,2.3862562867325553e-4,0,0,update,1735,2211
dovish,connect,509,2.3815773528370013e-4,0,0,connection,1125,2157
dovish,drive,509,2.3815773528370013e-4,0,0,driving,2028,2678
dovish,journal,509,2.3815773528370013e-4,0,0,journal,5801,1844
dovish,illustr,508,2.3768984189414472e-4,0,0,illustrate,1349,2580
dovish,intermediari,507,2.3722194850458932e-4,0,0,intermediaries,2664,1604
dovish,slight,506,2.3675405511503392e-4,0,0,slightly,3788,2576
dovish,restor,505,2.3628616172547852e-4,0,0,restore,1886,2240
dovish,ten,505,2.3628616172547852e-4,0,0,ten,3525,2188
dovish,decreas,504,2.358182683359231e-4,0,0,decrease,2392,2401
dovish,valu,503,2.353503749463677e-4,0,0,values,3478,2317
dovish,jurisdict,501,2.344145881672569e-4,0,0,jurisdictions,2371,1489
dovish,pass,499,2.334788013881461e-4,0,0,pass,2874,3005
dovish,employe,497,2.325430146090353e-4,0,0,employees,3630,1679
dovish,denomin,496,2.320751212194799e-4,0,0,denominated,2134,1452
dovish,easi,493,2.3067144105081368e-4,0,0,easy,3553,2585
dovish,sell,493,2.3067144105081368e-4,0,0,sell,1875,2030
dovish,paid,492,2.3020354766125828e-4,0,0,paid,2972,1993
dovish,literaci,491,2.2973565427170288e-4,0,0,literacy,1650,433
dovish,enter,490,2.2926776088214748e-4,0,0,enter,1329,2638
dovish,regular,489,2.2879986749259207e-4,0,0,regular,3173,2911
dovish,agenda,488,2.2833197410303667e-4,0,0,agenda,3286,1964
dovish,abroad,486,2.2739618732392586e-4,0,0,abroad,4006,2269
dovish,senior,486,2.2739618732392586e-4,0,0,senior,2664,1487
dovish,rba,485,2.2692829393437046e-4,0,0,rba,2639,356
dovish,temporari,484,2.2646040054481506e-4,0,0,temporary,5467,3009
dovish,cultur,483,2.2599250715525966e-4,0,0,culture,2017,1529
dovish,sharehold,482,2.2552461376570425e-4,0,0,shareholders,2347,1158
dovish,obtain,481,2.2505672037614885e-4,0,0,obtain,1676,2140
dovish,assumpt,480,2.2458882698659345e-4,0,0,assumptions,2334,2185
dovish,afford,479,2.2412093359703805e-4,0,0,affordable,984,1427
dovish,benchmark,479,2.2412093359703805e-4,0,0,benchmark,2530,1560
dovish,head,479,2.2412093359703805e-4,0,0,head,1477,2054
dovish,sharp,478,2.2365304020748264e-4,0,0,sharp,5221,3042
dovish,remov,477,2.2318514681792724e-4,0,0,remove,1113,2372
dovish,fee,476,2.2271725342837184e-4,0,0,fees,1634,883
dovish,london,476,2.2271725342837184e-4,0,0,london,3940,1862
dovish,citizen,475,2.2224936003881643e-4,0,0,citizens,3180,1737
dovish,wider,475,2.2224936003881643e-4,0,0,wider,3512,2198
dovish,appreci,474,2.2178146664926103e-4,0,0,appreciation,3592,2730
dovish,claim,474,2.2178146664926103e-4,0,0,claims,1658,1848
dovish,washington,473,2.2131357325970563e-4,0,0,washington,3788,1838
dovish,capabl,471,2.2037778648059482e-4,0,0,capabilities,1179,1908
dovish,precis,471,2.2037778648059482e-4,0,0,precisely,2081,2526
dovish,recov,471,2.2037778648059482e-4,0,0,recover,2030,2671
dovish,bad,470,2.1990989309103942e-4,0,0,bad,2934,2045
dovish,mexico,470,2.1990989309103942e-4,0,0,mexico,4952,803
dovish,exceed,469,2.1944199970148402e-4,0,0,exceed,1355,2667
dovish,necessarili,469,2.1944199970148402e-4,0,0,necessarily,3805,2857
dovish,input,468,2.1897410631192862e-4,0,0,input,2199,1955
dovish,characterist,466,2.180383195328178e-4,0,0,characteristics,2561,2008
dovish,emu,466,2.180383195328178e-4,0,0,emu,3066,737
dovish,africa,464,2.17102532753707e-4,0,0,africa,4908,838
dovish,multipl,464,2.17102532753707e-4,0,0,multiple,2580,1854
dovish,notabl,464,2.17102532753707e-4,0,0,notably,2759,2809
dovish,except,462,2.161667459745962e-4,0,0,exceptional,1604,2735
dovish,preserv,462,2.161667459745962e-4,0,0,preserve,1764,2261
dovish,guid,461,2.156988525850408e-4,0,0,guide,1979,2476
dovish,premium,461,2.156988525850408e-4,0,0,premium,3022,1864
dovish,document,460,2.152309591954854e-4,0,0,document,1113,1895
dovish,fintech,460,2.152309591954854e-4,0,0,fintech,2252,422
dovish,fallen,459,2.1476306580593e-4,0,0,fallen,4121,2304
dovish,oecd,459,2.1476306580593e-4,0,0,oecd,3249,1054
dovish,news,458,2.142951724163746e-4,0,0,news,3499,2023
dovish,distinguish,457,2.1382727902681918e-4,0,0,distinguished,2396,2354
dovish,join,457,2.1382727902681918e-4,0,0,join,1416,2010
dovish,mutual,457,2.1382727902681918e-4,0,0,mutual,2280,1864
dovish,accord,455,2.1289149224770838e-4,0,0,accord,1187,1560
dovish,parliament,455,2.1289149224770838e-4,0,0,parliament,2596,1316
dovish,revers,455,2.1289149224770838e-4,0,0,reverse,2107,2875
dovish,theori,455,2.1289149224770838e-4,0,0,theory,4117,2021
dovish,vari,453,2.1195570546859757e-4,0,0,vary,1413,2554
dovish,colleagu,452,2.1148781207904217e-4,0,0,colleagues,2801,2360
dovish,evolut,452,2.1148781207904217e-4,0,0,evolution,3792,2271
dovish,fluctuat,451,2.1101991868948677e-4,0,0,fluctuations,3553,2436
dovish,moment,450,2.1055202529993137e-4,0,0,moment,2853,2291
dovish,snb,450,2.1055202529993137e-4,0,0,snb,5788,493
dovish,argument,449,2.1008413191037596e-4,0,0,argument,2298,1979
dovish,player,448,2.0961623852082056e-4,0,0,players,2520,1621
dovish,right,448,2.0961623852082056e-4,0,0,rights,2064,1708
dovish,collabor,447,2.0914834513126516e-4,0,0,collaboration,1378,1308
dovish,leader,447,2.0914834513126516e-4,0,0,leaders,2528,1755
dovish,domin,446,2.0868045174170975e-4,0,0,dominant,1150,2130
dovish,explor,446,2.0868045174170975e-4,0,0,explore,1372,1980
dovish,push,446,2.0868045174170975e-4,0,0,push,2357,2861
dovish,realiti,446,2.0868045174170975e-4,0,0,reality,2330,1969
dovish,trigger,445,2.0821255835215435e-4,0,0,triggered,1768,2522
dovish,comput,444,2.0774466496259895e-4,0,0,computer,1248,1307
dovish,constraint,444,2.0774466496259895e-4,0,0,constraints,3668,2529
dovish,treati,441,2.0634098479393274e-4,0,0,treaty,3230,1147
dovish,african,440,2.0587309140437734e-4,0,0,african,4096,645
dovish,food,440,2.0587309140437734e-4,0,0,food,8086,2266
dovish,fulfil,440,2.0587309140437734e-4,0,0,fulfil,1108,2423
dovish,approv,439,2.0540519801482194e-4,0,0,approved,1218,1618
dovish,exampl,439,2.0540519801482194e-4,0,0,examples,2983,2122
dovish,host,439,2.0540519801482194e-4,0,0,host,1481,1692
dovish,stakehold,439,2.0540519801482194e-4,0,0,stakeholders,2300,1248
dovish,middl,438,2.0493730462526653e-4,0,0,middle,3219,2030
dovish,reinforc,438,2.0493730462526653e-4,0,0,reinforce,1204,2608
dovish,delay,437,2.0446941123571113e-4,0,0,delay,1348,1985
dovish,subsequ,437,2.0446941123571113e-4,0,0,subsequent,2646,2908
dovish,war,437,2.0446941123571113e-4,0,0,war,3864,1994
dovish,deterior,435,2.0353362445660032e-4,0,0,deterioration,2773,2621
dovish,follow,435,2.0353362445660032e-4,0,0,follow,3468,2625
dovish,securitis,435,2.0353362445660032e-4,0,0,securitisation,1823,721
dovish,captur,434,2.0306573106704492e-4,0,0,capture,1436,1759
dovish,stanc,434,2.0306573106704492e-4,0,0,stance,6709,2989
dovish,center,433,2.0259783767748952e-4,0,0,center,1917,1514
dovish,demograph,433,2.0259783767748952e-4,0,0,demographic,2061,1135
dovish,depart,432,2.0212994428793412e-4,0,0,department,2486,1797
dovish,think,432,2.0212994428793412e-4,0,0,thinking,3631,2284
dovish,wholesal,432,2.0212994428793412e-4,0,0,wholesale,2741,1341
dovish,audit,431,2.0166205089837871e-4,0,0,audit,1760,630
dovish,deliveri,431,2.0166205089837871e-4,0,0,delivery,2227,1293
dovish,exclud,429,2.007262641192679e-4,0,0,excluding,2610,2434
dovish,secondari,429,2.007262641192679e-4,0,0,secondary,2223,1187
dovish,anticip,428,2.002583707297125e-4,0,0,anticipated,1922,2653
dovish,dimens,428,2.002583707297125e-4,0,0,dimension,1638,1760
dovish,front,427,1.997904773401571e-4,0,0,front,2562,2179
dovish,peak,427,1.997904773401571e-4,0,0,peak,3219,2452
dovish,realiz,427,1.997904773401571e-4,0,0,realized,1033,1675
dovish,replac,426,1.993225839506017e-4,0,0,replaced,973,1990
dovish,expos,425,1.988546905610463e-4,0,0,exposed,2192,1965
dovish,vital,425,1.988546905610463e-4,0,0,vital,2287,1992
dovish,weaken,425,1.988546905610463e-4,0,0,weakening,1728,2480
dovish,barrier,424,1.983867971714909e-4,0,0,barriers,2230,1425
dovish,oversea,424,1.983867971714909e-4,0,0,overseas,4555,1364
dovish,strateg,424,1.983867971714909e-4,0,0,strategic,2388,1377
dovish,overcom,422,1.9745101039238006e-4,0,0,overcome,2136,1805
dovish,convent,421,1.9698311700282466e-4,0,0,conventional,2737,1970
dovish,emphas,421,1.9698311700282466e-4,0,0,emphasize,1398,1830
dovish,administr,420,1.9651522361326926e-4,0,0,administration,1447,1742
dovish,stabilis,420,1.9651522361326926e-4,0,0,stabilisation,1417,1982
dovish,orient,419,1.9604733022371385e-4,0,0,oriented,2395,2029
dovish,profil,419,1.9604733022371385e-4,0,0,profile,1645,1422
dovish,york,419,1.9604733022371385e-4,0,0,york,3370,1643
dovish,uniqu,418,1.9557943683415845e-4,0,0,unique,2510,2049
dovish,vol,418,1.9557943683415845e-4,0,0,vol,5562,1389
dovish,agent,416,1.9464365005504765e-4,0,0,agents,3383,1852
dovish,actual,415,1.9417575666549224e-4,0,0,actual,4911,2717
dovish,deepen,415,1.9417575666549224e-4,0,0,deepening,1667,1695
dovish,entir,415,1.9417575666549224e-4,0,0,entire,3111,2254
dovish,interbank,415,1.9417575666549224e-4,0,0,interbank,2702,1250
dovish,rose,415,1.9417575666549224e-4,0,0,rose,3965,2361
dovish,pbc,414,1.9370786327593684e-4,0,0,pbc,1237,139
dovish,feel,413,1.9323996988638144e-4,0,0,feel,1913,1948
dovish,partner,413,1.9323996988638144e-4,0,0,partners,2042,1857
dovish,signal,413,1.9323996988638144e-4,0,0,signals,1785,2467
dovish,varieti,413,1.9323996988638144e-4,0,0,variety,3092,2266
dovish,briefli,412,1.9277207649682603e-4,0,0,briefly,3139,2485
dovish,globalis,412,1.9277207649682603e-4,0,0,globalisation,3713,1194
dovish,variabl,412,1.9277207649682603e-4,0,0,variables,2916,2343
dovish,speed,411,1.9230418310727063e-4,0,0,speed,2599,1947
dovish,background,410,1.9183628971771523e-4,0,0,background,3538,2511
dovish,ownership,410,1.9183628971771523e-4,0,0,ownership,2156,1066
dovish,built,409,1.9136839632815983e-4,0,0,built,2624,2054
dovish,east,409,1.9136839632815983e-4,0,0,east,2930,1284
dovish,incorpor,409,1.9136839632815983e-4,0,0,incorporate,1040,1872
dovish,occas,408,1.9090050293860442e-4,0,0,occasion,1768,2208
dovish,attempt,407,1.9043260954904902e-4,0,0,attempt,1681,2403
dovish,own,407,1.9043260954904902e-4,0,0,owned,1964,1126
dovish,student,403,1.885610359908274e-4,0,0,students,1628,860
dovish,mix,401,1.876252492117166e-4,0,0,mix,1773,1763
dovish,consensus,400,1.871573558221612e-4,0,0,consensus,3521,1950
dovish,locat,400,1.871573558221612e-4,0,0,location,915,1481
dovish,shape,400,1.871573558221612e-4,0,0,shape,1720,2324
dovish,adequaci,399,1.866894624326058e-4,0,0,adequacy,2149,1116
dovish,pictur,399,1.866894624326058e-4,0,0,picture,2750,1909
dovish,primarili,399,1.866894624326058e-4,0,0,primarily,3188,2257
dovish,impos,398,1.862215690430504e-4,0,0,imposed,1350,2117
dovish,libor,398,1.862215690430504e-4,0,0,libor,2865,449
dovish,part,398,1.862215690430504e-4,0,0,partly,3752,2445
dovish,stori,398,1.862215690430504e-4,0,0,story,2418,1627
dovish,enforc,397,1.85753675653495e-4,0,0,enforcement,1475,1452
dovish,prior,397,1.85753675653495e-4,0,0,prior,3250,2136
dovish,grant,396,1.852857822639396e-4,0,0,granted,1595,1905
dovish,eventu,395,1.848178888743842e-4,0,0,eventually,2701,2456
dovish,probabl,394,1.8434999548482879e-4,0,0,probability,2725,1664
dovish,bit,392,1.8341420870571798e-4,0,0,bit,2443,1585
dovish,mine,391,1.8294631531616258e-4,0,0,mining,1534,693
dovish,curv,390,1.8247842192660717e-4,0,0,curve,6999,2035
dovish,elimin,390,1.8247842192660717e-4,0,0,eliminate,1153,1980
dovish,judg,389,1.8201052853705177e-4,0,0,judged,1462,2373
dovish,issuer,388,1.8154263514749637e-4,0,0,issuers,1522,946
dovish,opinion,388,1.8154263514749637e-4,0,0,opinion,2561,2026
dovish,risen,388,1.8154263514749637e-4,0,0,risen,4035,2316
dovish,fsb,387,1.8107474175794097e-4,0,0,fsb,2105,603
dovish,expens,386,1.8060684836838556e-4,0,0,expensive,1023,1733
dovish,lost,386,1.8060684836838556e-4,0,0,lost,2928,2019
dovish,theme,386,1.8060684836838556e-4,0,0,theme,1826,1680
dovish,deflat,385,1.8013895497883016e-4,0,0,deflation,4917,1643
dovish,downward,385,1.8013895497883016e-4,0,0,downward,5383,2653
dovish,covid,384,1.7967106158927476e-4,0,0,covid,5702,908
dovish,yen,384,1.7967106158927476e-4,0,0,yen,4556,932
dovish,find,383,1.7920316819971936e-4,0,0,finding,1652,2128
dovish,elig,382,1.7873527481016395e-4,0,0,eligible,1896,1193
dovish,prosper,382,1.7873527481016395e-4,0,0,prosperity,2147,1670
dovish,suffer,382,1.7873527481016395e-4,0,0,suffered,1180,2177
dovish,track,382,1.7873527481016395e-4,0,0,track,2233,2006
dovish,congress,381,1.7826738142060855e-4,0,0,congress,3121,1283
dovish,inflow,381,1.7826738142060855e-4,0,0,inflows,3038,1492
dovish,doubl,380,1.7779948803105315e-4,0,0,double,1718,2044
dovish,huge,380,1.7779948803105315e-4,0,0,huge,2204,1681
dovish,poverti,380,1.7779948803105315e-4,0,0,poverty,1821,693
dovish,section,380,1.7779948803105315e-4,0,0,section,2565,1437
dovish,constant,379,1.7733159464149774e-4,0,0,constant,1948,2098
dovish,dealer,379,1.7733159464149774e-4,0,0,dealers,1856,823
dovish,fast,379,1.7733159464149774e-4,0,0,fast,2483,1666
dovish,momentum,379,1.7733159464149774e-4,0,0,momentum,3270,2011
dovish,profession,379,1.7733159464149774e-4,0,0,professional,2072,1731
dovish,safeguard,379,1.7733159464149774e-4,0,0,safeguard,972,1633
dovish,reliabl,378,1.7686370125194234e-4,0,0,reliable,1710,1717
dovish,upward,378,1.7686370125194234e-4,0,0,upward,4928,2854
dovish,left,377,1.7639580786238694e-4,0,0,left,4377,2434
dovish,women,377,1.7639580786238694e-4,0,0,women,2235,643
dovish,academ,375,1.7546002108327613e-4,0,0,academic,2108,1745
dovish,equip,375,1.7546002108327613e-4,0,0,equipment,1893,1574
dovish,horizon,374,1.7499212769372073e-4,0,0,horizon,3704,2269
dovish,rough,373,1.7452423430416533e-4,0,0,roughly,2562,1935
dovish,collaps,372,1.7405634091460993e-4,0,0,collapse,2444,1881
dovish,damag,372,1.7405634091460993e-4,0,0,damage,1821,1889
dovish,virtual,372,1.7405634091460993e-4,0,0,virtually,1835,1742
dovish,slide,370,1.7312055413549912e-4,0,0,slide,3106,479
dovish,accompani,369,1.7265266074594372e-4,0,0,accompanied,2349,2491
dovish,threat,369,1.7265266074594372e-4,0,0,threat,2172,2005
dovish,analys,368,1.7218476735638831e-4,0,0,analyses,1302,1951
dovish,pleasur,368,1.7218476735638831e-4,0,0,pleasure,2684,2526
dovish,repay,367,1.717168739668329e-4,0,0,repayment,970,1126
dovish,america,366,1.712489805772775e-4,0,0,america,2065,1164
dovish,promis,366,1.712489805772775e-4,0,0,promise,1024,1813
dovish,sharpli,366,1.712489805772775e-4,0,0,sharply,3815,2356
dovish,appar,364,1.703131937981667e-4,0,0,apparent,2010,2002
dovish,differenti,363,1.698453004086113e-4,0,0,differentials,1124,1648
dovish,messag,363,1.698453004086113e-4,0,0,message,1482,1523
dovish,land,362,1.693774070190559e-4,0,0,land,1574,999
dovish,notic,362,1.693774070190559e-4,0,0,notice,1086,1858
dovish,pool,362,1.693774070190559e-4,0,0,pool,910,1173
dovish,fell,361,1.689095136295005e-4,0,0,fell,3637,2248
dovish,inflationari,361,1.689095136295005e-4,0,0,inflationary,6484,2750
dovish,insight,361,1.689095136295005e-4,0,0,insights,1505,1725
dovish,choos,360,1.684416202399451e-4,0,0,choose,1661,1632
dovish,composit,360,1.684416202399451e-4,0,0,composition,2179,1653
dovish,depreci,360,1.684416202399451e-4,0,0,depreciation,3102,1844
dovish,match,360,1.684416202399451e-4,0,0,match,850,1479
dovish,reveal,360,1.684416202399451e-4,0,0,revealed,1180,1819
dovish,align,359,1.679737268503897e-4,0,0,aligned,782,1536
dovish,prompt,359,1.679737268503897e-4,0,0,prompt,955,1981
dovish,sum,359,1.679737268503897e-4,0,0,sum,2359,2043
dovish,easili,358,1.675058334608343e-4,0,0,easily,2626,2076
dovish,prime,358,1.675058334608343e-4,0,0,prime,2610,1452
dovish,select,358,1.675058334608343e-4,0,0,selected,871,1785
dovish,criteria,357,1.6703794007127888e-4,0,0,criteria,2531,1428
dovish,dramat,357,1.6703794007127888e-4,0,0,dramatic,1483,1909
dovish,inequ,357,1.6703794007127888e-4,0,0,inequality,1702,619
dovish,atm,356,1.6657004668172348e-4,0,0,atms,666,400
dovish,attribut,356,1.6657004668172348e-4,0,0,attributed,1091,2055
dovish,behavior,356,1.6657004668172348e-4,0,0,behavior,2907,1631
dovish,intent,356,1.6657004668172348e-4,0,0,intention,1084,1885
dovish,permit,356,1.6657004668172348e-4,0,0,permitted,1297,1451
dovish,spillov,356,1.6657004668172348e-4,0,0,spillovers,1988,1283
dovish,widen,356,1.6657004668172348e-4,0,0,widening,1260,1702
dovish,inter,355,1.6610215329216808e-4,0,0,inter,2479,1400
dovish,narrow,355,1.6610215329216808e-4,0,0,narrow,1670,2072
dovish,easier,354,1.6563425990261268e-4,0,0,easier,2576,1990
dovish,substitut,354,1.6563425990261268e-4,0,0,substitute,958,1551
dovish,absenc,353,1.6516636651305727e-4,0,0,absence,2644,1949
dovish,correl,353,1.6516636651305727e-4,0,0,correlation,1491,1312
dovish,distinct,353,1.6516636651305727e-4,0,0,distinct,1137,1937
dovish,drop,353,1.6516636651305727e-4,0,0,drop,2068,2041
dovish,hear,353,1.6516636651305727e-4,0,0,hear,1151,1580
dovish,prudent,353,1.6516636651305727e-4,0,0,prudent,2023,1682
dovish,sophist,353,1.6516636651305727e-4,0,0,sophisticated,1481,1329
dovish,class,352,1.6469847312350187e-4,0,0,class,1381,1524
dovish,harmonis,352,1.6469847312350187e-4,0,0,harmonised,1060,1097
dovish,lose,352,1.6469847312350187e-4,0,0,lose,1475,1853
dovish,present,352,1.6469847312350187e-4,0,0,presentation,1536,1611
dovish,solid,352,1.6469847312350187e-4,0,0,solid,2634,2019
dovish,deep,351,1.6423057973394647e-4,0,0,deep,2518,1903
dovish,gold,351,1.6423057973394647e-4,0,0,gold,4381,961
dovish,happi,351,1.6423057973394647e-4,0,0,happy,1405,1179
dovish,keep,351,1.6423057973394647e-4,0,0,keeping,3344,2514
dovish,proceed,351,1.6423057973394647e-4,0,0,proceed,862,2105
dovish,compens,350,1.6376268634439107e-4,0,0,compensation,2533,1922
dovish,great,350,1.6376268634439107e-4,0,0,greatly,2078,1665
dovish,confirm,349,1.6329479295483566e-4,0,0,confirmed,1371,2168
dovish,handl,349,1.6329479295483566e-4,0,0,handle,750,1282
dovish,msmes,349,1.6329479295483566e-4,0,0,msmes,838,114
dovish,undertak,349,1.6329479295483566e-4,0,0,undertake,1231,1744
dovish,explicit,347,1.6235900617572486e-4,0,0,explicit,2162,2070
dovish,fragment,347,1.6235900617572486e-4,0,0,fragmentation,1464,976
dovish,frequent,346,1.6189111278616945e-4,0,0,frequently,1563,1903
dovish,offset,346,1.6189111278616945e-4,0,0,offset,2695,2135
dovish,acknowledg,345,1.6142321939661405e-4,0,0,acknowledged,983,1880
dovish,chines,345,1.6142321939661405e-4,0,0,chinese,2612,1016
dovish,counter,345,1.6142321939661405e-4,0,0,counter,2425,1961
dovish,downturn,345,1.6142321939661405e-4,0,0,downturn,2704,1827
dovish,internet,345,1.6142321939661405e-4,0,0,internet,1930,903
dovish,overnight,345,1.6142321939661405e-4,0,0,overnight,3271,1521
dovish,perceiv,345,1.6142321939661405e-4,0,0,perceived,2401,2014
dovish,grown,344,1.6095532600705865e-4,0,0,grown,2280,1720
dovish,merchant,344,1.6095532600705865e-4,0,0,merchants,786,456
dovish,morn,344,1.6095532600705865e-4,0,0,morning,1901,1544
dovish,packag,344,1.6095532600705865e-4,0,0,package,1870,1398
dovish,closer,343,1.6048743261750325e-4,0,0,closer,2649,2074
dovish,commerc,343,1.6048743261750325e-4,0,0,commerce,2092,1152
dovish,complement,343,1.6048743261750325e-4,0,0,complement,1226,1713
dovish,schedul,341,1.5955164583839244e-4,0,0,scheduled,1393,1283
dovish,stop,341,1.5955164583839244e-4,0,0,stop,1425,1811
dovish,categori,340,1.5908375244883704e-4,0,0,categories,1395,1573
dovish,discount,340,1.5908375244883704e-4,0,0,discount,1862,1220
dovish,hit,340,1.5908375244883704e-4,0,0,hit,2653,2177
dovish,lie,340,1.5908375244883704e-4,0,0,lies,1676,2167
dovish,enjoy,339,1.5861585905928164e-4,0,0,enjoy,1067,1801
dovish,diversifi,337,1.5768007228017083e-4,0,0,diversified,1103,1382
dovish,strike,337,1.5768007228017083e-4,0,0,striking,1174,1628
dovish,touch,337,1.5768007228017083e-4,0,0,touch,1769,1878
dovish,give,335,1.5674428550106002e-4,0,0,giving,2400,1919
dovish,chair,334,1.5627639211150462e-4,0,0,chair,1554,1542
dovish,inevit,334,1.5627639211150462e-4,0,0,inevitably,1489,2058
dovish,securit,333,1.5580849872194922e-4,0,0,securitization,1173,704
dovish,affair,332,1.5534060533239382e-4,0,0,affairs,2423,1542
dovish,capita,332,1.5534060533239382e-4,0,0,capita,1729,793
dovish,resid,332,1.5534060533239382e-4,0,0,residents,1571,1181
dovish,solvenc,332,1.5534060533239382e-4,0,0,solvency,2265,844
dovish,welfar,331,1.548727119428384e-4,0,0,welfare,2671,1576
dovish,ccps,330,1.54404818553283e-4,0,0,ccps,1725,210
dovish,empir,330,1.54404818553283e-4,0,0,empirical,3386,1955
dovish,fear,329,1.5393692516372758e-4,0,0,fear,1444,1845
dovish,settl,329,1.5393692516372758e-4,0,0,settled,919,1285
dovish,comparison,328,1.5346903177417218e-4,0,0,comparison,2232,1907
dovish,instabl,328,1.5346903177417218e-4,0,0,instability,3096,1772
dovish,stimul,327,1.5300113838461678e-4,0,0,stimulate,1417,2144
dovish,equival,326,1.5253324499506137e-4,0,0,equivalent,1974,1572
dovish,renew,326,1.5253324499506137e-4,0,0,renewed,1448,1701
dovish,techniqu,325,1.5206535160550597e-4,0,0,techniques,1643,1076
dovish,wrong,323,1.5112956482639516e-4,0,0,wrong,1941,1421
dovish,met,322,1.5066167143683976e-4,0,0,met,2195,1733
dovish,road,322,1.5066167143683976e-4,0,0,road,1760,1324
dovish,bias,321,1.5019377804728436e-4,0,0,bias,1612,1028
dovish,kingdom,321,1.5019377804728436e-4,0,0,kingdom,3155,1608
dovish,articl,320,1.4972588465772896e-4,0,0,article,1984,1327
dovish,ground,320,1.4972588465772896e-4,0,0,ground,1256,1777
dovish,percept,320,1.4972588465772896e-4,0,0,perception,1644,1887
dovish,pleas,320,1.4972588465772896e-4,0,0,pleased,1854,1678
dovish,princip,320,1.4972588465772896e-4,0,0,principal,1902,1431
dovish,assur,319,1.4925799126817355e-4,0,0,assure,695,1469
dovish,owner,319,1.4925799126817355e-4,0,0,owners,1205,917
dovish,expert,318,1.4879009787861815e-4,0,0,experts,1680,1493
dovish,retain,318,1.4879009787861815e-4,0,0,retain,1019,1565
dovish,space,318,1.4879009787861815e-4,0,0,space,2018,1327
dovish,widespread,318,1.4879009787861815e-4,0,0,widespread,2558,1984
dovish,landscap,317,1.4832220448906275e-4,0,0,landscape,1726,1145
dovish,valuat,317,1.4832220448906275e-4,0,0,valuation,1527,1291
dovish,dispos,316,1.4785431109950735e-4,0,0,disposable,1119,1449
dovish,deliber,315,1.4738641770995194e-4,0,0,deliberations,1070,1496
dovish,distort,314,1.4691852432039654e-4,0,0,distortions,1129,1589
dovish,entri,314,1.4691852432039654e-4,0,0,entry,1861,1227
dovish,favor,312,1.4598273754128573e-4,0,0,favorable,2051,1575
dovish,appropri,310,1.4504695076217493e-4,0,0,appropriately,1859,1782
dovish,daili,310,1.4504695076217493e-4,0,0,daily,2485,1611
dovish,episod,309,1.4457905737261953e-4,0,0,episodes,1892,1880
dovish,interpret,309,1.4457905737261953e-4,0,0,interpretation,1079,1925
dovish,util,309,1.4457905737261953e-4,0,0,utilization,1291,1587
dovish,north,308,1.4411116398306412e-4,0,0,north,1725,893
dovish,unpreced,308,1.4411116398306412e-4,0,0,unprecedented,2493,1825
dovish,depositor,306,1.4317537720395332e-4,0,0,depositors,1640,850
dovish,bail,305,1.4270748381439792e-4,0,0,bail,1007,508
dovish,indirect,305,1.4270748381439792e-4,0,0,indirect,1813,1913
dovish,obvious,305,1.4270748381439792e-4,0,0,obvious,2412,1878
dovish,order,305,1.4270748381439792e-4,0,0,orderly,1993,1236
dovish,partnership,305,1.4270748381439792e-4,0,0,partnership,778,744
dovish,recognit,305,1.4270748381439792e-4,0,0,recognition,2149,1610
dovish,resort,305,1.4270748381439792e-4,0,0,resort,1897,1302
dovish,carbon,304,1.422395904248425e-4,0,0,carbon,1590,329
dovish,cbdc,304,1.422395904248425e-4,0,0,cbdc,1472,131
dovish,exit,304,1.422395904248425e-4,0,0,exit,2326,1277
dovish,attend,303,1.417716970352871e-4,0,0,attend,457,1191
dovish,client,303,1.417716970352871e-4,0,0,clients,1204,862
dovish,fit,303,1.417716970352871e-4,0,0,fit,1200,1495
dovish,readi,303,1.417716970352871e-4,0,0,ready,2298,1837
dovish,rememb,303,1.417716970352871e-4,0,0,remember,1669,1565
dovish,shadow,303,1.417716970352871e-4,0,0,shadow,2356,769
dovish,treatment,303,1.417716970352871e-4,0,0,treatment,1510,1132
dovish,depress,302,1.413038036457317e-4,0,0,depression,1736,1700
dovish,perman,302,1.413038036457317e-4,0,0,permanent,2665,1995
dovish,riski,302,1.413038036457317e-4,0,0,risky,1854,1364
dovish,summer,302,1.413038036457317e-4,0,0,summer,2910,2026
dovish,lectur,300,1.403680168666209e-4,0,0,lecture,2365,1205
dovish,page,300,1.403680168666209e-4,0,0,page,2452,981
dovish,presenc,300,1.403680168666209e-4,0,0,presence,2331,1597
dovish,emphasi,299,1.399001234770655e-4,0,0,emphasis,2338,1669
dovish,inher,299,1.399001234770655e-4,0,0,inherent,1414,1483
dovish,status,299,1.399001234770655e-4,0,0,status,2118,1427
dovish,summit,299,1.399001234770655e-4,0,0,summit,1427,857
dovish,architectur,298,1.394322300875101e-4,0,0,architecture,1704,1033
dovish,healthi,298,1.394322300875101e-4,0,0,healthy,2280,1626
dovish,explan,297,1.389643366979547e-4,0,0,explanation,1871,1555
dovish,coin,296,1.384964433083993e-4,0,0,coins,1824,976
dovish,impress,296,1.384964433083993e-4,0,0,impressive,1160,1576
dovish,insolv,296,1.384964433083993e-4,0,0,insolvency,1097,704
dovish,put,296,1.384964433083993e-4,0,0,putting,2129,1782
dovish,outlin,295,1.380285499188439e-4,0,0,outlined,1055,1754
dovish,stay,295,1.380285499188439e-4,0,0,stay,1661,1999
dovish,lag,294,1.3756065652928849e-4,0,0,lag,1278,2066
dovish,vision,294,1.3756065652928849e-4,0,0,vision,1593,949
dovish,foreclosur,293,1.3709276313973308e-4,0,0,foreclosure,781,235
dovish,valuabl,293,1.3709276313973308e-4,0,0,valuable,2021,1646
dovish,coverag,292,1.3662486975017768e-4,0,0,coverage,1792,1102
dovish,reput,292,1.3662486975017768e-4,0,0,reputation,1103,1020
dovish,understood,292,1.3662486975017768e-4,0,0,understood,2265,1704
dovish,withdraw,292,1.3662486975017768e-4,0,0,withdrawal,971,1386
dovish,describ,291,1.3615697636062228e-4,0,0,describe,1344,1676
dovish,break,290,1.3568908297106687e-4,0,0,break,1305,1522
dovish,distress,290,1.3568908297106687e-4,0,0,distress,1081,930
dovish,moral,290,1.3568908297106687e-4,0,0,moral,1872,1104
dovish,nonetheless,290,1.3568908297106687e-4,0,0,nonetheless,2436,1675
dovish,gather,289,1.3522118958151147e-4,0,0,gathering,769,1554
dovish,impair,289,1.3522118958151147e-4,0,0,impaired,1059,1402
dovish,rtgs,289,1.3522118958151147e-4,0,0,rtgs,1362,314
dovish,vice,289,1.3522118958151147e-4,0,0,vice,2053,1683
dovish,site,287,1.3428540280240067e-4,0,0,site,1280,819
dovish,holder,286,1.3381750941284526e-4,0,0,holders,1189,886
dovish,exclus,285,1.3334961602328986e-4,0,0,exclusively,774,1305
dovish,minist,285,1.3334961602328986e-4,0,0,minister,1410,1294
dovish,turmoil,285,1.3334961602328986e-4,0,0,turmoil,2930,1251
dovish,modest,284,1.3288172263373446e-4,0,0,modest,2587,1978
dovish,conting,283,1.3241382924417906e-4,0,0,contingent,1039,1046
dovish,german,282,1.3194593585462365e-4,0,0,german,2022,1081
dovish,read,282,1.3194593585462365e-4,0,0,read,976,1588
dovish,undertaken,282,1.3194593585462365e-4,0,0,undertaken,2065,1533
dovish,accur,281,1.3147804246506825e-4,0,0,accurate,1149,1439
dovish,format,281,1.3147804246506825e-4,0,0,formation,2102,1682
dovish,talent,281,1.3147804246506825e-4,0,0,talent,597,428
dovish,convinc,280,1.3101014907551285e-4,0,0,convinced,1203,1642
dovish,tier,280,1.3101014907551285e-4,0,0,tier,1307,751
dovish,approxim,279,1.3054225568595744e-4,0,0,approximately,1781,1547
dovish,complic,279,1.3054225568595744e-4,0,0,complicated,1303,1691
dovish,feedback,279,1.3054225568595744e-4,0,0,feedback,2078,1256
dovish,motiv,279,1.3054225568595744e-4,0,0,motivation,613,1390
dovish,revolut,279,1.3054225568595744e-4,0,0,revolution,1708,840
dovish,smes,279,1.3054225568595744e-4,0,0,smes,1659,460
dovish,stem,279,1.3054225568595744e-4,0,0,stemming,1471,1922
dovish,websit,279,1.3054225568595744e-4,0,0,website,2001,1398
dovish,norm,278,1.3007436229640204e-4,0,0,norms,1639,1052
dovish,bound,277,1.2960646890684664e-4,0,0,bound,3842,1846
dovish,panel,277,1.2960646890684664e-4,0,0,panel,2725,1292
dovish,wit,277,1.2960646890684664e-4,0,0,witnessed,1468,1579
dovish,correspond,276,1.2913857551729124e-4,0,0,correspondent,412,1249
dovish,ministri,276,1.2913857551729124e-4,0,0,ministry,2169,945
dovish,sort,276,1.2913857551729124e-4,0,0,sort,1273,1267
dovish,undermin,275,1.2867068212773583e-4,0,0,undermine,1052,1659
dovish,acquir,274,1.2820278873818043e-4,0,0,acquired,794,1361
dovish,circul,274,1.2820278873818043e-4,0,0,circulation,1592,910
dovish,contagion,274,1.2820278873818043e-4,0,0,contagion,2199,1103
dovish,downsid,274,1.2820278873818043e-4,0,0,downside,3480,1935
dovish,steadi,274,1.2820278873818043e-4,0,0,steady,2944,1955
dovish,transport,274,1.2820278873818043e-4,0,0,transportation,988,1136
dovish,auction,273,1.2773489534862503e-4,0,0,auctions,1043,644
dovish,conflict,273,1.2773489534862503e-4,0,0,conflict,1131,1437
dovish,cra,273,1.2773489534862503e-4,0,0,cra,1445,127
dovish,prevail,273,1.2773489534862503e-4,0,0,prevailing,1615,2090
dovish,tail,273,1.2773489534862503e-4,0,0,tail,1266,691
dovish,minim,272,1.2726700195906962e-4,0,0,minimize,802,1293
dovish,david,270,1.2633121517995882e-4,0,0,david,1898,1042
dovish,induc,270,1.2633121517995882e-4,0,0,induced,1069,1592
dovish,confront,269,1.2586332179040342e-4,0,0,confronted,828,1468
dovish,tackl,269,1.2586332179040342e-4,0,0,tackle,938,1347
dovish,vis,269,1.2586332179040342e-4,0,0,vis,2159,814
dovish,lehman,268,1.2539542840084801e-4,0,0,lehman,1919,942
dovish,expertis,267,1.249275350112926e-4,0,0,expertise,1671,1220
dovish,subsidiari,267,1.249275350112926e-4,0,0,subsidiaries,1271,712
dovish,immedi,266,1.244596416217372e-4,0,0,immediately,2294,1729
dovish,magnitud,266,1.244596416217372e-4,0,0,magnitude,1988,1585
dovish,engin,265,1.239917482321818e-4,0,0,engineering,643,1292
dovish,driver,264,1.235238548426264e-4,0,0,drivers,1481,1609
dovish,emiss,264,1.235238548426264e-4,0,0,emissions,1008,279
dovish,meant,264,1.235238548426264e-4,0,0,meant,2111,1568
dovish,solv,264,1.235238548426264e-4,0,0,solve,966,1272
dovish,underpin,264,1.235238548426264e-4,0,0,underpin,690,1746
dovish,troubl,263,1.23055961453071e-4,0,0,trouble,615,1073
dovish,constrain,262,1.225880680635156e-4,0,0,constrained,1725,1765
dovish,quantiti,262,1.225880680635156e-4,0,0,quantity,1676,1342
dovish,sec,262,1.225880680635156e-4,0,0,sec,878,234
dovish,ab,261,1.221201746739602e-4,0,0,abs,1232,319
dovish,amend,261,1.221201746739602e-4,0,0,amendments,625,998
dovish,convers,261,1.221201746739602e-4,0,0,conversion,677,1450
dovish,migrat,261,1.221201746739602e-4,0,0,migration,1198,771
dovish,state,261,1.221201746739602e-4,0,0,stated,1948,1641
dovish,write,261,1.221201746739602e-4,0,0,write,894,1103
dovish,automat,260,1.2165228128440479e-4,0,0,automatic,1377,1412
dovish,float,260,1.2165228128440479e-4,0,0,floating,2290,1188
dovish,taxpay,260,1.2165228128440479e-4,0,0,taxpayers,827,731
dovish,underwrit,259,1.2118438789484939e-4,0,0,underwriting,1345,692
dovish,repeat,258,1.2071649450529397e-4,0,0,repeatedly,759,1840
dovish,threaten,258,1.2071649450529397e-4,0,0,threaten,837,1597
dovish,debit,257,1.2024860111573857e-4,0,0,debit,1087,437
dovish,emphasis,257,1.2024860111573857e-4,0,0,emphasise,1190,1654
dovish,grew,257,1.2024860111573857e-4,0,0,grew,2100,1482
dovish,judgment,257,1.2024860111573857e-4,0,0,judgment,1719,1384
dovish,promin,257,1.2024860111573857e-4,0,0,prominent,1512,1606
dovish,session,257,1.2024860111573857e-4,0,0,session,1021,928
dovish,viabl,257,1.2024860111573857e-4,0,0,viable,1274,850
dovish,weaker,257,1.2024860111573857e-4,0,0,weaker,2496,1692
dovish,contain,256,1.1978070772618317e-4,0,0,contained,1748,1670
dovish,last,256,1.1978070772618317e-4,0,0,lasting,1767,2029
dovish,lowest,256,1.1978070772618317e-4,0,0,lowest,2090,1547
dovish,turkey,256,1.1978070772618317e-4,0,0,turkey,2509,482
dovish,unconvent,256,1.1978070772618317e-4,0,0,unconventional,2733,1008
dovish,itali,255,1.1931281433662776e-4,0,0,italy,1785,853
dovish,numer,255,1.1931281433662776e-4,0,0,numerous,1300,1495
dovish,threshold,255,1.1931281433662776e-4,0,0,threshold,1425,881
dovish,greec,254,1.1884492094707236e-4,0,0,greece,1599,685
dovish,score,254,1.1884492094707236e-4,0,0,scores,445,567
dovish,seminar,254,1.1884492094707236e-4,0,0,seminar,1562,822
dovish,sepa,254,1.1884492094707236e-4,0,0,sepa,2308,138
dovish,conveni,253,1.1837702755751696e-4,0,0,convenience,576,794
dovish,quot,253,1.1837702755751696e-4,0,0,quote,769,1151
dovish,simultan,253,1.1837702755751696e-4,0,0,simultaneously,1405,1449
dovish,merger,252,1.1790913416796156e-4,0,0,mergers,1167,662
dovish,uncertain,252,1.1790913416796156e-4,0,0,uncertain,3143,2112
dovish,vast,252,1.1790913416796156e-4,0,0,vast,1372,1252
dovish,workforc,252,1.1790913416796156e-4,0,0,workforce,1743,893
dovish,analyt,251,1.1744124077840615e-4,0,0,analytical,1560,1252
dovish,appetit,251,1.1744124077840615e-4,0,0,appetite,1397,979
dovish,depth,251,1.1744124077840615e-4,0,0,depth,1752,1439
dovish,linkag,251,1.1744124077840615e-4,0,0,linkages,1289,1031
dovish,residenti,251,1.1744124077840615e-4,0,0,residential,1759,940
dovish,advis,250,1.1697334738885075e-4,0,0,advised,735,976
dovish,heavili,250,1.1697334738885075e-4,0,0,heavily,1902,1555
dovish,tendenc,250,1.1697334738885075e-4,0,0,tendency,1745,1447
dovish,twenti,250,1.1697334738885075e-4,0,0,twenty,1565,1138
dovish,intensifi,249,1.1650545399929535e-4,0,0,intensified,1131,1563
dovish,literatur,249,1.1650545399929535e-4,0,0,literature,2437,1295
dovish,crore,248,1.1603756060973995e-4,0,0,crore,1023,273
dovish,danger,248,1.1603756060973995e-4,0,0,danger,818,1327
dovish,diversif,248,1.1603756060973995e-4,0,0,diversification,1697,1019
dovish,formul,248,1.1603756060973995e-4,0,0,formulation,874,1494
dovish,methodolog,248,1.1603756060973995e-4,0,0,methodology,1021,956
dovish,bottom,247,1.1556966722018454e-4,0,0,bottom,1446,1253
dovish,reaction,246,1.1510177383062914e-4,0,0,reaction,2328,1657
dovish,born,245,1.1463388044107374e-4,0,0,borne,866,1157
dovish,realis,245,1.1463388044107374e-4,0,0,realised,691,1311
dovish,standardis,245,1.1463388044107374e-4,0,0,standardised,661,562
dovish,worldwid,245,1.1463388044107374e-4,0,0,worldwide,2091,1475
dovish,bankruptci,244,1.1416598705151833e-4,0,0,bankruptcy,1284,826
dovish,broaden,244,1.1416598705151833e-4,0,0,broadening,545,1086
dovish,eme,244,1.1416598705151833e-4,0,0,emes,2035,305
dovish,friend,244,1.1416598705151833e-4,0,0,friendly,694,1229
dovish,geograph,244,1.1416598705151833e-4,0,0,geographical,692,1026
dovish,heart,244,1.1416598705151833e-4,0,0,heart,1389,1162
dovish,refinanc,244,1.1416598705151833e-4,0,0,refinancing,2508,1128
dovish,root,244,1.1416598705151833e-4,0,0,root,900,1322
dovish,shri,244,1.1416598705151833e-4,0,0,shri,1263,488
dovish,comfort,243,1.1369809366196293e-4,0,0,comfort,704,1239
dovish,vote,243,1.1369809366196293e-4,0,0,vote,968,947
dovish,store,242,1.1323020027240753e-4,0,0,store,805,851
dovish,turbul,242,1.1323020027240753e-4,0,0,turbulence,1651,1244
dovish,depositori,241,1.1276230688285213e-4,0,0,depository,1677,703
dovish,enorm,241,1.1276230688285213e-4,0,0,enormous,1395,1335
dovish,item,241,1.1276230688285213e-4,0,0,items,3036,1385
dovish,pra,241,1.1276230688285213e-4,0,0,pra,1641,278
dovish,relianc,241,1.1276230688285213e-4,0,0,reliance,1561,1075
dovish,scienc,241,1.1276230688285213e-4,0,0,science,1430,931
dovish,steadili,241,1.1276230688285213e-4,0,0,steadily,2398,1548
dovish,bulletin,240,1.1229441349329672e-4,0,0,bulletin,2176,1173
dovish,fragil,240,1.1229441349329672e-4,0,0,fragile,902,1135
dovish,era,239,1.1182652010374132e-4,0,0,era,2013,1267
dovish,game,239,1.1182652010374132e-4,0,0,game,1247,961
dovish,remind,239,1.1182652010374132e-4,0,0,remind,892,1690
dovish,unusu,239,1.1182652010374132e-4,0,0,unusual,1338,1593
dovish,ireland,238,1.1135862671418592e-4,0,0,ireland,1558,677
dovish,vehicl,238,1.1135862671418592e-4,0,0,vehicles,1240,1292
dovish,specul,237,1.1089073332463052e-4,0,0,speculative,1181,1290
dovish,text,237,1.1089073332463052e-4,0,0,text,1370,771
dovish,worri,237,1.1089073332463052e-4,0,0,worry,751,1304
dovish,translat,236,1.1042283993507511e-4,0,0,translate,663,1473
dovish,draft,235,1.0995494654551971e-4,0,0,draft,1266,1031
dovish,languag,235,1.0995494654551971e-4,0,0,language,1156,843
dovish,leadership,235,1.0995494654551971e-4,0,0,leadership,1553,941
dovish,maximum,235,1.0995494654551971e-4,0,0,maximum,2968,1635
dovish,summari,235,1.0995494654551971e-4,0,0,summary,2129,1625
dovish,assign,234,1.0948705315596431e-4,0,0,assigned,940,1231
dovish,drawn,234,1.0948705315596431e-4,0,0,drawn,1799,1487
dovish,fpc,234,1.0948705315596431e-4,0,0,fpc,1697,271
dovish,meaning,234,1.0948705315596431e-4,0,0,meaningful,1286,1160
dovish,negoti,234,1.0948705315596431e-4,0,0,negotiations,939,1250
dovish,perfect,234,1.0948705315596431e-4,0,0,perfect,896,1254
dovish,spain,234,1.0948705315596431e-4,0,0,spain,1803,849
dovish,treat,234,1.0948705315596431e-4,0,0,treated,750,1085
dovish,insuffici,233,1.090191597664089e-4,0,0,insufficient,1588,1397
dovish,korean,233,1.090191597664089e-4,0,0,korean,744,221
dovish,regist,233,1.090191597664089e-4,0,0,registered,1136,1210
dovish,diverg,232,1.085512663768535e-4,0,0,divergence,1006,1322
dovish,team,232,1.085512663768535e-4,0,0,team,1078,945
dovish,unexpect,232,1.085512663768535e-4,0,0,unexpected,1639,1425
dovish,unlik,232,1.085512663768535e-4,0,0,unlike,1890,1567
dovish,disast,231,1.080833729872981e-4,0,0,disaster,983,662
dovish,extraordinari,231,1.080833729872981e-4,0,0,extraordinary,2165,1494
dovish,search,231,1.080833729872981e-4,0,0,search,1524,1319
dovish,arbitrag,230,1.076154795977427e-4,0,0,arbitrage,1385,858
dovish,databas,230,1.076154795977427e-4,0,0,database,992,646
dovish,owe,230,1.076154795977427e-4,0,0,owing,1590,1565
dovish,remitt,230,1.076154795977427e-4,0,0,remittances,547,379
dovish,grate,229,1.071475862081873e-4,0,0,grateful,1262,1383
dovish,inventori,229,1.071475862081873e-4,0,0,inventory,1084,942
dovish,islam,229,1.071475862081873e-4,0,0,islamic,1283,92
dovish,equilibrium,228,1.0667969281863189e-4,0,0,equilibrium,3905,1333
dovish,implicit,228,1.0667969281863189e-4,0,0,implicit,1180,1054
dovish,judgement,228,1.0667969281863189e-4,0,0,judgement,1452,1049
dovish,mpc,228,1.0667969281863189e-4,0,0,mpc,6361,914
dovish,shortag,228,1.0667969281863189e-4,0,0,shortage,1375,1410
dovish,tailor,228,1.0667969281863189e-4,0,0,tailored,627,742
dovish,otc,227,1.0621179942907649e-4,0,0,otc,1654,445
dovish,compris,226,1.0574390603952109e-4,0,0,comprises,577,1361
dovish,fraud,226,1.0574390603952109e-4,0,0,fraud,1039,493
dovish,popular,226,1.0574390603952109e-4,0,0,popular,959,998
dovish,turkish,226,1.0574390603952109e-4,0,0,turkish,1926,261
dovish,unsecur,226,1.0574390603952109e-4,0,0,unsecured,1362,640
dovish,warn,226,1.0574390603952109e-4,0,0,warning,831,1118
dovish,colleg,225,1.0527601264996568e-4,0,0,college,1109,752
dovish,recal,225,1.0527601264996568e-4,0,0,recall,1338,1379
dovish,entail,224,1.0480811926041028e-4,0,0,entail,919,1577
dovish,exploit,224,1.0480811926041028e-4,0,0,exploit,668,1123
dovish,hazard,224,1.0480811926041028e-4,0,0,hazard,1521,977
dovish,sentiment,224,1.0480811926041028e-4,0,0,sentiment,2211,1428
dovish,qualit,222,1.0387233248129947e-4,0,0,qualitative,1358,989
dovish,street,222,1.0387233248129947e-4,0,0,street,1198,894
dovish,sudden,222,1.0387233248129947e-4,0,0,sudden,1539,1543
dovish,qualifi,221,1.0340443909174407e-4,0,0,qualified,680,900
dovish,wors,221,1.0340443909174407e-4,0,0,worse,1515,1157
dovish,lcr,220,1.0293654570218867e-4,0,0,lcr,618,131
dovish,neighborhood,220,1.0293654570218867e-4,0,0,neighborhoods,551,246
dovish,rank,220,1.0293654570218867e-4,0,0,ranking,414,835
dovish,attain,219,1.0246865231263327e-4,0,0,attainment,498,1060
dovish,react,219,1.0246865231263327e-4,0,0,react,1588,1661
dovish,request,219,1.0246865231263327e-4,0,0,request,718,1044
dovish,msme,218,1.0200075892307786e-4,0,0,msme,632,109
dovish,convert,217,1.0153286553352246e-4,0,0,convertibility,583,1146
dovish,deeper,217,1.0153286553352246e-4,0,0,deeper,1548,1252
dovish,third,217,1.0153286553352246e-4,0,0,thirds,887,1279
dovish,unchang,217,1.0153286553352246e-4,0,0,unchanged,2306,1576
dovish,peer,216,1.0106497214396706e-4,0,0,peer,815,897
dovish,phenomenon,216,1.0106497214396706e-4,0,0,phenomenon,2120,1569
dovish,unabl,216,1.0106497214396706e-4,0,0,unable,1370,1104
dovish,wait,216,1.0106497214396706e-4,0,0,wait,750,1033
dovish,benefici,215,1.0059707875441166e-4,0,0,beneficial,1555,1244
dovish,bernank,215,1.0059707875441166e-4,0,0,bernanke,2326,965
dovish,deploy,215,1.0059707875441166e-4,0,0,deployed,432,917
dovish,devot,215,1.0059707875441166e-4,0,0,devoted,651,996
dovish,disadvantag,215,1.0059707875441166e-4,0,0,disadvantages,326,674
dovish,round,215,1.0059707875441166e-4,0,0,round,2365,1603
dovish,warrant,215,1.0059707875441166e-4,0,0,warranted,1002,1631
dovish,deregul,214,1.0012918536485625e-4,0,0,deregulation,1388,904
dovish,multi,214,1.0012918536485625e-4,0,0,multi,1350,951
dovish,contrari,213,9.966129197530085e-5,0,0,contrary,1649,1331
dovish,illiquid,213,9.966129197530085e-5,0,0,illiquid,903,728
dovish,massiv,213,9.966129197530085e-5,0,0,massive,1686,1300
dovish,dispers,212,9.919339858574545e-5,0,0,dispersion,1182,689
dovish,dwell,212,9.919339858574545e-5,0,0,dwell,369,558
dovish,statutori,212,9.919339858574545e-5,0,0,statutory,1831,1033
dovish,surg,212,9.919339858574545e-5,0,0,surge,1807,1572
dovish,bureau,211,9.872550519619003e-5,0,0,bureau,1904,1012
dovish,dialogu,211,9.872550519619003e-5,0,0,dialogue,1495,958
dovish,imposs,210,9.825761180663463e-5,0,0,impossible,1420,1174
dovish,minor,210,9.825761180663463e-5,0,0,minority,876,786
dovish,parallel,210,9.825761180663463e-5,0,0,parallel,1478,1282
dovish,strict,210,9.825761180663463e-5,0,0,strict,1040,1215
dovish,subsidi,210,9.825761180663463e-5,0,0,subsidies,873,695
dovish,succeed,210,9.825761180663463e-5,0,0,succeed,739,1195
dovish,alter,209,9.778971841707923e-5,0,0,alter,729,1203
dovish,believ,209,9.778971841707923e-5,0,0,believed,1013,1412
dovish,compromis,209,9.778971841707923e-5,0,0,compromise,508,852
dovish,duti,209,9.778971841707923e-5,0,0,duty,722,902
dovish,refin,209,9.778971841707923e-5,0,0,refinance,608,1091
dovish,ssm,209,9.778971841707923e-5,0,0,ssm,1104,197
dovish,tech,209,9.778971841707923e-5,0,0,tech,1127,582
dovish,tension,209,9.778971841707923e-5,0,0,tensions,1694,1266
dovish,valid,209,9.778971841707923e-5,0,0,valid,595,994
dovish,absolut,208,9.732182502752382e-5,0,0,absolute,988,1349
dovish,attach,208,9.732182502752382e-5,0,0,attached,673,1116
dovish,burst,208,9.732182502752382e-5,0,0,bursting,724,767
dovish,cyber,208,9.732182502752382e-5,0,0,cyber,2029,377
dovish,ordin,208,9.732182502752382e-5,0,0,ordination,839,662
dovish,pari,208,9.732182502752382e-5,0,0,paris,985,584
dovish,surround,208,9.732182502752382e-5,0,0,surrounding,1589,1538
dovish,budgetari,207,9.685393163796842e-5,0,0,budgetary,1451,692
dovish,chanc,207,9.685393163796842e-5,0,0,chance,1154,1286
dovish,excel,207,9.685393163796842e-5,0,0,excellent,841,1130
dovish,heighten,207,9.685393163796842e-5,0,0,heightened,1870,1624
dovish,open,207,9.685393163796842e-5,0,0,openness,1664,1225
dovish,preced,207,9.685393163796842e-5,0,0,preceding,1018,1472
dovish,sponsor,207,9.685393163796842e-5,0,0,sponsored,1177,1101
dovish,upgrad,207,9.685393163796842e-5,0,0,upgrade,381,793
dovish,weigh,207,9.685393163796842e-5,0,0,weigh,851,1547
dovish,attack,206,9.638603824841302e-5,0,0,attacks,1036,798
dovish,calibr,206,9.638603824841302e-5,0,0,calibrated,882,1204
dovish,uniform,206,9.638603824841302e-5,0,0,uniform,845,810
dovish,ampl,205,9.591814485885761e-5,0,0,ample,1593,1062
dovish,analyst,205,9.591814485885761e-5,0,0,analysts,1361,971
dovish,chicago,205,9.591814485885761e-5,0,0,chicago,1522,745
dovish,genuin,205,9.591814485885761e-5,0,0,genuine,922,906
dovish,reward,205,9.591814485885761e-5,0,0,reward,369,793
dovish,entrepreneur,204,9.545025146930221e-5,0,0,entrepreneurs,794,483
dovish,lay,204,9.545025146930221e-5,0,0,lay,761,1047
dovish,water,204,9.545025146930221e-5,0,0,water,971,794
dovish,autom,203,9.498235807974681e-5,0,0,automated,579,638
dovish,bid,203,9.498235807974681e-5,0,0,bid,830,661
dovish,inject,203,9.498235807974681e-5,0,0,injection,459,945
dovish,mass,203,9.498235807974681e-5,0,0,mass,1057,804
dovish,sole,203,9.498235807974681e-5,0,0,solely,1180,1420
dovish,window,203,9.498235807974681e-5,0,0,window,1535,875
dovish,extra,202,9.45144646901914e-5,0,0,extra,1481,923
dovish,nonbank,202,9.45144646901914e-5,0,0,nonbank,1131,518
dovish,satisfi,202,9.45144646901914e-5,0,0,satisfy,569,1008
dovish,spirit,202,9.45144646901914e-5,0,0,spirit,1292,1177
dovish,turnov,202,9.45144646901914e-5,0,0,turnover,1141,599
dovish,analyz,201,9.4046571300636e-5,0,0,analyze,638,1026
dovish,imper,201,9.4046571300636e-5,0,0,imperative,1058,958
dovish,inadequ,201,9.4046571300636e-5,0,0,inadequate,1244,983
dovish,letter,201,9.4046571300636e-5,0,0,letter,1129,902
dovish,minut,201,9.4046571300636e-5,0,0,minutes,1760,1164
dovish,strive,201,9.4046571300636e-5,0,0,strive,813,1047
dovish,version,201,9.4046571300636e-5,0,0,version,1101,897
dovish,acquisit,200,9.35786779110806e-5,0,0,acquisition,775,806
dovish,adher,200,9.35786779110806e-5,0,0,adherence,523,869
dovish,suit,200,9.35786779110806e-5,0,0,suited,618,1038
dovish,visit,200,9.35786779110806e-5,0,0,visit,505,858
dovish,discret,199,9.31107845215252e-5,0,0,discretion,1476,931
dovish,intellig,199,9.31107845215252e-5,0,0,intelligence,1160,704
dovish,bilater,198,9.26428911319698e-5,0,0,bilateral,1192,831
dovish,latin,198,9.26428911319698e-5,0,0,latin,1535,649
dovish,liber,198,9.26428911319698e-5,0,0,liberalization,892,827
dovish,buyer,197,9.217499774241439e-5,0,0,buyers,696,611
dovish,guest,197,9.217499774241439e-5,0,0,guests,1555,753
dovish,john,197,9.217499774241439e-5,0,0,john,1946,1062
dovish,pain,197,9.217499774241439e-5,0,0,painful,927,1260
dovish,submit,197,9.217499774241439e-5,0,0,submitted,695,939
dovish,suitabl,197,9.217499774241439e-5,0,0,suitable,1044,1019
dovish,weather,197,9.217499774241439e-5,0,0,weather,1322,1125
dovish,begun,196,9.170710435285899e-5,0,0,begun,1705,1352
dovish,concret,195,9.123921096330359e-5,0,0,concrete,1293,1112
dovish,dividend,195,9.123921096330359e-5,0,0,dividend,771,719
dovish,environment,195,9.123921096330359e-5,0,0,environmental,1429,589
dovish,imagin,195,9.123921096330359e-5,0,0,imagine,965,1054
dovish,metric,195,9.123921096330359e-5,0,0,metrics,663,542
dovish,amplifi,194,9.077131757374818e-5,0,0,amplify,612,1071
dovish,ccp,194,9.077131757374818e-5,0,0,ccp,1020,172
dovish,elabor,194,9.077131757374818e-5,0,0,elaborate,1159,1280
dovish,interconnect,194,9.077131757374818e-5,0,0,interconnected,805,827
dovish,surviv,194,9.077131757374818e-5,0,0,survive,498,752
dovish,frank,193,9.030342418419278e-5,0,0,frank,1388,774
dovish,ident,193,9.030342418419278e-5,0,0,identity,739,815
dovish,optimist,193,9.030342418419278e-5,0,0,optimistic,1332,1064
dovish,stablecoin,193,9.030342418419278e-5,0,0,stablecoins,743,121
dovish,underway,193,9.030342418419278e-5,0,0,underway,1278,1036
dovish,variat,193,9.030342418419278e-5,0,0,variation,912,977
dovish,clariti,192,8.983553079463738e-5,0,0,clarity,1230,884
dovish,dear,192,8.983553079463738e-5,0,0,dear,1898,765
dovish,map,192,8.983553079463738e-5,0,0,map,598,635
dovish,sterl,192,8.983553079463738e-5,0,0,sterling,2616,746
dovish,surveil,192,8.983553079463738e-5,0,0,surveillance,1842,741
dovish,audienc,191,8.936763740508198e-5,0,0,audience,1190,1007
dovish,cautious,191,8.936763740508198e-5,0,0,cautious,1689,1369
dovish,error,191,8.936763740508198e-5,0,0,errors,1119,952
dovish,roll,191,8.936763740508198e-5,0,0,roll,509,965
dovish,sweden,191,8.936763740508198e-5,0,0,sweden,993,507
dovish,aid,190,8.889974401552657e-5,0,0,aid,780,924
dovish,cope,190,8.889974401552657e-5,0,0,cope,1112,1125
dovish,notion,190,8.889974401552657e-5,0,0,notion,969,957
dovish,rich,190,8.889974401552657e-5,0,0,rich,1087,884
dovish,sight,190,8.889974401552657e-5,0,0,sight,1272,981
dovish,tight,190,8.889974401552657e-5,0,0,tight,2346,1751
dovish,usual,190,8.889974401552657e-5,0,0,usual,1569,1182
dovish,charter,189,8.843185062597117e-5,0,0,chartered,491,522
dovish,children,189,8.843185062597117e-5,0,0,children,926,462
dovish,diminish,189,8.843185062597117e-5,0,0,diminished,690,1406
dovish,frequenc,189,8.843185062597117e-5,0,0,frequency,1602,1077
dovish,mission,189,8.843185062597117e-5,0,0,mission,1241,911
dovish,portion,189,8.843185062597117e-5,0,0,portion,1277,1035
dovish,strain,189,8.843185062597117e-5,0,0,strains,920,1083
dovish,median,188,8.796395723641577e-5,0,0,median,1688,846
dovish,spring,188,8.796395723641577e-5,0,0,spring,2230,1543
dovish,switch,188,8.796395723641577e-5,0,0,switch,756,942
dovish,deviat,187,8.749606384686037e-5,0,0,deviation,1526,1729
dovish,npls,187,8.749606384686037e-5,0,0,npls,835,185
dovish,tie,187,8.749606384686037e-5,0,0,tied,582,1148
dovish,wave,187,8.749606384686037e-5,0,0,wave,1039,983
dovish,clarifi,186,8.702817045730496e-5,0,0,clarify,703,1107
dovish,fewer,186,8.702817045730496e-5,0,0,fewer,1350,1025
dovish,file,186,8.702817045730496e-5,0,0,file,298,431
dovish,prolong,186,8.702817045730496e-5,0,0,prolonged,2177,1579
dovish,wake,186,8.702817045730496e-5,0,0,wake,1539,1280
dovish,aggress,185,8.656027706774956e-5,0,0,aggressive,1155,1238
dovish,court,185,8.656027706774956e-5,0,0,court,764,533
dovish,familiar,185,8.656027706774956e-5,0,0,familiar,1086,1006
dovish,swift,185,8.656027706774956e-5,0,0,swift,714,971
dovish,advisori,184,8.609238367819416e-5,0,0,advisory,972,541
dovish,brother,184,8.609238367819416e-5,0,0,brothers,1212,782
dovish,laid,184,8.609238367819416e-5,0,0,laid,1290,1101
dovish,democrat,183,8.562449028863875e-5,0,0,democratic,1002,712
dovish,municip,183,8.562449028863875e-5,0,0,municipal,404,256
dovish,outflow,183,8.562449028863875e-5,0,0,outflows,1468,1075
dovish,partial,183,8.562449028863875e-5,0,0,partial,826,1259
dovish,pdf,183,8.562449028863875e-5,0,0,pdf,1501,549
dovish,usd,183,8.562449028863875e-5,0,0,usd,2261,684
dovish,biggest,182,8.515659689908335e-5,0,0,biggest,1248,1035
dovish,car,182,8.515659689908335e-5,0,0,car,858,716
dovish,creativ,182,8.515659689908335e-5,0,0,creative,731,710
dovish,ethic,182,8.515659689908335e-5,0,0,ethical,450,364
dovish,even,182,8.515659689908335e-5,0,0,evening,1159,779
dovish,hicp,182,8.515659689908335e-5,0,0,hicp,1342,529
dovish,incur,182,8.515659689908335e-5,0,0,incurred,651,947
dovish,launder,182,8.515659689908335e-5,0,0,laundering,1075,373
dovish,pan,182,8.515659689908335e-5,0,0,pan,850,408
dovish,sought,182,8.515659689908335e-5,0,0,sought,1384,1150
dovish,subdu,182,8.515659689908335e-5,0,0,subdued,1910,1285
dovish,villag,182,8.515659689908335e-5,0,0,villages,449,257
dovish,attitud,181,8.468870350952795e-5,0,0,attitude,737,1021
dovish,justifi,181,8.468870350952795e-5,0,0,justified,984,1362
dovish,ration,181,8.468870350952795e-5,0,0,rational,1110,1012
dovish,suppos,181,8.468870350952795e-5,0,0,suppose,599,899
dovish,sure,181,8.468870350952795e-5,0,0,surely,1244,944
dovish,western,181,8.468870350952795e-5,0,0,western,1065,620
dovish,omt,180,8.422081011997255e-5,0,0,omts,355,149
dovish,print,180,8.422081011997255e-5,0,0,printing,485,587
dovish,ben,179,8.375291673041714e-5,0,0,ben,1583,891
dovish,compli,179,8.375291673041714e-5,0,0,comply,869,920
dovish,count,179,8.375291673041714e-5,0,0,count,718,1017
dovish,escb,179,8.375291673041714e-5,0,0,escb,1587,345
dovish,slower,179,8.375291673041714e-5,0,0,slower,2041,1427
dovish,exacerb,178,8.328502334086174e-5,0,0,exacerbated,772,1288
dovish,farmer,178,8.328502334086174e-5,0,0,farmers,732,320
dovish,layer,178,8.328502334086174e-5,0,0,layer,313,421
dovish,membership,178,8.328502334086174e-5,0,0,membership,1363,829
dovish,safer,178,8.328502334086174e-5,0,0,safer,802,581
dovish,simplifi,178,8.328502334086174e-5,0,0,simplified,448,750
dovish,certainti,177,8.281712995130634e-5,0,0,certainty,1275,931
dovish,electr,177,8.281712995130634e-5,0,0,electricity,1210,957
dovish,profound,177,8.281712995130634e-5,0,0,profound,1008,1047
dovish,saver,177,8.281712995130634e-5,0,0,savers,1125,683
dovish,slowli,177,8.281712995130634e-5,0,0,slowly,1534,1218
dovish,zone,177,8.281712995130634e-5,0,0,zone,1085,737
dovish,albeit,176,8.234923656175094e-5,0,0,albeit,1786,1431
dovish,enact,176,8.234923656175094e-5,0,0,enacted,549,758
dovish,envisag,176,8.234923656175094e-5,0,0,envisaged,989,1046
dovish,freedom,176,8.234923656175094e-5,0,0,freedom,1050,726
dovish,neutral,176,8.234923656175094e-5,0,0,neutral,2674,1210
dovish,rare,176,8.234923656175094e-5,0,0,rare,601,961
dovish,web,176,8.234923656175094e-5,0,0,web,710,461
dovish,edg,175,8.188134317219553e-5,0,0,edge,809,1001
dovish,visibl,175,8.188134317219553e-5,0,0,visible,1152,1159
dovish,fashion,174,8.141344978264013e-5,0,0,fashion,921,956
dovish,honour,174,8.141344978264013e-5,0,0,honour,795,1149
dovish,instant,174,8.141344978264013e-5,0,0,instant,732,337
dovish,irb,174,8.141344978264013e-5,0,0,irb,385,74
dovish,miss,174,8.141344978264013e-5,0,0,missing,686,1025
dovish,written,174,8.141344978264013e-5,0,0,written,1122,874
dovish,deleverag,173,8.094555639308473e-5,0,0,deleveraging,1199,712
dovish,legaci,173,8.094555639308473e-5,0,0,legacy,1105,797
dovish,marketplac,173,8.094555639308473e-5,0,0,marketplace,672,480
dovish,republ,173,8.094555639308473e-5,0,0,republic,1393,706
dovish,subprim,173,8.094555639308473e-5,0,0,subprime,1843,520
dovish,machin,172,8.047766300352932e-5,0,0,machine,665,592
dovish,parent,172,8.047766300352932e-5,0,0,parent,547,502
dovish,proactiv,172,8.047766300352932e-5,0,0,proactive,720,780
dovish,unsustain,172,8.047766300352932e-5,0,0,unsustainable,1304,1019
dovish,workshop,172,8.047766300352932e-5,0,0,workshop,726,472
dovish,backdrop,171,8.000976961397392e-5,0,0,backdrop,1750,1367
dovish,backstop,171,8.000976961397392e-5,0,0,backstop,780,586
dovish,disclos,171,8.000976961397392e-5,0,0,disclose,653,714
dovish,watch,171,8.000976961397392e-5,0,0,watch,612,1114
dovish,willing,171,8.000976961397392e-5,0,0,willingness,1402,1099
dovish,auditor,170,7.954187622441852e-5,0,0,auditors,715,256
dovish,liberalis,170,7.954187622441852e-5,0,0,liberalisation,1379,789
dovish,memori,170,7.954187622441852e-5,0,0,memory,475,805
dovish,prescrib,170,7.954187622441852e-5,0,0,prescribed,615,603
dovish,pure,170,7.954187622441852e-5,0,0,purely,778,1041
dovish,ineffici,169,7.907398283486312e-5,0,0,inefficient,621,879
dovish,multilater,169,7.907398283486312e-5,0,0,multilateral,1221,751
dovish,pact,169,7.907398283486312e-5,0,0,pact,1724,666
dovish,telecommun,169,7.907398283486312e-5,0,0,telecommunications,680,567
dovish,aftermath,168,7.860608944530771e-5,0,0,aftermath,1489,1202
dovish,career,168,7.860608944530771e-5,0,0,career,848,606
dovish,forex,168,7.860608944530771e-5,0,0,forex,1112,345
dovish,harm,168,7.860608944530771e-5,0,0,harm,568,932
dovish,licens,168,7.860608944530771e-5,0,0,licensing,439,454
dovish,notwithstand,168,7.860608944530771e-5,0,0,notwithstanding,1273,1057
dovish,obstacl,168,7.860608944530771e-5,0,0,obstacles,875,798
dovish,outright,168,7.860608944530771e-5,0,0,outright,1248,769
dovish,paramet,168,7.860608944530771e-5,0,0,parameters,1260,864
dovish,elect,167,7.813819605575231e-5,0,0,elected,552,766
dovish,elev,167,7.813819605575231e-5,0,0,elevated,2398,1629
dovish,ideal,167,7.813819605575231e-5,0,0,ideal,612,918
dovish,struggl,167,7.813819605575231e-5,0,0,struggling,468,997
dovish,alongsid,166,7.767030266619691e-5,0,0,alongside,1351,1050
dovish,divid,166,7.767030266619691e-5,0,0,divided,676,899
dovish,fill,166,7.767030266619691e-5,0,0,fill,536,814
dovish,forthcom,166,7.767030266619691e-5,0,0,forthcoming,1524,998
dovish,profess,166,7.767030266619691e-5,0,0,profession,702,473
dovish,reviv,166,7.767030266619691e-5,0,0,revival,624,764
dovish,chosen,165,7.72024092766415e-5,0,0,chosen,1376,1121
dovish,fortun,165,7.72024092766415e-5,0,0,fortunately,747,1176
dovish,opposit,165,7.72024092766415e-5,0,0,opposite,1239,1139
dovish,autonomi,164,7.673451588708609e-5,0,0,autonomy,1239,538
dovish,debtor,164,7.673451588708609e-5,0,0,debtors,474,417
dovish,pro,164,7.673451588708609e-5,0,0,pro,1212,753
dovish,theoret,164,7.673451588708609e-5,0,0,theoretical,1464,1071
dovish,characteris,163,7.626662249753069e-5,0,0,characterised,1263,1196
dovish,content,163,7.626662249753069e-5,0,0,content,955,979
dovish,dissemin,163,7.626662249753069e-5,0,0,dissemination,595,609
dovish,durat,163,7.626662249753069e-5,0,0,duration,1790,1077
dovish,hire,163,7.626662249753069e-5,0,0,hiring,724,734
dovish,interven,163,7.626662249753069e-5,0,0,intervene,823,951
dovish,symposium,163,7.626662249753069e-5,0,0,symposium,1466,873
dovish,actor,162,7.579872910797528e-5,0,0,actors,964,694
dovish,changeov,162,7.579872910797528e-5,0,0,changeover,958,271
dovish,ledger,162,7.579872910797528e-5,0,0,ledger,586,264
dovish,premia,162,7.579872910797528e-5,0,0,premia,1994,945
dovish,pursuit,162,7.579872910797528e-5,0,0,pursuit,1459,1141
dovish,sme,162,7.579872910797528e-5,0,0,sme,671,236
dovish,allevi,161,7.533083571841988e-5,0,0,alleviate,550,835
dovish,avers,161,7.533083571841988e-5,0,0,aversion,1068,960
dovish,bridg,161,7.533083571841988e-5,0,0,bridge,746,793
dovish,campaign,161,7.533083571841988e-5,0,0,campaign,762,425
dovish,club,161,7.533083571841988e-5,0,0,club,990,642
dovish,counterpart,161,7.533083571841988e-5,0,0,counterparts,774,946
dovish,eye,161,7.533083571841988e-5,0,0,eye,793,1010
dovish,likelihood,161,7.533083571841988e-5,0,0,likelihood,1622,1264
dovish,unifi,161,7.533083571841988e-5,0,0,unified,621,506
dovish,advic,160,7.486294232886448e-5,0,0,advice,1159,814
dovish,exert,160,7.486294232886448e-5,0,0,exert,958,1345
dovish,expansionari,160,7.486294232886448e-5,0,0,expansionary,1834,1061
dovish,fight,160,7.486294232886448e-5,0,0,fight,897,846
dovish,headlin,160,7.486294232886448e-5,0,0,headline,2245,1228
dovish,secretari,160,7.486294232886448e-5,0,0,secretary,796,574
dovish,circl,159,7.439504893930908e-5,0,0,circle,731,838
dovish,fomc,159,7.439504893930908e-5,0,0,fomc,4360,737
dovish,fuel,159,7.439504893930908e-5,0,0,fuel,1034,966
dovish,npas,159,7.439504893930908e-5,0,0,npas,638,171
dovish,farm,158,7.392715554975367e-5,0,0,farm,564,391
dovish,fresh,158,7.392715554975367e-5,0,0,fresh,2062,957
dovish,nbfcs,158,7.392715554975367e-5,0,0,nbfcs,1405,252
dovish,brazil,157,7.345926216019827e-5,0,0,brazil,1239,667
dovish,outset,157,7.345926216019827e-5,0,0,outset,1116,958
dovish,titl,157,7.345926216019827e-5,0,0,title,808,876
dovish,central,156,7.299136877064287e-5,0,0,centrally,409,583
dovish,lift,156,7.299136877064287e-5,0,0,lift,800,1064
dovish,robert,156,7.299136877064287e-5,0,0,robert,1065,774
dovish,aml,155,7.252347538108746e-5,0,0,aml,716,130
dovish,andrew,155,7.252347538108746e-5,0,0,andrew,1356,841
dovish,feasibl,155,7.252347538108746e-5,0,0,feasible,854,950
dovish,grade,155,7.252347538108746e-5,0,0,grade,832,520
dovish,incid,155,7.252347538108746e-5,0,0,incidence,438,643
dovish,netherland,155,7.252347538108746e-5,0,0,netherlands,926,494
dovish,portug,155,7.252347538108746e-5,0,0,portugal,946,461
dovish,supplement,155,7.252347538108746e-5,0,0,supplement,527,914
dovish,undoubt,155,7.252347538108746e-5,0,0,undoubtedly,1092,943
dovish,inact,154,7.205558199153206e-5,0,0,inactivity,312,304
dovish,interoper,154,7.205558199153206e-5,0,0,interoperability,514,258
dovish,mismatch,154,7.205558199153206e-5,0,0,mismatch,735,843
dovish,softwar,154,7.205558199153206e-5,0,0,software,1107,599
dovish,urgent,154,7.205558199153206e-5,0,0,urgent,794,943
dovish,behalf,153,7.158768860197666e-5,0,0,behalf,1026,895
dovish,competitor,153,7.158768860197666e-5,0,0,competitors,743,624
dovish,graduat,153,7.158768860197666e-5,0,0,graduates,379,547
dovish,immigr,153,7.158768860197666e-5,0,0,immigration,535,319
dovish,intang,153,7.158768860197666e-5,0,0,intangible,541,199
dovish,keynot,153,7.158768860197666e-5,0,0,keynote,982,817
dovish,listen,153,7.158768860197666e-5,0,0,listening,452,723
dovish,mainten,153,7.158768860197666e-5,0,0,maintenance,1623,1017
dovish,pronounc,153,7.158768860197666e-5,0,0,pronounced,1431,1218
dovish,appoint,152,7.111979521242126e-5,0,0,appointed,575,695
dovish,chequ,152,7.111979521242126e-5,0,0,cheques,339,219
dovish,democraci,152,7.111979521242126e-5,0,0,democracy,636,479
dovish,earthquak,152,7.111979521242126e-5,0,0,earthquake,777,244
dovish,identif,152,7.111979521242126e-5,0,0,identification,1096,767
dovish,kind,152,7.111979521242126e-5,0,0,kinds,1013,879
dovish,alan,151,7.065190182286585e-5,0,0,alan,1247,776
dovish,authoris,151,7.065190182286585e-5,0,0,authorised,486,512
dovish,bulk,151,7.065190182286585e-5,0,0,bulk,833,679
dovish,crypto,151,7.065190182286585e-5,0,0,crypto,1227,135
dovish,investig,151,7.065190182286585e-5,0,0,investigation,472,828
dovish,professor,151,7.065190182286585e-5,0,0,professor,1224,764
dovish,underscor,151,7.065190182286585e-5,0,0,underscore,344,863
dovish,ventur,151,7.065190182286585e-5,0,0,venture,799,636
dovish,win,151,7.065190182286585e-5,0,0,win,570,551
dovish,ant,150,7.018400843331045e-5,0,0,ante,921,623
dovish,exhibit,150,7.018400843331045e-5,0,0,exhibit,540,940
dovish,fruit,150,7.018400843331045e-5,0,0,fruitful,467,969
dovish,stagnat,150,7.018400843331045e-5,0,0,stagnation,1094,793
dovish,systemat,150,7.018400843331045e-5,0,0,systematic,901,1033
dovish,transmit,150,7.018400843331045e-5,0,0,transmitted,850,1055
dovish,worst,150,7.018400843331045e-5,0,0,worst,1224,969
dovish,admit,149,6.971611504375505e-5,0,0,admittedly,554,917
dovish,cumul,149,6.971611504375505e-5,0,0,cumulative,1568,1230
dovish,heard,149,6.971611504375505e-5,0,0,heard,1005,784
dovish,ignor,149,6.971611504375505e-5,0,0,ignore,713,1001
dovish,realist,149,6.971611504375505e-5,0,0,realistic,846,842
dovish,spare,149,6.971611504375505e-5,0,0,spare,1262,616
dovish,tap,149,6.971611504375505e-5,0,0,tap,401,507
dovish,worsen,149,6.971611504375505e-5,0,0,worsening,622,1018
dovish,chapter,148,6.924822165419965e-5,0,0,chapter,890,668
dovish,fdic,148,6.924822165419965e-5,0,0,fdic,865,288
dovish,gear,148,6.924822165419965e-5,0,0,geared,588,760
dovish,accomplish,147,6.878032826464424e-5,0,0,accomplished,438,874
dovish,arriv,147,6.878032826464424e-5,0,0,arrive,337,883
dovish,catalyst,147,6.878032826464424e-5,0,0,catalyst,808,616
dovish,crude,147,6.878032826464424e-5,0,0,crude,2040,900
dovish,discourag,147,6.878032826464424e-5,0,0,discourage,435,825
dovish,globe,147,6.878032826464424e-5,0,0,globe,1021,813
dovish,piec,147,6.878032826464424e-5,0,0,piece,586,808
dovish,reap,147,6.878032826464424e-5,0,0,reap,607,751
dovish,sydney,147,6.878032826464424e-5,0,0,sydney,862,460
dovish,voluntari,147,6.878032826464424e-5,0,0,voluntary,793,532
dovish,bigger,146,6.831243487508884e-5,0,0,bigger,1030,782
dovish,black,146,6.831243487508884e-5,0,0,black,1228,561
dovish,block,146,6.831243487508884e-5,0,0,block,449,638
dovish,cds,146,6.831243487508884e-5,0,0,cds,869,325
dovish,declar,146,6.831243487508884e-5,0,0,declared,324,745
dovish,interdepend,146,6.831243487508884e-5,0,0,interdependence,423,624
dovish,nber,146,6.831243487508884e-5,0,0,nber,1730,915
dovish,rebalanc,146,6.831243487508884e-5,0,0,rebalancing,1255,654
dovish,reinvest,146,6.831243487508884e-5,0,0,reinvestment,650,527
dovish,spur,146,6.831243487508884e-5,0,0,spur,409,783
dovish,tomorrow,146,6.831243487508884e-5,0,0,tomorrow,897,670
dovish,chamber,145,6.784454148553344e-5,0,0,chamber,772,604
dovish,dedic,145,6.784454148553344e-5,0,0,dedicated,726,864
dovish,greenspan,145,6.784454148553344e-5,0,0,greenspan,1240,685
dovish,british,144,6.737664809597803e-5,0,0,british,1517,835
dovish,cite,144,6.737664809597803e-5,0,0,cited,714,889
dovish,cushion,144,6.737664809597803e-5,0,0,cushion,730,829
dovish,entitl,144,6.737664809597803e-5,0,0,entitled,626,656
dovish,necess,144,6.737664809597803e-5,0,0,necessity,850,829
dovish,paul,144,6.737664809597803e-5,0,0,paul,1054,708
dovish,payrol,144,6.737664809597803e-5,0,0,payroll,538,396
dovish,penetr,144,6.737664809597803e-5,0,0,penetration,644,434
dovish,utilis,144,6.737664809597803e-5,0,0,utilisation,805,697
dovish,harder,143,6.690875470642263e-5,0,0,harder,1232,967
dovish,mandatori,143,6.690875470642263e-5,0,0,mandatory,749,469
dovish,newli,143,6.690875470642263e-5,0,0,newly,1083,887
dovish,privileg,143,6.690875470642263e-5,0,0,privilege,712,902
dovish,adult,142,6.644086131686723e-5,0,0,adults,438,357
dovish,anti,142,6.644086131686723e-5,0,0,anti,1164,654
dovish,intellectu,142,6.644086131686723e-5,0,0,intellectual,912,674
dovish,send,142,6.644086131686723e-5,0,0,send,487,671
dovish,sold,142,6.644086131686723e-5,0,0,sold,989,739
dovish,specialis,142,6.644086131686723e-5,0,0,specialised,331,446
dovish,underlin,142,6.644086131686723e-5,0,0,underline,524,870
dovish,autumn,141,6.597296792731183e-5,0,0,autumn,1434,971
dovish,capitalis,141,6.597296792731183e-5,0,0,capitalisation,479,658
dovish,empow,141,6.597296792731183e-5,0,0,empower,202,485
dovish,phone,141,6.597296792731183e-5,0,0,phone,595,509
dovish,pilot,141,6.597296792731183e-5,0,0,pilot,669,417
dovish,thousand,141,6.597296792731183e-5,0,0,thousand,450,653
dovish,versus,141,6.597296792731183e-5,0,0,versus,1234,870
dovish,acut,140,6.550507453775642e-5,0,0,acute,1021,954
dovish,advoc,140,6.550507453775642e-5,0,0,advocated,371,835
dovish,complementari,140,6.550507453775642e-5,0,0,complementary,1122,896
dovish,conduc,140,6.550507453775642e-5,0,0,conducive,1035,847
dovish,enlarg,140,6.550507453775642e-5,0,0,enlargement,812,604
dovish,honor,140,6.550507453775642e-5,0,0,honor,610,897
dovish,minimis,140,6.550507453775642e-5,0,0,minimise,630,853
dovish,mistak,140,6.550507453775642e-5,0,0,mistakes,679,877
dovish,mode,140,6.550507453775642e-5,0,0,mode,743,576
dovish,rigor,140,6.550507453775642e-5,0,0,rigorous,690,793
dovish,abund,139,6.503718114820102e-5,0,0,abundant,639,704
dovish,ambiti,139,6.503718114820102e-5,0,0,ambitious,1125,889
dovish,chief,139,6.503718114820102e-5,0,0,chief,974,765
dovish,district,139,6.503718114820102e-5,0,0,district,386,355
dovish,divis,139,6.503718114820102e-5,0,0,division,818,705
dovish,withstand,139,6.503718114820102e-5,0,0,withstand,837,716
dovish,rout,138,6.456928775864562e-5,0,0,route,635,583
dovish,smart,138,6.456928775864562e-5,0,0,smart,482,338
dovish,art,137,6.410139436909022e-5,0,0,art,908,713
dovish,celebr,137,6.410139436909022e-5,0,0,celebrate,382,768
dovish,conserv,137,6.410139436909022e-5,0,0,conservative,667,787
dovish,disappear,137,6.410139436909022e-5,0,0,disappeared,434,946
dovish,insid,137,6.410139436909022e-5,0,0,inside,814,779
dovish,offshor,137,6.410139436909022e-5,0,0,offshore,609,336
dovish,remedi,137,6.410139436909022e-5,0,0,remedy,283,656
dovish,temporarili,137,6.410139436909022e-5,0,0,temporarily,1619,1242
dovish,ucb,137,6.410139436909022e-5,0,0,ucbs,629,61
dovish,proven,136,6.363350097953481e-5,0,0,proven,1027,877
dovish,russia,136,6.363350097953481e-5,0,0,russia,3076,853
dovish,bolster,135,6.316560758997941e-5,0,0,bolster,418,658
dovish,countercycl,135,6.316560758997941e-5,0,0,countercyclical,1229,641
dovish,creditworthi,135,6.316560758997941e-5,0,0,creditworthiness,627,635
dovish,fire,135,6.316560758997941e-5,0,0,fire,924,593
dovish,lakh,135,6.316560758997941e-5,0,0,lakh,458,211
dovish,merit,135,6.316560758997941e-5,0,0,merits,563,866
dovish,overview,135,6.316560758997941e-5,0,0,overview,1072,922
dovish,stake,135,6.316560758997941e-5,0,0,stake,654,665
dovish,underestim,135,6.316560758997941e-5,0,0,underestimated,494,832
dovish,defici,134,6.269771420042401e-5,0,0,deficiencies,592,669
dovish,logic,134,6.269771420042401e-5,0,0,logic,618,834
dovish,modifi,134,6.269771420042401e-5,0,0,modified,539,707
dovish,oppos,134,6.269771420042401e-5,0,0,opposed,732,860
dovish,pull,134,6.269771420042401e-5,0,0,pull,606,829
dovish,relax,134,6.269771420042401e-5,0,0,relaxation,439,921
dovish,unbank,134,6.269771420042401e-5,0,0,unbanked,458,189
dovish,usag,134,6.269771420042401e-5,0,0,usage,705,472
dovish,award,133,6.22298208108686e-5,0,0,award,587,497
dovish,brexit,133,6.22298208108686e-5,0,0,brexit,1489,354
dovish,catch,133,6.22298208108686e-5,0,0,catch,717,858
dovish,clf,133,6.22298208108686e-5,0,0,clf,185,23
dovish,devic,133,6.22298208108686e-5,0,0,devices,420,554
dovish,fine,133,6.22298208108686e-5,0,0,fine,1058,956
dovish,ict,133,6.22298208108686e-5,0,0,ict,951,254
dovish,inspir,133,6.22298208108686e-5,0,0,inspired,297,658
dovish,deserv,132,6.17619274213132e-5,0,0,deserve,375,731
dovish,epidem,132,6.17619274213132e-5,0,0,epidemic,290,91
dovish,floor,132,6.17619274213132e-5,0,0,floor,919,670
dovish,forget,132,6.17619274213132e-5,0,0,forget,832,752
dovish,likewis,132,6.17619274213132e-5,0,0,likewise,1107,891
dovish,resist,132,6.17619274213132e-5,0,0,resistance,378,828
dovish,soft,132,6.17619274213132e-5,0,0,soft,948,714
dovish,tremend,132,6.17619274213132e-5,0,0,tremendous,601,614
dovish,viabil,132,6.17619274213132e-5,0,0,viability,732,551
dovish,white,132,6.17619274213132e-5,0,0,white,941,483
dovish,embrac,131,6.12940340317578e-5,0,0,embrace,341,620
dovish,look,131,6.12940340317578e-5,0,0,looked,973,837
dovish,mumbai,131,6.12940340317578e-5,0,0,mumbai,668,490
dovish,outreach,131,6.12940340317578e-5,0,0,outreach,644,392
dovish,relief,131,6.12940340317578e-5,0,0,relief,870,612
dovish,unintend,131,6.12940340317578e-5,0,0,unintended,751,514
dovish,upsid,131,6.12940340317578e-5,0,0,upside,2253,1223
dovish,cap,130,6.0826140642202396e-5,0,0,cap,642,617
dovish,conceptu,130,6.0826140642202396e-5,0,0,conceptual,712,709
dovish,descript,130,6.0826140642202396e-5,0,0,description,907,794
dovish,dual,130,6.0826140642202396e-5,0,0,dual,1316,733
dovish,instruct,130,6.0826140642202396e-5,0,0,instructions,456,709
dovish,spot,130,6.0826140642202396e-5,0,0,spot,927,698
dovish,territori,130,6.0826140642202396e-5,0,0,territory,1354,1061
dovish,classic,129,6.0358247252646987e-5,0,0,classic,550,674
dovish,clean,129,6.0358247252646987e-5,0,0,clean,545,529
dovish,compat,129,6.0358247252646987e-5,0,0,compatible,740,657
dovish,isol,129,6.0358247252646987e-5,0,0,isolation,459,779
dovish,predomin,129,6.0358247252646987e-5,0,0,predominantly,715,959
dovish,reluct,129,6.0358247252646987e-5,0,0,reluctant,717,881
dovish,box,128,5.9890353863091584e-5,0,0,box,970,701
dovish,broker,128,5.9890353863091584e-5,0,0,broker,617,534
dovish,deem,128,5.9890353863091584e-5,0,0,deemed,801,829
dovish,disappoint,128,5.9890353863091584e-5,0,0,disappointing,538,814
dovish,frame,128,5.9890353863091584e-5,0,0,frame,634,815
dovish,gas,128,5.9890353863091584e-5,0,0,gas,1884,759
dovish,jean,128,5.9890353863091584e-5,0,0,jean,1113,795
dovish,keen,128,5.9890353863091584e-5,0,0,keen,507,587
dovish,remot,128,5.9890353863091584e-5,0,0,remote,720,611
dovish,rigid,128,5.9890353863091584e-5,0,0,rigidities,844,971
dovish,seller,128,5.9890353863091584e-5,0,0,sellers,366,384
dovish,singapor,128,5.9890353863091584e-5,0,0,singapore,827,462
dovish,streamlin,128,5.9890353863091584e-5,0,0,streamline,220,499
dovish,anniversari,127,5.942246047353618e-5,0,0,anniversary,1139,719
dovish,destruct,127,5.942246047353618e-5,0,0,destruction,551,539
dovish,eastern,127,5.942246047353618e-5,0,0,eastern,1217,683
dovish,encompass,127,5.942246047353618e-5,0,0,encompassing,332,839
dovish,forese,127,5.942246047353618e-5,0,0,foreseeable,606,910
dovish,peg,127,5.942246047353618e-5,0,0,peg,536,537
dovish,sizeabl,127,5.942246047353618e-5,0,0,sizeable,1065,790
dovish,tangibl,127,5.942246047353618e-5,0,0,tangible,758,599
dovish,defenc,126,5.895456708398078e-5,0,0,defence,699,542
dovish,durabl,126,5.895456708398078e-5,0,0,durable,1288,1112
dovish,indebted,126,5.895456708398078e-5,0,0,indebtedness,948,584
dovish,recapitalis,126,5.895456708398078e-5,0,0,recapitalisation,426,384
dovish,sanction,126,5.895456708398078e-5,0,0,sanctions,882,596
dovish,sovereignti,126,5.895456708398078e-5,0,0,sovereignty,757,405
dovish,toler,126,5.895456708398078e-5,0,0,tolerance,570,801
dovish,voic,126,5.895456708398078e-5,0,0,voice,525,748
dovish,banco,125,5.8486673694425376e-5,0,0,banco,756,328
dovish,coincid,125,5.8486673694425376e-5,0,0,coincidence,375,980
dovish,detect,125,5.8486673694425376e-5,0,0,detect,463,700
dovish,hundr,125,5.8486673694425376e-5,0,0,hundred,486,676
dovish,pretti,125,5.8486673694425376e-5,0,0,pretty,970,648
dovish,provinc,125,5.8486673694425376e-5,0,0,provinces,333,297
dovish,rebound,125,5.8486673694425376e-5,0,0,rebound,990,970
dovish,semi,125,5.8486673694425376e-5,0,0,semi,491,399
dovish,vigor,125,5.8486673694425376e-5,0,0,vigorous,493,742
dovish,belief,124,5.801878030486997e-5,0,0,belief,894,885
dovish,complaint,124,5.801878030486997e-5,0,0,complaints,483,267
dovish,domain,124,5.801878030486997e-5,0,0,domain,663,633
dovish,embed,124,5.801878030486997e-5,0,0,embedded,1040,911
dovish,exempt,124,5.801878030486997e-5,0,0,exemption,283,464
dovish,journey,124,5.801878030486997e-5,0,0,journey,808,558
dovish,medic,124,5.801878030486997e-5,0,0,medical,780,431
dovish,occasion,124,5.801878030486997e-5,0,0,occasional,767,903
dovish,procycl,124,5.801878030486997e-5,0,0,procyclicality,433,436
dovish,statut,124,5.801878030486997e-5,0,0,statute,766,548
dovish,steer,124,5.801878030486997e-5,0,0,steering,547,806
dovish,stood,124,5.801878030486997e-5,0,0,stood,1179,957
dovish,boj,123,5.755088691531457e-5,0,0,boj,851,180
dovish,bust,123,5.755088691531457e-5,0,0,bust,922,672
dovish,certif,123,5.755088691531457e-5,0,0,certificates,297,438
dovish,chf,123,5.755088691531457e-5,0,0,chf,978,218
dovish,haircut,123,5.755088691531457e-5,0,0,haircuts,571,318
dovish,heavi,123,5.755088691531457e-5,0,0,heavy,950,816
dovish,introductori,123,5.755088691531457e-5,0,0,introductory,953,737
dovish,modif,123,5.755088691531457e-5,0,0,modifications,419,382
dovish,prerequisit,123,5.755088691531457e-5,0,0,prerequisite,761,801
dovish,receipt,123,5.755088691531457e-5,0,0,receipts,529,426
dovish,repair,123,5.755088691531457e-5,0,0,repair,711,671
dovish,restrain,123,5.755088691531457e-5,0,0,restrain,538,1014
dovish,character,122,5.708299352575917e-5,0,0,characterized,863,880
dovish,contin,122,5.708299352575917e-5,0,0,continent,689,483
dovish,denmark,122,5.708299352575917e-5,0,0,denmark,596,275
dovish,first,122,5.708299352575917e-5,0,0,firstly,902,682
dovish,urg,122,5.708299352575917e-5,0,0,urge,439,633
dovish,arguabl,121,5.6615100136203765e-5,0,0,arguably,761,636
dovish,quantifi,121,5.6615100136203765e-5,0,0,quantify,461,696
dovish,spent,121,5.6615100136203765e-5,0,0,spent,931,758
dovish,suspect,121,5.6615100136203765e-5,0,0,suspect,643,624
dovish,tell,121,5.6615100136203765e-5,0,0,tells,509,754
dovish,duisenberg,120,5.614720674664836e-5,0,0,duisenberg,935,231
dovish,ecosystem,120,5.614720674664836e-5,0,0,ecosystem,738,377
dovish,esrb,120,5.614720674664836e-5,0,0,esrb,1043,209
dovish,recruit,120,5.614720674664836e-5,0,0,recruitment,319,318
dovish,beneficiari,119,5.567931335709296e-5,0,0,beneficiaries,329,346
dovish,distanc,119,5.567931335709296e-5,0,0,distance,655,678
dovish,flat,119,5.567931335709296e-5,0,0,flat,1034,748
dovish,homeown,119,5.567931335709296e-5,0,0,homeowners,636,294
dovish,inconsist,119,5.567931335709296e-5,0,0,inconsistent,587,764
dovish,readili,119,5.567931335709296e-5,0,0,readily,917,753
dovish,realloc,119,5.567931335709296e-5,0,0,reallocation,591,536
dovish,appeal,118,5.5211419967537556e-05,0,0,appeal,351,506
dovish,cambridg,118,5.5211419967537556e-05,0,0,cambridge,1098,628
dovish,dampen,118,5.5211419967537556e-05,0,0,dampen,556,1029
dovish,dodd,118,5.5211419967537556e-05,0,0,dodd,974,283
dovish,endeavour,118,5.5211419967537556e-05,0,0,endeavour,581,675
dovish,erod,118,5.5211419967537556e-05,0,0,eroded,482,887
dovish,ifr,118,5.5211419967537556e-05,0,0,ifrs,295,107
dovish,maastricht,118,5.5211419967537556e-05,0,0,maastricht,1026,537
dovish,thoma,118,5.5211419967537556e-05,0,0,thomas,1348,663
dovish,bitcoin,117,5.4743526577982154e-5,0,0,bitcoin,390,99
dovish,cheaper,117,5.4743526577982154e-5,0,0,cheaper,719,567
dovish,deleg,117,5.4743526577982154e-5,0,0,delegated,241,562
dovish,imag,117,5.4743526577982154e-5,0,0,image,510,427
dovish,jan,117,5.4743526577982154e-5,0,0,jan,1740,424
dovish,microfin,117,5.4743526577982154e-5,0,0,microfinance,441,109
dovish,off,117,5.4743526577982154e-5,0,0,offs,869,590
dovish,straightforward,117,5.4743526577982154e-5,0,0,straightforward,825,739
dovish,swing,117,5.4743526577982154e-5,0,0,swings,984,887
dovish,edit,116,5.427563318842675e-5,0,0,edition,510,515
dovish,finland,116,5.427563318842675e-5,0,0,finland,596,315
dovish,jgbs,116,5.427563318842675e-5,0,0,jgbs,1222,304
dovish,length,116,5.427563318842675e-5,0,0,length,848,739
dovish,northern,116,5.427563318842675e-5,0,0,northern,573,331
dovish,prohibit,116,5.427563318842675e-5,0,0,prohibition,366,676
dovish,secular,116,5.427563318842675e-5,0,0,secular,934,439
dovish,shortcom,116,5.427563318842675e-5,0,0,shortcomings,750,604
dovish,travel,116,5.427563318842675e-5,0,0,travel,976,894
dovish,baselin,115,5.380773979887135e-5,0,0,baseline,1815,815
dovish,eur,115,5.380773979887135e-5,0,0,eur,803,310
dovish,eurozon,115,5.380773979887135e-5,0,0,eurozone,992,366
dovish,intra,115,5.380773979887135e-5,0,0,intra,888,531
dovish,over,115,5.380773979887135e-5,0,0,overly,747,716
dovish,rent,115,5.380773979887135e-5,0,0,rent,646,649
dovish,resum,115,5.380773979887135e-5,0,0,resume,455,737
dovish,rmb,115,5.380773979887135e-5,0,0,rmb,1061,160
dovish,shorter,115,5.380773979887135e-5,0,0,shorter,1144,885
dovish,summaris,115,5.380773979887135e-5,0,0,summarise,466,746
dovish,inaugur,114,5.3339846409315946e-5,0,0,inaugural,431,550
dovish,indonesian,114,5.3339846409315946e-5,0,0,indonesian,669,168
dovish,machineri,114,5.3339846409315946e-5,0,0,machinery,897,554
dovish,proposit,114,5.3339846409315946e-5,0,0,proposition,511,450
dovish,tcfd,114,5.3339846409315946e-5,0,0,tcfd,282,58
dovish,unwind,114,5.3339846409315946e-5,0,0,unwinding,803,860
dovish,wall,114,5.3339846409315946e-5,0,0,wall,644,579
dovish,administ,113,5.287195301976054e-5,0,0,administered,829,640
dovish,alik,113,5.287195301976054e-5,0,0,alike,703,604
dovish,amid,113,5.287195301976054e-5,0,0,amid,1452,910
dovish,convey,113,5.287195301976054e-5,0,0,convey,583,729
dovish,disput,113,5.287195301976054e-5,0,0,dispute,301,437
dovish,feed,113,5.287195301976054e-5,0,0,feed,769,953
dovish,interchang,113,5.287195301976054e-5,0,0,interchange,535,182
dovish,mexican,113,5.287195301976054e-5,0,0,mexican,1201,379
dovish,revit,113,5.287195301976054e-5,0,0,revitalization,287,265
dovish,sampl,113,5.287195301976054e-5,0,0,sample,1530,766
dovish,testimoni,113,5.287195301976054e-5,0,0,testimony,966,697
dovish,thrift,113,5.287195301976054e-5,0,0,thrift,455,291
dovish,token,113,5.287195301976054e-5,0,0,token,271,219
dovish,tonight,113,5.287195301976054e-5,0,0,tonight,833,504
dovish,tranch,113,5.287195301976054e-5,0,0,tranches,336,254
dovish,vibrant,113,5.287195301976054e-5,0,0,vibrant,492,411
dovish,wood,113,5.287195301976054e-5,0,0,woods,991,667
dovish,brook,112,5.240405963020514e-5,0,0,brookings,919,620
dovish,display,112,5.240405963020514e-5,0,0,display,432,696
dovish,gaug,112,5.240405963020514e-5,0,0,gauge,629,732
dovish,hong,112,5.240405963020514e-5,0,0,hong,1038,463
dovish,paradigm,112,5.240405963020514e-5,0,0,paradigm,884,595
dovish,rational,112,5.240405963020514e-5,0,0,rationale,1043,793
dovish,red,112,5.240405963020514e-5,0,0,red,958,533
dovish,regain,112,5.240405963020514e-5,0,0,regain,458,738
dovish,sluggish,112,5.240405963020514e-5,0,0,sluggish,1120,855
dovish,caution,111,5.193616624064974e-5,0,0,caution,1133,978
dovish,devis,111,5.193616624064974e-5,0,0,devise,284,603
dovish,legitimaci,111,5.193616624064974e-5,0,0,legitimacy,578,343
dovish,materialis,111,5.193616624064974e-5,0,0,materialise,664,855
dovish,medicar,111,5.193616624064974e-5,0,0,medicare,256,64
dovish,speaker,111,5.193616624064974e-5,0,0,speakers,495,649
dovish,tokyo,111,5.193616624064974e-5,0,0,tokyo,1053,587
dovish,wind,111,5.193616624064974e-5,0,0,wind,835,774
dovish,wise,111,5.193616624064974e-5,0,0,wise,605,581
dovish,civil,110,5.1468272851094335e-5,0,0,civil,597,476
dovish,complac,110,5.1468272851094335e-5,0,0,complacency,645,812
dovish,delinqu,110,5.1468272851094335e-5,0,0,delinquencies,326,340
dovish,hamper,110,5.1468272851094335e-5,0,0,hamper,347,777
dovish,ill,110,5.1468272851094335e-5,0,0,ill,360,455
dovish,mainstream,110,5.1468272851094335e-5,0,0,mainstream,452,317
dovish,slr,110,5.1468272851094335e-5,0,0,slr,448,172
dovish,synergi,110,5.1468272851094335e-5,0,0,synergies,469,505
dovish,told,110,5.1468272851094335e-5,0,0,told,760,637
dovish,babi,109,5.100037946153893e-5,0,0,baby,424,271
dovish,cbdcs,109,5.100037946153893e-5,0,0,cbdcs,395,70
dovish,classif,109,5.100037946153893e-5,0,0,classification,593,394
dovish,congratul,109,5.100037946153893e-5,0,0,congratulate,494,681
dovish,dilig,109,5.100037946153893e-5,0,0,diligence,497,475
dovish,disturb,109,5.100037946153893e-5,0,0,disturbances,745,848
dovish,finalis,109,5.100037946153893e-5,0,0,finalised,286,464
dovish,french,109,5.100037946153893e-5,0,0,french,697,452
dovish,greek,109,5.100037946153893e-5,0,0,greek,618,271
dovish,npp,109,5.100037946153893e-5,0,0,npp,182,21
dovish,occupi,109,5.100037946153893e-5,0,0,occupied,382,526
dovish,outbreak,109,5.100037946153893e-5,0,0,outbreak,864,594
dovish,plausibl,109,5.100037946153893e-5,0,0,plausible,912,812
dovish,shrink,109,5.100037946153893e-5,0,0,shrinking,528,796
dovish,sixth,109,5.100037946153893e-5,0,0,sixth,626,518
dovish,warm,109,5.100037946153893e-5,0,0,warm,290,525
dovish,west,109,5.100037946153893e-5,0,0,west,1023,532
dovish,afternoon,108,5.053248607198353e-5,0,0,afternoon,852,767
dovish,air,108,5.053248607198353e-5,0,0,air,484,432
dovish,bind,108,5.053248607198353e-5,0,0,binding,703,673
dovish,breakdown,108,5.053248607198353e-5,0,0,breakdown,621,574
dovish,delight,108,5.053248607198353e-5,0,0,delighted,667,648
dovish,entrant,108,5.053248607198353e-5,0,0,entrants,407,311
dovish,essenc,108,5.053248607198353e-5,0,0,essence,1012,858
dovish,interconnected,108,5.053248607198353e-5,0,0,interconnectedness,820,475
dovish,npl,108,5.053248607198353e-5,0,0,npl,529,168
dovish,personnel,108,5.053248607198353e-5,0,0,personnel,621,428
dovish,represent,108,5.053248607198353e-5,0,0,representation,631,483
dovish,screen,108,5.053248607198353e-5,0,0,screen,238,351
dovish,spectrum,108,5.053248607198353e-5,0,0,spectrum,895,707
dovish,stream,108,5.053248607198353e-5,0,0,stream,410,529
dovish,abrupt,107,5.0064592682428126e-5,0,0,abrupt,730,832
dovish,asymmetri,107,5.0064592682428126e-5,0,0,asymmetry,483,538
dovish,equat,107,5.0064592682428126e-5,0,0,equation,827,599
dovish,gilt,107,5.0064592682428126e-5,0,0,gilt,762,335
dovish,haldan,107,5.0064592682428126e-5,0,0,haldane,900,274
dovish,increment,107,5.0064592682428126e-5,0,0,incremental,496,468
dovish,onset,107,5.0064592682428126e-5,0,0,onset,999,785
dovish,redempt,107,5.0064592682428126e-5,0,0,redemption,445,377
dovish,redress,107,5.0064592682428126e-5,0,0,redressal,220,257
dovish,routin,107,5.0064592682428126e-5,0,0,routine,372,499
dovish,simpler,107,5.0064592682428126e-5,0,0,simpler,566,372
dovish,cloud,106,4.9596699292872724e-5,0,0,cloud,331,423
dovish,nationwid,106,4.9596699292872724e-5,0,0,nationwide,647,432
dovish,on,106,4.9596699292872724e-5,0,0,ons,2108,420
dovish,panic,106,4.9596699292872724e-5,0,0,panic,803,537
dovish,shortfal,106,4.9596699292872724e-5,0,0,shortfall,707,675
dovish,crime,105,4.9128805903317314e-5,0,0,crime,388,243
dovish,embark,105,4.9128805903317314e-5,0,0,embarked,408,691
dovish,finish,105,4.9128805903317314e-5,0,0,finish,378,618
dovish,interview,105,4.9128805903317314e-5,0,0,interview,254,362
dovish,preliminari,105,4.9128805903317314e-5,0,0,preliminary,858,680
dovish,roadmap,105,4.9128805903317314e-5,0,0,roadmap,526,346
dovish,senat,105,4.9128805903317314e-5,0,0,senate,528,440
dovish,welcom,105,4.9128805903317314e-5,0,0,welcomed,386,731
dovish,birth,104,4.866091251376191e-5,0,0,birth,521,376
dovish,deepli,104,4.866091251376191e-5,0,0,deeply,896,782
dovish,deutsch,104,4.866091251376191e-5,0,0,deutsche,731,480
dovish,foot,104,4.866091251376191e-5,0,0,footing,417,557
dovish,heterogen,104,4.866091251376191e-5,0,0,heterogeneity,626,602
dovish,politician,104,4.866091251376191e-5,0,0,politicians,667,444
dovish,scientif,104,4.866091251376191e-5,0,0,scientific,652,434
dovish,shop,104,4.866091251376191e-5,0,0,shopping,337,543
dovish,sifi,104,4.866091251376191e-5,0,0,sifis,369,145
dovish,tariff,104,4.866091251376191e-5,0,0,tariffs,659,408
dovish,tune,104,4.866091251376191e-5,0,0,tuning,462,708
dovish,unnecessari,104,4.866091251376191e-5,0,0,unnecessary,860,692
dovish,var,104,4.866091251376191e-5,0,0,var,398,184
dovish,carney,103,4.819301912420651e-5,0,0,carney,830,378
dovish,ceil,103,4.819301912420651e-5,0,0,ceiling,738,562
dovish,erm,103,4.819301912420651e-5,0,0,erm,969,259
dovish,famous,103,4.819301912420651e-5,0,0,famous,651,714
dovish,pertain,103,4.819301912420651e-5,0,0,pertaining,470,549
dovish,sit,103,4.819301912420651e-5,0,0,sit,357,553
dovish,upper,103,4.819301912420651e-5,0,0,upper,1207,781
dovish,argentina,102,4.7725125734651106e-5,0,0,argentina,778,314
dovish,kong,102,4.7725125734651106e-5,0,0,kong,951,441
dovish,qualif,102,4.7725125734651106e-5,0,0,qualifications,297,351
dovish,redistribut,102,4.7725125734651106e-5,0,0,redistribution,407,427
dovish,spoke,102,4.7725125734651106e-5,0,0,spoke,585,495
dovish,surfac,102,4.7725125734651106e-5,0,0,surface,381,479
dovish,undergo,102,4.7725125734651106e-5,0,0,undergoing,461,618
dovish,apprais,101,4.72572323450957e-5,0,0,appraisal,389,339
dovish,behav,101,4.72572323450957e-5,0,0,behave,443,654
dovish,belgium,101,4.72572323450957e-5,0,0,belgium,519,293
dovish,classifi,101,4.72572323450957e-5,0,0,classified,467,500
dovish,compel,101,4.72572323450957e-5,0,0,compelling,446,649
dovish,friction,101,4.72572323450957e-5,0,0,frictions,798,561
dovish,frontier,101,4.72572323450957e-5,0,0,frontier,654,467
dovish,protract,101,4.72572323450957e-5,0,0,protracted,1057,811
dovish,recipi,101,4.72572323450957e-5,0,0,recipient,304,390
dovish,riskier,101,4.72572323450957e-5,0,0,riskier,723,543
dovish,sequenc,101,4.72572323450957e-5,0,0,sequence,575,704
dovish,stipul,101,4.72572323450957e-5,0,0,stipulated,351,577
dovish,unfold,101,4.72572323450957e-5,0,0,unfolding,324,762
dovish,daniel,100,4.67893389555403e-5,0,0,daniel,709,446
dovish,deflationari,100,4.67893389555403e-5,0,0,deflationary,1625,788
dovish,dispar,100,4.67893389555403e-5,0,0,disparities,456,465
dovish,downgrad,100,4.67893389555403e-5,0,0,downgrade,209,439
dovish,focuss,100,4.67893389555403e-5,0,0,focussed,494,539
dovish,foremost,100,4.67893389555403e-5,0,0,foremost,742,676
dovish,fsa,100,4.67893389555403e-5,0,0,fsa,540,217
dovish,impedi,100,4.67893389555403e-5,0,0,impediments,490,524
dovish,maxim,100,4.67893389555403e-5,0,0,maximize,307,524
dovish,teach,100,4.67893389555403e-5,0,0,teaching,274,428
dovish,arrear,99,4.63214455659849e-5,0,0,arrears,344,155
dovish,benign,99,4.63214455659849e-5,0,0,benign,1053,792
dovish,bloomberg,99,4.63214455659849e-5,0,0,bloomberg,1279,605
dovish,counsel,99,4.63214455659849e-5,0,0,counseling,180,266
dovish,extract,99,4.63214455659849e-5,0,0,extraction,301,591
dovish,femal,99,4.63214455659849e-5,0,0,female,555,215
dovish,fold,99,4.63214455659849e-5,0,0,fold,452,387
dovish,fraction,99,4.63214455659849e-5,0,0,fraction,767,584
dovish,gender,99,4.63214455659849e-5,0,0,gender,729,206
dovish,guard,99,4.63214455659849e-5,0,0,guard,539,612
dovish,hinder,99,4.63214455659849e-5,0,0,hinder,392,709
dovish,hqla,99,4.63214455659849e-5,0,0,hqla,240,45
dovish,indispens,99,4.63214455659849e-5,0,0,indispensable,696,592
dovish,manifest,99,4.63214455659849e-5,0,0,manifest,305,881
dovish,occup,99,4.63214455659849e-5,0,0,occupations,347,366
dovish,overwhelm,99,4.63214455659849e-5,0,0,overwhelming,307,577
dovish,pledg,99,4.63214455659849e-5,0,0,pledge,248,434
dovish,rebuild,99,4.63214455659849e-5,0,0,rebuilding,392,518
dovish,taxat,99,4.63214455659849e-5,0,0,taxation,693,466
dovish,temperatur,99,4.63214455659849e-5,0,0,temperature,204,155
dovish,wallet,99,4.63214455659849e-5,0,0,wallets,226,198
dovish,wisdom,99,4.63214455659849e-5,0,0,wisdom,834,633
dovish,zealand,99,4.63214455659849e-5,0,0,zealand,791,412
dovish,avenu,98,4.5853552176429495e-5,0,0,avenues,308,447
dovish,conscious,98,4.5853552176429495e-5,0,0,conscious,591,652
dovish,dlt,98,4.5853552176429495e-5,0,0,dlt,489,78
dovish,junctur,98,4.5853552176429495e-5,0,0,juncture,745,645
dovish,precondit,98,4.5853552176429495e-5,0,0,precondition,529,617
dovish,candid,97,4.538565878687409e-5,0,0,candidate,334,461
dovish,discoveri,97,4.538565878687409e-5,0,0,discovery,603,426
dovish,drag,97,4.538565878687409e-5,0,0,drag,852,770
dovish,excit,97,4.538565878687409e-5,0,0,exciting,333,416
dovish,flood,97,4.538565878687409e-5,0,0,flood,217,347
dovish,formula,97,4.538565878687409e-5,0,0,formula,393,334
dovish,geopolit,97,4.538565878687409e-5,0,0,geopolitical,1249,820
dovish,multipli,97,4.538565878687409e-5,0,0,multiplier,360,573
dovish,pds,97,4.538565878687409e-5,0,0,pds,508,79
dovish,season,97,4.538565878687409e-5,0,0,seasonally,622,754
dovish,tough,97,4.538565878687409e-5,0,0,tough,558,447
dovish,van,97,4.538565878687409e-5,0,0,van,746,448
dovish,apra,96,4.491776539731869e-5,0,0,apra,417,125
dovish,clearer,96,4.491776539731869e-5,0,0,clearer,793,694
dovish,combat,96,4.491776539731869e-5,0,0,combat,460,628
dovish,crash,96,4.491776539731869e-5,0,0,crash,616,454
dovish,esm,96,4.491776539731869e-5,0,0,esm,396,166
dovish,etf,96,4.491776539731869e-5,0,0,etfs,492,249
dovish,harmon,96,4.491776539731869e-5,0,0,harmonization,181,291
dovish,hypothesi,96,4.491776539731869e-5,0,0,hypothesis,994,547
dovish,meantim,96,4.491776539731869e-5,0,0,meantime,701,604
dovish,retire,96,4.491776539731869e-5,0,0,retirees,245,136
dovish,satisfactori,96,4.491776539731869e-5,0,0,satisfactory,611,495
dovish,stringent,96,4.491776539731869e-5,0,0,stringent,650,532
dovish,bar,95,4.444987200776329e-5,0,0,bar,425,588
dovish,bcs,95,4.444987200776329e-5,0,0,bcs,296,86
dovish,concert,95,4.444987200776329e-5,0,0,concerted,504,526
dovish,disabl,95,4.444987200776329e-5,0,0,disability,180,144
dovish,michael,95,4.444987200776329e-5,0,0,michael,1154,695
dovish,overse,95,4.444987200776329e-5,0,0,oversee,301,495
dovish,seiz,95,4.444987200776329e-5,0,0,seize,288,511
dovish,supplier,95,4.444987200776329e-5,0,0,suppliers,648,595
dovish,surcharg,95,4.444987200776329e-5,0,0,surcharge,368,211
dovish,uneven,95,4.444987200776329e-5,0,0,uneven,690,624
dovish,virtuous,95,4.444987200776329e-5,0,0,virtuous,1096,577
dovish,annuiti,94,4.3981978618207884e-5,0,0,annuity,307,114
dovish,articul,94,4.3981978618207884e-5,0,0,articulated,340,543
dovish,bundesbank,94,4.3981978618207884e-5,0,0,bundesbank,828,431
dovish,kyc,94,4.3981978618207884e-5,0,0,kyc,474,170
dovish,label,94,4.3981978618207884e-5,0,0,label,258,438
dovish,outsourc,94,4.3981978618207884e-5,0,0,outsourcing,487,353
dovish,prescript,94,4.3981978618207884e-5,0,0,prescriptions,482,621
dovish,render,94,4.3981978618207884e-5,0,0,rendered,276,613
dovish,salari,94,4.3981978618207884e-5,0,0,salaries,341,431
dovish,summar,94,4.3981978618207884e-5,0,0,summarize,496,739
dovish,utmost,94,4.3981978618207884e-5,0,0,utmost,838,729
dovish,annum,93,4.351408522865248e-5,0,0,annum,1001,582
dovish,asymmetr,93,4.351408522865248e-5,0,0,asymmetric,949,632
dovish,brussel,93,4.351408522865248e-5,0,0,brussels,630,490
dovish,cmu,93,4.351408522865248e-5,0,0,cmu,349,62
dovish,commenc,93,4.351408522865248e-5,0,0,commenced,238,495
dovish,dec,93,4.351408522865248e-5,0,0,dec,580,204
dovish,dinner,93,4.351408522865248e-5,0,0,dinner,667,464
dovish,iraq,93,4.351408522865248e-5,0,0,iraq,290,152
dovish,learnt,93,4.351408522865248e-5,0,0,learnt,615,479
dovish,mere,93,4.351408522865248e-5,0,0,mere,586,526
dovish,preval,93,4.351408522865248e-5,0,0,prevalent,396,537
dovish,repurchas,93,4.351408522865248e-5,0,0,repurchase,746,515
dovish,underserv,93,4.351408522865248e-5,0,0,underserved,296,161
dovish,basket,92,4.304619183909708e-5,0,0,basket,1026,670
dovish,breach,92,4.304619183909708e-5,0,0,breach,349,508
dovish,calm,92,4.304619183909708e-5,0,0,calm,376,462
dovish,ceo,92,4.304619183909708e-5,0,0,ceo,426,375
dovish,confus,92,4.304619183909708e-5,0,0,confusion,354,613
dovish,cpc,92,4.304619183909708e-5,0,0,cpc,296,110
dovish,encount,92,4.304619183909708e-5,0,0,encountered,295,543
dovish,hub,92,4.304619183909708e-5,0,0,hub,421,339
dovish,overdraft,92,4.304619183909708e-5,0,0,overdraft,219,197
dovish,princeton,92,4.304619183909708e-5,0,0,princeton,877,509
dovish,reassur,92,4.304619183909708e-5,0,0,reassuring,252,560
dovish,spill,92,4.304619183909708e-5,0,0,spill,557,652
dovish,srm,92,4.304619183909708e-5,0,0,srm,248,77
dovish,thank,92,4.304619183909708e-5,0,0,thanking,248,479
dovish,augment,91,4.2578298449541676e-5,0,0,augment,299,666
dovish,band,91,4.2578298449541676e-5,0,0,band,983,609
dovish,blue,91,4.2578298449541676e-5,0,0,blue,1013,491
dovish,boston,91,4.2578298449541676e-5,0,0,boston,535,313
dovish,claus,91,4.2578298449541676e-5,0,0,clause,249,336
dovish,decentralis,91,4.2578298449541676e-5,0,0,decentralised,428,331
dovish,euro,91,4.2578298449541676e-5,0,0,euros,647,313
dovish,fca,91,4.2578298449541676e-5,0,0,fca,565,237
dovish,fdi,91,4.2578298449541676e-5,0,0,fdi,997,306
dovish,grievanc,91,4.2578298449541676e-5,0,0,grievance,189,150
dovish,incomplet,91,4.2578298449541676e-5,0,0,incomplete,769,667
dovish,lesser,91,4.2578298449541676e-5,0,0,lesser,653,580
dovish,midst,91,4.2578298449541676e-5,0,0,midst,519,465
dovish,organiz,91,4.2578298449541676e-5,0,0,organizational,508,336
dovish,plot,91,4.2578298449541676e-5,0,0,plots,435,323
dovish,privaci,91,4.2578298449541676e-5,0,0,privacy,751,292
dovish,richard,91,4.2578298449541676e-5,0,0,richard,648,473
dovish,simul,91,4.2578298449541676e-5,0,0,simulations,578,563
dovish,town,91,4.2578298449541676e-5,0,0,town,451,440
dovish,charact,90,4.211040505998627e-5,0,0,character,592,505
dovish,decisionmak,90,4.211040505998627e-5,0,0,decisionmaking,450,360
dovish,dri,90,4.211040505998627e-5,0,0,dried,226,549
dovish,embodi,90,4.211040505998627e-5,0,0,embodied,449,683
dovish,exact,90,4.211040505998627e-5,0,0,exact,588,578
dovish,faith,90,4.211040505998627e-5,0,0,faith,569,546
dovish,holist,90,4.211040505998627e-5,0,0,holistic,354,295
dovish,iosco,90,4.211040505998627e-5,0,0,iosco,605,271
dovish,loop,90,4.211040505998627e-5,0,0,loop,641,507
dovish,nonperform,90,4.211040505998627e-5,0,0,nonperforming,494,287
dovish,policyhold,90,4.211040505998627e-5,0,0,policyholders,297,115
dovish,race,90,4.211040505998627e-5,0,0,race,582,370
dovish,rajan,90,4.211040505998627e-5,0,0,rajan,560,302
dovish,sphere,90,4.211040505998627e-5,0,0,sphere,465,479
dovish,taylor,90,4.211040505998627e-5,0,0,taylor,2072,608
dovish,termin,90,4.211040505998627e-5,0,0,termination,219,485
dovish,thirti,90,4.211040505998627e-5,0,0,thirty,701,559
dovish,compil,89,4.164251167043087e-5,0,0,compiled,348,474
dovish,conceiv,89,4.164251167043087e-5,0,0,conceivable,267,588
dovish,exhaust,89,4.164251167043087e-5,0,0,exhausted,295,545
dovish,hurdl,89,4.164251167043087e-5,0,0,hurdle,245,307
dovish,legitim,89,4.164251167043087e-5,0,0,legitimate,614,567
dovish,psbs,89,4.164251167043087e-5,0,0,psbs,430,68
dovish,remuner,89,4.164251167043087e-5,0,0,remuneration,648,446
dovish,scarc,89,4.164251167043087e-5,0,0,scarce,480,525
dovish,thrive,89,4.164251167043087e-5,0,0,thrive,323,443
dovish,gratitud,88,4.117461828087547e-5,0,0,gratitude,618,551
dovish,interim,88,4.117461828087547e-5,0,0,interim,760,513
dovish,placement,88,4.117461828087547e-5,0,0,placement,307,227
dovish,proof,88,4.117461828087547e-5,0,0,proof,521,458
dovish,reiter,88,4.117461828087547e-5,0,0,reiterate,505,705
dovish,sib,88,4.117461828087547e-5,0,0,sibs,366,141
dovish,squar,88,4.117461828087547e-5,0,0,square,261,448
dovish,subordin,88,4.117461828087547e-5,0,0,subordinated,439,343
dovish,tourism,88,4.117461828087547e-5,0,0,tourism,979,508
dovish,up,88,4.117461828087547e-5,0,0,ups,820,533
dovish,accru,87,4.0706724891320065e-5,0,0,accrue,173,352
dovish,asean,87,4.0706724891320065e-5,0,0,asean,538,236
dovish,belong,87,4.0706724891320065e-5,0,0,belong,267,494
dovish,confin,87,4.0706724891320065e-5,0,0,confined,565,672
dovish,entrepreneurship,87,4.0706724891320065e-5,0,0,entrepreneurship,557,295
dovish,jame,87,4.0706724891320065e-5,0,0,james,711,479
dovish,microprudenti,87,4.0706724891320065e-5,0,0,microprudential,688,322
dovish,plant,87,4.0706724891320065e-5,0,0,plant,365,421
dovish,rupe,87,4.0706724891320065e-5,0,0,rupee,967,287
dovish,scrutini,87,4.0706724891320065e-5,0,0,scrutiny,677,579
dovish,shed,87,4.0706724891320065e-5,0,0,shed,468,590
dovish,sick,87,4.0706724891320065e-5,0,0,sick,181,146
dovish,unknown,87,4.0706724891320065e-5,0,0,unknown,484,444
dovish,whilst,87,4.0706724891320065e-5,0,0,whilst,599,385
dovish,absorpt,86,4.023883150176466e-5,0,0,absorption,601,497
dovish,array,86,4.023883150176466e-5,0,0,array,639,542
dovish,centralis,86,4.023883150176466e-5,0,0,centralised,491,425
dovish,deceler,86,4.023883150176466e-5,0,0,deceleration,968,968
dovish,flaw,86,4.023883150176466e-5,0,0,flaws,213,402
dovish,jump,86,4.023883150176466e-5,0,0,jump,470,604
dovish,martin,86,4.023883150176466e-5,0,0,martin,916,592
dovish,mileston,86,4.023883150176466e-5,0,0,milestone,399,530
dovish,monopoli,86,4.023883150176466e-5,0,0,monopoly,367,308
dovish,noteworthi,86,4.023883150176466e-5,0,0,noteworthy,586,489
dovish,outlay,86,4.023883150176466e-5,0,0,outlays,400,246
dovish,proportion,86,4.023883150176466e-5,0,0,proportionate,402,338
dovish,san,86,4.023883150176466e-5,0,0,san,751,437
dovish,shanghai,86,4.023883150176466e-5,0,0,shanghai,695,151
dovish,stephen,86,4.023883150176466e-5,0,0,stephen,527,355
dovish,submiss,86,4.023883150176466e-5,0,0,submission,232,265
dovish,supran,86,4.023883150176466e-5,0,0,supranational,394,264
dovish,unclear,86,4.023883150176466e-5,0,0,unclear,586,537
dovish,crunch,85,3.977093811220926e-5,0,0,crunch,763,512
dovish,debell,85,3.977093811220926e-5,0,0,debelle,344,151
dovish,ed,85,3.977093811220926e-5,0,0,eds,873,545
dovish,emi,85,3.977093811220926e-5,0,0,emi,364,92
dovish,endors,85,3.977093811220926e-5,0,0,endorsed,382,495
dovish,english,85,3.977093811220926e-5,0,0,english,870,695
dovish,fade,85,3.977093811220926e-5,0,0,fade,425,649
dovish,fellow,85,3.977093811220926e-5,0,0,fellow,722,582
dovish,freeli,85,3.977093811220926e-5,0,0,freely,664,549
dovish,hoc,85,3.977093811220926e-5,0,0,hoc,423,284
dovish,italian,85,3.977093811220926e-5,0,0,italian,452,251
dovish,mit,85,3.977093811220926e-5,0,0,mit,477,333
dovish,neighbour,85,3.977093811220926e-5,0,0,neighbouring,249,396
dovish,opt,85,3.977093811220926e-5,0,0,opt,339,486
dovish,practition,85,3.977093811220926e-5,0,0,practitioners,449,400
dovish,rand,85,3.977093811220926e-5,0,0,rand,1403,308
dovish,seamless,85,3.977093811220926e-5,0,0,seamless,214,279
dovish,sooner,85,3.977093811220926e-5,0,0,sooner,720,622
dovish,steven,85,3.977093811220926e-5,0,0,stevens,421,368
dovish,twelv,85,3.977093811220926e-5,0,0,twelve,1009,677
dovish,wish,85,3.977093811220926e-5,0,0,wishes,269,555
dovish,congression,84,3.930304472265386e-5,0,0,congressional,530,342
dovish,defens,84,3.930304472265386e-5,0,0,defense,377,432
dovish,european,84,3.930304472265386e-5,0,0,europeans,582,358
dovish,immens,84,3.930304472265386e-5,0,0,immense,405,483
dovish,insist,84,3.930304472265386e-5,0,0,insist,202,402
dovish,insul,84,3.930304472265386e-5,0,0,insulate,232,445
dovish,manual,84,3.930304472265386e-5,0,0,manual,354,281
dovish,mar,84,3.930304472265386e-5,0,0,mar,926,275
dovish,norway,84,3.930304472265386e-5,0,0,norway,453,230
dovish,plenti,84,3.930304472265386e-5,0,0,plenty,493,523
dovish,prof,84,3.930304472265386e-5,0,0,prof,563,260
dovish,reject,84,3.930304472265386e-5,0,0,rejected,233,425
dovish,squeez,84,3.930304472265386e-5,0,0,squeeze,500,597
dovish,undu,84,3.930304472265386e-5,0,0,undue,521,465
dovish,usa,84,3.930304472265386e-5,0,0,usa,713,432
dovish,artifici,83,3.8835151333098454e-5,0,0,artificial,541,557
dovish,aspir,83,3.8835151333098454e-5,0,0,aspirations,240,494
dovish,bare,83,3.8835151333098454e-5,0,0,barely,435,533
dovish,collateralis,83,3.8835151333098454e-5,0,0,collateralised,387,318
dovish,destin,83,3.8835151333098454e-5,0,0,destination,503,574
dovish,door,83,3.8835151333098454e-5,0,0,door,333,424
dovish,endeavor,83,3.8835151333098454e-5,0,0,endeavor,289,440
dovish,har,83,3.8835151333098454e-5,0,0,harness,236,339
dovish,impetus,83,3.8835151333098454e-5,0,0,impetus,736,661
dovish,liter,83,3.8835151333098454e-5,0,0,literally,257,344
dovish,pacif,83,3.8835151333098454e-5,0,0,pacific,572,297
dovish,patient,83,3.8835151333098454e-5,0,0,patient,394,392
dovish,powel,83,3.8835151333098454e-5,0,0,powell,506,262
dovish,remaind,83,3.8835151333098454e-5,0,0,remainder,543,505
dovish,roger,83,3.8835151333098454e-5,0,0,roger,324,301
dovish,sea,83,3.8835151333098454e-5,0,0,sea,464,380
dovish,spanish,83,3.8835151333098454e-5,0,0,spanish,504,271
dovish,till,83,3.8835151333098454e-5,0,0,till,524,401
dovish,truth,83,3.8835151333098454e-5,0,0,truth,686,576
dovish,yesterday,83,3.8835151333098454e-5,0,0,yesterday,655,483
dovish,actuari,82,3.8367257943543045e-5,0,0,actuarial,133,99
dovish,affili,82,3.8367257943543045e-5,0,0,affiliates,442,353
dovish,boundari,82,3.8367257943543045e-5,0,0,boundaries,507,502
dovish,discrimin,82,3.8367257943543045e-5,0,0,discrimination,400,316
dovish,dream,82,3.8367257943543045e-5,0,0,dream,235,241
dovish,evidenc,82,3.8367257943543045e-5,0,0,evidenced,666,601
dovish,iron,82,3.8367257943543045e-5,0,0,iron,357,447
dovish,penalti,82,3.8367257943543045e-5,0,0,penalty,408,404
dovish,permiss,82,3.8367257943543045e-5,0,0,permissible,248,386
dovish,possess,82,3.8367257943543045e-5,0,0,possess,209,360
dovish,premis,82,3.8367257943543045e-5,0,0,premise,346,471
dovish,prize,82,3.8367257943543045e-5,0,0,prize,464,354
dovish,satisfact,82,3.8367257943543045e-5,0,0,satisfaction,486,335
dovish,alert,81,3.789936455398764e-5,0,0,alert,593,626
dovish,alia,81,3.789936455398764e-5,0,0,alia,579,475
dovish,ambigu,81,3.789936455398764e-5,0,0,ambiguity,225,334
dovish,britain,81,3.789936455398764e-5,0,0,britain,610,326
dovish,coeur,81,3.789936455398764e-5,0,0,coeure,555,242
dovish,coronavirus,81,3.789936455398764e-5,0,0,coronavirus,770,373
dovish,dodg,81,3.789936455398764e-5,0,0,dodge,326,180
dovish,elder,81,3.789936455398764e-5,0,0,elderly,570,304
dovish,gang,81,3.789936455398764e-5,0,0,gang,202,66
dovish,inquiri,81,3.789936455398764e-5,0,0,inquiry,342,244
dovish,melbourn,81,3.789936455398764e-5,0,0,melbourne,376,184
dovish,mfis,81,3.789936455398764e-5,0,0,mfis,441,122
dovish,onward,81,3.789936455398764e-5,0,0,onwards,649,710
dovish,ordinari,81,3.789936455398764e-5,0,0,ordinary,592,460
dovish,ppp,81,3.789936455398764e-5,0,0,ppp,460,196
dovish,semiannu,81,3.789936455398764e-5,0,0,semiannual,357,239
dovish,terrorist,81,3.789936455398764e-5,0,0,terrorist,642,386
dovish,undesir,81,3.789936455398764e-5,0,0,undesirable,811,731
dovish,backward,80,3.743147116443224e-5,0,0,backward,489,459
dovish,compound,80,3.743147116443224e-5,0,0,compounded,435,556
dovish,entrust,80,3.743147116443224e-5,0,0,entrusted,499,479
dovish,headwind,80,3.743147116443224e-5,0,0,headwinds,904,636
dovish,homeownership,80,3.743147116443224e-5,0,0,homeownership,458,148
dovish,incumb,80,3.743147116443224e-5,0,0,incumbent,210,242
dovish,mathemat,80,3.743147116443224e-5,0,0,mathematics,241,231
dovish,needless,80,3.743147116443224e-5,0,0,needless,530,476
dovish,provinci,80,3.743147116443224e-5,0,0,provincial,394,229
dovish,spiral,80,3.743147116443224e-5,0,0,spiral,815,742
dovish,taught,80,3.743147116443224e-5,0,0,taught,530,452
dovish,tighter,80,3.743147116443224e-5,0,0,tighter,1575,1106
dovish,trader,80,3.743147116443224e-5,0,0,traders,528,364
dovish,anpr,79,3.6963577774876836e-5,0,0,anpr,252,33
dovish,contractu,79,3.6963577774876836e-5,0,0,contractual,511,371
dovish,curb,79,3.6963577774876836e-5,0,0,curb,420,576
dovish,disord,79,3.6963577774876836e-5,0,0,disorderly,661,565
dovish,imperfect,79,3.6963577774876836e-5,0,0,imperfect,563,608
dovish,irrespect,79,3.6963577774876836e-5,0,0,irrespective,559,489
dovish,king,79,3.6963577774876836e-5,0,0,king,1215,633
dovish,leap,79,3.6963577774876836e-5,0,0,leap,377,346
dovish,neglect,79,3.6963577774876836e-5,0,0,neglect,297,533
dovish,nonprofit,79,3.6963577774876836e-5,0,0,nonprofit,168,120
dovish,overlap,79,3.6963577774876836e-5,0,0,overlapping,233,450
dovish,postpon,79,3.6963577774876836e-5,0,0,postponed,236,476
dovish,adi,78,3.6495684385321434e-5,0,0,adis,116,45
dovish,brand,78,3.6495684385321434e-5,0,0,brand,314,304
dovish,cultiv,78,3.6495684385321434e-5,0,0,cultivate,132,244
dovish,discretionari,78,3.6495684385321434e-5,0,0,discretionary,842,514
dovish,disproportion,78,3.6495684385321434e-5,0,0,disproportionately,390,573
dovish,navig,78,3.6495684385321434e-5,0,0,navigate,309,474
dovish,opaqu,78,3.6495684385321434e-5,0,0,opaque,450,425
dovish,peter,78,3.6495684385321434e-5,0,0,peter,714,586
dovish,protocol,78,3.6495684385321434e-5,0,0,protocol,249,263
dovish,stretch,78,3.6495684385321434e-5,0,0,stretched,268,526
dovish,constitu,77,3.602779099576603e-5,0,0,constituent,154,403
dovish,drastic,77,3.602779099576603e-5,0,0,drastic,408,535
dovish,endur,77,3.602779099576603e-5,0,0,enduring,333,514
dovish,impuls,77,3.602779099576603e-5,0,0,impulses,419,574
dovish,justic,77,3.602779099576603e-5,0,0,justice,576,442
dovish,logist,77,3.602779099576603e-5,0,0,logistics,288,385
dovish,ottawa,77,3.602779099576603e-5,0,0,ottawa,382,298
dovish,par,77,3.602779099576603e-5,0,0,par,543,445
dovish,peac,77,3.602779099576603e-5,0,0,peace,490,407
dovish,precautionari,77,3.602779099576603e-5,0,0,precautionary,659,471
dovish,proxi,77,3.602779099576603e-5,0,0,proxy,462,453
dovish,psycholog,77,3.602779099576603e-5,0,0,psychological,276,312
dovish,puzzl,77,3.602779099576603e-5,0,0,puzzle,640,515
dovish,rescu,77,3.602779099576603e-5,0,0,rescue,406,400
dovish,superior,77,3.602779099576603e-5,0,0,superior,439,408
dovish,unfair,77,3.602779099576603e-5,0,0,unfair,441,383
dovish,verifi,77,3.602779099576603e-5,0,0,verify,317,378
dovish,abandon,76,3.555989760621063e-5,0,0,abandoned,359,584
dovish,austria,76,3.555989760621063e-5,0,0,austria,503,256
dovish,ceas,76,3.555989760621063e-5,0,0,cease,272,487
dovish,census,76,3.555989760621063e-5,0,0,census,434,246
dovish,coal,76,3.555989760621063e-5,0,0,coal,490,292
dovish,confidenti,76,3.555989760621063e-5,0,0,confidentiality,269,304
dovish,continent,76,3.555989760621063e-5,0,0,continental,457,317
dovish,dealt,76,3.555989760621063e-5,0,0,dealt,563,514
dovish,dispens,76,3.555989760621063e-5,0,0,dispensation,116,222
dovish,entrepreneuri,76,3.555989760621063e-5,0,0,entrepreneurial,447,285
dovish,flight,76,3.555989760621063e-5,0,0,flight,605,448
dovish,geographi,76,3.555989760621063e-5,0,0,geography,270,268
dovish,imped,76,3.555989760621063e-5,0,0,impede,342,612
dovish,inabl,76,3.555989760621063e-5,0,0,inability,462,424
dovish,interfac,76,3.555989760621063e-5,0,0,interface,332,325
dovish,lean,76,3.555989760621063e-5,0,0,lean,533,537
dovish,lisbon,76,3.555989760621063e-5,0,0,lisbon,670,280
dovish,mirror,76,3.555989760621063e-5,0,0,mirror,295,537
dovish,outweigh,76,3.555989760621063e-5,0,0,outweigh,401,519
dovish,predecessor,76,3.555989760621063e-5,0,0,predecessor,256,423
dovish,remit,76,3.555989760621063e-5,0,0,remit,931,539
dovish,sizabl,76,3.555989760621063e-5,0,0,sizable,609,490
dovish,trap,76,3.555989760621063e-5,0,0,trap,572,429
dovish,twin,76,3.555989760621063e-5,0,0,twin,579,433
dovish,youth,76,3.555989760621063e-5,0,0,youth,591,328
dovish,assert,75,3.5092004216655225e-5,0,0,assert,160,425
dovish,breadth,75,3.5092004216655225e-5,0,0,breadth,439,398
dovish,brick,75,3.5092004216655225e-5,0,0,brick,197,172
dovish,coher,75,3.5092004216655225e-5,0,0,coherent,526,527
dovish,kansa,75,3.5092004216655225e-5,0,0,kansas,1072,611
dovish,lessen,75,3.5092004216655225e-5,0,0,lessen,243,453
dovish,name,75,3.5092004216655225e-5,0,0,names,244,400
dovish,nbfc,75,3.5092004216655225e-5,0,0,nbfc,383,73
dovish,philosophi,75,3.5092004216655225e-5,0,0,philosophy,404,333
dovish,strongest,75,3.5092004216655225e-5,0,0,strongest,482,429
dovish,toolkit,75,3.5092004216655225e-5,0,0,toolkit,754,502
dovish,tradeoff,75,3.5092004216655225e-5,0,0,tradeoff,292,335
dovish,arena,74,3.462411082709982e-5,0,0,arena,391,354
dovish,bcbs,74,3.462411082709982e-5,0,0,bcbs,533,254
dovish,contempl,74,3.462411082709982e-5,0,0,contemplated,189,490
dovish,defer,74,3.462411082709982e-5,0,0,deferred,262,379
dovish,ferguson,74,3.462411082709982e-5,0,0,ferguson,342,202
dovish,fertil,74,3.462411082709982e-5,0,0,fertility,197,235
dovish,golden,74,3.462411082709982e-5,0,0,golden,408,250
dovish,lifetim,74,3.462411082709982e-5,0,0,lifetime,329,294
dovish,mis,74,3.462411082709982e-5,0,0,mis,409,266
dovish,mpr,74,3.462411082709982e-5,0,0,mpr,783,200
dovish,ontario,74,3.462411082709982e-5,0,0,ontario,468,314
dovish,pariti,74,3.462411082709982e-5,0,0,parity,580,418
dovish,prone,74,3.462411082709982e-5,0,0,prone,615,538
dovish,smith,74,3.462411082709982e-5,0,0,smith,633,353
dovish,spite,74,3.462411082709982e-5,0,0,spite,553,475
dovish,struck,74,3.462411082709982e-5,0,0,struck,532,478
dovish,bold,73,3.415621743754442e-5,0,0,bold,604,513
dovish,cater,73,3.415621743754442e-5,0,0,cater,256,336
dovish,cheap,73,3.415621743754442e-5,0,0,cheap,494,429
dovish,commensur,73,3.415621743754442e-5,0,0,commensurate,508,517
dovish,defend,73,3.415621743754442e-5,0,0,defend,345,447
dovish,deni,73,3.415621743754442e-5,0,0,deny,290,556
dovish,digitalis,73,3.415621743754442e-5,0,0,digitalisation,490,230
dovish,ensu,73,3.415621743754442e-5,0,0,ensuing,477,602
dovish,hospit,73,3.415621743754442e-5,0,0,hospitality,237,342
dovish,impart,73,3.415621743754442e-5,0,0,impart,198,404
dovish,invent,73,3.415621743754442e-5,0,0,invention,170,323
dovish,lira,73,3.415621743754442e-5,0,0,lira,853,232
dovish,phillip,73,3.415621743754442e-5,0,0,phillips,2326,538
dovish,proud,73,3.415621743754442e-5,0,0,proud,468,440
dovish,reconstruct,73,3.415621743754442e-5,0,0,reconstruction,495,340
dovish,william,73,3.415621743754442e-5,0,0,williams,632,620
dovish,abus,72,3.368832404798902e-5,0,0,abuse,272,364
dovish,battl,72,3.368832404798902e-5,0,0,battle,304,273
dovish,beauti,72,3.368832404798902e-5,0,0,beautiful,260,348
dovish,factori,72,3.368832404798902e-5,0,0,factory,236,294
dovish,fora,72,3.368832404798902e-5,0,0,fora,490,371
dovish,forefront,72,3.368832404798902e-5,0,0,forefront,468,430
dovish,homogen,72,3.368832404798902e-5,0,0,homogeneous,211,319
dovish,judici,72,3.368832404798902e-5,0,0,judicial,308,320
dovish,pickup,72,3.368832404798902e-5,0,0,pickup,725,480
dovish,ring,72,3.368832404798902e-5,0,0,ring,487,261
dovish,rulebook,72,3.368832404798902e-5,0,0,rulebook,361,197
dovish,span,72,3.368832404798902e-5,0,0,span,371,583
dovish,steel,72,3.368832404798902e-5,0,0,steel,499,322
dovish,atlant,71,3.3220430658433614e-5,0,0,atlantic,515,366
dovish,cpmi,71,3.3220430658433614e-5,0,0,cpmi,362,103
dovish,crr,71,3.3220430658433614e-5,0,0,crr,481,202
dovish,destabil,71,3.3220430658433614e-5,0,0,destabilizing,363,436
dovish,draghi,71,3.3220430658433614e-5,0,0,draghi,531,318
dovish,hesit,71,3.3220430658433614e-5,0,0,hesitate,286,622
dovish,inappropri,71,3.3220430658433614e-5,0,0,inappropriate,601,582
dovish,inclin,71,3.3220430658433614e-5,0,0,inclined,390,430
dovish,place,71,3.3220430658433614e-5,0,0,placing,576,534
dovish,quantum,71,3.3220430658433614e-5,0,0,quantum,450,344
dovish,russian,71,3.3220430658433614e-5,0,0,russian,1583,508
dovish,scholar,71,3.3220430658433614e-5,0,0,scholars,305,327
dovish,vicious,71,3.3220430658433614e-5,0,0,vicious,543,416
dovish,wilkin,71,3.3220430658433614e-5,0,0,wilkins,203,115
dovish,brief,70,3.275253726887821e-5,0,0,briefing,330,253
dovish,disloc,70,3.275253726887821e-5,0,0,dislocations,229,358
dovish,escal,70,3.275253726887821e-5,0,0,escalation,247,522
dovish,frontload,70,3.275253726887821e-5,0,0,frontloading,291,171
dovish,haven,70,3.275253726887821e-5,0,0,haven,444,359
dovish,herd,70,3.275253726887821e-5,0,0,herd,213,240
dovish,nurtur,70,3.275253726887821e-5,0,0,nurture,173,358
dovish,resumpt,70,3.275253726887821e-5,0,0,resumption,388,264
dovish,southern,70,3.275253726887821e-5,0,0,southern,496,306
dovish,standstil,70,3.275253726887821e-5,0,0,standstill,172,137
dovish,tenth,70,3.275253726887821e-5,0,0,tenth,353,316
dovish,twentieth,70,3.275253726887821e-5,0,0,twentieth,408,308
dovish,algorithm,69,3.228464387932281e-5,0,0,algorithms,197,177
dovish,arm,69,3.228464387932281e-5,0,0,arms,292,442
dovish,displac,69,3.228464387932281e-5,0,0,displaced,207,276
dovish,francisco,69,3.228464387932281e-5,0,0,francisco,673,372
dovish,glenn,69,3.228464387932281e-5,0,0,glenn,401,232
dovish,hayek,69,3.228464387932281e-5,0,0,hayek,227,56
dovish,hmda,69,3.228464387932281e-5,0,0,hmda,308,52
dovish,interest,69,3.228464387932281e-5,0,0,interestingly,456,376
dovish,ombudsman,69,3.228464387932281e-5,0,0,ombudsman,214,87
dovish,philip,69,3.228464387932281e-5,0,0,philip,478,358
dovish,substanc,69,3.228464387932281e-5,0,0,substance,325,281
dovish,teacher,69,3.228464387932281e-5,0,0,teachers,284,253
dovish,unlimit,69,3.228464387932281e-5,0,0,unlimited,665,486
dovish,upsw,69,3.228464387932281e-5,0,0,upswing,694,511
dovish,backup,68,3.1816750489767406e-5,0,0,backup,264,150
dovish,counterfeit,68,3.1816750489767406e-5,0,0,counterfeiting,325,223
dovish,crowd,68,3.1816750489767406e-5,0,0,crowd,240,455
dovish,curtail,68,3.1816750489767406e-5,0,0,curtailed,193,461
dovish,detriment,68,3.1816750489767406e-5,0,0,detrimental,381,502
dovish,fastest,68,3.1816750489767406e-5,0,0,fastest,535,469
dovish,heat,68,3.1816750489767406e-5,0,0,heat,190,309
dovish,indebt,68,3.1816750489767406e-5,0,0,indebted,576,380
dovish,industrialis,68,3.1816750489767406e-5,0,0,industrialised,622,446
dovish,inhibit,68,3.1816750489767406e-5,0,0,inhibit,222,439
dovish,paradox,68,3.1816750489767406e-5,0,0,paradox,268,336
dovish,poloz,68,3.1816750489767406e-5,0,0,poloz,300,155
dovish,prudenc,68,3.1816750489767406e-5,0,0,prudence,536,438
dovish,reassess,68,3.1816750489767406e-5,0,0,reassessment,318,577
dovish,registr,68,3.1816750489767406e-5,0,0,registration,360,250
dovish,rmbs,68,3.1816750489767406e-5,0,0,rmbs,346,75
dovish,roe,68,3.1816750489767406e-5,0,0,roe,219,74
dovish,scene,68,3.1816750489767406e-5,0,0,scene,361,371
dovish,stick,68,3.1816750489767406e-5,0,0,stick,354,392
dovish,storm,68,3.1816750489767406e-5,0,0,storm,372,384
dovish,viewpoint,68,3.1816750489767406e-5,0,0,viewpoint,548,485
dovish,violat,68,3.1816750489767406e-5,0,0,violations,185,381
dovish,analog,67,3.1348857100212004e-5,0,0,analogy,329,459
dovish,death,67,3.1348857100212004e-5,0,0,death,351,305
dovish,devast,67,3.1348857100212004e-5,0,0,devastating,352,401
dovish,equit,67,3.1348857100212004e-5,0,0,equitable,361,304
dovish,esg,67,3.1348857100212004e-5,0,0,esg,224,69
dovish,gordon,67,3.1348857100212004e-5,0,0,gordon,574,321
dovish,hardship,67,3.1348857100212004e-5,0,0,hardship,261,318
dovish,jerom,67,3.1348857100212004e-5,0,0,jerome,364,214
dovish,male,67,3.1348857100212004e-5,0,0,male,281,136
dovish,mild,67,3.1348857100212004e-5,0,0,mild,536,450
dovish,mobilis,67,3.1348857100212004e-5,0,0,mobilisation,168,318
dovish,morgan,67,3.1348857100212004e-5,0,0,morgan,391,287
dovish,problemat,67,3.1348857100212004e-5,0,0,problematic,452,421
dovish,rbs,67,3.1348857100212004e-5,0,0,rbs,194,94
dovish,recours,67,3.1348857100212004e-5,0,0,recourse,499,393
dovish,sincer,67,3.1348857100212004e-5,0,0,sincere,300,437
dovish,solvent,67,3.1348857100212004e-5,0,0,solvent,447,318
dovish,subsid,67,3.1348857100212004e-5,0,0,subsided,197,539
dovish,walk,67,3.1348857100212004e-5,0,0,walk,276,374
dovish,ambit,66,3.08809637106566e-5,0,0,ambition,238,391
dovish,berlin,66,3.08809637106566e-5,0,0,berlin,402,295
dovish,cashless,66,3.08809637106566e-5,0,0,cashless,379,155
dovish,child,66,3.08809637106566e-5,0,0,child,353,215
dovish,custodian,66,3.08809637106566e-5,0,0,custodian,234,202
dovish,escap,66,3.08809637106566e-5,0,0,escape,451,541
dovish,harvard,66,3.08809637106566e-5,0,0,harvard,419,317
dovish,levi,66,3.08809637106566e-5,0,0,levy,229,318
dovish,mile,66,3.08809637106566e-5,0,0,miles,372,324
dovish,narrat,66,3.08809637106566e-5,0,0,narrative,355,300
dovish,pierr,66,3.08809637106566e-5,0,0,pierre,454,297
dovish,quota,66,3.08809637106566e-5,0,0,quota,334,214
dovish,repercuss,66,3.08809637106566e-5,0,0,repercussions,508,451
dovish,repositori,66,3.08809637106566e-5,0,0,repositories,203,217
dovish,revisit,66,3.08809637106566e-5,0,0,revisited,240,547
dovish,steep,66,3.08809637106566e-5,0,0,steep,554,492
dovish,tender,66,3.08809637106566e-5,0,0,tender,594,431
dovish,tradabl,66,3.08809637106566e-5,0,0,tradable,609,345
dovish,advent,65,3.0413070321101198e-5,0,0,advent,451,359
dovish,authent,65,3.0413070321101198e-5,0,0,authentication,205,218
dovish,chose,65,3.0413070321101198e-5,0,0,chose,417,384
dovish,controversi,65,3.0413070321101198e-5,0,0,controversial,320,460
dovish,decentr,65,3.0413070321101198e-5,0,0,decentralized,204,152
dovish,hot,65,3.0413070321101198e-5,0,0,hot,384,324
dovish,master,65,3.0413070321101198e-5,0,0,master,290,331
dovish,overlook,65,3.0413070321101198e-5,0,0,overlooked,284,437
dovish,pave,65,3.0413070321101198e-5,0,0,pave,211,438
dovish,pioneer,65,3.0413070321101198e-5,0,0,pioneering,196,427
dovish,raw,65,3.0413070321101198e-5,0,0,raw,768,560
dovish,restraint,65,3.0413070321101198e-5,0,0,restraint,544,502
dovish,richer,65,3.0413070321101198e-5,0,0,richer,309,256
dovish,sir,65,3.0413070321101198e-5,0,0,sir,626,400
dovish,slump,65,3.0413070321101198e-5,0,0,slump,464,452
dovish,specialist,65,3.0413070321101198e-5,0,0,specialists,263,348
dovish,trace,65,3.0413070321101198e-5,0,0,traced,230,446
dovish,trajectori,65,3.0413070321101198e-5,0,0,trajectory,894,699
dovish,tripl,65,3.0413070321101198e-5,0,0,tripled,204,376
dovish,uninsur,65,3.0413070321101198e-5,0,0,uninsured,355,174
dovish,use,65,3.0413070321101198e-5,0,0,usefulness,349,453
dovish,winter,65,3.0413070321101198e-5,0,0,winter,561,449
dovish,won,65,3.0413070321101198e-5,0,0,won,469,356
dovish,worthwhil,65,3.0413070321101198e-5,0,0,worthwhile,372,346
dovish,conjunct,64,2.9945176931545792e-5,0,0,conjunction,548,501
dovish,dilemma,64,2.9945176931545792e-5,0,0,dilemma,632,521
dovish,fifteen,64,2.9945176931545792e-5,0,0,fifteen,406,312
dovish,government,64,2.9945176931545792e-5,0,0,governmental,379,289
dovish,intrins,64,2.9945176931545792e-5,0,0,intrinsic,371,408
dovish,island,64,2.9945176931545792e-5,0,0,island,320,320
dovish,jgb,64,2.9945176931545792e-5,0,0,jgb,1133,223
dovish,journalist,64,2.9945176931545792e-5,0,0,journalists,171,183
dovish,maximis,64,2.9945176931545792e-5,0,0,maximise,280,410
dovish,mislead,64,2.9945176931545792e-5,0,0,misleading,487,467
dovish,overst,64,2.9945176931545792e-5,0,0,overstated,183,351
dovish,paramount,64,2.9945176931545792e-5,0,0,paramount,390,355
dovish,pessimist,64,2.9945176931545792e-5,0,0,pessimistic,464,416
dovish,pound,64,2.9945176931545792e-5,0,0,pound,693,404
dovish,pragmat,64,2.9945176931545792e-5,0,0,pragmatic,348,359
dovish,protection,64,2.9945176931545792e-5,0,0,protectionism,637,376
dovish,radic,64,2.9945176931545792e-5,0,0,radical,376,466
dovish,synchronis,64,2.9945176931545792e-5,0,0,synchronised,299,315
dovish,virtu,64,2.9945176931545792e-5,0,0,virtue,366,432
dovish,anecdot,63,2.947728354199039e-5,0,0,anecdotal,329,381
dovish,app,63,2.947728354199039e-5,0,0,app,831,302
dovish,cast,63,2.947728354199039e-5,0,0,cast,330,423
dovish,chakrabarti,63,2.947728354199039e-5,0,0,chakrabarty,250,118
dovish,chancellor,63,2.947728354199039e-5,0,0,chancellor,690,378
dovish,commend,63,2.947728354199039e-5,0,0,commend,160,307
dovish,contributor,63,2.947728354199039e-5,0,0,contributor,366,459
dovish,edward,63,2.947728354199039e-5,0,0,edward,444,364
dovish,gongsheng,63,2.947728354199039e-5,0,0,gongsheng,104,20
dovish,invoic,63,2.947728354199039e-5,0,0,invoicing,318,218
dovish,keyn,63,2.947728354199039e-5,0,0,keynes,673,298
dovish,know,63,2.947728354199039e-5,0,0,knowing,402,382
dovish,manipul,63,2.947728354199039e-5,0,0,manipulation,331,322
dovish,microeconom,63,2.947728354199039e-5,0,0,microeconomic,483,355
dovish,mpm,63,2.947728354199039e-5,0,0,mpm,538,147
dovish,optimis,63,2.947728354199039e-5,0,0,optimise,138,304
dovish,overhang,63,2.947728354199039e-5,0,0,overhang,501,347
dovish,sceptic,63,2.947728354199039e-5,0,0,scepticism,214,401
dovish,shirakawa,63,2.947728354199039e-5,0,0,shirakawa,312,134
dovish,timelin,63,2.947728354199039e-5,0,0,timeline,196,233
dovish,unpredict,63,2.947728354199039e-5,0,0,unpredictable,418,424
dovish,unstabl,63,2.947728354199039e-5,0,0,unstable,698,575
dovish,wholli,63,2.947728354199039e-5,0,0,wholly,448,343
dovish,wonder,63,2.947728354199039e-5,0,0,wonderful,167,394
dovish,consecut,62,2.9009390152434986e-5,0,0,consecutive,807,630
dovish,conven,62,2.9009390152434986e-5,0,0,convened,135,260
dovish,holiday,62,2.9009390152434986e-5,0,0,holidays,268,284
dovish,hurt,62,2.9009390152434986e-5,0,0,hurt,334,418
dovish,leas,62,2.9009390152434986e-5,0,0,leasing,163,241
dovish,loos,62,2.9009390152434986e-5,0,0,loose,614,573
dovish,merg,62,2.9009390152434986e-5,0,0,merged,144,278
dovish,oxford,62,2.9009390152434986e-5,0,0,oxford,687,439
dovish,recapit,62,2.9009390152434986e-5,0,0,recapitalization,200,199
dovish,rental,62,2.9009390152434986e-5,0,0,rental,564,251
dovish,solidar,62,2.9009390152434986e-5,0,0,solidarity,283,170
dovish,spoken,62,2.9009390152434986e-5,0,0,spoken,365,331
dovish,thailand,62,2.9009390152434986e-5,0,0,thailand,739,395
dovish,umbrella,62,2.9009390152434986e-5,0,0,umbrella,422,221
dovish,upcom,62,2.9009390152434986e-5,0,0,upcoming,655,476
dovish,wast,62,2.9009390152434986e-5,0,0,waste,226,314
dovish,wrote,62,2.9009390152434986e-5,0,0,wrote,477,381
dovish,benoit,61,2.8541496762879584e-5,0,0,benoit,281,225
dovish,cornerston,61,2.8541496762879584e-5,0,0,cornerstone,304,370
dovish,crimin,61,2.8541496762879584e-5,0,0,criminal,347,239
dovish,diffus,61,2.8541496762879584e-5,0,0,diffusion,635,459
dovish,fenc,61,2.8541496762879584e-5,0,0,fencing,199,207
dovish,flag,61,2.8541496762879584e-5,0,0,flag,186,315
dovish,hall,61,2.8541496762879584e-5,0,0,hall,361,263
dovish,ingredi,61,2.8541496762879584e-5,0,0,ingredient,307,469
dovish,interag,61,2.8541496762879584e-5,0,0,interagency,371,205
dovish,linear,61,2.8541496762879584e-5,0,0,linear,473,406
dovish,longev,61,2.8541496762879584e-5,0,0,longevity,439,178
dovish,railway,61,2.8541496762879584e-5,0,0,railways,141,166
dovish,redeem,61,2.8541496762879584e-5,0,0,redeem,145,221
dovish,reliant,61,2.8541496762879584e-5,0,0,reliant,391,345
dovish,rulemak,61,2.8541496762879584e-5,0,0,rulemaking,382,211
dovish,sep,61,2.8541496762879584e-5,0,0,sep,907,264
dovish,storag,61,2.8541496762879584e-5,0,0,storage,396,264
dovish,urgenc,61,2.8541496762879584e-5,0,0,urgency,380,337
dovish,worthi,61,2.8541496762879584e-5,0,0,worthy,293,310
dovish,assembl,60,2.807360337332418e-5,0,0,assembly,408,469
dovish,criterion,60,2.807360337332418e-5,0,0,criterion,446,327
dovish,densiti,60,2.807360337332418e-5,0,0,density,352,186
dovish,eman,60,2.807360337332418e-5,0,0,emanating,426,557
dovish,interfer,60,2.807360337332418e-5,0,0,interference,283,427
dovish,lee,60,2.807360337332418e-5,0,0,lee,365,232
dovish,lock,60,2.807360337332418e-5,0,0,lock,217,358
dovish,malaysia,60,2.807360337332418e-5,0,0,malaysia,538,308
dovish,metal,60,2.807360337332418e-5,0,0,metals,371,394
dovish,nabard,60,2.807360337332418e-5,0,0,nabard,255,83
dovish,nickel,60,2.807360337332418e-5,0,0,nickell,330,143
dovish,peso,60,2.807360337332418e-5,0,0,peso,423,211
dovish,residu,60,2.807360337332418e-5,0,0,residual,566,452
dovish,secreci,60,2.807360337332418e-5,0,0,secrecy,270,129
dovish,seed,60,2.807360337332418e-5,0,0,seeds,323,350
dovish,unduli,60,2.807360337332418e-5,0,0,unduly,418,385
dovish,volcker,60,2.807360337332418e-5,0,0,volcker,479,223
dovish,bailout,59,2.7605709983768778e-5,0,0,bailout,235,314
dovish,distant,59,2.7605709983768778e-5,0,0,distant,486,402
dovish,fare,59,2.7605709983768778e-5,0,0,fared,167,318
dovish,father,59,2.7605709983768778e-5,0,0,father,200,253
dovish,georg,59,2.7605709983768778e-5,0,0,george,529,398
dovish,god,59,2.7605709983768778e-5,0,0,god,310,220
dovish,honest,59,2.7605709983768778e-5,0,0,honest,284,302
dovish,jone,59,2.7605709983768778e-5,0,0,jones,275,193
dovish,manpow,59,2.7605709983768778e-5,0,0,manpower,177,116
dovish,mortar,59,2.7605709983768778e-5,0,0,mortar,227,141
dovish,nineti,59,2.7605709983768778e-5,0,0,nineties,415,316
dovish,out,59,2.7605709983768778e-5,0,0,outs,247,166
dovish,propag,59,2.7605709983768778e-5,0,0,propagation,306,425
dovish,stricter,59,2.7605709983768778e-5,0,0,stricter,430,348
dovish,taxonomi,59,2.7605709983768778e-5,0,0,taxonomy,176,113
dovish,temptat,59,2.7605709983768778e-5,0,0,temptation,373,347
dovish,allot,58,2.7137816594213376e-5,0,0,allotment,369,301
dovish,avert,58,2.7137816594213376e-5,0,0,avert,257,395
dovish,cls,58,2.7137816594213376e-5,0,0,cls,312,113
dovish,discontinu,58,2.7137816594213376e-5,0,0,discontinued,166,370
dovish,drift,58,2.7137816594213376e-5,0,0,drift,368,405
dovish,earliest,58,2.7137816594213376e-5,0,0,earliest,594,404
dovish,efficaci,58,2.7137816594213376e-5,0,0,efficacy,475,396
dovish,endang,58,2.7137816594213376e-5,0,0,endanger,210,353
dovish,glad,58,2.7137816594213376e-5,0,0,glad,300,302
dovish,hidden,58,2.7137816594213376e-5,0,0,hidden,357,288
dovish,hispan,58,2.7137816594213376e-5,0,0,hispanic,218,133
dovish,nobel,58,2.7137816594213376e-5,0,0,nobel,376,283
dovish,oct,58,2.7137816594213376e-5,0,0,oct,665,223
dovish,polic,58,2.7137816594213376e-5,0,0,police,224,257
dovish,referendum,58,2.7137816594213376e-5,0,0,referendum,614,255
dovish,straight,58,2.7137816594213376e-5,0,0,straight,399,347
dovish,tempt,58,2.7137816594213376e-5,0,0,tempted,267,408
dovish,venu,58,2.7137816594213376e-5,0,0,venue,156,216
dovish,visa,58,2.7137816594213376e-5,0,0,visa,188,106
dovish,absent,57,2.6669923204657973e-5,0,0,absent,498,438
dovish,accuraci,57,2.6669923204657973e-5,0,0,accuracy,410,327
dovish,bonus,57,2.6669923204657973e-5,0,0,bonuses,398,440
dovish,deduct,57,2.6669923204657973e-5,0,0,deduction,83,234
dovish,devalu,57,2.6669923204657973e-5,0,0,devaluation,424,437
dovish,empower,57,2.6669923204657973e-5,0,0,empowerment,244,164
dovish,eurostat,57,2.6669923204657973e-5,0,0,eurostat,698,311
dovish,fledg,57,2.6669923204657973e-5,0,0,fledged,388,315
dovish,granular,57,2.6669923204657973e-5,0,0,granular,391,294
dovish,halt,57,2.6669923204657973e-5,0,0,halt,424,507
dovish,hole,57,2.6669923204657973e-5,0,0,hole,894,608
dovish,idiosyncrat,57,2.6669923204657973e-5,0,0,idiosyncratic,501,372
dovish,incident,57,2.6669923204657973e-5,0,0,incidentally,364,359
dovish,intraday,57,2.6669923204657973e-5,0,0,intraday,323,165
dovish,jakarta,57,2.6669923204657973e-5,0,0,jakarta,234,141
dovish,livelihood,57,2.6669923204657973e-5,0,0,livelihood,161,230
dovish,nativ,57,2.6669923204657973e-5,0,0,native,364,90
dovish,normalis,57,2.6669923204657973e-5,0,0,normalisation,844,626
dovish,passag,57,2.6669923204657973e-5,0,0,passage,349,298
dovish,peripher,57,2.6669923204657973e-5,0,0,peripheral,399,253
dovish,reconcil,57,2.6669923204657973e-5,0,0,reconcile,208,365
dovish,replic,57,2.6669923204657973e-5,0,0,replicate,150,332
dovish,requisit,57,2.6669923204657973e-5,0,0,requisite,288,283
dovish,retrospect,57,2.6669923204657973e-5,0,0,retrospect,358,416
dovish,simplic,57,2.6669923204657973e-5,0,0,simplicity,364,272
dovish,unavoid,57,2.6669923204657973e-5,0,0,unavoidable,424,447
dovish,unlock,57,2.6669923204657973e-5,0,0,unlock,136,205
dovish,aros,56,2.620202981510257e-5,0,0,arose,408,376
dovish,basl,56,2.620202981510257e-5,0,0,basle,288,145
dovish,bless,56,2.620202981510257e-5,0,0,blessed,103,254
dovish,broke,56,2.620202981510257e-5,0,0,broke,350,345
dovish,dfis,56,2.620202981510257e-5,0,0,dfis,177,31
dovish,disinfl,56,2.620202981510257e-5,0,0,disinflation,1127,510
dovish,ecofin,56,2.620202981510257e-5,0,0,ecofin,372,238
dovish,flash,56,2.620202981510257e-5,0,0,flash,349,208
dovish,foreseen,56,2.620202981510257e-5,0,0,foreseen,418,368
dovish,hindsight,56,2.620202981510257e-5,0,0,hindsight,592,475
dovish,intuit,56,2.620202981510257e-5,0,0,intuition,159,341
dovish,joseph,56,2.620202981510257e-5,0,0,joseph,353,295
dovish,ngfs,56,2.620202981510257e-5,0,0,ngfs,428,105
dovish,plung,56,2.620202981510257e-5,0,0,plunge,266,404
dovish,reddi,56,2.620202981510257e-5,0,0,reddy,481,223
dovish,renter,56,2.620202981510257e-5,0,0,renters,158,77
dovish,scientist,56,2.620202981510257e-5,0,0,scientists,197,180
dovish,seem,56,2.620202981510257e-5,0,0,seemingly,451,407
dovish,substant,56,2.620202981510257e-5,0,0,substantive,329,314
dovish,attest,55,2.5734136425547167e-5,0,0,attest,75,168
dovish,barrel,55,2.5734136425547167e-5,0,0,barrel,741,416
dovish,cdos,55,2.5734136425547167e-5,0,0,cdos,213,106
dovish,cohes,55,2.5734136425547167e-5,0,0,cohesion,345,297
dovish,comptrol,55,2.5734136425547167e-5,0,0,comptroller,328,233
dovish,conform,55,2.5734136425547167e-5,0,0,conform,165,395
dovish,cre,55,2.5734136425547167e-5,0,0,cre,505,70
dovish,delhi,55,2.5734136425547167e-5,0,0,delhi,345,229
dovish,destroy,55,2.5734136425547167e-5,0,0,destroyed,160,329
dovish,endogen,55,2.5734136425547167e-5,0,0,endogenous,443,403
dovish,gfc,55,2.5734136425547167e-5,0,0,gfc,685,175
dovish,grasp,55,2.5734136425547167e-5,0,0,grasp,286,311
dovish,ice,55,2.5734136425547167e-5,0,0,ice,197,120
dovish,incept,55,2.5734136425547167e-5,0,0,inception,438,401
dovish,jackson,55,2.5734136425547167e-5,0,0,jackson,917,579
dovish,masaaki,55,2.5734136425547167e-5,0,0,masaaki,254,117
dovish,mount,55,2.5734136425547167e-5,0,0,mounting,337,490
dovish,passiv,55,2.5734136425547167e-5,0,0,passive,294,295
dovish,plain,55,2.5734136425547167e-5,0,0,plain,284,321
dovish,precipit,55,2.5734136425547167e-5,0,0,precipitated,141,379
dovish,preferenti,55,2.5734136425547167e-5,0,0,preferential,281,168
dovish,ran,55,2.5734136425547167e-5,0,0,ran,357,321
dovish,rethink,55,2.5734136425547167e-5,0,0,rethinking,349,440
dovish,saudi,55,2.5734136425547167e-5,0,0,saudi,639,153
dovish,sic,55,2.5734136425547167e-5,0,0,sic,239,63
dovish,supplementari,55,2.5734136425547167e-5,0,0,supplementary,403,292
dovish,symbol,55,2.5734136425547167e-5,0,0,symbol,257,337
dovish,winner,55,2.5734136425547167e-5,0,0,winners,294,330
dovish,advertis,54,2.5266243035991765e-5,0,0,advertising,177,276
dovish,anim,54,2.5266243035991765e-5,0,0,animal,287,278
dovish,auto,54,2.5266243035991765e-5,0,0,auto,473,352
dovish,bought,54,2.5266243035991765e-5,0,0,bought,510,399
dovish,charl,54,2.5266243035991765e-5,0,0,charles,652,466
dovish,discov,54,2.5266243035991765e-5,0,0,discovered,214,390
dovish,freez,54,2.5266243035991765e-5,0,0,freeze,132,210
dovish,harmoni,54,2.5266243035991765e-5,0,0,harmony,173,264
dovish,infer,54,2.5266243035991765e-5,0,0,infer,224,465
dovish,jon,54,2.5266243035991765e-5,0,0,jon,302,204
dovish,lengthi,54,2.5266243035991765e-5,0,0,lengthy,336,302
dovish,mario,54,2.5266243035991765e-5,0,0,mario,378,302
dovish,necessit,54,2.5266243035991765e-5,0,0,necessitated,240,527
dovish,nonfinanci,54,2.5266243035991765e-5,0,0,nonfinancial,598,364
dovish,park,54,2.5266243035991765e-5,0,0,park,221,230
dovish,pertin,54,2.5266243035991765e-5,0,0,pertinent,428,359
dovish,randal,54,2.5266243035991765e-5,0,0,randall,172,141
dovish,rrbs,54,2.5266243035991765e-5,0,0,rrbs,312,100
dovish,sarb,54,2.5266243035991765e-5,0,0,sarb,1232,177
dovish,socio,54,2.5266243035991765e-5,0,0,socio,331,227
dovish,split,54,2.5266243035991765e-5,0,0,split,409,358
dovish,standpoint,54,2.5266243035991765e-5,0,0,standpoint,336,295
dovish,stanley,54,2.5266243035991765e-5,0,0,stanley,333,214
dovish,stark,54,2.5266243035991765e-5,0,0,stark,442,454
dovish,unanticip,54,2.5266243035991765e-5,0,0,unanticipated,459,347
dovish,aggrav,53,2.4798349646436362e-5,0,0,aggravated,221,430
dovish,autonom,53,2.4798349646436362e-5,0,0,autonomous,586,391
dovish,brainard,53,2.4798349646436362e-5,0,0,brainard,496,202
dovish,bretton,53,2.4798349646436362e-5,0,0,bretton,759,400
dovish,ccar,53,2.4798349646436362e-5,0,0,ccar,292,47
dovish,christoph,53,2.4798349646436362e-5,0,0,christopher,415,290
dovish,conglomer,53,2.4798349646436362e-5,0,0,conglomerates,355,204
dovish,crop,53,2.4798349646436362e-5,0,0,crops,227,275
dovish,destabilis,53,2.4798349646436362e-5,0,0,destabilising,318,388
dovish,disburs,53,2.4798349646436362e-5,0,0,disbursement,190,274
dovish,facto,53,2.4798349646436362e-5,0,0,facto,450,371
dovish,guess,53,2.4798349646436362e-5,0,0,guess,318,360
dovish,instal,53,2.4798349646436362e-5,0,0,installed,111,275
dovish,interplay,53,2.4798349646436362e-5,0,0,interplay,377,323
dovish,millennium,53,2.4798349646436362e-5,0,0,millennium,500,301
dovish,neglig,53,2.4798349646436362e-5,0,0,negligible,409,415
dovish,nexus,53,2.4798349646436362e-5,0,0,nexus,314,234
dovish,reced,53,2.4798349646436362e-5,0,0,receded,292,517
dovish,refus,53,2.4798349646436362e-5,0,0,refuse,110,260
dovish,telephon,53,2.4798349646436362e-5,0,0,telephone,289,255
dovish,tiger,53,2.4798349646436362e-5,0,0,tiger,90,81
dovish,timeli,53,2.4798349646436362e-5,0,0,timeliness,325,273
dovish,transitori,53,2.4798349646436362e-5,0,0,transitory,770,523
dovish,versa,53,2.4798349646436362e-5,0,0,versa,381,348
dovish,aadhaar,52,2.4330456256880956e-5,0,0,aadhaar,180,67
dovish,altogeth,52,2.4330456256880956e-5,0,0,altogether,469,429
dovish,archiv,52,2.4330456256880956e-5,0,0,archives,132,95
dovish,catastroph,52,2.4330456256880956e-5,0,0,catastrophic,197,272
dovish,cohort,52,2.4330456256880956e-5,0,0,cohorts,153,145
dovish,contest,52,2.4330456256880956e-5,0,0,contest,131,201
dovish,counteract,52,2.4330456256880956e-5,0,0,counteract,406,469
dovish,cryptocurr,52,2.4330456256880956e-5,0,0,cryptocurrencies,317,80
dovish,disagre,52,2.4330456256880956e-5,0,0,disagree,299,302
dovish,everyday,52,2.4330456256880956e-5,0,0,everyday,406,309
dovish,extraordinarili,52,2.4330456256880956e-5,0,0,extraordinarily,411,367
dovish,fallout,52,2.4330456256880956e-5,0,0,fallout,379,346
dovish,fischer,52,2.4330456256880956e-5,0,0,fischer,457,208
dovish,fuell,52,2.4330456256880956e-5,0,0,fuelled,422,478
dovish,generous,52,2.4330456256880956e-5,0,0,generous,351,315
dovish,habit,52,2.4330456256880956e-5,0,0,habits,280,370
dovish,irrat,52,2.4330456256880956e-5,0,0,irrational,298,247
dovish,lord,52,2.4330456256880956e-5,0,0,lord,411,259
dovish,luxembourg,52,2.4330456256880956e-5,0,0,luxembourg,423,274
dovish,metropolitan,52,2.4330456256880956e-5,0,0,metropolitan,416,285
dovish,minus,52,2.4330456256880956e-5,0,0,minus,1194,617
dovish,mpms,52,2.4330456256880956e-5,0,0,mpms,156,43
dovish,operationalis,52,2.4330456256880956e-5,0,0,operationalised,86,196
dovish,prepared,52,2.4330456256880956e-5,0,0,preparedness,341,224
dovish,quest,52,2.4330456256880956e-5,0,0,quest,329,261
dovish,regress,52,2.4330456256880956e-5,0,0,regression,361,329
dovish,reinsur,52,2.4330456256880956e-5,0,0,reinsurance,238,102
dovish,sebi,52,2.4330456256880956e-5,0,0,sebi,295,132
dovish,shorten,52,2.4330456256880956e-5,0,0,shortening,153,329
dovish,super,52,2.4330456256880956e-5,0,0,super,340,222
dovish,symmetr,52,2.4330456256880956e-5,0,0,symmetric,512,539
dovish,textbook,52,2.4330456256880956e-5,0,0,textbook,297,354
dovish,toronto,52,2.4330456256880956e-5,0,0,toronto,395,230
dovish,tragedi,52,2.4330456256880956e-5,0,0,tragedy,229,157
dovish,truste,52,2.4330456256880956e-5,0,0,trustees,145,120
dovish,abstract,51,2.3862562867325553e-5,0,0,abstract,311,402
dovish,accid,51,2.3862562867325553e-5,0,0,accident,197,229
dovish,adam,51,2.3862562867325553e-5,0,0,adam,422,289
dovish,apr,51,2.3862562867325553e-5,0,0,apr,818,235
dovish,arisen,51,2.3862562867325553e-5,0,0,arisen,322,298
dovish,bargain,51,2.3862562867325553e-5,0,0,bargaining,504,360
dovish,bright,51,2.3862562867325553e-5,0,0,bright,321,290
dovish,commission,51,2.3862562867325553e-5,0,0,commissioner,192,219
dovish,compos,51,2.3862562867325553e-5,0,0,composed,387,377
dovish,corner,51,2.3862562867325553e-5,0,0,corner,327,365
dovish,counti,51,2.3862562867325553e-5,0,0,counties,132,148
dovish,coupon,51,2.3862562867325553e-5,0,0,coupon,289,210
dovish,dark,51,2.3862562867325553e-5,0,0,dark,328,267
dovish,enrol,51,2.3862562867325553e-5,0,0,enrollment,86,134
dovish,guy,51,2.3862562867325553e-5,0,0,guy,212,144
dovish,height,51,2.3862562867325553e-5,0,0,height,370,410
dovish,incentivis,51,2.3862562867325553e-5,0,0,incentivise,191,300
dovish,invalu,51,2.3862562867325553e-5,0,0,invaluable,314,293
dovish,licenc,51,2.3862562867325553e-5,0,0,licence,232,190
dovish,misconduct,51,2.3862562867325553e-5,0,0,misconduct,297,143
dovish,npa,51,2.3862562867325553e-5,0,0,npa,378,118
dovish,outlet,51,2.3862562867325553e-5,0,0,outlets,226,161
dovish,pin,51,2.3862562867325553e-5,0,0,pin,195,218
dovish,prolifer,51,2.3862562867325553e-5,0,0,proliferation,244,295
dovish,proxim,51,2.3862562867325553e-5,0,0,proximity,290,359
dovish,rehabilit,51,2.3862562867325553e-5,0,0,rehabilitation,180,141
dovish,sbi,51,2.3862562867325553e-5,0,0,sbi,246,76
dovish,scarciti,51,2.3862562867325553e-5,0,0,scarcity,364,239
dovish,sonia,51,2.3862562867325553e-5,0,0,sonia,258,43
dovish,tenur,51,2.3862562867325553e-5,0,0,tenure,260,207
dovish,vein,51,2.3862562867325553e-5,0,0,vein,349,336
dovish,vendor,51,2.3862562867325553e-5,0,0,vendors,232,172
dovish,andrea,50,2.339466947777015e-5,0,0,andrea,364,213
dovish,atlanta,50,2.339466947777015e-5,0,0,atlanta,345,229
dovish,automobil,50,2.339466947777015e-5,0,0,automobile,322,429
dovish,beij,50,2.339466947777015e-5,0,0,beijing,234,168
dovish,calendar,50,2.339466947777015e-5,0,0,calendar,461,341
dovish,exuber,50,2.339466947777015e-5,0,0,exuberance,313,292
dovish,fifti,50,2.339466947777015e-5,0,0,fifty,400,353
dovish,frill,50,2.339466947777015e-5,0,0,frills,123,77
dovish,fsdc,50,2.339466947777015e-5,0,0,fsdc,151,59
dovish,ineffect,50,2.339466947777015e-5,0,0,ineffective,443,415
dovish,interst,50,2.339466947777015e-5,0,0,interstate,369,159
dovish,lamfalussi,50,2.339466947777015e-5,0,0,lamfalussy,328,143
dovish,lunch,50,2.339466947777015e-5,0,0,lunch,244,228
dovish,magnifi,50,2.339466947777015e-5,0,0,magnified,154,265
dovish,mimeo,50,2.339466947777015e-5,0,0,mimeo,564,323
dovish,ncbs,50,2.339466947777015e-5,0,0,ncbs,465,133
dovish,nice,50,2.339466947777015e-5,0,0,nice,293,261
dovish,occurr,50,2.339466947777015e-5,0,0,occurrence,304,300
dovish,optimum,50,2.339466947777015e-5,0,0,optimum,375,251
dovish,overhaul,50,2.339466947777015e-5,0,0,overhaul,256,312
dovish,pack,50,2.339466947777015e-5,0,0,pack,183,169
dovish,perimet,50,2.339466947777015e-5,0,0,perimeter,311,202
dovish,pocket,50,2.339466947777015e-5,0,0,pockets,260,307
dovish,preparatori,50,2.339466947777015e-5,0,0,preparatory,287,187
dovish,presum,50,2.339466947777015e-5,0,0,presume,167,324
dovish,recur,50,2.339466947777015e-5,0,0,recurring,265,303
dovish,seventh,50,2.339466947777015e-5,0,0,seventh,333,278
dovish,societ,50,2.339466947777015e-5,0,0,societal,304,243
dovish,syndic,50,2.339466947777015e-5,0,0,syndicated,256,233
dovish,throw,50,2.339466947777015e-5,0,0,throw,191,265
dovish,virus,50,2.339466947777015e-5,0,0,virus,568,279
dovish,academia,49,2.2926776088214748e-5,0,0,academia,459,343
dovish,atmospher,49,2.2926776088214748e-5,0,0,atmosphere,229,213
dovish,bet,49,2.2926776088214748e-5,0,0,bet,144,208
dovish,blur,49,2.2926776088214748e-5,0,0,blurred,171,357
dovish,buoyant,49,2.2926776088214748e-5,0,0,buoyant,474,408
dovish,caveat,49,2.2926776088214748e-5,0,0,caveat,206,305
dovish,climb,49,2.2926776088214748e-5,0,0,climbed,181,357
dovish,curriculum,49,2.2926776088214748e-5,0,0,curriculum,150,111
dovish,daunt,49,2.2926776088214748e-5,0,0,daunting,280,270
dovish,desk,49,2.2926776088214748e-5,0,0,desk,164,163
dovish,die,49,2.2926776088214748e-5,0,0,die,416,331
dovish,dismiss,49,2.2926776088214748e-5,0,0,dismiss,114,286
dovish,eftpo,49,2.2926776088214748e-5,0,0,eftpos,86,25
dovish,fiat,49,2.2926776088214748e-5,0,0,fiat,280,156
dovish,formid,49,2.2926776088214748e-5,0,0,formidable,353,326
dovish,fsr,49,2.2926776088214748e-5,0,0,fsr,365,115
dovish,hitherto,49,2.2926776088214748e-5,0,0,hitherto,290,252
dovish,influenti,49,2.2926776088214748e-5,0,0,influential,379,328
dovish,inspect,49,2.2926776088214748e-5,0,0,inspection,211,268
dovish,irrevers,49,2.2926776088214748e-5,0,0,irreversible,201,228
dovish,johannesburg,49,2.2926776088214748e-5,0,0,johannesburg,255,169
dovish,kent,49,2.2926776088214748e-5,0,0,kent,209,109
dovish,lmi,49,2.2926776088214748e-5,0,0,lmi,109,17
dovish,mask,49,2.2926776088214748e-5,0,0,mask,134,298
dovish,modernis,49,2.2926776088214748e-5,0,0,modernisation,220,283
dovish,parliamentari,49,2.2926776088214748e-5,0,0,parliamentary,325,246
dovish,pivot,49,2.2926776088214748e-5,0,0,pivotal,336,377
dovish,presumpt,49,2.2926776088214748e-5,0,0,presumption,277,248
dovish,priorit,49,2.2926776088214748e-5,0,0,prioritize,113,220
dovish,prioritis,49,2.2926776088214748e-5,0,0,prioritise,137,269
dovish,reopen,49,2.2926776088214748e-5,0,0,reopening,308,298
dovish,rotat,49,2.2926776088214748e-5,0,0,rotation,186,180
dovish,setback,49,2.2926776088214748e-5,0,0,setbacks,191,308
dovish,spike,49,2.2926776088214748e-5,0,0,spike,335,518
dovish,strip,49,2.2926776088214748e-5,0,0,strips,114,220
dovish,style,49,2.2926776088214748e-5,0,0,style,414,387
dovish,telecom,49,2.2926776088214748e-5,0,0,telecom,218,159
dovish,tide,49,2.2926776088214748e-5,0,0,tide,269,247
dovish,timet,49,2.2926776088214748e-5,0,0,timetable,227,220
dovish,vest,49,2.2926776088214748e-5,0,0,vested,230,234
dovish,wma,49,2.2926776088214748e-5,0,0,wma,79,19
dovish,workplac,49,2.2926776088214748e-5,0,0,workplace,277,210
dovish,ach,48,2.2458882698659345e-5,0,0,ach,275,63
dovish,coalit,48,2.2458882698659345e-5,0,0,coalition,194,146
dovish,column,48,2.2458882698659345e-5,0,0,column,377,156
dovish,emin,48,2.2458882698659345e-5,0,0,eminent,276,326
dovish,enshrin,48,2.2458882698659345e-5,0,0,enshrined,353,362
dovish,eros,48,2.2458882698659345e-5,0,0,erosion,545,446
dovish,expedit,48,2.2458882698659345e-5,0,0,expedite,95,151
dovish,explos,48,2.2458882698659345e-5,0,0,explosion,175,284
dovish,flourish,48,2.2458882698659345e-5,0,0,flourish,183,278
dovish,friedman,48,2.2458882698659345e-5,0,0,friedman,893,370
dovish,horizont,48,2.2458882698659345e-5,0,0,horizontal,354,254
dovish,idrbt,48,2.2458882698659345e-5,0,0,idrbt,204,58
dovish,immun,48,2.2458882698659345e-5,0,0,immune,330,351
dovish,invari,48,2.2458882698659345e-5,0,0,invariably,260,296
dovish,jeopardis,48,2.2458882698659345e-5,0,0,jeopardise,232,386
dovish,longterm,48,2.2458882698659345e-5,0,0,longterm,474,431
dovish,medicin,48,2.2458882698659345e-5,0,0,medicine,230,207
dovish,myth,48,2.2458882698659345e-5,0,0,myth,143,140
dovish,nowaday,48,2.2458882698659345e-5,0,0,nowadays,363,311
dovish,rationalis,48,2.2458882698659345e-5,0,0,rationalisation,144,235
dovish,realm,48,2.2458882698659345e-5,0,0,realm,299,298
dovish,reshap,48,2.2458882698659345e-5,0,0,reshaping,146,247
dovish,rock,48,2.2458882698659345e-5,0,0,rock,314,228
dovish,rogoff,48,2.2458882698659345e-5,0,0,rogoff,666,338
dovish,soar,48,2.2458882698659345e-5,0,0,soared,252,432
dovish,soften,48,2.2458882698659345e-5,0,0,softening,290,434
dovish,stearn,48,2.2458882698659345e-5,0,0,stearns,268,149
dovish,subscrib,48,2.2458882698659345e-5,0,0,subscribe,102,223
dovish,tentat,48,2.2458882698659345e-5,0,0,tentative,420,402
dovish,tougher,48,2.2458882698659345e-5,0,0,tougher,224,197
dovish,vacanc,48,2.2458882698659345e-5,0,0,vacancies,633,385
dovish,woodford,48,2.2458882698659345e-5,0,0,woodford,799,330
dovish,yuan,48,2.2458882698659345e-5,0,0,yuan,538,156
dovish,attende,47,2.1990989309103942e-5,0,0,attendees,127,89
dovish,bailey,47,2.1990989309103942e-5,0,0,bailey,492,278
dovish,bottleneck,47,2.1990989309103942e-5,0,0,bottlenecks,715,515
dovish,cbi,47,2.1990989309103942e-5,0,0,cbi,551,176
dovish,clarif,47,2.1990989309103942e-5,0,0,clarification,262,261
dovish,cluster,47,2.1990989309103942e-5,0,0,clusters,160,247
dovish,compress,47,2.1990989309103942e-5,0,0,compression,303,498
dovish,doubtless,47,2.1990989309103942e-5,0,0,doubtless,257,200
dovish,forbear,47,2.1990989309103942e-5,0,0,forbearance,302,170
dovish,forgotten,47,2.1990989309103942e-5,0,0,forgotten,336,288
dovish,headquart,47,2.1990989309103942e-5,0,0,headquarters,263,223
dovish,hypothet,47,2.1990989309103942e-5,0,0,hypothetical,384,303
dovish,indigen,47,2.1990989309103942e-5,0,0,indigenous,299,79
dovish,istanbul,47,2.1990989309103942e-5,0,0,istanbul,215,114
dovish,jordan,47,2.1990989309103942e-5,0,0,jordan,517,232
dovish,lent,47,2.1990989309103942e-5,0,0,lent,312,267
dovish,mckinsey,47,2.1990989309103942e-5,0,0,mckinsey,253,140
dovish,mindset,47,2.1990989309103942e-5,0,0,mindset,530,319
dovish,motion,47,2.1990989309103942e-5,0,0,motion,344,296
dovish,msbs,47,2.1990989309103942e-5,0,0,msbs,115,27
dovish,nich,47,2.1990989309103942e-5,0,0,niche,213,212
dovish,phenomena,47,2.1990989309103942e-5,0,0,phenomena,483,394
dovish,raghuram,47,2.1990989309103942e-5,0,0,raghuram,231,150
dovish,rush,47,2.1990989309103942e-5,0,0,rush,225,282
dovish,scandal,47,2.1990989309103942e-5,0,0,scandals,220,217
dovish,skew,47,2.1990989309103942e-5,0,0,skewed,370,377
dovish,subbarao,47,2.1990989309103942e-5,0,0,subbarao,333,151
dovish,susan,47,2.1990989309103942e-5,0,0,susan,221,138
dovish,unif,47,2.1990989309103942e-5,0,0,unification,314,196
dovish,alli,46,2.152309591954854e-5,0,0,allied,169,183
dovish,anonym,46,2.152309591954854e-5,0,0,anonymous,165,197
dovish,anxieti,46,2.152309591954854e-5,0,0,anxiety,353,270
dovish,blame,46,2.152309591954854e-5,0,0,blame,276,366
dovish,carolyn,46,2.152309591954854e-5,0,0,carolyn,154,103
dovish,chronic,46,2.152309591954854e-5,0,0,chronic,403,292
dovish,circular,46,2.152309591954854e-5,0,0,circular,134,139
dovish,compact,46,2.152309591954854e-5,0,0,compact,215,124
dovish,culmin,46,2.152309591954854e-5,0,0,culminated,121,352
dovish,dilut,46,2.152309591954854e-5,0,0,diluted,97,269
dovish,diseas,46,2.152309591954854e-5,0,0,disease,356,278
dovish,endow,46,2.152309591954854e-5,0,0,endowed,150,307
dovish,entrench,46,2.152309591954854e-5,0,0,entrenched,643,611
dovish,faculti,46,2.152309591954854e-5,0,0,faculty,292,217
dovish,flatten,46,2.152309591954854e-5,0,0,flattening,316,379
dovish,hill,46,2.152309591954854e-5,0,0,hills,125,160
dovish,internationalis,46,2.152309591954854e-5,0,0,internationalisation,339,174
dovish,interrel,46,2.152309591954854e-5,0,0,interrelated,243,283
dovish,interv,46,2.152309591954854e-5,0,0,interval,311,381
dovish,intrus,46,2.152309591954854e-5,0,0,intrusive,168,180
dovish,lael,46,2.152309591954854e-5,0,0,lael,302,130
dovish,lane,46,2.152309591954854e-5,0,0,lane,438,227
dovish,liaison,46,2.152309591954854e-5,0,0,liaison,317,200
dovish,myriad,46,2.152309591954854e-5,0,0,myriad,227,222
dovish,peripheri,46,2.152309591954854e-5,0,0,periphery,347,186
dovish,phrase,46,2.152309591954854e-5,0,0,phrase,404,383
dovish,protectionist,46,2.152309591954854e-5,0,0,protectionist,416,296
dovish,ride,46,2.152309591954854e-5,0,0,ride,174,262
dovish,setter,46,2.152309591954854e-5,0,0,setters,304,246
dovish,ship,46,2.152309591954854e-5,0,0,shipping,231,332
dovish,shore,46,2.152309591954854e-5,0,0,shore,240,352
dovish,shortterm,46,2.152309591954854e-5,0,0,shortterm,381,357
dovish,stride,46,2.152309591954854e-5,0,0,strides,260,271
dovish,taker,46,2.152309591954854e-5,0,0,takers,197,180
dovish,tenor,46,2.152309591954854e-5,0,0,tenor,214,198
dovish,thrust,46,2.152309591954854e-5,0,0,thrust,323,273
dovish,tip,46,2.152309591954854e-5,0,0,tips,287,278
dovish,undergon,46,2.152309591954854e-5,0,0,undergone,424,389
dovish,annualis,45,2.1055202529993137e-5,0,0,annualised,499,325
dovish,breakthrough,45,2.1055202529993137e-5,0,0,breakthroughs,125,192
dovish,convict,45,2.1055202529993137e-5,0,0,conviction,382,380
dovish,corrupt,45,2.1055202529993137e-5,0,0,corruption,251,195
dovish,cunliff,45,2.1055202529993137e-5,0,0,cunliffe,236,132
dovish,development,45,2.1055202529993137e-5,0,0,developmental,280,196
dovish,exogen,45,2.1055202529993137e-5,0,0,exogenous,636,453
dovish,extrapol,45,2.1055202529993137e-5,0,0,extrapolate,72,221
dovish,fals,45,2.1055202529993137e-5,0,0,false,495,374
dovish,footnot,45,2.1055202529993137e-5,0,0,footnote,204,237
dovish,forg,45,2.1055202529993137e-5,0,0,forged,110,244
dovish,forti,45,2.1055202529993137e-5,0,0,forty,291,273
dovish,loui,45,2.1055202529993137e-5,0,0,louis,589,328
dovish,mastercard,45,2.1055202529993137e-5,0,0,mastercard,111,60
dovish,misalign,45,2.1055202529993137e-5,0,0,misalignments,259,338
dovish,motor,45,2.1055202529993137e-5,0,0,motor,501,348
dovish,pipelin,45,2.1055202529993137e-5,0,0,pipeline,344,294
dovish,privatis,45,2.1055202529993137e-5,0,0,privatisation,184,185
dovish,retent,45,2.1055202529993137e-5,0,0,retention,321,221
dovish,roundtabl,45,2.1055202529993137e-5,0,0,roundtable,295,208
dovish,sake,45,2.1055202529993137e-5,0,0,sake,353,331
dovish,shgs,45,2.1055202529993137e-5,0,0,shgs,187,57
dovish,simon,45,2.1055202529993137e-5,0,0,simon,291,237
dovish,subcommitte,45,2.1055202529993137e-5,0,0,subcommittee,292,151
dovish,trichet,45,2.1055202529993137e-5,0,0,trichet,541,430
dovish,unanim,45,2.1055202529993137e-5,0,0,unanimous,145,287
dovish,unilater,45,2.1055202529993137e-5,0,0,unilateral,170,192
dovish,withdrawn,45,2.1055202529993137e-5,0,0,withdrawn,423,374
dovish,aig,44,2.0587309140437734e-5,0,0,aig,399,134
dovish,allianc,44,2.0587309140437734e-5,0,0,alliance,169,199
dovish,await,44,2.0587309140437734e-5,0,0,await,90,232
dovish,blow,44,2.0587309140437734e-5,0,0,blow,234,270
dovish,broken,44,2.0587309140437734e-5,0,0,broken,424,373
dovish,chen,44,2.0587309140437734e-5,0,0,chen,251,98
dovish,chip,44,2.0587309140437734e-5,0,0,chip,347,260
dovish,cold,44,2.0587309140437734e-5,0,0,cold,315,249
dovish,courag,44,2.0587309140437734e-5,0,0,courage,229,255
dovish,craft,44,2.0587309140437734e-5,0,0,craft,130,283
dovish,dicgc,44,2.0587309140437734e-5,0,0,dicgc,111,26
dovish,disintermedi,44,2.0587309140437734e-5,0,0,disintermediation,152,132
dovish,dot,44,2.0587309140437734e-5,0,0,dot,244,356
dovish,drain,44,2.0587309140437734e-5,0,0,drain,186,248
dovish,dutch,44,2.0587309140437734e-5,0,0,dutch,285,172
dovish,eurogroup,44,2.0587309140437734e-5,0,0,eurogroup,246,142
dovish,fore,44,2.0587309140437734e-5,0,0,fore,360,341
dovish,gnp,44,2.0587309140437734e-5,0,0,gnp,269,99
dovish,interrupt,44,2.0587309140437734e-5,0,0,interrupted,166,363
dovish,leg,44,2.0587309140437734e-5,0,0,leg,227,213
dovish,manageri,44,2.0587309140437734e-5,0,0,managerial,315,228
dovish,misalloc,44,2.0587309140437734e-5,0,0,misallocation,258,250
dovish,multin,44,2.0587309140437734e-5,0,0,multinational,335,291
dovish,nsfr,44,2.0587309140437734e-5,0,0,nsfr,225,77
dovish,nuanc,44,2.0587309140437734e-5,0,0,nuanced,183,293
dovish,odd,44,2.0587309140437734e-5,0,0,odds,339,434
dovish,outperform,44,2.0587309140437734e-5,0,0,outperformed,98,203
dovish,paus,44,2.0587309140437734e-5,0,0,pause,370,376
dovish,refrain,44,2.0587309140437734e-5,0,0,refrain,221,325
dovish,repaid,44,2.0587309140437734e-5,0,0,repaid,266,238
dovish,sar,44,2.0587309140437734e-5,0,0,sars,166,120
dovish,seventi,44,2.0587309140437734e-5,0,0,seventies,146,192
dovish,spell,44,2.0587309140437734e-5,0,0,spell,226,350
dovish,suspici,44,2.0587309140437734e-5,0,0,suspicious,193,109
dovish,synthet,44,2.0587309140437734e-5,0,0,synthetic,323,197
dovish,unregul,44,2.0587309140437734e-5,0,0,unregulated,372,261
dovish,unrel,44,2.0587309140437734e-5,0,0,unrelated,292,305
dovish,von,44,2.0587309140437734e-5,0,0,von,353,217
dovish,affirm,43,2.011941575088233e-5,0,0,affirmative,75,246
dovish,alarm,43,2.011941575088233e-5,0,0,alarm,118,226
dovish,cbs,43,2.011941575088233e-5,0,0,cbs,211,85
dovish,cit,43,2.011941575088233e-5,0,0,cit,415,202
dovish,closur,43,2.011941575088233e-5,0,0,closure,254,310
dovish,coeffici,43,2.011941575088233e-5,0,0,coefficient,542,342
dovish,commonwealth,43,2.011941575088233e-5,0,0,commonwealth,203,120
dovish,dash,43,2.011941575088233e-5,0,0,dashed,267,248
dovish,exagger,43,2.011941575088233e-5,0,0,exaggerated,274,461
dovish,iai,43,2.011941575088233e-5,0,0,iais,155,50
dovish,idbi,43,2.011941575088233e-5,0,0,idbi,84,38
dovish,macroeconomi,43,2.011941575088233e-5,0,0,macroeconomy,455,334
dovish,mayor,43,2.011941575088233e-5,0,0,mayor,240,147
dovish,music,43,2.011941575088233e-5,0,0,music,182,142
dovish,pend,43,2.011941575088233e-5,0,0,pending,242,217
dovish,prais,43,2.011941575088233e-5,0,0,praise,164,224
dovish,proprietari,43,2.011941575088233e-5,0,0,proprietary,344,212
dovish,quasi,43,2.011941575088233e-5,0,0,quasi,345,290
dovish,revolv,43,2.011941575088233e-5,0,0,revolving,106,198
dovish,skeptic,43,2.011941575088233e-5,0,0,skeptical,159,248
dovish,surpass,43,2.011941575088233e-5,0,0,surpassed,180,328
dovish,suscept,43,2.011941575088233e-5,0,0,susceptible,403,404
dovish,thin,43,2.011941575088233e-5,0,0,thin,234,251
dovish,video,43,2.011941575088233e-5,0,0,video,218,187
dovish,aaa,42,1.965152236132693e-5,0,0,aaa,262,178
dovish,allen,42,1.965152236132693e-5,0,0,allen,249,169
dovish,cloth,42,1.965152236132693e-5,0,0,clothing,238,245
dovish,confeder,42,1.965152236132693e-5,0,0,confederation,463,290
dovish,contactless,42,1.965152236132693e-5,0,0,contactless,114,71
dovish,contour,42,1.965152236132693e-5,0,0,contours,236,215
dovish,discern,42,1.965152236132693e-5,0,0,discern,155,351
dovish,dissip,42,1.965152236132693e-5,0,0,dissipate,317,539
dovish,geneva,42,1.965152236132693e-5,0,0,geneva,401,256
dovish,illeg,42,1.965152236132693e-5,0,0,illegal,356,233
dovish,isda,42,1.965152236132693e-5,0,0,isda,193,61
dovish,kim,42,1.965152236132693e-5,0,0,kim,327,168
dovish,lax,42,1.965152236132693e-5,0,0,lax,352,289
dovish,lengthen,42,1.965152236132693e-5,0,0,lengthening,187,350
dovish,monday,42,1.965152236132693e-5,0,0,monday,233,190
dovish,monetis,42,1.965152236132693e-5,0,0,monetisation,168,124
dovish,poorer,42,1.965152236132693e-5,0,0,poorer,311,240
dovish,prematur,42,1.965152236132693e-5,0,0,premature,457,480
dovish,sacrific,42,1.965152236132693e-5,0,0,sacrifice,224,221
dovish,stiglitz,42,1.965152236132693e-5,0,0,stiglitz,188,101
dovish,sweep,42,1.965152236132693e-5,0,0,sweep,176,232
dovish,underdevelop,42,1.965152236132693e-5,0,0,underdeveloped,198,206
dovish,unskil,42,1.965152236132693e-5,0,0,unskilled,201,113
dovish,vaccin,42,1.965152236132693e-5,0,0,vaccination,221,288
dovish,wane,42,1.965152236132693e-5,0,0,waning,343,545
dovish,zhou,42,1.965152236132693e-5,0,0,zhou,220,109
dovish,abat,41,1.9183628971771522e-5,0,0,abated,177,408
dovish,akin,41,1.9183628971771522e-5,0,0,akin,286,262
dovish,angl,41,1.9183628971771522e-5,0,0,angle,187,264
dovish,arthur,41,1.9183628971771522e-5,0,0,arthur,197,145
dovish,backbon,41,1.9183628971771522e-5,0,0,backbone,202,187
dovish,blockchain,41,1.9183628971771522e-5,0,0,blockchain,230,99
dovish,brown,41,1.9183628971771522e-5,0,0,brown,241,176
dovish,certifi,41,1.9183628971771522e-5,0,0,certified,123,139
dovish,chase,41,1.9183628971771522e-5,0,0,chase,155,214
dovish,chile,41,1.9183628971771522e-5,0,0,chile,425,239
dovish,contend,41,1.9183628971771522e-5,0,0,contend,265,306
dovish,cpss,41,1.9183628971771522e-5,0,0,cpss,209,102
dovish,discharg,41,1.9183628971771522e-5,0,0,discharge,155,224
dovish,econometr,41,1.9183628971771522e-5,0,0,econometric,675,499
dovish,fednow,41,1.9183628971771522e-5,0,0,fednow,124,28
dovish,friday,41,1.9183628971771522e-5,0,0,friday,276,225
dovish,general,41,1.9183628971771522e-5,0,0,generalized,206,311
dovish,iba,41,1.9183628971771522e-5,0,0,iba,256,125
dovish,loser,41,1.9183628971771522e-5,0,0,losers,177,146
dovish,luck,41,1.9183628971771522e-5,0,0,luck,344,247
dovish,museum,41,1.9183628971771522e-5,0,0,museum,225,129
dovish,outpac,41,1.9183628971771522e-5,0,0,outpaced,133,262
dovish,overrid,41,1.9183628971771522e-5,0,0,overriding,319,324
dovish,reaffirm,41,1.9183628971771522e-5,0,0,reaffirmed,209,328
dovish,retreat,41,1.9183628971771522e-5,0,0,retreat,194,248
dovish,reuter,41,1.9183628971771522e-5,0,0,reuters,497,273
dovish,royal,41,1.9183628971771522e-5,0,0,royal,340,253
dovish,seat,41,1.9183628971771522e-5,0,0,seat,131,234
dovish,tandem,41,1.9183628971771522e-5,0,0,tandem,408,376
dovish,ticket,41,1.9183628971771522e-5,0,0,ticket,156,160
dovish,truncat,41,1.9183628971771522e-5,0,0,truncation,106,74
dovish,unforeseen,41,1.9183628971771522e-5,0,0,unforeseen,315,280
dovish,variant,41,1.9183628971771522e-5,0,0,variant,353,352
dovish,aforement,40,1.871573558221612e-5,0,0,aforementioned,507,397
dovish,alleg,40,1.871573558221612e-5,0,0,alleged,149,224
dovish,annex,40,1.871573558221612e-5,0,0,annex,433,265
dovish,causal,40,1.871573558221612e-5,0,0,causal,204,295
dovish,clark,40,1.871573558221612e-5,0,0,clark,166,98
dovish,crystallis,40,1.871573558221612e-5,0,0,crystallise,107,193
dovish,drought,40,1.871573558221612e-5,0,0,drought,304,262
dovish,fault,40,1.871573558221612e-5,0,0,fault,277,243
dovish,fifth,40,1.871573558221612e-5,0,0,fifths,126,160
dovish,fossil,40,1.871573558221612e-5,0,0,fossil,272,113
dovish,halv,40,1.871573558221612e-5,0,0,halved,176,250
dovish,immin,40,1.871573558221612e-5,0,0,imminent,368,360
dovish,intergovernment,40,1.871573558221612e-5,0,0,intergovernmental,209,136
dovish,invers,40,1.871573558221612e-5,0,0,inverse,155,184
dovish,iso,40,1.871573558221612e-5,0,0,iso,233,81
dovish,kick,40,1.871573558221612e-5,0,0,kick,169,245
dovish,load,40,1.871573558221612e-5,0,0,loaded,305,398
dovish,loom,40,1.871573558221612e-5,0,0,looming,147,249
dovish,macfarlan,40,1.871573558221612e-5,0,0,macfarlane,186,93
dovish,miner,40,1.871573558221612e-5,0,0,minerals,114,162
dovish,novo,40,1.871573558221612e-5,0,0,novo,212,42
dovish,ore,40,1.871573558221612e-5,0,0,ore,221,144
dovish,patienc,40,1.871573558221612e-5,0,0,patience,310,191
dovish,reloc,40,1.871573558221612e-5,0,0,relocation,121,196
dovish,saron,40,1.871573558221612e-5,0,0,saron,309,36
dovish,scap,40,1.871573558221612e-5,0,0,scap,167,38
dovish,shoulder,40,1.871573558221612e-5,0,0,shoulder,135,238
dovish,sounder,40,1.871573558221612e-5,0,0,sounder,205,187
dovish,stigma,40,1.871573558221612e-5,0,0,stigma,207,119
dovish,suspend,40,1.871573558221612e-5,0,0,suspended,245,318
dovish,tarullo,40,1.871573558221612e-5,0,0,tarullo,297,118
dovish,tone,40,1.871573558221612e-5,0,0,tone,252,229
dovish,tonn,40,1.871573558221612e-5,0,0,tonnes,283,98
dovish,tragic,40,1.871573558221612e-5,0,0,tragic,191,185
dovish,trough,40,1.871573558221612e-5,0,0,trough,581,457
dovish,turnaround,40,1.871573558221612e-5,0,0,turnaround,399,323
dovish,vertic,40,1.871573558221612e-5,0,0,vertical,347,274
dovish,abolish,39,1.8247842192660717e-5,0,0,abolished,170,280
dovish,agil,39,1.8247842192660717e-5,0,0,agile,147,173
dovish,amidst,39,1.8247842192660717e-5,0,0,amidst,340,249
dovish,blind,39,1.8247842192660717e-5,0,0,blind,236,258
dovish,california,39,1.8247842192660717e-5,0,0,california,359,276
dovish,color,39,1.8247842192660717e-5,0,0,color,99,104
dovish,command,39,1.8247842192660717e-5,0,0,command,205,275
dovish,crar,39,1.8247842192660717e-5,0,0,crar,202,88
dovish,decoupl,39,1.8247842192660717e-5,0,0,decoupling,240,223
dovish,departur,39,1.8247842192660717e-5,0,0,departure,299,316
dovish,earnest,39,1.8247842192660717e-5,0,0,earnest,147,192
dovish,experiment,39,1.8247842192660717e-5,0,0,experimental,188,241
dovish,googl,39,1.8247842192660717e-5,0,0,google,213,115
dovish,illus,39,1.8247842192660717e-5,0,0,illusion,291,265
dovish,mersch,39,1.8247842192660717e-5,0,0,mersch,214,172
dovish,nascent,39,1.8247842192660717e-5,0,0,nascent,234,204
dovish,perpetu,39,1.8247842192660717e-5,0,0,perpetual,88,251
dovish,pervers,39,1.8247842192660717e-5,0,0,perverse,245,241
dovish,plenari,39,1.8247842192660717e-5,0,0,plenary,209,162
dovish,poorest,39,1.8247842192660717e-5,0,0,poorest,196,149
dovish,port,39,1.8247842192660717e-5,0,0,ports,197,257
dovish,propens,39,1.8247842192660717e-5,0,0,propensity,420,363
dovish,quicker,39,1.8247842192660717e-5,0,0,quicker,244,224
dovish,roth,39,1.8247842192660717e-5,0,0,roth,265,163
dovish,shield,39,1.8247842192660717e-5,0,0,shield,189,307
dovish,silver,39,1.8247842192660717e-5,0,0,silver,408,233
dovish,suffic,39,1.8247842192660717e-5,0,0,suffice,243,254
dovish,templat,39,1.8247842192660717e-5,0,0,template,111,133
dovish,terror,39,1.8247842192660717e-5,0,0,terrorism,322,218
dovish,testifi,39,1.8247842192660717e-5,0,0,testify,120,229
dovish,victim,39,1.8247842192660717e-5,0,0,victims,129,180
dovish,warehous,39,1.8247842192660717e-5,0,0,warehouse,132,135
dovish,afraid,38,1.7779948803105314e-5,0,0,afraid,234,217
dovish,amplif,38,1.7779948803105314e-5,0,0,amplification,260,178
dovish,anna,38,1.7779948803105314e-5,0,0,anna,153,117
dovish,arithmet,38,1.7779948803105314e-5,0,0,arithmetic,214,207
dovish,brrd,38,1.7779948803105314e-5,0,0,brrd,167,62
dovish,constancio,38,1.7779948803105314e-5,0,0,constancio,310,152
dovish,contemporari,38,1.7779948803105314e-5,0,0,contemporary,359,323
dovish,cyprus,38,1.7779948803105314e-5,0,0,cyprus,344,151
dovish,duvvuri,38,1.7779948803105314e-5,0,0,duvvuri,206,105
dovish,dvp,38,1.7779948803105314e-5,0,0,dvp,171,82
dovish,eba,38,1.7779948803105314e-5,0,0,eba,304,140
dovish,eichengreen,38,1.7779948803105314e-5,0,0,eichengreen,382,181
dovish,eleven,38,1.7779948803105314e-5,0,0,eleven,345,259
dovish,engend,38,1.7779948803105314e-5,0,0,engendered,154,324
dovish,envis,38,1.7779948803105314e-5,0,0,envisioned,133,237
dovish,erupt,38,1.7779948803105314e-5,0,0,erupted,228,273
dovish,exam,38,1.7779948803105314e-5,0,0,exam,77,95
dovish,formalis,38,1.7779948803105314e-5,0,0,formalised,117,178
dovish,goodhart,38,1.7779948803105314e-5,0,0,goodhart,437,227
dovish,handbook,38,1.7779948803105314e-5,0,0,handbook,412,310
dovish,healthier,38,1.7779948803105314e-5,0,0,healthier,231,205
dovish,hoard,38,1.7779948803105314e-5,0,0,hoarding,210,261
dovish,iasb,38,1.7779948803105314e-5,0,0,iasb,152,58
dovish,linger,38,1.7779948803105314e-5,0,0,lingering,269,320
dovish,loosen,38,1.7779948803105314e-5,0,0,loosening,422,555
dovish,memorandum,38,1.7779948803105314e-5,0,0,memorandum,289,217
dovish,minneapoli,38,1.7779948803105314e-5,0,0,minneapolis,182,121
dovish,permeat,38,1.7779948803105314e-5,0,0,permeate,105,161
dovish,prejudic,38,1.7779948803105314e-5,0,0,prejudice,269,234
dovish,reckon,38,1.7779948803105314e-5,0,0,reckoned,84,194
dovish,reorgan,38,1.7779948803105314e-5,0,0,reorganization,138,195
dovish,spectacular,38,1.7779948803105314e-5,0,0,spectacular,240,257
dovish,stall,38,1.7779948803105314e-5,0,0,stalled,184,291
dovish,stein,38,1.7779948803105314e-5,0,0,stein,406,194
dovish,stylis,38,1.7779948803105314e-5,0,0,stylised,374,244
dovish,symptom,38,1.7779948803105314e-5,0,0,symptoms,209,300
dovish,tilt,38,1.7779948803105314e-5,0,0,tilted,264,374
dovish,trial,38,1.7779948803105314e-5,0,0,trial,140,167
dovish,unaffect,38,1.7779948803105314e-5,0,0,unaffected,287,248
dovish,unleash,38,1.7779948803105314e-5,0,0,unleashed,130,264
dovish,victoria,38,1.7779948803105314e-5,0,0,victoria,250,178
dovish,weakest,38,1.7779948803105314e-5,0,0,weakest,237,203
dovish,weekend,38,1.7779948803105314e-5,0,0,weekend,257,211
dovish,abss,37,1.731205541354991e-5,0,0,abss,226,73
dovish,bbsw,37,1.731205541354991e-5,0,0,bbsw,276,28
dovish,cabinet,37,1.731205541354991e-5,0,0,cabinet,569,302
dovish,caught,37,1.731205541354991e-5,0,0,caught,344,316
dovish,cepr,37,1.731205541354991e-5,0,0,cepr,397,285
dovish,clock,37,1.731205541354991e-5,0,0,clock,186,178
dovish,commemor,37,1.731205541354991e-5,0,0,commemorative,142,209
dovish,commentari,37,1.731205541354991e-5,0,0,commentary,325,305
dovish,deadlin,37,1.731205541354991e-5,0,0,deadline,275,285
dovish,dip,37,1.731205541354991e-5,0,0,dip,193,284
dovish,disincent,37,1.731205541354991e-5,0,0,disincentives,130,170
dovish,emb,37,1.731205541354991e-5,0,0,embed,176,184
dovish,ethnic,37,1.731205541354991e-5,0,0,ethnic,304,130
dovish,facet,37,1.731205541354991e-5,0,0,facets,139,238
dovish,fimmda,37,1.731205541354991e-5,0,0,fimmda,211,54
dovish,franchis,37,1.731205541354991e-5,0,0,franchise,131,110
dovish,giant,37,1.731205541354991e-5,0,0,giant,131,205
dovish,harsh,37,1.731205541354991e-5,0,0,harsh,170,183
dovish,irrevoc,37,1.731205541354991e-5,0,0,irrevocable,116,172
dovish,len,37,1.731205541354991e-5,0,0,lens,245,175
dovish,levin,37,1.731205541354991e-5,0,0,levine,244,196
dovish,migrant,37,1.731205541354991e-5,0,0,migrant,242,162
dovish,militari,37,1.731205541354991e-5,0,0,military,260,177
dovish,mortal,37,1.731205541354991e-5,0,0,mortality,167,115
dovish,overvalu,37,1.731205541354991e-5,0,0,overvalued,291,334
dovish,polar,37,1.731205541354991e-5,0,0,polarization,116,124
dovish,procur,37,1.731205541354991e-5,0,0,procurement,243,228
dovish,racial,37,1.731205541354991e-5,0,0,racial,220,107
dovish,row,37,1.731205541354991e-5,0,0,row,226,208
dovish,shg,37,1.731205541354991e-5,0,0,shg,110,35
dovish,sixti,37,1.731205541354991e-5,0,0,sixty,145,155
dovish,stamp,37,1.731205541354991e-5,0,0,stamp,204,160
dovish,toll,37,1.731205541354991e-5,0,0,toll,269,262
dovish,upturn,37,1.731205541354991e-5,0,0,upturn,457,384
dovish,amsterdam,36,1.684416202399451e-5,0,0,amsterdam,290,209
dovish,bern,36,1.684416202399451e-5,0,0,berne,317,184
dovish,bore,36,1.684416202399451e-5,0,0,boring,143,150
dovish,ceremoni,36,1.684416202399451e-5,0,0,ceremony,342,254
dovish,cliff,36,1.684416202399451e-5,0,0,cliff,271,197
dovish,concess,36,1.684416202399451e-5,0,0,concessions,100,107
dovish,conduit,36,1.684416202399451e-5,0,0,conduits,215,247
dovish,cours,36,1.684416202399451e-5,0,0,courses,240,195
dovish,doctor,36,1.684416202399451e-5,0,0,doctors,119,181
dovish,dysfunct,36,1.684416202399451e-5,0,0,dysfunction,298,306
dovish,evolutionari,36,1.684416202399451e-5,0,0,evolutionary,212,139
dovish,fuller,36,1.684416202399451e-5,0,0,fuller,247,200
dovish,gateway,36,1.684416202399451e-5,0,0,gateway,129,130
dovish,grappl,36,1.684416202399451e-5,0,0,grappling,157,305
dovish,hierarchi,36,1.684416202399451e-5,0,0,hierarchy,208,156
dovish,hover,36,1.684416202399451e-5,0,0,hovering,182,349
dovish,imprud,36,1.684416202399451e-5,0,0,imprudent,181,195
dovish,krugman,36,1.684416202399451e-5,0,0,krugman,348,173
dovish,lever,36,1.684416202399451e-5,0,0,lever,125,256
dovish,manoeuvr,36,1.684416202399451e-5,0,0,manoeuvre,447,366
dovish,mental,36,1.684416202399451e-5,0,0,mental,133,175
dovish,miracl,36,1.684416202399451e-5,0,0,miracle,184,152
dovish,mother,36,1.684416202399451e-5,0,0,mother,155,158
dovish,newspap,36,1.684416202399451e-5,0,0,newspaper,199,259
dovish,pervas,36,1.684416202399451e-5,0,0,pervasive,347,323
dovish,philadelphia,36,1.684416202399451e-5,0,0,philadelphia,260,174
dovish,philippin,36,1.684416202399451e-5,0,0,philippines,361,209
dovish,philosoph,36,1.684416202399451e-5,0,0,philosopher,93,177
dovish,plumb,36,1.684416202399451e-5,0,0,plumbing,161,144
dovish,quebec,36,1.684416202399451e-5,0,0,quebec,207,113
dovish,sach,36,1.684416202399451e-5,0,0,sachs,269,173
dovish,seoul,36,1.684416202399451e-5,0,0,seoul,263,166
dovish,servant,36,1.684416202399451e-5,0,0,servants,128,156
dovish,spark,36,1.684416202399451e-5,0,0,sparked,179,289
dovish,tlac,36,1.684416202399451e-5,0,0,tlac,346,65
dovish,traction,36,1.684416202399451e-5,0,0,traction,286,256
dovish,uncollater,36,1.684416202399451e-5,0,0,uncollateralized,303,174
dovish,unfortun,36,1.684416202399451e-5,0,0,unfortunate,283,240
dovish,workabl,36,1.684416202399451e-5,0,0,workable,146,142
dovish,zurich,36,1.684416202399451e-5,0,0,zurich,456,288
dovish,accustom,35,1.6376268634439106e-5,0,0,accustomed,217,201
dovish,alberta,35,1.6376268634439106e-5,0,0,alberta,212,104
dovish,appendix,35,1.6376268634439106e-5,0,0,appendix,488,201
dovish,ball,35,1.6376268634439106e-5,0,0,ball,324,229
dovish,bie,35,1.6376268634439106e-5,0,0,bies,161,87
dovish,blueprint,35,1.6376268634439106e-5,0,0,blueprint,255,189
dovish,champion,35,1.6376268634439106e-5,0,0,champions,59,122
dovish,claud,35,1.6376268634439106e-5,0,0,claude,458,412
dovish,conclav,35,1.6376268634439106e-5,0,0,conclave,154,62
dovish,configur,35,1.6376268634439106e-5,0,0,configuration,210,252
dovish,crossbord,35,1.6376268634439106e-5,0,0,crossborder,239,204
dovish,diet,35,1.6376268634439106e-5,0,0,diet,167,147
dovish,elector,35,1.6376268634439106e-5,0,0,electoral,135,148
dovish,fascin,35,1.6376268634439106e-5,0,0,fascinating,164,184
dovish,fsf,35,1.6376268634439106e-5,0,0,fsf,264,100
dovish,gaap,35,1.6376268634439106e-5,0,0,gaap,104,51
dovish,grain,35,1.6376268634439106e-5,0,0,grain,251,230
dovish,hardest,35,1.6376268634439106e-5,0,0,hardest,203,189
dovish,impend,35,1.6376268634439106e-5,0,0,impending,202,175
dovish,infus,35,1.6376268634439106e-5,0,0,infusion,93,157
dovish,judiciari,35,1.6376268634439106e-5,0,0,judiciary,93,68
dovish,kumar,35,1.6376268634439106e-5,0,0,kumar,168,127
dovish,ngos,35,1.6376268634439106e-5,0,0,ngos,139,82
dovish,ninth,35,1.6376268634439106e-5,0,0,ninth,179,138
dovish,payoff,35,1.6376268634439106e-5,0,0,payoff,163,191
dovish,prefectur,35,1.6376268634439106e-5,0,0,prefecture,722,140
dovish,punish,35,1.6376268634439106e-5,0,0,punishment,91,221
dovish,recip,35,1.6376268634439106e-5,0,0,recipe,192,198
dovish,recurr,35,1.6376268634439106e-5,0,0,recurrence,203,313
dovish,sam,35,1.6376268634439106e-5,0,0,sam,183,114
dovish,sharper,35,1.6376268634439106e-5,0,0,sharper,399,349
dovish,shin,35,1.6376268634439106e-5,0,0,shin,485,232
dovish,stagnant,35,1.6376268634439106e-5,0,0,stagnant,320,261
dovish,successor,35,1.6376268634439106e-5,0,0,successor,144,183
dovish,sun,35,1.6376268634439106e-5,0,0,sun,219,136
dovish,textil,35,1.6376268634439106e-5,0,0,textiles,127,160
dovish,unambigu,35,1.6376268634439106e-5,0,0,unambiguous,184,324
dovish,upto,35,1.6376268634439106e-5,0,0,upto,156,94
dovish,wale,35,1.6376268634439106e-5,0,0,wales,278,148
dovish,brain,34,1.5908375244883703e-5,0,0,brain,125,77
dovish,bucket,34,1.5908375244883703e-5,0,0,bucket,81,87
dovish,buildup,34,1.5908375244883703e-5,0,0,buildup,508,339
dovish,bureaucrat,34,1.5908375244883703e-5,0,0,bureaucratic,104,139
dovish,centric,34,1.5908375244883703e-5,0,0,centric,192,135
dovish,columbia,34,1.5908375244883703e-5,0,0,columbia,309,211
dovish,complain,34,1.5908375244883703e-5,0,0,complain,109,193
dovish,compuls,34,1.5908375244883703e-5,0,0,compulsions,114,142
dovish,der,34,1.5908375244883703e-5,0,0,der,482,244
dovish,dictat,34,1.5908375244883703e-5,0,0,dictated,131,292
dovish,divert,34,1.5908375244883703e-5,0,0,diverted,101,227
dovish,drove,34,1.5908375244883703e-5,0,0,drove,241,236
dovish,emptiv,34,1.5908375244883703e-5,0,0,emptive,321,307
dovish,entertain,34,1.5908375244883703e-5,0,0,entertainment,100,187
dovish,eonia,34,1.5908375244883703e-5,0,0,eonia,320,150
dovish,expir,34,1.5908375244883703e-5,0,0,expire,130,261
dovish,fairer,34,1.5908375244883703e-5,0,0,fairer,117,84
dovish,forev,34,1.5908375244883703e-5,0,0,forever,275,259
dovish,frustrat,34,1.5908375244883703e-5,0,0,frustration,93,266
dovish,generalis,34,1.5908375244883703e-5,0,0,generalised,339,318
dovish,goi,34,1.5908375244883703e-5,0,0,goi,99,52
dovish,hang,34,1.5908375244883703e-5,0,0,hanging,85,146
dovish,hmt,34,1.5908375244883703e-5,0,0,hmt,134,90
dovish,hybrid,34,1.5908375244883703e-5,0,0,hybrid,258,186
dovish,imposit,34,1.5908375244883703e-5,0,0,imposition,261,242
dovish,intertwin,34,1.5908375244883703e-5,0,0,intertwined,243,255
dovish,intim,34,1.5908375244883703e-5,0,0,intimately,92,173
dovish,irrelev,34,1.5908375244883703e-5,0,0,irrelevant,226,224
dovish,lawyer,34,1.5908375244883703e-5,0,0,lawyers,169,165
dovish,let,34,1.5908375244883703e-5,0,0,letting,216,203
dovish,loophol,34,1.5908375244883703e-5,0,0,loopholes,116,101
dovish,luca,34,1.5908375244883703e-5,0,0,lucas,422,312
dovish,metaphor,34,1.5908375244883703e-5,0,0,metaphor,153,165
dovish,midpoint,34,1.5908375244883703e-5,0,0,midpoint,376,250
dovish,misus,34,1.5908375244883703e-5,0,0,misuse,170,206
dovish,montreal,34,1.5908375244883703e-5,0,0,montreal,239,114
dovish,neighbor,34,1.5908375244883703e-5,0,0,neighboring,103,205
dovish,night,34,1.5908375244883703e-5,0,0,night,211,204
dovish,occ,34,1.5908375244883703e-5,0,0,occ,172,87
dovish,outward,34,1.5908375244883703e-5,0,0,outward,355,233
dovish,paragraph,34,1.5908375244883703e-5,0,0,paragraph,271,204
dovish,paycheck,34,1.5908375244883703e-5,0,0,paycheck,96,79
dovish,pessim,34,1.5908375244883703e-5,0,0,pessimism,306,242
dovish,pos,34,1.5908375244883703e-5,0,0,pos,132,66
dovish,salient,34,1.5908375244883703e-5,0,0,salient,290,251
dovish,segreg,34,1.5908375244883703e-5,0,0,segregation,97,138
dovish,thrown,34,1.5908375244883703e-5,0,0,thrown,184,171
dovish,unwil,34,1.5908375244883703e-5,0,0,unwilling,237,208
dovish,varianc,34,1.5908375244883703e-5,0,0,variance,427,249
dovish,wound,34,1.5908375244883703e-5,0,0,wound,158,177
dovish,wto,34,1.5908375244883703e-5,0,0,wto,322,194
dovish,allud,33,1.54404818553283e-5,0,0,alluded,184,231
dovish,argentin,33,1.54404818553283e-5,0,0,argentine,192,88
dovish,brisk,33,1.54404818553283e-5,0,0,brisk,126,159
dovish,chris,33,1.54404818553283e-5,0,0,chris,286,235
dovish,con,33,1.54404818553283e-5,0,0,cons,222,249
dovish,conjunctur,33,1.54404818553283e-5,0,0,conjuncture,272,253
dovish,criticis,33,1.54404818553283e-5,0,0,criticised,201,228
dovish,custodi,33,1.54404818553283e-5,0,0,custody,180,142
dovish,davi,33,1.54404818553283e-5,0,0,davis,168,189
dovish,deter,33,1.54404818553283e-5,0,0,deter,132,227
dovish,disinflationari,33,1.54404818553283e-5,0,0,disinflationary,819,430
dovish,drew,33,1.54404818553283e-5,0,0,drew,264,247
dovish,eighteen,33,1.54404818553283e-5,0,0,eighteen,260,190
dovish,eighth,33,1.54404818553283e-5,0,0,eighth,262,211
dovish,emul,33,1.54404818553283e-5,0,0,emulate,53,108
dovish,enrich,33,1.54404818553283e-5,0,0,enrich,106,308
dovish,fierc,33,1.54404818553283e-5,0,0,fierce,161,187
dovish,groundwork,33,1.54404818553283e-5,0,0,groundwork,164,158
dovish,inflict,33,1.54404818553283e-5,0,0,inflicted,105,209
dovish,internalis,33,1.54404818553283e-5,0,0,internalise,131,216
dovish,irish,33,1.54404818553283e-5,0,0,irish,241,122
dovish,knock,33,1.54404818553283e-5,0,0,knock,277,273
dovish,ladder,33,1.54404818553283e-5,0,0,ladder,196,112
dovish,merchandis,33,1.54404818553283e-5,0,0,merchandise,288,188
dovish,michell,33,1.54404818553283e-5,0,0,michelle,190,111
dovish,misunderstand,33,1.54404818553283e-5,0,0,misunderstanding,168,262
dovish,nafta,33,1.54404818553283e-5,0,0,nafta,232,77
dovish,nineteenth,33,1.54404818553283e-5,0,0,nineteenth,294,189
dovish,nuclear,33,1.54404818553283e-5,0,0,nuclear,177,115
dovish,oi,33,1.54404818553283e-5,0,0,ois,448,201
dovish,overarch,33,1.54404818553283e-5,0,0,overarching,265,242
dovish,payout,33,1.54404818553283e-5,0,0,payouts,121,132
dovish,quarl,33,1.54404818553283e-5,0,0,quarles,162,76
dovish,random,33,1.54404818553283e-5,0,0,random,354,279
dovish,reconcili,33,1.54404818553283e-5,0,0,reconciliation,179,125
dovish,reinhart,33,1.54404818553283e-5,0,0,reinhart,451,241
dovish,roof,33,1.54404818553283e-5,0,0,roof,133,117
dovish,sheer,33,1.54404818553283e-5,0,0,sheer,287,269
dovish,siv,33,1.54404818553283e-5,0,0,sivs,164,85
dovish,slip,33,1.54404818553283e-5,0,0,slip,103,241
dovish,static,33,1.54404818553283e-5,0,0,static,262,235
dovish,stone,33,1.54404818553283e-5,0,0,stone,265,234
dovish,synchron,33,1.54404818553283e-5,0,0,synchronized,122,271
dovish,tourist,33,1.54404818553283e-5,0,0,tourists,160,195
dovish,uncov,33,1.54404818553283e-5,0,0,uncovered,166,233
dovish,undervalu,33,1.54404818553283e-5,0,0,undervalued,148,155
dovish,unequ,33,1.54404818553283e-5,0,0,unequal,154,148
dovish,unnecessarili,33,1.54404818553283e-5,0,0,unnecessarily,258,241
dovish,upi,33,1.54404818553283e-5,0,0,upi,164,52
dovish,usabl,33,1.54404818553283e-5,0,0,usable,116,124
dovish,vacant,33,1.54404818553283e-5,0,0,vacant,266,105
dovish,virginia,33,1.54404818553283e-5,0,0,virginia,189,128
dovish,visual,33,1.54404818553283e-5,0,0,visual,121,164
dovish,abcp,32,1.4972588465772896e-5,0,0,abcp,225,101
dovish,aliv,32,1.4972588465772896e-5,0,0,alive,297,253
dovish,arbitrari,32,1.4972588465772896e-5,0,0,arbitrary,229,226
dovish,bondhold,32,1.4972588465772896e-5,0,0,bondholders,143,95
dovish,burdensom,32,1.4972588465772896e-5,0,0,burdensome,224,186
dovish,changer,32,1.4972588465772896e-5,0,0,changer,75,91
dovish,cleveland,32,1.4972588465772896e-5,0,0,cleveland,271,141
dovish,colour,32,1.4972588465772896e-5,0,0,colour,121,188
dovish,complementar,32,1.4972588465772896e-5,0,0,complementarity,145,202
dovish,copi,32,1.4972588465772896e-5,0,0,copy,120,185
dovish,corridor,32,1.4972588465772896e-5,0,0,corridor,659,288
dovish,cure,32,1.4972588465772896e-5,0,0,cure,176,210
dovish,diagnosi,32,1.4972588465772896e-5,0,0,diagnosis,332,246
dovish,drawback,32,1.4972588465772896e-5,0,0,drawbacks,186,220
dovish,elast,32,1.4972588465772896e-5,0,0,elasticity,344,380
dovish,florida,32,1.4972588465772896e-5,0,0,florida,160,99
dovish,forestal,32,1.4972588465772896e-5,0,0,forestall,188,208
dovish,guo,32,1.4972588465772896e-5,0,0,guo,64,31
dovish,intensif,32,1.4972588465772896e-5,0,0,intensification,417,299
dovish,iss,32,1.4972588465772896e-5,0,0,issing,407,212
dovish,justif,32,1.4972588465772896e-5,0,0,justification,277,285
dovish,meyer,32,1.4972588465772896e-5,0,0,meyer,309,196
dovish,mfi,32,1.4972588465772896e-5,0,0,mfi,178,77
dovish,mohan,32,1.4972588465772896e-5,0,0,mohan,291,105
dovish,monet,32,1.4972588465772896e-5,0,0,monetization,138,123
dovish,nationalis,32,1.4972588465772896e-5,0,0,nationalisation,143,158
dovish,obscur,32,1.4972588465772896e-5,0,0,obscure,152,259
dovish,payer,32,1.4972588465772896e-5,0,0,payer,97,139
dovish,poland,32,1.4972588465772896e-5,0,0,poland,397,213
dovish,portal,32,1.4972588465772896e-5,0,0,portal,100,92
dovish,posen,32,1.4972588465772896e-5,0,0,posen,462,83
dovish,retrench,32,1.4972588465772896e-5,0,0,retrenchment,267,253
dovish,revert,32,1.4972588465772896e-5,0,0,revert,214,315
dovish,rival,32,1.4972588465772896e-5,0,0,rival,90,151
dovish,saharan,32,1.4972588465772896e-5,0,0,saharan,213,85
dovish,scar,32,1.4972588465772896e-5,0,0,scarring,312,257
dovish,scbs,32,1.4972588465772896e-5,0,0,scbs,137,71
dovish,shut,32,1.4972588465772896e-5,0,0,shut,214,225
dovish,signatur,32,1.4972588465772896e-5,0,0,signature,193,159
dovish,sketch,32,1.4972588465772896e-5,0,0,sketch,137,217
dovish,steam,32,1.4972588465772896e-5,0,0,steam,238,189
dovish,stuck,32,1.4972588465772896e-5,0,0,stuck,270,223
dovish,tertiari,32,1.4972588465772896e-5,0,0,tertiary,203,115
dovish,toxic,32,1.4972588465772896e-5,0,0,toxic,166,143
dovish,traffic,32,1.4972588465772896e-5,0,0,traffic,271,185
dovish,unaccept,32,1.4972588465772896e-5,0,0,unacceptable,274,368
dovish,und,32,1.4972588465772896e-5,0,0,und,403,199
dovish,undertook,32,1.4972588465772896e-5,0,0,undertook,279,262
dovish,unequivoc,32,1.4972588465772896e-5,0,0,unequivocal,95,155
dovish,urbanis,32,1.4972588465772896e-5,0,0,urbanisation,169,60
dovish,verif,32,1.4972588465772896e-5,0,0,verification,252,153
dovish,vienna,32,1.4972588465772896e-5,0,0,vienna,184,134
dovish,voluntarili,32,1.4972588465772896e-5,0,0,voluntarily,251,229
dovish,bagehot,31,1.4504695076217493e-5,0,0,bagehot,323,144
dovish,blog,31,1.4504695076217493e-5,0,0,blog,260,190
dovish,bowman,31,1.4504695076217493e-5,0,0,bowman,200,99
dovish,canberra,31,1.4504695076217493e-5,0,0,canberra,126,99
dovish,compliant,31,1.4504695076217493e-5,0,0,compliant,305,208
dovish,enron,31,1.4504695076217493e-5,0,0,enron,183,95
dovish,gcc,31,1.4504695076217493e-5,0,0,gcc,111,49
dovish,illinoi,31,1.4504695076217493e-5,0,0,illinois,120,104
dovish,inadequaci,31,1.4504695076217493e-5,0,0,inadequacy,128,181
dovish,keynesian,31,1.4504695076217493e-5,0,0,keynesian,625,329
dovish,leagu,31,1.4504695076217493e-5,0,0,league,164,119
dovish,lobbi,31,1.4504695076217493e-5,0,0,lobbying,70,94
dovish,maechler,31,1.4504695076217493e-5,0,0,maechler,254,61
dovish,malfunct,31,1.4504695076217493e-5,0,0,malfunctioning,140,163
dovish,mistaken,31,1.4504695076217493e-5,0,0,mistaken,167,201
dovish,mute,31,1.4504695076217493e-5,0,0,muted,504,454
dovish,pathway,31,1.4504695076217493e-5,0,0,pathways,96,102
dovish,persuad,31,1.4504695076217493e-5,0,0,persuade,128,253
dovish,persuas,31,1.4504695076217493e-5,0,0,persuasive,184,248
dovish,pittsburgh,31,1.4504695076217493e-5,0,0,pittsburgh,147,107
dovish,pollut,31,1.4504695076217493e-5,0,0,pollution,163,130
dovish,propon,31,1.4504695076217493e-5,0,0,proponents,245,211
dovish,repric,31,1.4504695076217493e-5,0,0,repricing,248,212
dovish,revamp,31,1.4504695076217493e-5,0,0,revamping,80,161
dovish,semin,31,1.4504695076217493e-5,0,0,seminal,194,188
dovish,shade,31,1.4504695076217493e-5,0,0,shaded,320,231
dovish,shuqe,31,1.4504695076217493e-5,0,0,shuqing,54,21
dovish,smt,31,1.4504695076217493e-5,0,0,smt,139,106
dovish,solicit,31,1.4504695076217493e-5,0,0,solicit,60,140
dovish,spv,31,1.4504695076217493e-5,0,0,spv,171,46
dovish,subset,31,1.4504695076217493e-5,0,0,subset,166,160
dovish,subtl,31,1.4504695076217493e-5,0,0,subtle,232,203
dovish,thereof,31,1.4504695076217493e-5,0,0,thereof,187,174
dovish,thursday,31,1.4504695076217493e-5,0,0,thursday,256,195
dovish,vitor,31,1.4504695076217493e-5,0,0,vitor,204,145
dovish,wellb,31,1.4504695076217493e-5,0,0,wellbeing,129,103
dovish,yves,31,1.4504695076217493e-5,0,0,yves,188,173
dovish,zombi,31,1.4504695076217493e-5,0,0,zombie,140,76
dovish,banqu,30,1.403680168666209e-5,0,0,banque,390,257
dovish,bell,30,1.403680168666209e-5,0,0,bell,207,177
dovish,canton,30,1.403680168666209e-5,0,0,cantons,214,133
dovish,cascad,30,1.403680168666209e-5,0,0,cascading,73,145
dovish,computeris,30,1.403680168666209e-5,0,0,computerisation,98,77
dovish,crystal,30,1.403680168666209e-5,0,0,crystal,134,198
dovish,decompos,30,1.403680168666209e-5,0,0,decomposed,75,183
dovish,des,30,1.403680168666209e-5,0,0,des,325,192
dovish,diagnost,30,1.403680168666209e-5,0,0,diagnostic,83,79
dovish,dozen,30,1.403680168666209e-5,0,0,dozen,153,196
dovish,eager,30,1.403680168666209e-5,0,0,eager,148,224
dovish,eighti,30,1.403680168666209e-5,0,0,eighties,244,208
dovish,fraudul,30,1.403680168666209e-5,0,0,fraudulent,184,136
dovish,freddi,30,1.403680168666209e-5,0,0,freddie,361,153
dovish,hasten,30,1.403680168666209e-5,0,0,hasten,149,182
dovish,indefinit,30,1.403680168666209e-5,0,0,indefinitely,333,359
dovish,insecur,30,1.403680168666209e-5,0,0,insecurity,210,162
dovish,jonathan,30,1.403680168666209e-5,0,0,jonathan,330,269
dovish,juri,30,1.403680168666209e-5,0,0,jury,179,137
dovish,kevin,30,1.403680168666209e-5,0,0,kevin,227,142
dovish,love,30,1.403680168666209e-5,0,0,love,163,200
dovish,mail,30,1.403680168666209e-5,0,0,mail,118,128
dovish,modal,30,1.403680168666209e-5,0,0,modalities,227,275
dovish,notifi,30,1.403680168666209e-5,0,0,notified,140,151
dovish,obsolet,30,1.403680168666209e-5,0,0,obsolete,212,188
dovish,ramp,30,1.403680168666209e-5,0,0,ramp,111,143
dovish,rebal,30,1.403680168666209e-5,0,0,rebalance,287,244
dovish,referenc,30,1.403680168666209e-5,0,0,referencing,134,121
dovish,resembl,30,1.403680168666209e-5,0,0,resemble,80,221
dovish,restart,30,1.403680168666209e-5,0,0,restart,120,168
dovish,scalabl,30,1.403680168666209e-5,0,0,scalable,68,105
dovish,shipment,30,1.403680168666209e-5,0,0,shipments,234,198
dovish,sticki,30,1.403680168666209e-5,0,0,sticky,391,321
dovish,stifl,30,1.403680168666209e-5,0,0,stifle,105,208
dovish,stockhold,30,1.403680168666209e-5,0,0,stockholders,58,75
dovish,subsidis,30,1.403680168666209e-5,0,0,subsidised,230,179
dovish,unrealist,30,1.403680168666209e-5,0,0,unrealistic,306,305
dovish,unsound,30,1.403680168666209e-5,0,0,unsound,198,157
dovish,untap,30,1.403680168666209e-5,0,0,untapped,92,75
dovish,year,30,1.403680168666209e-5,0,0,yearly,299,258
dovish,adrian,29,1.3568908297106688e-5,0,0,adrian,358,221
dovish,anomali,29,1.3568908297106688e-5,0,0,anomalies,100,138
dovish,auster,29,1.3568908297106688e-5,0,0,austerity,267,174
dovish,berger,29,1.3568908297106688e-5,0,0,berger,122,69
dovish,blunt,29,1.3568908297106688e-5,0,0,blunt,203,289
dovish,chairmanship,29,1.3568908297106688e-5,0,0,chairmanship,187,151
dovish,chemic,29,1.3568908297106688e-5,0,0,chemicals,118,174
dovish,contractionari,29,1.3568908297106688e-5,0,0,contractionary,352,265
dovish,das,29,1.3568908297106688e-5,0,0,das,243,167
dovish,dawn,29,1.3568908297106688e-5,0,0,dawn,104,113
dovish,debentur,29,1.3568908297106688e-5,0,0,debentures,170,112
dovish,delic,29,1.3568908297106688e-5,0,0,delicate,241,230
dovish,dispel,29,1.3568908297106688e-5,0,0,dispelled,132,223
dovish,doorstep,29,1.3568908297106688e-5,0,0,doorstep,66,67
dovish,essay,29,1.3568908297106688e-5,0,0,essays,178,215
dovish,euribor,29,1.3568908297106688e-5,0,0,euribor,271,121
dovish,evapor,29,1.3568908297106688e-5,0,0,evaporated,73,154
dovish,eve,29,1.3568908297106688e-5,0,0,eve,175,155
dovish,exemplifi,29,1.3568908297106688e-5,0,0,exemplified,151,198
dovish,falter,29,1.3568908297106688e-5,0,0,faltering,87,190
dovish,fasb,29,1.3568908297106688e-5,0,0,fasb,104,39
dovish,fip,29,1.3568908297106688e-5,0,0,fips,87,48
dovish,grand,29,1.3568908297106688e-5,0,0,grand,225,197
dovish,healthcar,29,1.3568908297106688e-5,0,0,healthcare,210,149
dovish,henri,29,1.3568908297106688e-5,0,0,henry,218,167
dovish,hide,29,1.3568908297106688e-5,0,0,hide,132,191
dovish,holi,29,1.3568908297106688e-5,0,0,holy,215,106
dovish,hollow,29,1.3568908297106688e-5,0,0,hollowing,102,47
dovish,homebuy,29,1.3568908297106688e-5,0,0,homebuyers,134,109
dovish,hungari,29,1.3568908297106688e-5,0,0,hungary,307,172
dovish,hyderabad,29,1.3568908297106688e-5,0,0,hyderabad,157,104
dovish,imparti,29,1.3568908297106688e-5,0,0,impartial,111,124
dovish,incred,29,1.3568908297106688e-5,0,0,incredible,93,166
dovish,inherit,29,1.3568908297106688e-5,0,0,inherited,159,197
dovish,israel,29,1.3568908297106688e-5,0,0,israel,239,142
dovish,johnson,29,1.3568908297106688e-5,0,0,johnson,215,150
dovish,jose,29,1.3568908297106688e-5,0,0,jose,296,244
dovish,lawrenc,29,1.3568908297106688e-5,0,0,lawrence,256,199
dovish,lei,29,1.3568908297106688e-5,0,0,lei,134,46
dovish,ltv,29,1.3568908297106688e-5,0,0,ltv,371,135
dovish,mae,29,1.3568908297106688e-5,0,0,mae,282,156
dovish,meltdown,29,1.3568908297106688e-5,0,0,meltdown,211,199
dovish,monnet,29,1.3568908297106688e-5,0,0,monnet,192,109
dovish,nois,29,1.3568908297106688e-5,0,0,noise,398,269
dovish,overestim,29,1.3568908297106688e-5,0,0,overestimated,140,251
dovish,peterson,29,1.3568908297106688e-5,0,0,peterson,251,199
dovish,philipp,29,1.3568908297106688e-5,0,0,philipp,225,185
dovish,pile,29,1.3568908297106688e-5,0,0,pile,61,112
dovish,pride,29,1.3568908297106688e-5,0,0,pride,265,234
dovish,quo,29,1.3568908297106688e-5,0,0,quo,285,252
dovish,recalibr,29,1.3568908297106688e-5,0,0,recalibration,88,171
dovish,rectifi,29,1.3568908297106688e-5,0,0,rectify,89,138
dovish,reschedul,29,1.3568908297106688e-5,0,0,rescheduling,79,71
dovish,river,29,1.3568908297106688e-5,0,0,river,131,114
dovish,sarah,29,1.3568908297106688e-5,0,0,sarah,218,154
dovish,scotland,29,1.3568908297106688e-5,0,0,scotland,281,116
dovish,smartphon,29,1.3568908297106688e-5,0,0,smartphones,165,162
dovish,sport,29,1.3568908297106688e-5,0,0,sports,90,130
dovish,televis,29,1.3568908297106688e-5,0,0,television,148,159
dovish,ub,29,1.3568908297106688e-5,0,0,ubs,290,143
dovish,uncomfort,29,1.3568908297106688e-5,0,0,uncomfortable,235,311
dovish,unsettl,29,1.3568908297106688e-5,0,0,unsettled,129,187
dovish,abnorm,28,1.3101014907551285e-5,0,0,abnormal,168,208
dovish,advisor,28,1.3101014907551285e-5,0,0,advisors,128,178
dovish,angel,28,1.3101014907551285e-5,0,0,angeles,113,118
dovish,apex,28,1.3101014907551285e-5,0,0,apex,105,75
dovish,api,28,1.3101014907551285e-5,0,0,api,160,75
dovish,bps,28,1.3101014907551285e-5,0,0,bps,411,166
dovish,brokerag,28,1.3101014907551285e-5,0,0,brokerage,245,150
dovish,brunnermei,28,1.3101014907551285e-5,0,0,brunnermeier,282,157
dovish,cancel,28,1.3101014907551285e-5,0,0,cancelled,104,259
dovish,capitalist,28,1.3101014907551285e-5,0,0,capitalist,98,117
dovish,cgfs,28,1.3101014907551285e-5,0,0,cgfs,199,96
dovish,contradict,28,1.3101014907551285e-5,0,0,contradiction,124,244
dovish,copyright,28,1.3101014907551285e-5,0,0,copyright,312,242
dovish,counterproduct,28,1.3101014907551285e-5,0,0,counterproductive,270,253
dovish,cumbersom,28,1.3101014907551285e-5,0,0,cumbersome,112,110
dovish,defeat,28,1.3101014907551285e-5,0,0,defeating,96,173
dovish,dent,28,1.3101014907551285e-5,0,0,dent,103,172
dovish,depict,28,1.3101014907551285e-5,0,0,depicted,114,236
dovish,disagr,28,1.3101014907551285e-5,0,0,disagreement,210,222
dovish,duli,28,1.3101014907551285e-5,0,0,duly,152,143
dovish,enthusiasm,28,1.3101014907551285e-5,0,0,enthusiasm,278,242
dovish,epc,28,1.3101014907551285e-5,0,0,epc,295,49
dovish,expediti,28,1.3101014907551285e-5,0,0,expeditiously,132,190
dovish,fanni,28,1.3101014907551285e-5,0,0,fannie,365,158
dovish,footprint,28,1.3101014907551285e-5,0,0,footprint,268,222
dovish,founder,28,1.3101014907551285e-5,0,0,founder,107,191
dovish,frb,28,1.3101014907551285e-5,0,0,frb,338,146
dovish,guarantor,28,1.3101014907551285e-5,0,0,guarantor,53,82
dovish,hallmark,28,1.3101014907551285e-5,0,0,hallmark,118,154
dovish,incorrect,28,1.3101014907551285e-5,0,0,incorrect,174,199
dovish,instantan,28,1.3101014907551285e-5,0,0,instantaneous,150,199
dovish,interlink,28,1.3101014907551285e-5,0,0,interlinked,143,176
dovish,invite,28,1.3101014907551285e-5,0,0,invitees,92,83
dovish,jeopard,28,1.3101014907551285e-5,0,0,jeopardize,76,174
dovish,kcc,28,1.3101014907551285e-5,0,0,kcc,69,39
dovish,krueger,28,1.3101014907551285e-5,0,0,krueger,134,66
dovish,madrid,28,1.3101014907551285e-5,0,0,madrid,233,179
dovish,mboweni,28,1.3101014907551285e-5,0,0,mboweni,227,119
dovish,mmfs,28,1.3101014907551285e-5,0,0,mmfs,191,53
dovish,nelson,28,1.3101014907551285e-5,0,0,nelson,374,209
dovish,nishimura,28,1.3101014907551285e-5,0,0,nishimura,183,55
dovish,oner,28,1.3101014907551285e-5,0,0,onerous,162,148
dovish,overs,28,1.3101014907551285e-5,0,0,overseers,80,103
dovish,panetta,28,1.3101014907551285e-5,0,0,panetta,357,99
dovish,penalis,28,1.3101014907551285e-5,0,0,penalise,58,142
dovish,plagu,28,1.3101014907551285e-5,0,0,plagued,103,164
dovish,prong,28,1.3101014907551285e-5,0,0,pronged,165,161
dovish,pros,28,1.3101014907551285e-5,0,0,pros,206,192
dovish,rein,28,1.3101014907551285e-5,0,0,rein,164,254
dovish,retrain,28,1.3101014907551285e-5,0,0,retraining,92,110
dovish,rome,28,1.3101014907551285e-5,0,0,rome,273,194
dovish,rubl,28,1.3101014907551285e-5,0,0,ruble,783,160
dovish,scott,28,1.3101014907551285e-5,0,0,scott,175,132
dovish,secret,28,1.3101014907551285e-5,0,0,secret,152,187
dovish,simplif,28,1.3101014907551285e-5,0,0,simplification,256,209
dovish,steril,28,1.3101014907551285e-5,0,0,sterilization,117,158
dovish,strand,28,1.3101014907551285e-5,0,0,strand,131,211
dovish,subtract,28,1.3101014907551285e-5,0,0,subtracting,149,252
dovish,survivor,28,1.3101014907551285e-5,0,0,survivors,53,46
dovish,tower,28,1.3101014907551285e-5,0,0,tower,78,98
dovish,tucker,28,1.3101014907551285e-5,0,0,tucker,382,156
dovish,unsurpris,28,1.3101014907551285e-5,0,0,unsurprisingly,141,186
dovish,unwarr,28,1.3101014907551285e-5,0,0,unwarranted,329,287
dovish,usher,28,1.3101014907551285e-5,0,0,ushered,110,206
dovish,wear,28,1.3101014907551285e-5,0,0,wear,96,134
dovish,wpi,28,1.3101014907551285e-5,0,0,wpi,427,124
dovish,blanchard,27,1.2633121517995882e-5,0,0,blanchard,498,250
dovish,cft,27,1.2633121517995882e-5,0,0,cft,166,55
dovish,clearinghous,27,1.2633121517995882e-5,0,0,clearinghouse,117,84
dovish,consent,27,1.2633121517995882e-5,0,0,consent,199,159
dovish,dead,27,1.2633121517995882e-5,0,0,dead,168,165
dovish,divest,27,1.2633121517995882e-5,0,0,divestment,63,107
dovish,echo,27,1.2633121517995882e-5,0,0,echo,108,253
dovish,efsf,27,1.2633121517995882e-5,0,0,efsf,183,82
dovish,fat,27,1.2633121517995882e-5,0,0,fat,141,67
dovish,fli,27,1.2633121517995882e-5,0,0,fly,84,134
dovish,fsap,27,1.2633121517995882e-5,0,0,fsap,230,96
dovish,gandhi,27,1.2633121517995882e-5,0,0,gandhi,192,112
dovish,hardwar,27,1.2633121517995882e-5,0,0,hardware,183,128
dovish,hing,27,1.2633121517995882e-5,0,0,hinges,163,249
dovish,improp,27,1.2633121517995882e-5,0,0,improper,91,98
dovish,indiffer,27,1.2633121517995882e-5,0,0,indifferent,123,151
dovish,irrespons,27,1.2633121517995882e-5,0,0,irresponsible,130,141
dovish,jobless,27,1.2633121517995882e-5,0,0,jobless,359,178
dovish,kashyap,27,1.2633121517995882e-5,0,0,kashyap,285,157
dovish,leeway,27,1.2633121517995882e-5,0,0,leeway,222,193
dovish,legislatur,27,1.2633121517995882e-5,0,0,legislature,123,123
dovish,lynch,27,1.2633121517995882e-5,0,0,lynch,176,124
dovish,madam,27,1.2633121517995882e-5,0,0,madam,275,174
dovish,mansion,27,1.2633121517995882e-5,0,0,mansion,148,105
dovish,massachusett,27,1.2633121517995882e-5,0,0,massachusetts,217,191
dovish,mervyn,27,1.2633121517995882e-5,0,0,mervyn,413,270
dovish,mood,27,1.2633121517995882e-5,0,0,mood,210,185
dovish,mundel,27,1.2633121517995882e-5,0,0,mundell,191,98
dovish,nepal,27,1.2633121517995882e-5,0,0,nepal,77,28
dovish,outag,27,1.2633121517995882e-5,0,0,outage,77,72
dovish,overdu,27,1.2633121517995882e-5,0,0,overdue,149,144
dovish,overlay,27,1.2633121517995882e-5,0,0,overlay,81,66
dovish,paint,27,1.2633121517995882e-5,0,0,paint,106,242
dovish,postwar,27,1.2633121517995882e-5,0,0,postwar,244,191
dovish,promulg,27,1.2633121517995882e-5,0,0,promulgated,89,145
dovish,rail,27,1.2633121517995882e-5,0,0,rail,117,139
dovish,reciproc,27,1.2633121517995882e-5,0,0,reciprocal,106,154
dovish,reorient,27,1.2633121517995882e-5,0,0,reorientation,88,198
dovish,roa,27,1.2633121517995882e-5,0,0,roa,101,60
dovish,samuelson,27,1.2633121517995882e-5,0,0,samuelson,226,108
dovish,schmidt,27,1.2633121517995882e-5,0,0,schmidt,246,140
dovish,shelter,27,1.2633121517995882e-5,0,0,shelter,178,198
dovish,slippag,27,1.2633121517995882e-5,0,0,slippage,86,103
dovish,socialist,27,1.2633121517995882e-5,0,0,socialist,177,109
dovish,soviet,27,1.2633121517995882e-5,0,0,soviet,204,139
dovish,toolbox,27,1.2633121517995882e-5,0,0,toolbox,181,124
dovish,transcript,27,1.2633121517995882e-5,0,0,transcript,162,171
dovish,uphold,27,1.2633121517995882e-5,0,0,uphold,136,180
dovish,webinar,27,1.2633121517995882e-5,0,0,webinar,180,129
dovish,wheel,27,1.2633121517995882e-5,0,0,wheels,115,168
dovish,workout,27,1.2633121517995882e-5,0,0,workouts,156,99
dovish,yardstick,27,1.2633121517995882e-5,0,0,yardstick,186,176
dovish,abid,26,1.2165228128440478e-5,0,0,abide,101,167
dovish,accentu,26,1.2165228128440478e-5,0,0,accentuated,205,286
dovish,aghion,26,1.2165228128440478e-5,0,0,aghion,125,72
dovish,amen,26,1.2165228128440478e-5,0,0,amenable,84,121
dovish,appl,26,1.2165228128440478e-5,0,0,apple,118,110
dovish,bloom,26,1.2165228128440478e-5,0,0,bloom,308,152
dovish,bounc,26,1.2165228128440478e-5,0,0,bounce,176,276
dovish,camp,26,1.2165228128440478e-5,0,0,camps,86,105
dovish,cheapli,26,1.2165228128440478e-5,0,0,cheaply,151,142
dovish,christian,26,1.2165228128440478e-5,0,0,christian,145,148
dovish,closest,26,1.2165228128440478e-5,0,0,closest,162,154
dovish,councillor,26,1.2165228128440478e-5,0,0,councillors,102,86
dovish,coven,26,1.2165228128440478e-5,0,0,covenants,118,113
dovish,crack,26,1.2165228128440478e-5,0,0,cracks,94,137
dovish,decent,26,1.2165228128440478e-5,0,0,decent,128,116
dovish,deshmukh,26,1.2165228128440478e-5,0,0,deshmukh,77,22
dovish,digniti,26,1.2165228128440478e-5,0,0,dignity,92,77
dovish,emot,26,1.2165228128440478e-5,0,0,emotional,90,150
dovish,esteem,26,1.2165228128440478e-5,0,0,esteemed,273,238
dovish,eugenio,26,1.2165228128440478e-5,0,0,eugenio,131,118
dovish,greener,26,1.2165228128440478e-5,0,0,greener,140,89
dovish,grip,26,1.2165228128440478e-5,0,0,grips,61,159
dovish,hearten,26,1.2165228128440478e-5,0,0,heartening,142,152
dovish,historian,26,1.2165228128440478e-5,0,0,historians,148,164
dovish,incompat,26,1.2165228128440478e-5,0,0,incompatible,167,176
dovish,inhabit,26,1.2165228128440478e-5,0,0,inhabitants,133,154
dovish,jalan,26,1.2165228128440478e-5,0,0,jalan,109,68
dovish,kohn,26,1.2165228128440478e-5,0,0,kohn,404,205
dovish,lab,26,1.2165228128440478e-5,0,0,lab,69,83
dovish,lombard,26,1.2165228128440478e-5,0,0,lombard,213,145
dovish,ltros,26,1.2165228128440478e-5,0,0,ltros,203,104
dovish,mint,26,1.2165228128440478e-5,0,0,mint,154,131
dovish,misguid,26,1.2165228128440478e-5,0,0,misguided,173,160
dovish,multitud,26,1.2165228128440478e-5,0,0,multitude,175,167
dovish,onus,26,1.2165228128440478e-5,0,0,onus,132,105
dovish,opac,26,1.2165228128440478e-5,0,0,opacity,206,166
dovish,overshoot,26,1.2165228128440478e-5,0,0,overshooting,371,483
dovish,pac,26,1.2165228128440478e-5,0,0,pacs,67,18
dovish,persever,26,1.2165228128440478e-5,0,0,perseverance,98,135
dovish,plank,26,1.2165228128440478e-5,0,0,plank,60,72
dovish,pretend,26,1.2165228128440478e-5,0,0,pretend,125,156
dovish,provok,26,1.2165228128440478e-5,0,0,provoke,105,269
dovish,rangarajan,26,1.2165228128440478e-5,0,0,rangarajan,155,103
dovish,reconsid,26,1.2165228128440478e-5,0,0,reconsider,144,223
dovish,recreat,26,1.2165228128440478e-5,0,0,recreation,88,143
dovish,redesign,26,1.2165228128440478e-5,0,0,redesign,96,162
dovish,riskmanag,26,1.2165228128440478e-5,0,0,riskmanagement,138,123
dovish,sgp,26,1.2165228128440478e-5,0,0,sgp,137,52
dovish,signifi,26,1.2165228128440478e-5,0,0,signifies,61,140
dovish,silo,26,1.2165228128440478e-5,0,0,silos,88,93
dovish,solan,26,1.2165228128440478e-5,0,0,solans,102,88
dovish,song,26,1.2165228128440478e-5,0,0,song,183,151
dovish,speedi,26,1.2165228128440478e-5,0,0,speedy,135,127
dovish,stern,26,1.2165228128440478e-5,0,0,stern,120,123
dovish,suprem,26,1.2165228128440478e-5,0,0,supreme,152,116
dovish,suspens,26,1.2165228128440478e-5,0,0,suspension,156,162
dovish,taiwan,26,1.2165228128440478e-5,0,0,taiwan,244,176
dovish,talf,26,1.2165228128440478e-5,0,0,talf,176,51
dovish,temper,26,1.2165228128440478e-5,0,0,temper,95,215
dovish,tim,26,1.2165228128440478e-5,0,0,tim,153,119
dovish,trail,26,1.2165228128440478e-5,0,0,trail,58,121
dovish,twelfth,26,1.2165228128440478e-5,0,0,twelfth,110,72
dovish,undeni,26,1.2165228128440478e-5,0,0,undeniable,156,200
dovish,unpublish,26,1.2165228128440478e-5,0,0,unpublished,182,125
dovish,unwis,26,1.2165228128440478e-5,0,0,unwise,139,140
dovish,wrap,26,1.2165228128440478e-5,0,0,wrap,115,155
dovish,accus,25,1.1697334738885075e-5,0,0,accused,93,153
dovish,admir,25,1.1697334738885075e-5,0,0,admiration,54,195
dovish,admiss,25,1.1697334738885075e-5,0,0,admission,80,92
dovish,arrow,25,1.1697334738885075e-5,0,0,arrow,133,85
dovish,ban,25,1.1697334738885075e-5,0,0,ban,183,208
dovish,barclay,25,1.1697334738885075e-5,0,0,barclays,254,153
dovish,bcsbi,25,1.1697334738885075e-5,0,0,bcsbi,163,30
dovish,bespok,25,1.1697334738885075e-5,0,0,bespoke,91,74
dovish,boe,25,1.1697334738885075e-5,0,0,boe,630,183
dovish,brake,25,1.1697334738885075e-5,0,0,brake,185,219
dovish,bund,25,1.1697334738885075e-5,0,0,bund,111,88
dovish,cardhold,25,1.1697334738885075e-5,0,0,cardholders,85,46
dovish,carolina,25,1.1697334738885075e-5,0,0,carolina,154,89
dovish,categor,25,1.1697334738885075e-5,0,0,categorized,81,167
dovish,cdss,25,1.1697334738885075e-5,0,0,cdss,69,28
dovish,concurr,25,1.1697334738885075e-5,0,0,concurrent,166,269
dovish,counterfactu,25,1.1697334738885075e-5,0,0,counterfactual,344,204
dovish,dataset,25,1.1697334738885075e-5,0,0,dataset,219,190
dovish,depriv,25,1.1697334738885075e-5,0,0,deprived,123,217
dovish,earth,25,1.1697334738885075e-5,0,0,earth,138,125
dovish,edt,25,1.1697334738885075e-5,0,0,edt,156,152
dovish,euphoria,25,1.1697334738885075e-5,0,0,euphoria,162,132
dovish,evil,25,1.1697334738885075e-5,0,0,evil,65,75
dovish,exploratori,25,1.1697334738885075e-5,0,0,exploratory,149,87
dovish,fabric,25,1.1697334738885075e-5,0,0,fabric,146,158
dovish,feet,25,1.1697334738885075e-5,0,0,feet,171,140
dovish,frontlin,25,1.1697334738885075e-5,0,0,frontline,98,81
dovish,generic,25,1.1697334738885075e-5,0,0,generic,138,135
dovish,gugerel,25,1.1697334738885075e-5,0,0,gugerell,165,160
dovish,heritag,25,1.1697334738885075e-5,0,0,heritage,223,167
dovish,humbl,25,1.1697334738885075e-5,0,0,humble,130,175
dovish,ibid,25,1.1697334738885075e-5,0,0,ibid,223,130
dovish,idl,25,1.1697334738885075e-5,0,0,idle,132,160
dovish,iran,25,1.1697334738885075e-5,0,0,iran,68,31
dovish,kill,25,1.1697334738885075e-5,0,0,kill,49,100
dovish,kisan,25,1.1697334738885075e-5,0,0,kisan,66,46
dovish,landmark,25,1.1697334738885075e-5,0,0,landmark,139,141
dovish,liabl,25,1.1697334738885075e-5,0,0,liable,165,151
dovish,libra,25,1.1697334738885075e-5,0,0,libra,149,31
dovish,mac,25,1.1697334738885075e-5,0,0,mac,264,156
dovish,menu,25,1.1697334738885075e-5,0,0,menu,212,177
dovish,modul,25,1.1697334738885075e-5,0,0,modules,52,139
dovish,narrowli,25,1.1697334738885075e-5,0,0,narrowly,244,215
dovish,node,25,1.1697334738885075e-5,0,0,nodes,110,70
dovish,notori,25,1.1697334738885075e-5,0,0,notoriously,100,130
dovish,nov,25,1.1697334738885075e-5,0,0,nov,427,188
dovish,nutshel,25,1.1697334738885075e-5,0,0,nutshell,189,188
dovish,obstfeld,25,1.1697334738885075e-5,0,0,obstfeld,211,104
dovish,passport,25,1.1697334738885075e-5,0,0,passport,68,70
dovish,pdai,25,1.1697334738885075e-5,0,0,pdai,104,28
dovish,pitfal,25,1.1697334738885075e-5,0,0,pitfalls,186,179
dovish,polym,25,1.1697334738885075e-5,0,0,polymer,205,61
dovish,prepay,25,1.1697334738885075e-5,0,0,prepayment,205,144
dovish,propel,25,1.1697334738885075e-5,0,0,propelled,114,186
dovish,purview,25,1.1697334738885075e-5,0,0,purview,165,144
dovish,pyramid,25,1.1697334738885075e-5,0,0,pyramid,163,120
dovish,redefin,25,1.1697334738885075e-5,0,0,redefined,80,184
dovish,replenish,25,1.1697334738885075e-5,0,0,replenish,77,135
dovish,restaur,25,1.1697334738885075e-5,0,0,restaurants,241,233
dovish,richmond,25,1.1697334738885075e-5,0,0,richmond,207,149
dovish,sanit,25,1.1697334738885075e-5,0,0,sanitation,119,80
dovish,simplest,25,1.1697334738885075e-5,0,0,simplest,177,154
dovish,stanford,25,1.1697334738885075e-5,0,0,stanford,277,164
dovish,suppress,25,1.1697334738885075e-5,0,0,suppress,138,302
dovish,taxabl,25,1.1697334738885075e-5,0,0,taxable,72,49
dovish,texa,25,1.1697334738885075e-5,0,0,texas,235,123
dovish,timefram,25,1.1697334738885075e-5,0,0,timeframe,205,191
dovish,tribal,25,1.1697334738885075e-5,0,0,tribal,148,32
dovish,triparti,25,1.1697334738885075e-5,0,0,triparty,166,61
dovish,tumpel,25,1.1697334738885075e-5,0,0,tumpel,169,164
dovish,unfavour,25,1.1697334738885075e-5,0,0,unfavourable,255,243
dovish,uninterrupt,25,1.1697334738885075e-5,0,0,uninterrupted,162,164
dovish,unprofit,25,1.1697334738885075e-5,0,0,unprofitable,126,106
dovish,veloc,25,1.1697334738885075e-5,0,0,velocity,351,185
dovish,wari,25,1.1697334738885075e-5,0,0,wary,224,218
dovish,watcher,25,1.1697334738885075e-5,0,0,watchers,288,192
dovish,amort,24,1.1229441349329672e-5,0,0,amortization,105,117
dovish,apart,24,1.1229441349329672e-5,0,0,apartments,121,114
dovish,asic,24,1.1229441349329672e-5,0,0,asic,126,67
dovish,bestow,24,1.1229441349329672e-5,0,0,bestowed,83,134
dovish,bini,24,1.1229441349329672e-5,0,0,bini,170,125
dovish,bric,24,1.1229441349329672e-5,0,0,brics,331,119
dovish,bueno,24,1.1229441349329672e-5,0,0,buenos,95,61
dovish,bulgaria,24,1.1229441349329672e-5,0,0,bulgaria,171,90
dovish,consortium,24,1.1229441349329672e-5,0,0,consortium,130,92
dovish,contradictori,24,1.1229441349329672e-5,0,0,contradictory,136,123
dovish,crd,24,1.1229441349329672e-5,0,0,crd,145,83
dovish,dalla,24,1.1229441349329672e-5,0,0,dallas,224,134
dovish,defus,24,1.1229441349329672e-5,0,0,defusing,68,74
dovish,destini,24,1.1229441349329672e-5,0,0,destiny,153,140
dovish,discrep,24,1.1229441349329672e-5,0,0,discrepancy,156,218
dovish,domingo,24,1.1229441349329672e-5,0,0,domingo,106,88
dovish,drug,24,1.1229441349329672e-5,0,0,drugs,78,107
dovish,elementari,24,1.1229441349329672e-5,0,0,elementary,137,94
dovish,endnot,24,1.1229441349329672e-5,0,0,endnotes,138,143
dovish,enthusiast,24,1.1229441349329672e-5,0,0,enthusiastic,109,165
dovish,fan,24,1.1229441349329672e-5,0,0,fan,440,196
dovish,gertrud,24,1.1229441349329672e-5,0,0,gertrude,163,163
dovish,glass,24,1.1229441349329672e-5,0,0,glass,298,191
dovish,glut,24,1.1229441349329672e-5,0,0,glut,337,197
dovish,han,24,1.1229441349329672e-5,0,0,hans,173,151
dovish,heal,24,1.1229441349329672e-5,0,0,healing,112,150
dovish,hsbc,24,1.1229441349329672e-5,0,0,hsbc,125,79
dovish,imit,24,1.1229441349329672e-5,0,0,imitation,27,66
dovish,incipi,24,1.1229441349329672e-5,0,0,incipient,273,239
dovish,kennedi,24,1.1229441349329672e-5,0,0,kennedy,106,75
dovish,kenneth,24,1.1229441349329672e-5,0,0,kenneth,303,237
dovish,lifestyl,24,1.1229441349329672e-5,0,0,lifestyle,84,111
dovish,ltcm,24,1.1229441349329672e-5,0,0,ltcm,278,109
dovish,luncheon,24,1.1229441349329672e-5,0,0,luncheon,187,169
dovish,manuel,24,1.1229441349329672e-5,0,0,manuel,344,268
dovish,mari,24,1.1229441349329672e-5,0,0,mary,136,135
dovish,merril,24,1.1229441349329672e-5,0,0,merrill,156,106
dovish,misplac,24,1.1229441349329672e-5,0,0,misplaced,144,130
dovish,mover,24,1.1229441349329672e-5,0,0,mover,80,99
dovish,northeast,24,1.1229441349329672e-5,0,0,northeast,74,37
dovish,pair,24,1.1229441349329672e-5,0,0,pair,132,188
dovish,passion,24,1.1229441349329672e-5,0,0,passion,91,126
dovish,ponder,24,1.1229441349329672e-5,0,0,ponder,71,99
dovish,quiet,24,1.1229441349329672e-5,0,0,quiet,147,173
dovish,recycl,24,1.1229441349329672e-5,0,0,recycling,102,141
dovish,redenomin,24,1.1229441349329672e-5,0,0,redenomination,132,92
dovish,redund,24,1.1229441349329672e-5,0,0,redundant,125,197
dovish,reimburs,24,1.1229441349329672e-5,0,0,reimbursement,29,53
dovish,reinvent,24,1.1229441349329672e-5,0,0,reinventing,50,105
dovish,reliev,24,1.1229441349329672e-5,0,0,relieve,192,322
dovish,renegoti,24,1.1229441349329672e-5,0,0,renegotiation,43,74
dovish,ripe,24,1.1229441349329672e-5,0,0,ripe,91,85
dovish,scam,24,1.1229441349329672e-5,0,0,scams,50,32
dovish,shine,24,1.1229441349329672e-5,0,0,shining,60,102
dovish,sink,24,1.1229441349329672e-5,0,0,sinking,68,84
dovish,smaghi,24,1.1229441349329672e-5,0,0,smaghi,168,123
dovish,son,24,1.1229441349329672e-5,0,0,sons,97,158
dovish,stagger,24,1.1229441349329672e-5,0,0,staggering,97,177
dovish,tape,24,1.1229441349329672e-5,0,0,tape,91,94
dovish,teller,24,1.1229441349329672e-5,0,0,teller,120,104
dovish,terribl,24,1.1229441349329672e-5,0,0,terrible,152,189
dovish,unchart,24,1.1229441349329672e-5,0,0,uncharted,183,194
dovish,underli,24,1.1229441349329672e-5,0,0,underlie,152,140
dovish,unfavor,24,1.1229441349329672e-5,0,0,unfavorable,317,241
dovish,utah,24,1.1229441349329672e-5,0,0,utah,63,28
dovish,valley,24,1.1229441349329672e-5,0,0,valley,215,168
dovish,viii,24,1.1229441349329672e-5,0,0,viii,175,152
dovish,willem,24,1.1229441349329672e-5,0,0,willem,243,210
dovish,woman,24,1.1229441349329672e-5,0,0,woman,126,86
dovish,abolit,23,1.076154795977427e-5,0,0,abolition,164,128
dovish,agglomer,23,1.076154795977427e-5,0,0,agglomeration,63,40
dovish,auspic,23,1.076154795977427e-5,0,0,auspices,168,160
dovish,axi,23,1.076154795977427e-5,0,0,axis,515,219
dovish,biennial,23,1.076154795977427e-5,0,0,biennial,124,101
dovish,bout,23,1.076154795977427e-5,0,0,bouts,197,264
dovish,brazilian,23,1.076154795977427e-5,0,0,brazilian,232,118
dovish,breath,23,1.076154795977427e-5,0,0,breathing,54,110
dovish,brighter,23,1.076154795977427e-5,0,0,brighter,143,136
dovish,buttress,23,1.076154795977427e-5,0,0,buttressed,83,164
dovish,captiv,23,1.076154795977427e-5,0,0,captive,82,83
dovish,circumv,23,1.076154795977427e-5,0,0,circumvent,133,181
dovish,citigroup,23,1.076154795977427e-5,0,0,citigroup,138,93
dovish,cleaner,23,1.076154795977427e-5,0,0,cleaner,80,66
dovish,consequenti,23,1.076154795977427e-5,0,0,consequential,153,142
dovish,cool,23,1.076154795977427e-5,0,0,cooling,180,324
dovish,czech,23,1.076154795977427e-5,0,0,czech,272,157
dovish,delv,23,1.076154795977427e-5,0,0,delve,111,155
dovish,deplet,23,1.076154795977427e-5,0,0,depleted,109,207
dovish,disastr,23,1.076154795977427e-5,0,0,disastrous,158,157
dovish,donald,23,1.076154795977427e-5,0,0,donald,292,185
dovish,dow,23,1.076154795977427e-5,0,0,dow,114,81
dovish,drill,23,1.076154795977427e-5,0,0,drilling,95,116
dovish,duplic,23,1.076154795977427e-5,0,0,duplication,85,154
dovish,elli,23,1.076154795977427e-5,0,0,ellis,138,95
dovish,email,23,1.076154795977427e-5,0,0,email,67,87
dovish,espana,23,1.076154795977427e-5,0,0,espana,147,92
dovish,estonia,23,1.076154795977427e-5,0,0,estonia,261,127
dovish,evan,23,1.076154795977427e-5,0,0,evans,259,173
dovish,evas,23,1.076154795977427e-5,0,0,evasion,111,98
dovish,exponenti,23,1.076154795977427e-5,0,0,exponential,91,153
dovish,foresight,23,1.076154795977427e-5,0,0,foresight,176,157
dovish,homeland,23,1.076154795977427e-5,0,0,homeland,62,56
dovish,hotel,23,1.076154795977427e-5,0,0,hotels,167,262
dovish,inconveni,23,1.076154795977427e-5,0,0,inconvenience,65,120
dovish,inculc,23,1.076154795977427e-5,0,0,inculcate,27,61
dovish,inexpens,23,1.076154795977427e-5,0,0,inexpensive,86,86
dovish,interlinkag,23,1.076154795977427e-5,0,0,interlinkages,208,169
dovish,intertempor,23,1.076154795977427e-5,0,0,intertemporal,200,138
dovish,invigor,23,1.076154795977427e-5,0,0,invigorate,42,60
dovish,jun,23,1.076154795977427e-5,0,0,jun,477,153
dovish,liberti,23,1.076154795977427e-5,0,0,liberty,125,110
dovish,log,23,1.076154795977427e-5,0,0,log,261,132
dovish,mai,23,1.076154795977427e-5,0,0,mai,108,114
dovish,maryland,23,1.076154795977427e-5,0,0,maryland,66,41
dovish,moneylend,23,1.076154795977427e-5,0,0,moneylenders,36,34
dovish,mundra,23,1.076154795977427e-5,0,0,mundra,71,39
dovish,nasdaq,23,1.076154795977427e-5,0,0,nasdaq,79,55
dovish,neo,23,1.076154795977427e-5,0,0,neo,91,56
dovish,nonfarm,23,1.076154795977427e-5,0,0,nonfarm,220,161
dovish,outdat,23,1.076154795977427e-5,0,0,outdated,169,148
dovish,outsid,23,1.076154795977427e-5,0,0,outsiders,124,140
dovish,overreact,23,1.076154795977427e-5,0,0,overreact,89,181
dovish,payabl,23,1.076154795977427e-5,0,0,payable,98,92
dovish,pendulum,23,1.076154795977427e-5,0,0,pendulum,90,66
dovish,pennsylvania,23,1.076154795977427e-5,0,0,pennsylvania,129,101
dovish,pepp,23,1.076154795977427e-5,0,0,pepp,428,90
dovish,planet,23,1.076154795977427e-5,0,0,planet,138,121
dovish,pradesh,23,1.076154795977427e-5,0,0,pradesh,233,98
dovish,praet,23,1.076154795977427e-5,0,0,praet,196,143
dovish,precaut,23,1.076154795977427e-5,0,0,precautions,81,125
dovish,predic,23,1.076154795977427e-5,0,0,predicated,148,153
dovish,prescott,23,1.076154795977427e-5,0,0,prescott,198,121
dovish,rain,23,1.076154795977427e-5,0,0,rain,106,102
dovish,ramif,23,1.076154795977427e-5,0,0,ramifications,194,179
dovish,reader,23,1.076154795977427e-5,0,0,readers,102,135
dovish,regret,23,1.076154795977427e-5,0,0,regret,152,169
dovish,repli,23,1.076154795977427e-5,0,0,reply,78,161
dovish,reset,23,1.076154795977427e-5,0,0,reset,127,118
dovish,resurg,23,1.076154795977427e-5,0,0,resurgence,315,271
dovish,revitalis,23,1.076154795977427e-5,0,0,revitalising,43,101
dovish,revolutionari,23,1.076154795977427e-5,0,0,revolutionary,185,151
dovish,rice,23,1.076154795977427e-5,0,0,rice,188,115
dovish,satellit,23,1.076154795977427e-5,0,0,satellite,183,145
dovish,scholarship,23,1.076154795977427e-5,0,0,scholarship,104,89
dovish,secretariat,23,1.076154795977427e-5,0,0,secretariat,222,178
dovish,sex,23,1.076154795977427e-5,0,0,sex,69,54
dovish,shrunk,23,1.076154795977427e-5,0,0,shrunk,187,170
dovish,specifi,23,1.076154795977427e-5,0,0,specifies,148,141
dovish,subscript,23,1.076154795977427e-5,0,0,subscription,98,106
dovish,tempor,23,1.076154795977427e-5,0,0,temporal,207,161
dovish,tenet,23,1.076154795977427e-5,0,0,tenets,96,131
dovish,tom,23,1.076154795977427e-5,0,0,tom,196,159
dovish,transatlant,23,1.076154795977427e-5,0,0,transatlantic,83,57
dovish,treasur,23,1.076154795977427e-5,0,0,treasurers,98,175
dovish,twist,23,1.076154795977427e-5,0,0,twist,137,152
dovish,unavail,23,1.076154795977427e-5,0,0,unavailable,166,186
dovish,uncheck,23,1.076154795977427e-5,0,0,unchecked,152,150
dovish,unhedg,23,1.076154795977427e-5,0,0,unhedged,189,117
dovish,unlist,23,1.076154795977427e-5,0,0,unlisted,70,41
dovish,unnot,23,1.076154795977427e-5,0,0,unnoticed,80,76
dovish,unrat,23,1.076154795977427e-5,0,0,unrated,73,45
dovish,unreason,23,1.076154795977427e-5,0,0,unreasonable,160,189
dovish,unresolv,23,1.076154795977427e-5,0,0,unresolved,183,177
dovish,wright,23,1.076154795977427e-5,0,0,wright,213,120
dovish,aci,22,1.0293654570218867e-5,0,0,aci,116,48
dovish,ancient,22,1.0293654570218867e-5,0,0,ancient,191,144
dovish,anglo,22,1.0293654570218867e-5,0,0,anglo,135,100
dovish,ann,22,1.0293654570218867e-5,0,0,ann,202,192
dovish,applaud,22,1.0293654570218867e-5,0,0,applaud,77,114
dovish,apt,22,1.0293654570218867e-5,0,0,apt,119,204
dovish,architect,22,1.0293654570218867e-5,0,0,architects,101,106
dovish,automot,22,1.0293654570218867e-5,0,0,automotive,165,133
dovish,bank,22,1.0293654570218867e-5,0,0,banked,114,76
dovish,bfs,22,1.0293654570218867e-5,0,0,bfs,76,41
dovish,borio,22,1.0293654570218867e-5,0,0,borio,548,256
dovish,bracket,22,1.0293654570218867e-5,0,0,brackets,134,147
dovish,bullet,22,1.0293654570218867e-5,0,0,bullet,96,99
dovish,bundl,22,1.0293654570218867e-5,0,0,bundled,70,158
dovish,calam,22,1.0293654570218867e-5,0,0,calamity,44,72
dovish,cell,22,1.0293654570218867e-5,0,0,cell,127,104
dovish,civic,22,1.0293654570218867e-5,0,0,civic,98,82
dovish,coast,22,1.0293654570218867e-5,0,0,coast,160,128
dovish,compulsori,22,1.0293654570218867e-5,0,0,compulsory,201,159
dovish,corollari,22,1.0293654570218867e-5,0,0,corollary,167,164
dovish,costless,22,1.0293654570218867e-5,0,0,costless,113,111
dovish,critiqu,22,1.0293654570218867e-5,0,0,critique,156,141
dovish,cutback,22,1.0293654570218867e-5,0,0,cutbacks,104,121
dovish,dan,22,1.0293654570218867e-5,0,0,dans,81,103
dovish,deterr,22,1.0293654570218867e-5,0,0,deterrent,101,123
dovish,excus,22,1.0293654570218867e-5,0,0,excuse,137,165
dovish,facebook,22,1.0293654570218867e-5,0,0,facebook,108,77
dovish,firmer,22,1.0293654570218867e-5,0,0,firmer,150,133
dovish,francoi,22,1.0293654570218867e-5,0,0,francois,123,95
dovish,genesi,22,1.0293654570218867e-5,0,0,genesis,122,105
dovish,harvest,22,1.0293654570218867e-5,0,0,harvest,139,174
dovish,hauser,22,1.0293654570218867e-5,0,0,hauser,205,137
dovish,humil,22,1.0293654570218867e-5,0,0,humility,176,127
dovish,hurrican,22,1.0293654570218867e-5,0,0,hurricanes,156,117
dovish,inertia,22,1.0293654570218867e-5,0,0,inertia,368,238
dovish,insert,22,1.0293654570218867e-5,0,0,insert,29,62
dovish,insignific,22,1.0293654570218867e-5,0,0,insignificant,192,189
dovish,intergener,22,1.0293654570218867e-5,0,0,intergenerational,111,63
dovish,invis,22,1.0293654570218867e-5,0,0,invisible,212,178
dovish,invok,22,1.0293654570218867e-5,0,0,invoked,91,159
dovish,laurenc,22,1.0293654570218867e-5,0,0,laurence,189,149
dovish,longstand,22,1.0293654570218867e-5,0,0,longstanding,205,180
dovish,neighborwork,22,1.0293654570218867e-5,0,0,neighborworks,115,32
dovish,nibm,22,1.0293654570218867e-5,0,0,nibm,62,25
dovish,olson,22,1.0293654570218867e-5,0,0,olson,111,64
dovish,outsiz,22,1.0293654570218867e-5,0,0,outsized,217,194
dovish,outstrip,22,1.0293654570218867e-5,0,0,outstripped,85,197
dovish,oxley,22,1.0293654570218867e-5,0,0,oxley,127,53
dovish,panelist,22,1.0293654570218867e-5,0,0,panelists,124,124
dovish,petrol,22,1.0293654570218867e-5,0,0,petrol,347,210
dovish,phenomen,22,1.0293654570218867e-5,0,0,phenomenal,126,115
dovish,poll,22,1.0293654570218867e-5,0,0,poll,86,132
dovish,pour,22,1.0293654570218867e-5,0,0,pour,103,104
dovish,precursor,22,1.0293654570218867e-5,0,0,precursor,85,103
dovish,premier,22,1.0293654570218867e-5,0,0,premier,130,136
dovish,pretoria,22,1.0293654570218867e-5,0,0,pretoria,175,120
dovish,protest,22,1.0293654570218867e-5,0,0,protests,65,87
dovish,quantif,22,1.0293654570218867e-5,0,0,quantification,176,146
dovish,quotat,22,1.0293654570218867e-5,0,0,quotation,73,116
dovish,riksbank,22,1.0293654570218867e-5,0,0,riksbank,269,163
dovish,sabin,22,1.0293654570218867e-5,0,0,sabine,92,85
dovish,sad,22,1.0293654570218867e-5,0,0,sadly,117,156
dovish,saint,22,1.0293654570218867e-5,0,0,saint,123,99
dovish,sarban,22,1.0293654570218867e-5,0,0,sarbanes,135,60
dovish,scan,22,1.0293654570218867e-5,0,0,scanning,55,94
dovish,scratch,22,1.0293654570218867e-5,0,0,scratch,85,110
dovish,slope,22,1.0293654570218867e-5,0,0,slope,527,329
dovish,smoother,22,1.0293654570218867e-5,0,0,smoother,167,156
dovish,socal,22,1.0293654570218867e-5,0,0,socalled,129,126
dovish,star,22,1.0293654570218867e-5,0,0,star,208,155
dovish,tame,22,1.0293654570218867e-5,0,0,tame,91,150
dovish,thought,22,1.0293654570218867e-5,0,0,thoughtful,173,192
dovish,tsunami,22,1.0293654570218867e-5,0,0,tsunami,132,93
dovish,tuesday,22,1.0293654570218867e-5,0,0,tuesday,190,153
dovish,unthink,22,1.0293654570218867e-5,0,0,unthinkable,138,139
dovish,vacat,22,1.0293654570218867e-5,0,0,vacation,35,63
dovish,vanilla,22,1.0293654570218867e-5,0,0,vanilla,116,94
dovish,vanish,22,1.0293654570218867e-5,0,0,vanish,49,119
dovish,vocat,22,1.0293654570218867e-5,0,0,vocational,118,144
dovish,wareh,22,1.0293654570218867e-5,0,0,warehousing,102,88
dovish,webcast,22,1.0293654570218867e-5,0,0,webcast,260,178
dovish,xiaochuan,22,1.0293654570218867e-5,0,0,xiaochuan,139,67
dovish,accredit,21,9.825761180663464e-6,0,0,accredited,48,65
dovish,acr,21,9.825761180663464e-6,0,0,acre,28,22
dovish,adventur,21,9.825761180663464e-6,0,0,adventure,54,83
dovish,aegi,21,9.825761180663464e-6,0,0,aegis,148,136
dovish,assocham,21,9.825761180663464e-6,0,0,assocham,78,27
dovish,bankrupt,21,9.825761180663464e-6,0,0,bankrupt,154,127
dovish,blend,21,9.825761180663464e-6,0,0,blend,79,121
dovish,bowl,21,9.825761180663464e-6,0,0,bowl,69,68
dovish,brilliant,21,9.825761180663464e-6,0,0,brilliant,117,118
dovish,burn,21,9.825761180663464e-6,0,0,burns,79,135
dovish,clientel,21,9.825761180663464e-6,0,0,clientele,93,72
dovish,cmbs,21,9.825761180663464e-6,0,0,cmbs,99,37
dovish,coco,21,9.825761180663464e-6,0,0,cocos,123,35
dovish,coexist,21,9.825761180663464e-6,0,0,coexistence,136,210
dovish,coffe,21,9.825761180663464e-6,0,0,coffee,119,71
dovish,constel,21,9.825761180663464e-6,0,0,constellation,173,164
dovish,contextu,21,9.825761180663464e-6,0,0,contextual,84,101
dovish,dare,21,9.825761180663464e-6,0,0,dare,76,129
dovish,den,21,9.825761180663464e-6,0,0,den,173,116
dovish,diagram,21,9.825761180663464e-6,0,0,diagram,127,69
dovish,diari,21,9.825761180663464e-6,0,0,diary,38,50
dovish,digitis,21,9.825761180663464e-6,0,0,digitisation,79,84
dovish,dimension,21,9.825761180663464e-6,0,0,dimensional,92,88
dovish,disconnect,21,9.825761180663464e-6,0,0,disconnect,159,217
dovish,discours,21,9.825761180663464e-6,0,0,discourse,181,170
dovish,downsiz,21,9.825761180663464e-6,0,0,downsizing,97,128
dovish,emeap,21,9.825761180663464e-6,0,0,emeap,165,59
dovish,emir,21,9.825761180663464e-6,0,0,emir,127,83
dovish,fate,21,9.825761180663464e-6,0,0,fate,126,158
dovish,feb,21,9.825761180663464e-6,0,0,feb,483,191
dovish,festiv,21,9.825761180663464e-6,0,0,festival,117,97
dovish,fiduciari,21,9.825761180663464e-6,0,0,fiduciary,210,116
dovish,forest,21,9.825761180663464e-6,0,0,forest,108,102
dovish,georgia,21,9.825761180663464e-6,0,0,georgia,108,87
dovish,glanc,21,9.825761180663464e-6,0,0,glance,229,207
dovish,goldman,21,9.825761180663464e-6,0,0,goldman,186,131
dovish,grave,21,9.825761180663464e-6,0,0,grave,151,147
dovish,highway,21,9.825761180663464e-6,0,0,highways,64,74
dovish,icai,21,9.825761180663464e-6,0,0,icai,65,29
dovish,impati,21,9.825761180663464e-6,0,0,impatient,57,45
dovish,imping,21,9.825761180663464e-6,0,0,impinge,118,180
dovish,janet,21,9.825761180663464e-6,0,0,janet,356,199
dovish,laf,21,9.825761180663464e-6,0,0,laf,389,92
dovish,les,21,9.825761180663464e-6,0,0,les,182,93
dovish,lorenzo,21,9.825761180663464e-6,0,0,lorenzo,130,124
dovish,loyalti,21,9.825761180663464e-6,0,0,loyalty,157,131
dovish,marri,21,9.825761180663464e-6,0,0,married,67,76
dovish,matrix,21,9.825761180663464e-6,0,0,matrix,130,56
dovish,mentor,21,9.825761180663464e-6,0,0,mentoring,62,96
dovish,michel,21,9.825761180663464e-6,0,0,michel,75,107
dovish,naiv,21,9.825761180663464e-6,0,0,naive,130,119
dovish,nervous,21,9.825761180663464e-6,0,0,nervousness,121,199
dovish,ngeu,21,9.825761180663464e-6,0,0,ngeu,85,24
dovish,ombudsmen,21,9.825761180663464e-6,0,0,ombudsmen,62,24
dovish,patent,21,9.825761180663464e-6,0,0,patent,105,129
dovish,plummet,21,9.825761180663464e-6,0,0,plummeted,156,214
dovish,prison,21,9.825761180663464e-6,0,0,prison,40,59
dovish,pursuant,21,9.825761180663464e-6,0,0,pursuant,157,135
dovish,refocus,21,9.825761180663464e-6,0,0,refocus,63,140
dovish,renov,21,9.825761180663464e-6,0,0,renovation,78,108
dovish,sharpen,21,9.825761180663464e-6,0,0,sharpen,93,169
dovish,shot,21,9.825761180663464e-6,0,0,shot,124,122
dovish,sidbi,21,9.825761180663464e-6,0,0,sidbi,75,40
dovish,speci,21,9.825761180663464e-6,0,0,species,99,78
dovish,sri,21,9.825761180663464e-6,0,0,sri,175,85
dovish,stijn,21,9.825761180663464e-6,0,0,stijn,52,28
dovish,tarp,21,9.825761180663464e-6,0,0,tarp,110,51
dovish,tear,21,9.825761180663464e-6,0,0,tear,56,92
dovish,theft,21,9.825761180663464e-6,0,0,theft,117,99
dovish,twofold,21,9.825761180663464e-6,0,0,twofold,153,150
dovish,ukrain,21,9.825761180663464e-6,0,0,ukraine,854,406
dovish,upfront,21,9.825761180663464e-6,0,0,upfront,160,137
dovish,vancouv,21,9.825761180663464e-6,0,0,vancouver,175,91
dovish,wabarakatuh,21,9.825761180663464e-6,0,0,wabarakatuh,106,68
dovish,wealthi,21,9.825761180663464e-6,0,0,wealthy,117,103
dovish,will,21,9.825761180663464e-6,0,0,wills,82,121
dovish,yellen,21,9.825761180663464e-6,0,0,yellen,488,221
dovish,ae,20,9.35786779110806e-6,0,0,aes,270,67
dovish,alexand,20,9.35786779110806e-6,0,0,alexander,202,122
dovish,apprehens,20,9.35786779110806e-6,0,0,apprehension,68,110
dovish,austrian,20,9.35786779110806e-6,0,0,austrian,132,83
dovish,bali,20,9.35786779110806e-6,0,0,bali,148,50
dovish,bame,20,9.35786779110806e-6,0,0,bame,64,14
dovish,bean,20,9.35786779110806e-6,0,0,bean,490,239
dovish,blanket,20,9.35786779110806e-6,0,0,blanket,168,103
dovish,bloc,20,9.35786779110806e-6,0,0,bloc,120,145
dovish,blood,20,9.35786779110806e-6,0,0,blood,96,76
dovish,breakfast,20,9.35786779110806e-6,0,0,breakfast,114,93
dovish,breed,20,9.35786779110806e-6,0,0,breed,66,124
dovish,broadest,20,9.35786779110806e-6,0,0,broadest,128,125
dovish,burgeon,20,9.35786779110806e-6,0,0,burgeoning,143,138
dovish,cafral,20,9.35786779110806e-6,0,0,cafral,68,29
dovish,choongsoo,20,9.35786779110806e-6,0,0,choongsoo,96,49
dovish,clearanc,20,9.35786779110806e-6,0,0,clearance,80,93
dovish,compliment,20,9.35786779110806e-6,0,0,compliment,80,111
dovish,countervail,20,9.35786779110806e-6,0,0,countervailing,113,100
dovish,crossroad,20,9.35786779110806e-6,0,0,crossroads,97,83
dovish,csd,20,9.35786779110806e-6,0,0,csd,87,37
dovish,damp,20,9.35786779110806e-6,0,0,damp,152,236
dovish,danc,20,9.35786779110806e-6,0,0,dance,62,54
dovish,defi,20,9.35786779110806e-6,0,0,defi,69,82
dovish,disregard,20,9.35786779110806e-6,0,0,disregard,115,206
dovish,eat,20,9.35786779110806e-6,0,0,eating,231,232
dovish,ebt,20,9.35786779110806e-6,0,0,ebt,48,25
dovish,edi,20,9.35786779110806e-6,0,0,edis,92,45
dovish,egg,20,9.35786779110806e-6,0,0,eggs,108,118
dovish,eurobaromet,20,9.35786779110806e-6,0,0,eurobarometer,155,85
dovish,euroland,20,9.35786779110806e-6,0,0,euroland,187,63
dovish,fatf,20,9.35786779110806e-6,0,0,fatf,165,58
dovish,ficci,20,9.35786779110806e-6,0,0,ficci,113,61
dovish,frozen,20,9.35786779110806e-6,0,0,frozen,173,111
dovish,gambl,20,9.35786779110806e-6,0,0,gamble,81,118
dovish,gregori,20,9.35786779110806e-6,0,0,gregory,110,79
dovish,hume,20,9.35786779110806e-6,0,0,hume,137,42
dovish,hungarian,20,9.35786779110806e-6,0,0,hungarian,43,26
dovish,inextric,20,9.35786779110806e-6,0,0,inextricably,91,96
dovish,instil,20,9.35786779110806e-6,0,0,instil,47,138
dovish,jargon,20,9.35786779110806e-6,0,0,jargon,195,182
dovish,jpmorgan,20,9.35786779110806e-6,0,0,jpmorgan,101,77
dovish,jubile,20,9.35786779110806e-6,0,0,jubilee,142,82
dovish,junior,20,9.35786779110806e-6,0,0,junior,124,87
dovish,karnataka,20,9.35786779110806e-6,0,0,karnataka,93,38
dovish,lagard,20,9.35786779110806e-6,0,0,lagarde,283,191
dovish,lockdown,20,9.35786779110806e-6,0,0,lockdown,371,279
dovish,los,20,9.35786779110806e-6,0,0,los,170,99
dovish,mediat,20,9.35786779110806e-6,0,0,mediation,56,110
dovish,melt,20,9.35786779110806e-6,0,0,melt,32,56
dovish,microenterpris,20,9.35786779110806e-6,0,0,microenterprise,45,26
dovish,mountain,20,9.35786779110806e-6,0,0,mountain,136,127
dovish,near,20,9.35786779110806e-6,0,0,nearing,117,137
dovish,nontradit,20,9.35786779110806e-6,0,0,nontraditional,253,96
dovish,nudg,20,9.35786779110806e-6,0,0,nudge,77,112
dovish,nut,20,9.35786779110806e-6,0,0,nuts,47,24
dovish,ohio,20,9.35786779110806e-6,0,0,ohio,137,75
dovish,otmar,20,9.35786779110806e-6,0,0,otmar,226,166
dovish,panacea,20,9.35786779110806e-6,0,0,panacea,166,167
dovish,penal,20,9.35786779110806e-6,0,0,penal,72,116
dovish,peril,20,9.35786779110806e-6,0,0,perils,71,146
dovish,pfandbrief,20,9.35786779110806e-6,0,0,pfandbriefe,45,30
dovish,preclud,20,9.35786779110806e-6,0,0,preclude,144,225
dovish,realign,20,9.35786779110806e-6,0,0,realignment,111,181
dovish,religi,20,9.35786779110806e-6,0,0,religious,110,85
dovish,ricardo,20,9.35786779110806e-6,0,0,ricardo,201,124
dovish,rippl,20,9.35786779110806e-6,0,0,ripple,102,116
dovish,sacrif,20,9.35786779110806e-6,0,0,sacrificing,89,116
dovish,spotlight,20,9.35786779110806e-6,0,0,spotlight,148,144
dovish,srep,20,9.35786779110806e-6,0,0,srep,121,31
dovish,strang,20,9.35786779110806e-6,0,0,strange,147,140
dovish,timothi,20,9.35786779110806e-6,0,0,timothy,132,101
dovish,tribut,20,9.35786779110806e-6,0,0,tribute,223,204
dovish,trip,20,9.35786779110806e-6,0,0,trip,93,122
dovish,ubiquit,20,9.35786779110806e-6,0,0,ubiquitous,104,91
dovish,useless,20,9.35786779110806e-6,0,0,useless,85,83
dovish,vacuum,20,9.35786779110806e-6,0,0,vacuum,143,132
dovish,victori,20,9.35786779110806e-6,0,0,victory,136,132
dovish,vivid,20,9.35786779110806e-6,0,0,vividly,145,222
dovish,voter,20,9.35786779110806e-6,0,0,voters,116,111
dovish,wild,20,9.35786779110806e-6,0,0,wild,92,117
dovish,academician,19,8.889974401552657e-6,0,0,academicians,74,77
dovish,agus,19,8.889974401552657e-6,0,0,agus,67,46
dovish,amc,19,8.889974401552657e-6,0,0,amcs,38,17
dovish,arrest,19,8.889974401552657e-6,0,0,arrest,110,175
dovish,ascrib,19,8.889974401552657e-6,0,0,ascribed,97,150
dovish,backlog,19,8.889974401552657e-6,0,0,backlogs,99,141
dovish,beat,19,8.889974401552657e-6,0,0,beat,94,129
dovish,bedrock,19,8.889974401552657e-6,0,0,bedrock,106,105
dovish,beef,19,8.889974401552657e-6,0,0,beef,65,66
dovish,blinder,19,8.889974401552657e-6,0,0,blinder,409,165
dovish,bordo,19,8.889974401552657e-6,0,0,bordo,212,88
dovish,brisban,19,8.889974401552657e-6,0,0,brisbane,121,77
dovish,buck,19,8.889974401552657e-6,0,0,buck,88,106
dovish,carv,19,8.889974401552657e-6,0,0,carve,40,80
dovish,cashflow,19,8.889974401552657e-6,0,0,cashflow,72,61
dovish,chairperson,19,8.889974401552657e-6,0,0,chairperson,109,104
dovish,chennai,19,8.889974401552657e-6,0,0,chennai,76,63
dovish,communist,19,8.889974401552657e-6,0,0,communist,87,82
dovish,compass,19,8.889974401552657e-6,0,0,compass,167,126
dovish,deed,19,8.889974401552657e-6,0,0,deeds,114,119
dovish,demis,19,8.889974401552657e-6,0,0,demise,194,180
dovish,denot,19,8.889974401552657e-6,0,0,denotes,132,195
dovish,dens,19,8.889974401552657e-6,0,0,dense,71,78
dovish,derail,19,8.889974401552657e-6,0,0,derail,96,153
dovish,ear,19,8.889974401552657e-6,0,0,ears,71,88
dovish,econometrica,19,8.889974401552657e-6,0,0,econometrica,190,164
dovish,est,19,8.889974401552657e-6,0,0,est,169,153
dovish,euromoney,19,8.889974401552657e-6,0,0,euromoney,74,50
dovish,extant,19,8.889974401552657e-6,0,0,extant,132,108
dovish,firewal,19,8.889974401552657e-6,0,0,firewalls,120,104
dovish,flip,19,8.889974401552657e-6,0,0,flip,130,159
dovish,focal,19,8.889974401552657e-6,0,0,focal,164,131
dovish,fritz,19,8.889974401552657e-6,0,0,fritz,222,83
dovish,furnish,19,8.889974401552657e-6,0,0,furnish,45,96
dovish,gratifi,19,8.889974401552657e-6,0,0,gratifying,92,104
dovish,herald,19,8.889974401552657e-6,0,0,heralded,54,124
dovish,hone,19,8.889974401552657e-6,0,0,hone,36,62
dovish,hors,19,8.889974401552657e-6,0,0,horse,93,79
dovish,howard,19,8.889974401552657e-6,0,0,howard,94,65
dovish,iceland,19,8.889974401552657e-6,0,0,iceland,139,103
dovish,illiteraci,19,8.889974401552657e-6,0,0,illiteracy,70,42
dovish,incentiv,19,8.889974401552657e-6,0,0,incentivize,52,87
dovish,influx,19,8.889974401552657e-6,0,0,influx,95,79
dovish,intact,19,8.889974401552657e-6,0,0,intact,223,205
dovish,jacqu,19,8.889974401552657e-6,0,0,jacques,146,119
dovish,lautenschlag,19,8.889974401552657e-6,0,0,lautenschlager,100,82
dovish,litig,19,8.889974401552657e-6,0,0,litigation,172,98
dovish,lui,19,8.889974401552657e-6,0,0,luis,193,179
dovish,macmillan,19,8.889974401552657e-6,0,0,macmillan,222,171
dovish,magic,19,8.889974401552657e-6,0,0,magic,122,131
dovish,marshal,19,8.889974401552657e-6,0,0,marshall,88,116
dovish,mart,19,8.889974401552657e-6,0,0,mart,37,24
dovish,novelti,19,8.889974401552657e-6,0,0,novelty,97,85
dovish,oliv,19,8.889974401552657e-6,0,0,oliver,100,91
dovish,overseen,19,8.889974401552657e-6,0,0,overseen,115,108
dovish,particular,19,8.889974401552657e-6,0,0,particulars,39,59
dovish,petroleum,19,8.889974401552657e-6,0,0,petroleum,404,284
dovish,pois,19,8.889974401552657e-6,0,0,poised,215,190
dovish,precious,19,8.889974401552657e-6,0,0,precious,203,158
dovish,predatori,19,8.889974401552657e-6,0,0,predatory,272,71
dovish,provision,19,8.889974401552657e-6,0,0,provisional,168,160
dovish,ratifi,19,8.889974401552657e-6,0,0,ratified,84,118
dovish,recept,19,8.889974401552657e-6,0,0,reception,101,151
dovish,renown,19,8.889974401552657e-6,0,0,renowned,143,141
dovish,sama,19,8.889974401552657e-6,0,0,sama,355,73
dovish,scandinavian,19,8.889974401552657e-6,0,0,scandinavian,107,91
dovish,scrutinis,19,8.889974401552657e-6,0,0,scrutinised,58,116
dovish,semest,19,8.889974401552657e-6,0,0,semester,126,88
dovish,setup,19,8.889974401552657e-6,0,0,setup,147,126
dovish,shiller,19,8.889974401552657e-6,0,0,shiller,206,96
dovish,simplist,19,8.889974401552657e-6,0,0,simplistic,143,136
dovish,singh,19,8.889974401552657e-6,0,0,singh,176,125
dovish,skin,19,8.889974401552657e-6,0,0,skin,85,71
dovish,sky,19,8.889974401552657e-6,0,0,sky,102,108
dovish,sober,19,8.889974401552657e-6,0,0,sobering,98,144
dovish,southeast,19,8.889974401552657e-6,0,0,southeast,172,100
dovish,sow,19,8.889974401552657e-6,0,0,sow,77,176
dovish,spatial,19,8.889974401552657e-6,0,0,spatial,86,67
dovish,subsist,19,8.889974401552657e-6,0,0,subsistence,60,51
dovish,tactic,19,8.889974401552657e-6,0,0,tactics,89,150
dovish,tale,19,8.889974401552657e-6,0,0,tale,163,160
dovish,tireless,19,8.889974401552657e-6,0,0,tirelessly,58,104
dovish,tour,19,8.889974401552657e-6,0,0,tour,96,127
dovish,underperform,19,8.889974401552657e-6,0,0,underperformance,82,162
dovish,underst,19,8.889974401552657e-6,0,0,understate,92,194
dovish,uniti,19,8.889974401552657e-6,0,0,unity,350,231
dovish,unsatisfactori,19,8.889974401552657e-6,0,0,unsatisfactory,176,155
dovish,unveil,19,8.889974401552657e-6,0,0,unveiled,83,131
dovish,unwound,19,8.889974401552657e-6,0,0,unwound,242,208
dovish,vagu,19,8.889974401552657e-6,0,0,vague,122,127
dovish,veil,19,8.889974401552657e-6,0,0,veil,61,62
dovish,visitor,19,8.889974401552657e-6,0,0,visitors,221,186
dovish,ail,18,8.422081011997254e-6,0,0,ailing,92,92
dovish,alm,18,8.422081011997254e-6,0,0,alm,93,66
dovish,andhra,18,8.422081011997254e-6,0,0,andhra,168,80
dovish,anymor,18,8.422081011997254e-6,0,0,anymore,87,79
dovish,belt,18,8.422081011997254e-6,0,0,belt,132,82
dovish,broadbent,18,8.422081011997254e-6,0,0,broadbent,442,193
dovish,cadr,18,8.422081011997254e-6,0,0,cadre,40,56
dovish,caribbean,18,8.422081011997254e-6,0,0,caribbean,176,90
dovish,cdo,18,8.422081011997254e-6,0,0,cdo,126,59
dovish,cii,18,8.422081011997254e-6,0,0,cii,78,36
dovish,circuit,18,8.422081011997254e-6,0,0,circuit,125,109
dovish,cleland,18,8.422081011997254e-6,0,0,cleland,70,52
dovish,clue,18,8.422081011997254e-6,0,0,clues,95,136
dovish,codifi,18,8.422081011997254e-6,0,0,codified,80,101
dovish,commonplac,18,8.422081011997254e-6,0,0,commonplace,94,87
dovish,cpix,18,8.422081011997254e-6,0,0,cpix,298,87
dovish,curious,18,8.422081011997254e-6,0,0,curious,71,83
dovish,cybersecur,18,8.422081011997254e-6,0,0,cybersecurity,258,115
dovish,dig,18,8.422081011997254e-6,0,0,dig,75,102
dovish,discriminatori,18,8.422081011997254e-6,0,0,discriminatory,141,110
dovish,dismantl,18,8.422081011997254e-6,0,0,dismantling,116,192
dovish,duke,18,8.422081011997254e-6,0,0,duke,166,89
dovish,earner,18,8.422081011997254e-6,0,0,earners,171,138
dovish,em,18,8.422081011997254e-6,0,0,ems,158,76
dovish,enlighten,18,8.422081011997254e-6,0,0,enlightened,72,151
dovish,exemplari,18,8.422081011997254e-6,0,0,exemplary,142,128
dovish,fallaci,18,8.422081011997254e-6,0,0,fallacy,118,125
dovish,freed,18,8.422081011997254e-6,0,0,freed,137,126
dovish,fungibl,18,8.422081011997254e-6,0,0,fungibility,44,74
dovish,garner,18,8.422081011997254e-6,0,0,garner,54,114
dovish,goodwil,18,8.422081011997254e-6,0,0,goodwill,81,68
dovish,gopinath,18,8.422081011997254e-6,0,0,gopinath,196,108
dovish,grey,18,8.422081011997254e-6,0,0,grey,156,122
dovish,hat,18,8.422081011997254e-6,0,0,hat,92,93
dovish,hyperinfl,18,8.422081011997254e-6,0,0,hyperinflation,191,137
dovish,illicit,18,8.422081011997254e-6,0,0,illicit,141,73
dovish,illumin,18,8.422081011997254e-6,0,0,illuminating,52,98
dovish,in,18,8.422081011997254e-6,0,0,ins,75,55
dovish,infanc,18,8.422081011997254e-6,0,0,infancy,156,143
dovish,insensit,18,8.422081011997254e-6,0,0,insensitive,102,102
dovish,jacob,18,8.422081011997254e-6,0,0,jacob,62,84
dovish,khan,18,8.422081011997254e-6,0,0,khan,172,102
dovish,lifecycl,18,8.422081011997254e-6,0,0,lifecycle,45,38
dovish,lumpi,18,8.422081011997254e-6,0,0,lumpy,59,52
dovish,maharashtra,18,8.422081011997254e-6,0,0,maharashtra,81,51
dovish,manifold,18,8.422081011997254e-6,0,0,manifold,177,168
dovish,maynard,18,8.422081011997254e-6,0,0,maynard,137,116
dovish,metro,18,8.422081011997254e-6,0,0,metro,91,62
dovish,mill,18,8.422081011997254e-6,0,0,mills,103,108
dovish,mishkin,18,8.422081011997254e-6,0,0,mishkin,513,195
dovish,mispric,18,8.422081011997254e-6,0,0,mispricing,143,137
dovish,misunderstood,18,8.422081011997254e-6,0,0,misunderstood,114,109
dovish,multifacet,18,8.422081011997254e-6,0,0,multifaceted,147,129
dovish,ojk,18,8.422081011997254e-6,0,0,ojk,133,41
dovish,omo,18,8.422081011997254e-6,0,0,omos,209,94
dovish,orang,18,8.422081011997254e-6,0,0,orange,112,83
dovish,overtak,18,8.422081011997254e-6,0,0,overtake,48,57
dovish,plug,18,8.422081011997254e-6,0,0,plug,81,111
dovish,prestigi,18,8.422081011997254e-6,0,0,prestigious,148,143
dovish,psu,18,8.422081011997254e-6,0,0,psu,51,31
dovish,psychologist,18,8.422081011997254e-6,0,0,psychologists,39,37
dovish,pump,18,8.422081011997254e-6,0,0,pump,66,117
dovish,radar,18,8.422081011997254e-6,0,0,radar,76,69
dovish,rakesh,18,8.422081011997254e-6,0,0,rakesh,183,92
dovish,recoup,18,8.422081011997254e-6,0,0,recoup,61,110
dovish,regrett,18,8.422081011997254e-6,0,0,regrettably,112,161
dovish,repeal,18,8.422081011997254e-6,0,0,repeal,91,131
dovish,schioppa,18,8.422081011997254e-6,0,0,schioppa,198,115
dovish,sensibl,18,8.422081011997254e-6,0,0,sensibly,119,123
dovish,side,18,8.422081011997254e-6,0,0,sided,187,152
dovish,slovakia,18,8.422081011997254e-6,0,0,slovakia,234,99
dovish,slovenia,18,8.422081011997254e-6,0,0,slovenia,292,153
dovish,snapshot,18,8.422081011997254e-6,0,0,snapshot,112,121
dovish,stabli,18,8.422081011997254e-6,0,0,stably,121,95
dovish,standalon,18,8.422081011997254e-6,0,0,standalone,91,70
dovish,stochast,18,8.422081011997254e-6,0,0,stochastic,236,159
dovish,suburb,18,8.422081011997254e-6,0,0,suburbs,39,33
dovish,testament,18,8.422081011997254e-6,0,0,testament,137,139
dovish,threefold,18,8.422081011997254e-6,0,0,threefold,96,94
dovish,tini,18,8.422081011997254e-6,0,0,tiny,109,97
dovish,tltro,18,8.422081011997254e-6,0,0,tltro,317,123
dovish,tommaso,18,8.422081011997254e-6,0,0,tommaso,232,103
dovish,trait,18,8.422081011997254e-6,0,0,traits,56,78
dovish,trim,18,8.422081011997254e-6,0,0,trimmed,180,185
dovish,trivial,18,8.422081011997254e-6,0,0,trivial,187,186
dovish,unauthor,18,8.422081011997254e-6,0,0,unauthorized,63,36
dovish,unviabl,18,8.422081011997254e-6,0,0,unviable,96,80
dovish,upheav,18,8.422081011997254e-6,0,0,upheaval,120,158
dovish,uptrend,18,8.422081011997254e-6,0,0,uptrend,376,250
dovish,warmest,18,8.422081011997254e-6,0,0,warmest,60,48
dovish,withhold,18,8.422081011997254e-6,0,0,withholding,98,105
dovish,writer,18,8.422081011997254e-6,0,0,writers,98,123
dovish,accret,17,7.954187622441852e-6,0,0,accretion,83,80
dovish,accrual,17,7.954187622441852e-6,0,0,accrual,48,48
dovish,aircraft,17,7.954187622441852e-6,0,0,aircraft,102,82
dovish,airlin,17,7.954187622441852e-6,0,0,airline,100,118
dovish,albert,17,7.954187622441852e-6,0,0,albert,105,58
dovish,amelior,17,7.954187622441852e-6,0,0,ameliorate,59,108
dovish,anand,17,7.954187622441852e-6,0,0,anand,85,57
dovish,armi,17,7.954187622441852e-6,0,0,army,103,77
dovish,builder,17,7.954187622441852e-6,0,0,builders,95,95
dovish,cape,17,7.954187622441852e-6,0,0,cape,191,112
dovish,carsten,17,7.954187622441852e-6,0,0,carstens,156,141
dovish,cbrt,17,7.954187622441852e-6,0,0,cbrt,1099,110
dovish,cement,17,7.954187622441852e-6,0,0,cement,88,107
dovish,charlott,17,7.954187622441852e-6,0,0,charlotte,146,74
dovish,clarida,17,7.954187622441852e-6,0,0,clarida,303,115
dovish,collegi,17,7.954187622441852e-6,0,0,collegial,88,105
dovish,communiqu,17,7.954187622441852e-6,0,0,communique,116,129
dovish,computer,17,7.954187622441852e-6,0,0,computerization,46,63
dovish,conceal,17,7.954187622441852e-6,0,0,conceal,71,139
dovish,corrobor,17,7.954187622441852e-6,0,0,corroborated,61,140
dovish,cps,17,7.954187622441852e-6,0,0,cps,93,61
dovish,croatia,17,7.954187622441852e-6,0,0,croatia,85,34
dovish,dean,17,7.954187622441852e-6,0,0,dean,117,112
dovish,decept,17,7.954187622441852e-6,0,0,deceptive,171,142
dovish,deepest,17,7.954187622441852e-6,0,0,deepest,231,224
dovish,delet,17,7.954187622441852e-6,0,0,deleted,77,49
dovish,distil,17,7.954187622441852e-6,0,0,distil,34,104
dovish,dsge,17,7.954187622441852e-6,0,0,dsge,292,128
dovish,ebb,17,7.954187622441852e-6,0,0,ebb,75,94
dovish,edinburgh,17,7.954187622441852e-6,0,0,edinburgh,98,59
dovish,eleventh,17,7.954187622441852e-6,0,0,eleventh,147,95
dovish,eli,17,7.954187622441852e-6,0,0,ely,26,23
dovish,elicit,17,7.954187622441852e-6,0,0,elicit,70,116
dovish,elus,17,7.954187622441852e-6,0,0,elusive,174,177
dovish,empt,17,7.954187622441852e-6,0,0,empt,124,145
dovish,empti,17,7.954187622441852e-6,0,0,empty,91,80
dovish,ercel,17,7.954187622441852e-6,0,0,ercel,70,56
dovish,erron,17,7.954187622441852e-6,0,0,erroneous,88,114
dovish,fabio,17,7.954187622441852e-6,0,0,fabio,136,116
dovish,fha,17,7.954187622441852e-6,0,0,fha,136,37
dovish,ficc,17,7.954187622441852e-6,0,0,ficc,154,35
dovish,fis,17,7.954187622441852e-6,0,0,fis,169,79
dovish,franco,17,7.954187622441852e-6,0,0,franco,89,53
dovish,fsoc,17,7.954187622441852e-6,0,0,fsoc,275,74
dovish,grass,17,7.954187622441852e-6,0,0,grass,78,64
dovish,hamilton,17,7.954187622441852e-6,0,0,hamilton,211,110
dovish,handicap,17,7.954187622441852e-6,0,0,handicapped,44,93
dovish,induct,17,7.954187622441852e-6,0,0,induction,47,63
dovish,ingenu,17,7.954187622441852e-6,0,0,ingenuity,104,92
dovish,institution,17,7.954187622441852e-6,0,0,institutionalized,56,91
dovish,jeffrey,17,7.954187622441852e-6,0,0,jeffrey,148,119
dovish,jenkin,17,7.954187622441852e-6,0,0,jenkins,62,40
dovish,later,17,7.954187622441852e-6,0,0,lateral,58,53
dovish,latitud,17,7.954187622441852e-6,0,0,latitude,142,139
dovish,leakag,17,7.954187622441852e-6,0,0,leakage,74,91
dovish,magazin,17,7.954187622441852e-6,0,0,magazine,121,112
dovish,martowardojo,17,7.954187622441852e-6,0,0,martowardojo,60,41
dovish,milton,17,7.954187622441852e-6,0,0,milton,348,232
dovish,minski,17,7.954187622441852e-6,0,0,minsky,206,106
dovish,mismeasur,17,7.954187622441852e-6,0,0,mismeasurement,106,81
dovish,nadu,17,7.954187622441852e-6,0,0,nadu,57,36
dovish,narasimham,17,7.954187622441852e-6,0,0,narasimham,160,78
dovish,nordic,17,7.954187622441852e-6,0,0,nordic,125,80
dovish,notif,17,7.954187622441852e-6,0,0,notification,97,97
dovish,obsolesc,17,7.954187622441852e-6,0,0,obsolescence,86,93
dovish,omit,17,7.954187622441852e-6,0,0,omitted,68,116
dovish,padoa,17,7.954187622441852e-6,0,0,padoa,204,117
dovish,pakistan,17,7.954187622441852e-6,0,0,pakistan,111,60
dovish,perenni,17,7.954187622441852e-6,0,0,perennial,60,64
dovish,portray,17,7.954187622441852e-6,0,0,portrayed,62,117
dovish,potent,17,7.954187622441852e-6,0,0,potent,164,142
dovish,probe,17,7.954187622441852e-6,0,0,probe,58,81
dovish,purport,17,7.954187622441852e-6,0,0,purported,36,85
dovish,rao,17,7.954187622441852e-6,0,0,rao,154,88
dovish,recessionari,17,7.954187622441852e-6,0,0,recessionary,216,175
dovish,recount,17,7.954187622441852e-6,0,0,recount,61,104
dovish,renminbi,17,7.954187622441852e-6,0,0,renminbi,457,147
dovish,reorganis,17,7.954187622441852e-6,0,0,reorganisation,72,108
dovish,repetit,17,7.954187622441852e-6,0,0,repetition,116,157
dovish,revalu,17,7.954187622441852e-6,0,0,revaluation,187,172
dovish,santand,17,7.954187622441852e-6,0,0,santander,54,35
dovish,saskatchewan,17,7.954187622441852e-6,0,0,saskatchewan,64,24
dovish,sharpest,17,7.954187622441852e-6,0,0,sharpest,122,109
dovish,shi,17,7.954187622441852e-6,0,0,shy,129,156
dovish,silent,17,7.954187622441852e-6,0,0,silent,132,122
dovish,sin,17,7.954187622441852e-6,0,0,sin,83,73
dovish,solar,17,7.954187622441852e-6,0,0,solar,109,73
dovish,spurt,17,7.954187622441852e-6,0,0,spurt,106,109
dovish,stack,17,7.954187622441852e-6,0,0,stack,81,67
dovish,stringenc,17,7.954187622441852e-6,0,0,stringency,102,61
dovish,subsidiar,17,7.954187622441852e-6,0,0,subsidiarity,108,84
dovish,svensson,17,7.954187622441852e-6,0,0,svensson,396,155
dovish,takeov,17,7.954187622441852e-6,0,0,takeover,81,93
dovish,tamil,17,7.954187622441852e-6,0,0,tamil,58,37
dovish,tank,17,7.954187622441852e-6,0,0,tank,60,88
dovish,taskforc,17,7.954187622441852e-6,0,0,taskforce,84,61
dovish,terminolog,17,7.954187622441852e-6,0,0,terminology,163,145
dovish,triniti,17,7.954187622441852e-6,0,0,trinity,194,124
dovish,unbias,17,7.954187622441852e-6,0,0,unbiased,98,83
dovish,unfamiliar,17,7.954187622441852e-6,0,0,unfamiliar,103,100
dovish,unfett,17,7.954187622441852e-6,0,0,unfettered,109,93
dovish,unfund,17,7.954187622441852e-6,0,0,unfunded,74,48
dovish,unpopular,17,7.954187622441852e-6,0,0,unpopular,143,130
dovish,unscrupul,17,7.954187622441852e-6,0,0,unscrupulous,86,66
dovish,vault,17,7.954187622441852e-6,0,0,vault,52,74
dovish,walter,17,7.954187622441852e-6,0,0,walter,217,160
dovish,watersh,17,7.954187622441852e-6,0,0,watershed,95,94
dovish,yellow,17,7.954187622441852e-6,0,0,yellow,148,116
dovish,zurbrugg,17,7.954187622441852e-6,0,0,zurbrugg,211,73
dovish,absurd,16,7.486294232886448e-6,0,0,absurd,48,59
dovish,academi,16,7.486294232886448e-6,0,0,academy,156,120
dovish,acharya,16,7.486294232886448e-6,0,0,acharya,148,83
dovish,adb,16,7.486294232886448e-6,0,0,adb,111,63
dovish,amaz,16,7.486294232886448e-6,0,0,amazing,63,106
dovish,amplitud,16,7.486294232886448e-6,0,0,amplitude,130,114
dovish,anil,16,7.486294232886448e-6,0,0,anil,102,85
dovish,artist,16,7.486294232886448e-6,0,0,artistic,78,86
dovish,astonish,16,7.486294232886448e-6,0,0,astonishing,88,108
dovish,athen,16,7.486294232886448e-6,0,0,athens,97,73
dovish,banca,16,7.486294232886448e-6,0,0,banca,188,114
dovish,bang,16,7.486294232886448e-6,0,0,bang,124,105
dovish,bankabl,16,7.486294232886448e-6,0,0,bankable,52,45
dovish,bop,16,7.486294232886448e-6,0,0,bop,196,76
dovish,breeden,16,7.486294232886448e-6,0,0,breeden,120,82
dovish,bruegel,16,7.486294232886448e-6,0,0,bruegel,91,74
dovish,campus,16,7.486294232886448e-6,0,0,campus,66,62
dovish,ccyb,16,7.486294232886448e-6,0,0,ccyb,454,54
dovish,chao,16,7.486294232886448e-6,0,0,chaos,93,84
dovish,checklist,16,7.486294232886448e-6,0,0,checklist,46,38
dovish,christma,16,7.486294232886448e-6,0,0,christmas,125,95
dovish,cognis,16,7.486294232886448e-6,0,0,cognisant,64,114
dovish,concomit,16,7.486294232886448e-6,0,0,concomitant,173,210
dovish,confess,16,7.486294232886448e-6,0,0,confess,120,124
dovish,counselor,16,7.486294232886448e-6,0,0,counselors,48,40
dovish,curs,16,7.486294232886448e-6,0,0,curse,69,58
dovish,danish,16,7.486294232886448e-6,0,0,danish,136,72
dovish,delor,16,7.486294232886448e-6,0,0,delors,110,65
dovish,disaggreg,16,7.486294232886448e-6,0,0,disaggregated,168,175
dovish,distract,16,7.486294232886448e-6,0,0,distract,66,158
dovish,drawdown,16,7.486294232886448e-6,0,0,drawdown,58,56
dovish,dublin,16,7.486294232886448e-6,0,0,dublin,105,85
dovish,eea,16,7.486294232886448e-6,0,0,eea,93,48
dovish,emption,16,7.486294232886448e-6,0,0,emptions,56,83
dovish,eric,16,7.486294232886448e-6,0,0,eric,212,170
dovish,esma,16,7.486294232886448e-6,0,0,esma,81,49
dovish,filter,16,7.486294232886448e-6,0,0,filter,192,229
dovish,flavour,16,7.486294232886448e-6,0,0,flavour,93,96
dovish,folli,16,7.486294232886448e-6,0,0,folly,105,105
dovish,forestri,16,7.486294232886448e-6,0,0,forestry,108,87
dovish,functionari,16,7.486294232886448e-6,0,0,functionaries,60,49
dovish,gate,16,7.486294232886448e-6,0,0,gates,73,114
dovish,ghosh,16,7.486294232886448e-6,0,0,ghosh,97,67
dovish,gift,16,7.486294232886448e-6,0,0,gift,121,138
dovish,glean,16,7.486294232886448e-6,0,0,gleaned,77,101
dovish,goldilock,16,7.486294232886448e-6,0,0,goldilocks,53,32
dovish,gonzalez,16,7.486294232886448e-6,0,0,gonzalez,194,174
dovish,grid,16,7.486294232886448e-6,0,0,grid,91,69
dovish,groceri,16,7.486294232886448e-6,0,0,groceries,67,101
dovish,heed,16,7.486294232886448e-6,0,0,heed,88,129
dovish,hypothes,16,7.486294232886448e-6,0,0,hypotheses,189,169
dovish,ideolog,16,7.486294232886448e-6,0,0,ideology,66,113
dovish,ifc,16,7.486294232886448e-6,0,0,ifc,85,54
dovish,instinct,16,7.486294232886448e-6,0,0,instinct,48,96
dovish,jurgen,16,7.486294232886448e-6,0,0,jurgen,102,98
dovish,kroszner,16,7.486294232886448e-6,0,0,kroszner,194,67
dovish,layoff,16,7.486294232886448e-6,0,0,layoffs,158,118
dovish,librari,16,7.486294232886448e-6,0,0,library,113,102
dovish,mip,16,7.486294232886448e-6,0,0,mip,48,24
dovish,mir,16,7.486294232886448e-6,0,0,mir,104,56
dovish,moot,16,7.486294232886448e-6,0,0,mooted,44,82
dovish,onshor,16,7.486294232886448e-6,0,0,onshore,153,87
dovish,paraphras,16,7.486294232886448e-6,0,0,paraphrase,94,112
dovish,patchwork,16,7.486294232886448e-6,0,0,patchwork,68,59
dovish,patrick,16,7.486294232886448e-6,0,0,patrick,118,92
dovish,pipe,16,7.486294232886448e-6,0,0,pipes,45,75
dovish,pleasant,16,7.486294232886448e-6,0,0,pleasant,111,111
dovish,powerhous,16,7.486294232886448e-6,0,0,powerhouse,50,56
dovish,predetermin,16,7.486294232886448e-6,0,0,predetermined,198,192
dovish,punch,16,7.486294232886448e-6,0,0,punch,68,70
dovish,pune,16,7.486294232886448e-6,0,0,pune,82,65
dovish,queue,16,7.486294232886448e-6,0,0,queue,42,56
dovish,reproduct,16,7.486294232886448e-6,0,0,reproduction,168,169
dovish,resurrect,16,7.486294232886448e-6,0,0,resurrection,31,50
dovish,rey,16,7.486294232886448e-6,0,0,rey,194,99
dovish,slate,16,7.486294232886448e-6,0,0,slated,41,65
dovish,softer,16,7.486294232886448e-6,0,0,softer,176,157
dovish,spawn,16,7.486294232886448e-6,0,0,spawned,88,106
dovish,staf,16,7.486294232886448e-6,0,0,staffing,95,112
dovish,station,16,7.486294232886448e-6,0,0,stations,67,113
dovish,statistician,16,7.486294232886448e-6,0,0,statisticians,208,119
dovish,stocktak,16,7.486294232886448e-6,0,0,stocktake,47,69
dovish,supermarket,16,7.486294232886448e-6,0,0,supermarkets,81,113
dovish,sync,16,7.486294232886448e-6,0,0,sync,98,93
dovish,systemwid,16,7.486294232886448e-6,0,0,systemwide,95,70
dovish,threadneedl,16,7.486294232886448e-6,0,0,threadneedle,91,82
dovish,transcend,16,7.486294232886448e-6,0,0,transcend,49,109
dovish,triennial,16,7.486294232886448e-6,0,0,triennial,100,88
dovish,trustworthi,16,7.486294232886448e-6,0,0,trustworthy,95,101
dovish,underw,16,7.486294232886448e-6,0,0,underwent,129,126
dovish,undo,16,7.486294232886448e-6,0,0,undo,62,94
dovish,unfound,16,7.486294232886448e-6,0,0,unfounded,157,141
dovish,unobserv,16,7.486294232886448e-6,0,0,unobservable,134,147
dovish,unwant,16,7.486294232886448e-6,0,0,unwanted,121,111
dovish,unwelcom,16,7.486294232886448e-6,0,0,unwelcome,203,184
dovish,violent,16,7.486294232886448e-6,0,0,violent,81,87
dovish,volunt,16,7.486294232886448e-6,0,0,volunteering,174,59
dovish,wealthier,16,7.486294232886448e-6,0,0,wealthier,69,64
dovish,wednesday,16,7.486294232886448e-6,0,0,wednesday,142,121
dovish,wilson,16,7.486294232886448e-6,0,0,wilson,217,124
dovish,windfal,16,7.486294232886448e-6,0,0,windfall,101,92
dovish,alumni,15,7.018400843331045e-6,0,0,alumni,79,52
dovish,ancillari,15,7.018400843331045e-6,0,0,ancillary,89,81
dovish,barter,15,7.018400843331045e-6,0,0,barter,62,46
dovish,bearer,15,7.018400843331045e-6,0,0,bearer,40,61
dovish,belgian,15,7.018400843331045e-6,0,0,belgian,56,53
dovish,biolog,15,7.018400843331045e-6,0,0,biological,61,51
dovish,birmingham,15,7.018400843331045e-6,0,0,birmingham,111,56
dovish,bishop,15,7.018400843331045e-6,0,0,bishop,44,33
dovish,blown,15,7.018400843331045e-6,0,0,blown,141,136
dovish,boat,15,7.018400843331045e-6,0,0,boat,85,89
dovish,brave,15,7.018400843331045e-6,0,0,brave,79,77
dovish,bruno,15,7.018400843331045e-6,0,0,bruno,131,89
dovish,bureaucraci,15,7.018400843331045e-6,0,0,bureaucracy,74,80
dovish,cat,15,7.018400843331045e-6,0,0,cat,63,53
dovish,cecchetti,15,7.018400843331045e-6,0,0,cecchetti,279,128
dovish,centenari,15,7.018400843331045e-6,0,0,centenary,117,70
dovish,cherish,15,7.018400843331045e-6,0,0,cherished,37,62
dovish,cio,15,7.018400843331045e-6,0,0,cios,27,16
dovish,comprehend,15,7.018400843331045e-6,0,0,comprehend,130,130
dovish,concur,15,7.018400843331045e-6,0,0,concur,61,92
dovish,connected,15,7.018400843331045e-6,0,0,connectedness,90,66
dovish,contemporan,15,7.018400843331045e-6,0,0,contemporaneous,134,126
dovish,delin,15,7.018400843331045e-6,0,0,delineated,40,131
dovish,detract,15,7.018400843331045e-6,0,0,detract,66,105
dovish,dissent,15,7.018400843331045e-6,0,0,dissenting,114,112
dovish,drink,15,7.018400843331045e-6,0,0,drinking,184,161
dovish,dub,15,7.018400843331045e-6,0,0,dubbed,101,102
dovish,editor,15,7.018400843331045e-6,0,0,editors,75,117
dovish,encrypt,15,7.018400843331045e-6,0,0,encryption,50,54
dovish,equilibria,15,7.018400843331045e-6,0,0,equilibria,175,113
dovish,exig,15,7.018400843331045e-6,0,0,exigent,57,62
dovish,fallback,15,7.018400843331045e-6,0,0,fallback,130,47
dovish,fatal,15,7.018400843331045e-6,0,0,fatal,81,115
dovish,fillip,15,7.018400843331045e-6,0,0,fillip,82,70
dovish,foreclos,15,7.018400843331045e-6,0,0,foreclosed,113,90
dovish,forego,15,7.018400843331045e-6,0,0,foregoing,81,107
dovish,forerunn,15,7.018400843331045e-6,0,0,forerunner,57,68
dovish,freder,15,7.018400843331045e-6,0,0,frederic,222,119
dovish,freer,15,7.018400843331045e-6,0,0,freer,116,83
dovish,gccs,15,7.018400843331045e-6,0,0,gccs,33,18
dovish,gertler,15,7.018400843331045e-6,0,0,gertler,477,190
dovish,glasgow,15,7.018400843331045e-6,0,0,glasgow,97,63
dovish,graviti,15,7.018400843331045e-6,0,0,gravity,164,138
dovish,halifax,15,7.018400843331045e-6,0,0,halifax,146,79
dovish,hassl,15,7.018400843331045e-6,0,0,hassle,54,53
dovish,hildebrand,15,7.018400843331045e-6,0,0,hildebrand,207,107
dovish,hyun,15,7.018400843331045e-6,0,0,hyun,139,97
dovish,ian,15,7.018400843331045e-6,0,0,ian,149,110
dovish,inaccur,15,7.018400843331045e-6,0,0,inaccurate,102,97
dovish,infect,15,7.018400843331045e-6,0,0,infection,174,179
dovish,infinit,15,7.018400843331045e-6,0,0,infinite,78,99
dovish,internation,15,7.018400843331045e-6,0,0,internationalization,159,101
dovish,interrelationship,15,7.018400843331045e-6,0,0,interrelationships,63,73
dovish,irrig,15,7.018400843331045e-6,0,0,irrigation,100,66
dovish,iter,15,7.018400843331045e-6,0,0,iterative,38,81
dovish,juan,15,7.018400843331045e-6,0,0,juan,83,64
dovish,ken,15,7.018400843331045e-6,0,0,ken,133,84
dovish,kiyohiko,15,7.018400843331045e-6,0,0,kiyohiko,97,50
dovish,knightian,15,7.018400843331045e-6,0,0,knightian,103,63
dovish,kydland,15,7.018400843331045e-6,0,0,kydland,127,75
dovish,latvia,15,7.018400843331045e-6,0,0,latvia,219,94
dovish,laureat,15,7.018400843331045e-6,0,0,laureate,96,112
dovish,learner,15,7.018400843331045e-6,0,0,learners,69,19
dovish,lien,15,7.018400843331045e-6,0,0,lien,110,66
dovish,like,15,7.018400843331045e-6,0,0,likes,65,72
dovish,mega,15,7.018400843331045e-6,0,0,mega,126,93
dovish,microstructur,15,7.018400843331045e-6,0,0,microstructure,95,64
dovish,minima,15,7.018400843331045e-6,0,0,minima,62,47
dovish,minnesota,15,7.018400843331045e-6,0,0,minnesota,53,37
dovish,misinterpret,15,7.018400843331045e-6,0,0,misinterpreted,62,123
dovish,moi,15,7.018400843331045e-6,0,0,moi,29,21
dovish,motto,15,7.018400843331045e-6,0,0,motto,254,181
dovish,muslim,15,7.018400843331045e-6,0,0,muslim,72,34
dovish,neft,15,7.018400843331045e-6,0,0,neft,134,57
dovish,noyer,15,7.018400843331045e-6,0,0,noyer,101,86
dovish,overemphas,15,7.018400843331045e-6,0,0,overemphasized,41,59
dovish,peculiar,15,7.018400843331045e-6,0,0,peculiar,101,172
dovish,phd,15,7.018400843331045e-6,0,0,phd,84,62
dovish,plane,15,7.018400843331045e-6,0,0,plane,68,77
dovish,presuppos,15,7.018400843331045e-6,0,0,presupposes,104,112
dovish,raj,15,7.018400843331045e-6,0,0,raj,61,47
dovish,redoubl,15,7.018400843331045e-6,0,0,redouble,76,92
dovish,reposit,15,7.018400843331045e-6,0,0,reposition,25,43
dovish,restat,15,7.018400843331045e-6,0,0,restate,34,107
dovish,revel,15,7.018400843331045e-6,0,0,revelations,48,83
dovish,revolution,15,7.018400843331045e-6,0,0,revolutionize,24,54
dovish,rewrit,15,7.018400843331045e-6,0,0,rewrite,30,49
dovish,rid,15,7.018400843331045e-6,0,0,rid,88,86
dovish,rumor,15,7.018400843331045e-6,0,0,rumors,54,53
dovish,saarc,15,7.018400843331045e-6,0,0,saarc,70,21
dovish,sba,15,7.018400843331045e-6,0,0,sba,83,28
dovish,scf,15,7.018400843331045e-6,0,0,scf,136,29
dovish,schwartz,15,7.018400843331045e-6,0,0,schwartz,215,84
dovish,scottish,15,7.018400843331045e-6,0,0,scottish,159,76
dovish,sentenc,15,7.018400843331045e-6,0,0,sentence,153,165
dovish,smoothen,15,7.018400843331045e-6,0,0,smoothen,72,95
dovish,steeper,15,7.018400843331045e-6,0,0,steeper,167,143
dovish,stumbl,15,7.018400843331045e-6,0,0,stumbling,42,63
dovish,suboptim,15,7.018400843331045e-6,0,0,suboptimal,115,101
dovish,unauthoris,15,7.018400843331045e-6,0,0,unauthorised,56,36
dovish,uneconom,15,7.018400843331045e-6,0,0,uneconomic,34,43
dovish,unjustifi,15,7.018400843331045e-6,0,0,unjustified,119,144
dovish,unproduct,15,7.018400843331045e-6,0,0,unproductive,130,118
dovish,upshot,15,7.018400843331045e-6,0,0,upshot,91,89
dovish,upstream,15,7.018400843331045e-6,0,0,upstream,91,78
dovish,work,15,7.018400843331045e-6,0,0,workings,166,155
dovish,zingal,15,7.018400843331045e-6,0,0,zingales,108,60
dovish,afflict,14,6.5505074537756425e-6,0,0,afflicted,66,107
dovish,aikman,14,6.5505074537756425e-6,0,0,aikman,140,57
dovish,arduous,14,6.5505074537756425e-6,0,0,arduous,82,78
dovish,barri,14,6.5505074537756425e-6,0,0,barry,124,98
dovish,bode,14,6.5505074537756425e-6,0,0,bode,53,96
dovish,bok,14,6.5505074537756425e-6,0,0,bok,167,57
dovish,bombay,14,6.5505074537756425e-6,0,0,bombay,69,41
dovish,borderless,14,6.5505074537756425e-6,0,0,borderless,35,30
dovish,bread,14,6.5505074537756425e-6,0,0,bread,114,65
dovish,bud,14,6.5505074537756425e-6,0,0,budding,34,67
dovish,carlo,14,6.5505074537756425e-6,0,0,carlos,100,120
dovish,cashier,14,6.5505074537756425e-6,0,0,cashier,68,63
dovish,cfa,14,6.5505074537756425e-6,0,0,cfa,144,80
dovish,christin,14,6.5505074537756425e-6,0,0,christine,172,158
dovish,clearest,14,6.5505074537756425e-6,0,0,clearest,100,98
dovish,clich,14,6.5505074537756425e-6,0,0,cliche,40,59
dovish,conced,14,6.5505074537756425e-6,0,0,concede,35,70
dovish,connolli,14,6.5505074537756425e-6,0,0,connolly,51,45
dovish,countless,14,6.5505074537756425e-6,0,0,countless,115,107
dovish,cryptoasset,14,6.5505074537756425e-6,0,0,cryptoassets,123,37
dovish,decomposit,14,6.5505074537756425e-6,0,0,decomposition,394,214
dovish,decre,14,6.5505074537756425e-6,0,0,decree,116,82
dovish,denial,14,6.5505074537756425e-6,0,0,denial,108,84
dovish,detach,14,6.5505074537756425e-6,0,0,detached,101,95
dovish,diamond,14,6.5505074537756425e-6,0,0,diamond,211,159
dovish,disciplinari,14,6.5505074537756425e-6,0,0,disciplinary,165,119
dovish,disentangl,14,6.5505074537756425e-6,0,0,disentangle,146,197
dovish,distributor,14,6.5505074537756425e-6,0,0,distributors,55,48
dovish,distrust,14,6.5505074537756425e-6,0,0,distrust,119,107
dovish,dog,14,6.5505074537756425e-6,0,0,dog,106,117
dovish,domino,14,6.5505074537756425e-6,0,0,domino,70,69
dovish,dose,14,6.5505074537756425e-6,0,0,dose,106,144
dovish,downplay,14,6.5505074537756425e-6,0,0,downplay,50,99
dovish,downstream,14,6.5505074537756425e-6,0,0,downstream,117,100
dovish,eb,14,6.5505074537756425e-6,0,0,ebbing,34,69
dovish,encapsul,14,6.5505074537756425e-6,0,0,encapsulated,52,95
dovish,erpb,14,6.5505074537756425e-6,0,0,erpb,91,21
dovish,exot,14,6.5505074537756425e-6,0,0,exotic,101,94
dovish,fedwir,14,6.5505074537756425e-6,0,0,fedwire,132,74
dovish,flatter,14,6.5505074537756425e-6,0,0,flatter,211,179
dovish,fratern,14,6.5505074537756425e-6,0,0,fraternity,51,56
dovish,fraught,14,6.5505074537756425e-6,0,0,fraught,181,170
dovish,gamut,14,6.5505074537756425e-6,0,0,gamut,87,83
dovish,giovannini,14,6.5505074537756425e-6,0,0,giovannini,90,61
dovish,gloomi,14,6.5505074537756425e-6,0,0,gloomy,138,120
dovish,greed,14,6.5505074537756425e-6,0,0,greed,92,68
dovish,guardian,14,6.5505074537756425e-6,0,0,guardian,95,134
dovish,gulf,14,6.5505074537756425e-6,0,0,gulf,207,133
dovish,habitat,14,6.5505074537756425e-6,0,0,habitat,101,68
dovish,handset,14,6.5505074537756425e-6,0,0,handsets,13,19
dovish,harri,14,6.5505074537756425e-6,0,0,harry,71,101
dovish,hfcs,14,6.5505074537756425e-6,0,0,hfcs,84,40
dovish,hint,14,6.5505074537756425e-6,0,0,hint,82,189
dovish,impoverish,14,6.5505074537756425e-6,0,0,impoverished,26,43
dovish,industrialist,14,6.5505074537756425e-6,0,0,industrialists,41,38
dovish,intersect,14,6.5505074537756425e-6,0,0,intersection,119,125
dovish,invert,14,6.5505074537756425e-6,0,0,inverted,156,135
dovish,laurel,14,6.5505074537756425e-6,0,0,laurels,58,58
dovish,leeladhar,14,6.5505074537756425e-6,0,0,leeladhar,52,28
dovish,lifelong,14,6.5505074537756425e-6,0,0,lifelong,119,101
dovish,longerterm,14,6.5505074537756425e-6,0,0,longerterm,160,152
dovish,luxuri,14,6.5505074537756425e-6,0,0,luxury,125,128
dovish,marcus,14,6.5505074537756425e-6,0,0,marcus,122,73
dovish,maria,14,6.5505074537756425e-6,0,0,maria,91,77
dovish,marriag,14,6.5505074537756425e-6,0,0,marriage,81,61
dovish,mess,14,6.5505074537756425e-6,0,0,mess,75,71
dovish,miller,14,6.5505074537756425e-6,0,0,miller,209,121
dovish,misconcept,14,6.5505074537756425e-6,0,0,misconceptions,79,113
dovish,misjudg,14,6.5505074537756425e-6,0,0,misjudged,36,104
dovish,monsoon,14,6.5505074537756425e-6,0,0,monsoon,159,108
dovish,monti,14,6.5505074537756425e-6,0,0,monti,59,38
dovish,munich,14,6.5505074537756425e-6,0,0,munich,106,73
dovish,nairu,14,6.5505074537756425e-6,0,0,nairu,1032,166
dovish,nearbi,14,6.5505074537756425e-6,0,0,nearby,66,64
dovish,nick,14,6.5505074537756425e-6,0,0,nick,153,127
dovish,obviat,14,6.5505074537756425e-6,0,0,obviate,65,107
dovish,outlier,14,6.5505074537756425e-6,0,0,outlier,99,130
dovish,overcam,14,6.5505074537756425e-6,0,0,overcame,54,50
dovish,pant,14,6.5505074537756425e-6,0,0,pant,41,38
dovish,percol,14,6.5505074537756425e-6,0,0,percolate,41,65
dovish,perth,14,6.5505074537756425e-6,0,0,perth,78,46
dovish,peydro,14,6.5505074537756425e-6,0,0,peydro,135,73
dovish,pharmaceut,14,6.5505074537756425e-6,0,0,pharmaceuticals,90,119
dovish,platinum,14,6.5505074537756425e-6,0,0,platinum,136,79
dovish,portugues,14,6.5505074537756425e-6,0,0,portuguese,97,64
dovish,proverbi,14,6.5505074537756425e-6,0,0,proverbial,69,70
dovish,purs,14,6.5505074537756425e-6,0,0,purse,69,78
dovish,rachel,14,6.5505074537756425e-6,0,0,rachel,193,113
dovish,raison,14,6.5505074537756425e-6,0,0,raison,78,87
dovish,redirect,14,6.5505074537756425e-6,0,0,redirect,56,120
dovish,referr,14,6.5505074537756425e-6,0,0,referral,46,30
dovish,renaiss,14,6.5505074537756425e-6,0,0,renaissance,78,43
dovish,resal,14,6.5505074537756425e-6,0,0,resale,80,77
dovish,richest,14,6.5505074537756425e-6,0,0,richest,84,62
dovish,rigour,14,6.5505074537756425e-6,0,0,rigour,120,115
dovish,rostagno,14,6.5505074537756425e-6,0,0,rostagno,188,104
dovish,sand,14,6.5505074537756425e-6,0,0,sand,64,94
dovish,saporta,14,6.5505074537756425e-6,0,0,saporta,82,56
dovish,sdr,14,6.5505074537756425e-6,0,0,sdr,232,85
dovish,serial,14,6.5505074537756425e-6,0,0,serial,72,74
dovish,shoe,14,6.5505074537756425e-6,0,0,shoes,66,70
dovish,sii,14,6.5505074537756425e-6,0,0,siis,27,21
dovish,sinha,14,6.5505074537756425e-6,0,0,sinha,73,44
dovish,statur,14,6.5505074537756425e-6,0,0,stature,75,67
dovish,stefan,14,6.5505074537756425e-6,0,0,stefan,53,45
dovish,stupid,14,6.5505074537756425e-6,0,0,stupid,34,34
dovish,styliz,14,6.5505074537756425e-6,0,0,stylized,138,87
dovish,sweeney,14,6.5505074537756425e-6,0,0,sweeney,34,14
dovish,swept,14,6.5505074537756425e-6,0,0,swept,80,76
dovish,synerg,14,6.5505074537756425e-6,0,0,synergize,21,42
dovish,tag,14,6.5505074537756425e-6,0,0,tag,27,51
dovish,tankan,14,6.5505074537756425e-6,0,0,tankan,732,284
dovish,technocrat,14,6.5505074537756425e-6,0,0,technocrats,49,70
dovish,thread,14,6.5505074537756425e-6,0,0,thread,85,101
dovish,tiff,14,6.5505074537756425e-6,0,0,tiff,200,112
dovish,transpos,14,6.5505074537756425e-6,0,0,transposed,57,81
dovish,ultra,14,6.5505074537756425e-6,0,0,ultra,155,124
dovish,unawar,14,6.5505074537756425e-6,0,0,unaware,84,95
dovish,underground,14,6.5505074537756425e-6,0,0,underground,99,73
dovish,underutil,14,6.5505074537756425e-6,0,0,underutilized,42,63
dovish,uneth,14,6.5505074537756425e-6,0,0,unethical,68,50
dovish,unimagin,14,6.5505074537756425e-6,0,0,unimaginable,63,80
dovish,unorganis,14,6.5505074537756425e-6,0,0,unorganised,63,47
dovish,unquestion,14,6.5505074537756425e-6,0,0,unquestionably,78,100
dovish,unravel,14,6.5505074537756425e-6,0,0,unravelling,69,143
dovish,vanguard,14,6.5505074537756425e-6,0,0,vanguard,62,57
dovish,vicki,14,6.5505074537756425e-6,0,0,vicky,46,34
dovish,ward,14,6.5505074537756425e-6,0,0,ward,117,126
dovish,weo,14,6.5505074537756425e-6,0,0,weo,266,161
dovish,wiley,14,6.5505074537756425e-6,0,0,wiley,101,85
dovish,worrisom,14,6.5505074537756425e-6,0,0,worrisome,204,185
dovish,abreast,13,6.082614064220239e-6,0,0,abreast,95,86
dovish,acquaint,13,6.082614064220239e-6,0,0,acquainted,37,63
dovish,agustin,13,6.082614064220239e-6,0,0,agustin,137,116
dovish,appel,13,6.082614064220239e-6,0,0,appellate,27,20
dovish,assimil,13,6.082614064220239e-6,0,0,assimilate,34,79
dovish,attenu,13,6.082614064220239e-6,0,0,attenuated,81,159
dovish,banquet,13,6.082614064220239e-6,0,0,banquet,75,67
dovish,beg,13,6.082614064220239e-6,0,0,begs,91,133
dovish,bidder,13,6.082614064220239e-6,0,0,bidders,72,50
dovish,bimal,13,6.082614064220239e-6,0,0,bimal,58,48
dovish,bird,13,6.082614064220239e-6,0,0,birds,44,56
dovish,bocconi,13,6.082614064220239e-6,0,0,bocconi,52,36
dovish,boil,13,6.082614064220239e-6,0,0,boils,51,92
dovish,bull,13,6.082614064220239e-6,0,0,bull,91,73
dovish,buoy,13,6.082614064220239e-6,0,0,buoyed,86,115
dovish,bush,13,6.082614064220239e-6,0,0,bush,92,81
dovish,bypass,13,6.082614064220239e-6,0,0,bypass,56,90
dovish,caballero,13,6.082614064220239e-6,0,0,caballero,191,100
dovish,catalyt,13,6.082614064220239e-6,0,0,catalytic,88,76
dovish,cfs,13,6.082614064220239e-6,0,0,cfs,86,45
dovish,cftc,13,6.082614064220239e-6,0,0,cftc,114,55
dovish,chariti,13,6.082614064220239e-6,0,0,charity,78,74
dovish,chiang,13,6.082614064220239e-6,0,0,chiang,87,73
dovish,civilis,13,6.082614064220239e-6,0,0,civilisation,37,54
dovish,concession,13,6.082614064220239e-6,0,0,concessional,121,65
dovish,concis,13,6.082614064220239e-6,0,0,concise,66,81
dovish,continuum,13,6.082614064220239e-6,0,0,continuum,76,63
dovish,crawl,13,6.082614064220239e-6,0,0,crawling,44,43
dovish,culprit,13,6.082614064220239e-6,0,0,culprit,47,59
dovish,danthin,13,6.082614064220239e-6,0,0,danthine,112,61
dovish,defect,13,6.082614064220239e-6,0,0,defects,37,60
dovish,deliver,13,6.082614064220239e-6,0,0,deliverable,68,87
dovish,desper,13,6.082614064220239e-6,0,0,desperate,52,83
dovish,devolv,13,6.082614064220239e-6,0,0,devolve,20,50
dovish,dictionari,13,6.082614064220239e-6,0,0,dictionary,99,85
dovish,dire,13,6.082614064220239e-6,0,0,dire,141,134
dovish,discard,13,6.082614064220239e-6,0,0,discarded,65,96
dovish,dump,13,6.082614064220239e-6,0,0,dumping,44,63
dovish,elit,13,6.082614064220239e-6,0,0,elite,67,77
dovish,endless,13,6.082614064220239e-6,0,0,endless,90,102
dovish,engulf,13,6.082614064220239e-6,0,0,engulfed,55,73
dovish,enjoin,13,6.082614064220239e-6,0,0,enjoined,23,47
dovish,entireti,13,6.082614064220239e-6,0,0,entirety,87,83
dovish,enunci,13,6.082614064220239e-6,0,0,enunciated,55,79
dovish,existenti,13,6.082614064220239e-6,0,0,existential,78,68
dovish,finger,13,6.082614064220239e-6,0,0,finger,51,73
dovish,fool,13,6.082614064220239e-6,0,0,fool,48,74
dovish,footbal,13,6.082614064220239e-6,0,0,football,94,56
dovish,fsi,13,6.082614064220239e-6,0,0,fsi,44,27
dovish,fur,13,6.082614064220239e-6,0,0,fur,184,122
dovish,gazi,13,6.082614064220239e-6,0,0,gazi,46,45
dovish,gentl,13,6.082614064220239e-6,0,0,gentle,60,99
dovish,graham,13,6.082614064220239e-6,0,0,graham,53,55
dovish,grandfath,13,6.082614064220239e-6,0,0,grandfather,45,51
dovish,graphic,13,6.082614064220239e-6,0,0,graphic,51,114
dovish,group,13,6.082614064220239e-6,0,0,groupings,103,90
dovish,hamburg,13,6.082614064220239e-6,0,0,hamburg,74,51
dovish,heartfelt,13,6.082614064220239e-6,0,0,heartfelt,86,86
dovish,honesti,13,6.082614064220239e-6,0,0,honesty,72,60
dovish,imprecis,13,6.082614064220239e-6,0,0,imprecise,109,142
dovish,indulg,13,6.082614064220239e-6,0,0,indulge,46,96
dovish,innat,13,6.082614064220239e-6,0,0,innate,46,48
dovish,institutionalis,13,6.082614064220239e-6,0,0,institutionalised,49,93
dovish,insurmount,13,6.082614064220239e-6,0,0,insurmountable,94,91
dovish,intrigu,13,6.082614064220239e-6,0,0,intriguing,99,118
dovish,invas,13,6.082614064220239e-6,0,0,invasion,377,238
dovish,lanka,13,6.082614064220239e-6,0,0,lanka,127,62
dovish,liscc,13,6.082614064220239e-6,0,0,liscc,128,24
dovish,localis,13,6.082614064220239e-6,0,0,localised,105,95
dovish,luci,13,6.082614064220239e-6,0,0,luci,27,30
dovish,manchest,13,6.082614064220239e-6,0,0,manchester,125,74
dovish,mania,13,6.082614064220239e-6,0,0,manias,50,65
dovish,marco,13,6.082614064220239e-6,0,0,marco,110,115
dovish,mauro,13,6.082614064220239e-6,0,0,mauro,115,81
dovish,michigan,13,6.082614064220239e-6,0,0,michigan,199,128
dovish,mohanti,13,6.082614064220239e-6,0,0,mohanty,175,90
dovish,morri,13,6.082614064220239e-6,0,0,morris,139,76
dovish,movi,13,6.082614064220239e-6,0,0,movie,64,62
dovish,muscl,13,6.082614064220239e-6,0,0,muscle,24,19
dovish,mysteri,13,6.082614064220239e-6,0,0,mystery,78,102
dovish,nationalbank,13,6.082614064220239e-6,0,0,nationalbank,149,104
dovish,nichola,13,6.082614064220239e-6,0,0,nicholas,134,88
dovish,nimbl,13,6.082614064220239e-6,0,0,nimble,153,152
dovish,nonstandard,13,6.082614064220239e-6,0,0,nonstandard,76,68
dovish,omiss,13,6.082614064220239e-6,0,0,omissions,49,85
dovish,parcel,13,6.082614064220239e-6,0,0,parcel,66,73
dovish,plethora,13,6.082614064220239e-6,0,0,plethora,94,90
dovish,portabl,13,6.082614064220239e-6,0,0,portability,61,76
dovish,preemptiv,13,6.082614064220239e-6,0,0,preemptive,223,195
dovish,presidenti,13,6.082614064220239e-6,0,0,presidential,232,175
dovish,printer,13,6.082614064220239e-6,0,0,printers,24,32
dovish,priori,13,6.082614064220239e-6,0,0,priori,97,90
dovish,psl,13,6.082614064220239e-6,0,0,psl,69,24
dovish,refresh,13,6.082614064220239e-6,0,0,refreshing,34,80
dovish,reg,13,6.082614064220239e-6,0,0,reg,46,30
dovish,religion,13,6.082614064220239e-6,0,0,religion,53,56
dovish,resign,13,6.082614064220239e-6,0,0,resignation,46,81
dovish,rob,13,6.082614064220239e-6,0,0,rob,55,72
dovish,roman,13,6.082614064220239e-6,0,0,roman,100,89
dovish,scrambl,13,6.082614064220239e-6,0,0,scramble,48,94
dovish,seizur,13,6.082614064220239e-6,0,0,seizure,64,64
dovish,sensitis,13,6.082614064220239e-6,0,0,sensitising,26,56
dovish,shaken,13,6.082614064220239e-6,0,0,shaken,148,143
dovish,shaktikanta,13,6.082614064220239e-6,0,0,shaktikanta,118,72
dovish,sharma,13,6.082614064220239e-6,0,0,sharma,77,59
dovish,sleep,13,6.082614064220239e-6,0,0,sleep,56,92
dovish,soul,13,6.082614064220239e-6,0,0,soul,59,64
dovish,spontan,13,6.082614064220239e-6,0,0,spontaneous,65,99
dovish,steal,13,6.082614064220239e-6,0,0,steal,32,45
dovish,strenuous,13,6.082614064220239e-6,0,0,strenuous,75,76
dovish,superintend,13,6.082614064220239e-6,0,0,superintendent,92,77
dovish,surmount,13,6.082614064220239e-6,0,0,surmount,22,45
dovish,sverig,13,6.082614064220239e-6,0,0,sveriges,116,81
dovish,symmetri,13,6.082614064220239e-6,0,0,symmetry,106,88
dovish,tenant,13,6.082614064220239e-6,0,0,tenants,50,55
dovish,thesi,13,6.082614064220239e-6,0,0,thesis,139,105
dovish,thinker,13,6.082614064220239e-6,0,0,thinkers,51,64
dovish,thumb,13,6.082614064220239e-6,0,0,thumb,170,119
dovish,thwart,13,6.082614064220239e-6,0,0,thwart,52,89
dovish,tltros,13,6.082614064220239e-6,0,0,tltros,327,129
dovish,ton,13,6.082614064220239e-6,0,0,tons,48,56
dovish,tread,13,6.082614064220239e-6,0,0,tread,61,88
dovish,unab,13,6.082614064220239e-6,0,0,unabated,73,73
dovish,unbalanc,13,6.082614064220239e-6,0,0,unbalanced,143,129
dovish,uncondit,13,6.082614064220239e-6,0,0,unconditional,183,156
dovish,undercapit,13,6.082614064220239e-6,0,0,undercapitalized,60,56
dovish,underpr,13,6.082614064220239e-6,0,0,underpricing,114,127
dovish,unencumb,13,6.082614064220239e-6,0,0,unencumbered,65,61
dovish,unhelp,13,6.082614064220239e-6,0,0,unhelpful,92,89
dovish,unpleas,13,6.082614064220239e-6,0,0,unpleasant,107,100
dovish,unrest,13,6.082614064220239e-6,0,0,unrest,166,129
dovish,vernacular,13,6.082614064220239e-6,0,0,vernacular,33,26
dovish,versatil,13,6.082614064220239e-6,0,0,versatile,45,58
dovish,vindic,13,6.082614064220239e-6,0,0,vindicated,52,81
dovish,vintag,13,6.082614064220239e-6,0,0,vintage,96,113
dovish,vix,13,6.082614064220239e-6,0,0,vix,120,72
dovish,waiv,13,6.082614064220239e-6,0,0,waived,32,61
dovish,weber,13,6.082614064220239e-6,0,0,weber,138,83
dovish,wholeheart,13,6.082614064220239e-6,0,0,wholeheartedly,45,57
dovish,wipe,13,6.082614064220239e-6,0,0,wiped,88,136
dovish,aberr,12,5.614720674664836e-6,0,0,aberration,45,67
dovish,abound,12,5.614720674664836e-6,0,0,abound,57,73
dovish,acced,12,5.614720674664836e-6,0,0,acceding,246,65
dovish,acqui,12,5.614720674664836e-6,0,0,acquis,70,53
dovish,antitrust,12,5.614720674664836e-6,0,0,antitrust,126,53
dovish,awe,12,5.614720674664836e-6,0,0,awe,209,76
dovish,baldwin,12,5.614720674664836e-6,0,0,baldwin,108,66
dovish,bangalor,12,5.614720674664836e-6,0,0,bangalore,82,57
dovish,bay,12,5.614720674664836e-6,0,0,bay,101,82
dovish,bcp,12,5.614720674664836e-6,0,0,bcp,42,20
dovish,bindseil,12,5.614720674664836e-6,0,0,bindseil,49,32
dovish,bitter,12,5.614720674664836e-6,0,0,bitter,101,108
dovish,bliley,12,5.614720674664836e-6,0,0,bliley,166,78
dovish,bottl,12,5.614720674664836e-6,0,0,bottle,45,63
dovish,bumpi,12,5.614720674664836e-6,0,0,bumpy,121,121
dovish,businessmen,12,5.614720674664836e-6,0,0,businessmen,72,62
dovish,buyback,12,5.614720674664836e-6,0,0,buybacks,59,84
dovish,causat,12,5.614720674664836e-6,0,0,causation,103,89
dovish,cblo,12,5.614720674664836e-6,0,0,cblo,68,32
dovish,cdcs,12,5.614720674664836e-6,0,0,cdcs,42,14
dovish,cereal,12,5.614720674664836e-6,0,0,cereals,96,62
dovish,cfr,12,5.614720674664836e-6,0,0,cfr,93,33
dovish,cheat,12,5.614720674664836e-6,0,0,cheat,26,32
dovish,coach,12,5.614720674664836e-6,0,0,coaching,33,42
dovish,collin,12,5.614720674664836e-6,0,0,collins,87,60
dovish,colloquium,12,5.614720674664836e-6,0,0,colloquium,106,73
dovish,condemn,12,5.614720674664836e-6,0,0,condemned,42,80
dovish,confluenc,12,5.614720674664836e-6,0,0,confluence,124,106
dovish,conjectur,12,5.614720674664836e-6,0,0,conjecture,105,156
dovish,conservat,12,5.614720674664836e-6,0,0,conservatism,69,58
dovish,conson,12,5.614720674664836e-6,0,0,consonance,62,68
dovish,contagi,12,5.614720674664836e-6,0,0,contagious,135,107
dovish,cook,12,5.614720674664836e-6,0,0,cook,90,83
dovish,copper,12,5.614720674664836e-6,0,0,copper,138,112
dovish,cricket,12,5.614720674664836e-6,0,0,cricket,61,35
dovish,deck,12,5.614720674664836e-6,0,0,deck,23,18
dovish,delta,12,5.614720674664836e-6,0,0,delta,201,86
dovish,democratis,12,5.614720674664836e-6,0,0,democratisation,21,26
dovish,digress,12,5.614720674664836e-6,0,0,digression,41,66
dovish,disintegr,12,5.614720674664836e-6,0,0,disintegration,35,45
dovish,doom,12,5.614720674664836e-6,0,0,doom,91,114
dovish,dormant,12,5.614720674664836e-6,0,0,dormant,59,57
dovish,dougla,12,5.614720674664836e-6,0,0,douglas,198,143
dovish,dress,12,5.614720674664836e-6,0,0,dress,27,57
dovish,dust,12,5.614720674664836e-6,0,0,dust,58,59
dovish,efc,12,5.614720674664836e-6,0,0,efc,34,19
dovish,enquiri,12,5.614720674664836e-6,0,0,enquiry,103,121
dovish,eurex,12,5.614720674664836e-6,0,0,eurex,53,31
dovish,excis,12,5.614720674664836e-6,0,0,excise,88,65
dovish,expedi,12,5.614720674664836e-6,0,0,expedient,51,88
dovish,fatigu,12,5.614720674664836e-6,0,0,fatigue,68,56
dovish,ffiec,12,5.614720674664836e-6,0,0,ffiec,115,43
dovish,film,12,5.614720674664836e-6,0,0,film,100,95
dovish,foregon,12,5.614720674664836e-6,0,0,foregone,85,79
dovish,fortnight,12,5.614720674664836e-6,0,0,fortnight,86,91
dovish,fourteen,12,5.614720674664836e-6,0,0,fourteen,79,69
dovish,fps,12,5.614720674664836e-6,0,0,fps,60,26
dovish,franci,12,5.614720674664836e-6,0,0,francis,103,79
dovish,garcia,12,5.614720674664836e-6,0,0,garcia,136,99
dovish,girl,12,5.614720674664836e-6,0,0,girls,51,44
dovish,gramm,12,5.614720674664836e-6,0,0,gramm,165,82
dovish,haan,12,5.614720674664836e-6,0,0,haan,60,38
dovish,hemispher,12,5.614720674664836e-6,0,0,hemisphere,98,58
dovish,herbert,12,5.614720674664836e-6,0,0,herbert,55,42
dovish,indiscrimin,12,5.614720674664836e-6,0,0,indiscriminate,40,69
dovish,ing,12,5.614720674664836e-6,0,0,ing,75,54
dovish,invalid,12,5.614720674664836e-6,0,0,invalidate,18,55
dovish,ipcc,12,5.614720674664836e-6,0,0,ipcc,69,33
dovish,javier,12,5.614720674664836e-6,0,0,javier,129,108
dovish,junk,12,5.614720674664836e-6,0,0,junk,91,70
dovish,juxtapos,12,5.614720674664836e-6,0,0,juxtaposed,40,50
dovish,kccs,12,5.614720674664836e-6,0,0,kccs,40,28
dovish,kit,12,5.614720674664836e-6,0,0,kit,113,116
dovish,knight,12,5.614720674664836e-6,0,0,knight,95,66
dovish,larosier,12,5.614720674664836e-6,0,0,larosiere,95,62
dovish,latent,12,5.614720674664836e-6,0,0,latent,177,149
dovish,leach,12,5.614720674664836e-6,0,0,leach,173,85
dovish,liang,12,5.614720674664836e-6,0,0,liang,114,79
dovish,looser,12,5.614720674664836e-6,0,0,looser,277,204
dovish,lucki,12,5.614720674664836e-6,0,0,lucky,127,110
dovish,macklem,12,5.614720674664836e-6,0,0,macklem,188,108
dovish,macroeconomist,12,5.614720674664836e-6,0,0,macroeconomists,98,99
dovish,mainstay,12,5.614720674664836e-6,0,0,mainstay,87,90
dovish,ministeri,12,5.614720674664836e-6,0,0,ministerial,83,49
dovish,mispercept,12,5.614720674664836e-6,0,0,misperceptions,90,115
dovish,missouri,12,5.614720674664836e-6,0,0,missouri,98,85
dovish,mor,12,5.614720674664836e-6,0,0,mor,38,24
dovish,myopic,12,5.614720674664836e-6,0,0,myopic,75,61
dovish,nachiket,12,5.614720674664836e-6,0,0,nachiket,34,23
dovish,nederlandsch,12,5.614720674664836e-6,0,0,nederlandsche,117,82
dovish,nigeria,12,5.614720674664836e-6,0,0,nigeria,82,63
dovish,nip,12,5.614720674664836e-6,0,0,nip,22,36
dovish,oft,12,5.614720674664836e-6,0,0,oft,88,79
dovish,opportunist,12,5.614720674664836e-6,0,0,opportunistic,72,76
dovish,overburden,12,5.614720674664836e-6,0,0,overburdened,50,80
dovish,painstak,12,5.614720674664836e-6,0,0,painstaking,43,71
dovish,passeng,12,5.614720674664836e-6,0,0,passenger,88,82
dovish,patch,12,5.614720674664836e-6,0,0,patch,98,92
dovish,patel,12,5.614720674664836e-6,0,0,patel,145,78
dovish,postal,12,5.614720674664836e-6,0,0,postal,126,89
dovish,postul,12,5.614720674664836e-6,0,0,postulate,38,77
dovish,prc,12,5.614720674664836e-6,0,0,prc,82,42
dovish,preambl,12,5.614720674664836e-6,0,0,preamble,115,90
dovish,precari,12,5.614720674664836e-6,0,0,precarious,119,122
dovish,princ,12,5.614720674664836e-6,0,0,prince,113,80
dovish,rectif,12,5.614720674664836e-6,0,0,rectification,36,30
dovish,regtech,12,5.614720674664836e-6,0,0,regtech,39,20
dovish,reintegr,12,5.614720674664836e-6,0,0,reintegration,39,61
dovish,reinvigor,12,5.614720674664836e-6,0,0,reinvigorate,44,66
dovish,relentless,12,5.614720674664836e-6,0,0,relentless,89,120
dovish,reminisc,12,5.614720674664836e-6,0,0,reminiscent,83,97
dovish,repress,12,5.614720674664836e-6,0,0,repression,137,107
dovish,retriev,12,5.614720674664836e-6,0,0,retrieved,70,70
dovish,riskless,12,5.614720674664836e-6,0,0,riskless,104,78
dovish,robo,12,5.614720674664836e-6,0,0,robo,34,25
dovish,runnabl,12,5.614720674664836e-6,0,0,runnable,40,24
dovish,safest,12,5.614720674664836e-6,0,0,safest,112,102
dovish,salmon,12,5.614720674664836e-6,0,0,salmon,102,63
dovish,sanchez,12,5.614720674664836e-6,0,0,sanchez,159,103
dovish,scapegoat,12,5.614720674664836e-6,0,0,scapegoat,36,36
dovish,seldom,12,5.614720674664836e-6,0,0,seldom,119,112
dovish,sen,12,5.614720674664836e-6,0,0,sen,63,41
dovish,serious,12,5.614720674664836e-6,0,0,seriousness,114,105
dovish,shoot,12,5.614720674664836e-6,0,0,shoots,66,108
dovish,shrank,12,5.614720674664836e-6,0,0,shrank,114,109
dovish,sine,12,5.614720674664836e-6,0,0,sine,107,102
dovish,smarter,12,5.614720674664836e-6,0,0,smarter,49,46
dovish,smet,12,5.614720674664836e-6,0,0,smets,249,133
dovish,sms,12,5.614720674664836e-6,0,0,sms,42,27
dovish,spei,12,5.614720674664836e-6,0,0,spei,66,26
dovish,superfici,12,5.614720674664836e-6,0,0,superficial,62,87
dovish,supra,12,5.614720674664836e-6,0,0,supra,51,48
dovish,swan,12,5.614720674664836e-6,0,0,swan,95,66
dovish,syndrom,12,5.614720674664836e-6,0,0,syndrome,88,79
dovish,synonym,12,5.614720674664836e-6,0,0,synonymous,91,106
dovish,takeaway,12,5.614720674664836e-6,0,0,takeaways,70,80
dovish,teenag,12,5.614720674664836e-6,0,0,teenagers,34,54
dovish,termism,12,5.614720674664836e-6,0,0,termism,174,91
dovish,tick,12,5.614720674664836e-6,0,0,ticked,58,149
dovish,tobin,12,5.614720674664836e-6,0,0,tobin,160,74
dovish,torr,12,5.614720674664836e-6,0,0,torres,70,73
dovish,tricki,12,5.614720674664836e-6,0,0,tricky,110,103
dovish,turner,12,5.614720674664836e-6,0,0,turner,251,101
dovish,uncontrol,12,5.614720674664836e-6,0,0,uncontrolled,61,105
dovish,uncontroversi,12,5.614720674664836e-6,0,0,uncontroversial,56,53
dovish,unelect,12,5.614720674664836e-6,0,0,unelected,79,60
dovish,unregist,12,5.614720674664836e-6,0,0,unregistered,44,27
dovish,valedictori,12,5.614720674664836e-6,0,0,valedictory,75,46
dovish,verdict,12,5.614720674664836e-6,0,0,verdict,71,67
dovish,weapon,12,5.614720674664836e-6,0,0,weapon,56,91
dovish,wheat,12,5.614720674664836e-6,0,0,wheat,259,142
dovish,widest,12,5.614720674664836e-6,0,0,widest,76,76
dovish,wolf,12,5.614720674664836e-6,0,0,wolf,117,82
dovish,activist,11,5.1468272851094335e-6,0,0,activist,221,166
dovish,adag,11,5.1468272851094335e-6,0,0,adage,81,78
dovish,affluent,11,5.1468272851094335e-6,0,0,affluent,65,54
dovish,alastair,11,5.1468272851094335e-6,0,0,alastair,34,27
dovish,amortis,11,5.1468272851094335e-6,0,0,amortised,44,53
dovish,ampli,11,5.1468272851094335e-6,0,0,amply,117,115
dovish,andr,11,5.1468272851094335e-6,0,0,andre,47,68
dovish,arcan,11,5.1468272851094335e-6,0,0,arcane,57,51
dovish,arlington,11,5.1468272851094335e-6,0,0,arlington,36,35
dovish,arous,11,5.1468272851094335e-6,0,0,aroused,29,62
dovish,attun,11,5.1468272851094335e-6,0,0,attuned,79,81
dovish,baltic,11,5.1468272851094335e-6,0,0,baltic,125,62
dovish,baltimor,11,5.1468272851094335e-6,0,0,baltimore,57,25
dovish,beneath,11,5.1468272851094335e-6,0,0,beneath,119,108
dovish,bipartisan,11,5.1468272851094335e-6,0,0,bipartisan,55,48
dovish,broadcast,11,5.1468272851094335e-6,0,0,broadcast,65,91
dovish,buffet,11,5.1468272851094335e-6,0,0,buffeted,113,158
dovish,bullock,11,5.1468272851094335e-6,0,0,bullock,44,33
dovish,cao,11,5.1468272851094335e-6,0,0,cao,27,21
dovish,carl,11,5.1468272851094335e-6,0,0,carl,66,52
dovish,casual,11,5.1468272851094335e-6,0,0,casual,66,68
dovish,categoris,11,5.1468272851094335e-6,0,0,categorised,47,90
dovish,chairmen,11,5.1468272851094335e-6,0,0,chairmen,73,59
dovish,chest,11,5.1468272851094335e-6,0,0,chest,31,40
dovish,chilean,11,5.1468272851094335e-6,0,0,chilean,58,40
dovish,chunk,11,5.1468272851094335e-6,0,0,chunk,67,68
dovish,churchil,11,5.1468272851094335e-6,0,0,churchill,95,57
dovish,cme,11,5.1468272851094335e-6,0,0,cme,99,38
dovish,coloni,11,5.1468272851094335e-6,0,0,colonial,74,93
dovish,colorado,11,5.1468272851094335e-6,0,0,colorado,52,35
dovish,conscienti,11,5.1468272851094335e-6,0,0,conscientiously,20,31
dovish,contamin,11,5.1468272851094335e-6,0,0,contamination,52,101
dovish,contenti,11,5.1468272851094335e-6,0,0,contentious,138,132
dovish,cri,11,5.1468272851094335e-6,0,0,cry,54,84
dovish,dave,11,5.1468272851094335e-6,0,0,dave,107,93
dovish,deepali,11,5.1468272851094335e-6,0,0,deepali,37,20
dovish,degrad,11,5.1468272851094335e-6,0,0,degradation,111,100
dovish,digest,11,5.1468272851094335e-6,0,0,digest,72,111
dovish,discomfort,11,5.1468272851094335e-6,0,0,discomfort,73,76
dovish,disguis,11,5.1468272851094335e-6,0,0,disguised,52,104
dovish,dissimilar,11,5.1468272851094335e-6,0,0,dissimilar,89,92
dovish,dubious,11,5.1468272851094335e-6,0,0,dubious,126,96
dovish,dwarf,11,5.1468272851094335e-6,0,0,dwarfed,43,99
dovish,earmark,11,5.1468272851094335e-6,0,0,earmarked,57,73
dovish,ecbat,11,5.1468272851094335e-6,0,0,ecbat,96,96
dovish,eclips,11,5.1468272851094335e-6,0,0,eclipse,22,32
dovish,elvira,11,5.1468272851094335e-6,0,0,elvira,988,138
dovish,exchequ,11,5.1468272851094335e-6,0,0,exchequer,143,119
dovish,explanatori,11,5.1468272851094335e-6,0,0,explanatory,209,161
dovish,exposit,11,5.1468272851094335e-6,0,0,exposition,110,121
dovish,expressli,11,5.1468272851094335e-6,0,0,expressly,87,80
dovish,faci,11,5.1468272851094335e-6,0,0,facie,67,63
dovish,fend,11,5.1468272851094335e-6,0,0,fend,43,64
dovish,fiction,11,5.1468272851094335e-6,0,0,fiction,66,61
dovish,fii,11,5.1468272851094335e-6,0,0,fiis,152,96
dovish,flcs,11,5.1468272851094335e-6,0,0,flcs,37,16
dovish,fluid,11,5.1468272851094335e-6,0,0,fluid,82,78
dovish,flux,11,5.1468272851094335e-6,0,0,flux,68,65
dovish,fratzscher,11,5.1468272851094335e-6,0,0,fratzscher,141,68
dovish,fraudster,11,5.1468272851094335e-6,0,0,fraudsters,72,41
dovish,fscs,11,5.1468272851094335e-6,0,0,fscs,52,20
dovish,gabriel,11,5.1468272851094335e-6,0,0,gabriel,39,41
dovish,genius,11,5.1468272851094335e-6,0,0,genius,49,43
dovish,gnpa,11,5.1468272851094335e-6,0,0,gnpa,29,20
dovish,gray,11,5.1468272851094335e-6,0,0,gray,82,57
dovish,greet,11,5.1468272851094335e-6,0,0,greet,48,85
dovish,gridlock,11,5.1468272851094335e-6,0,0,gridlock,52,48
dovish,guindo,11,5.1468272851094335e-6,0,0,guindos,121,101
dovish,helen,11,5.1468272851094335e-6,0,0,helene,55,73
dovish,helsinki,11,5.1468272851094335e-6,0,0,helsinki,89,66
dovish,henceforth,11,5.1468272851094335e-6,0,0,henceforth,84,78
dovish,holland,11,5.1468272851094335e-6,0,0,holland,119,108
dovish,howitt,11,5.1468272851094335e-6,0,0,howitt,27,17
dovish,icici,11,5.1468272851094335e-6,0,0,icici,65,34
dovish,iea,11,5.1468272851094335e-6,0,0,iea,75,40
dovish,ignit,11,5.1468272851094335e-6,0,0,ignited,41,98
dovish,imfc,11,5.1468272851094335e-6,0,0,imfc,98,57
dovish,immers,11,5.1468272851094335e-6,0,0,immersed,40,50
dovish,infrequ,11,5.1468272851094335e-6,0,0,infrequent,74,125
dovish,intraregion,11,5.1468272851094335e-6,0,0,intraregional,34,23
dovish,introspect,11,5.1468272851094335e-6,0,0,introspection,55,75
dovish,joshi,11,5.1468272851094335e-6,0,0,joshi,61,33
dovish,joy,11,5.1468272851094335e-6,0,0,joy,51,60
dovish,jung,11,5.1468272851094335e-6,0,0,jung,54,45
dovish,kerala,11,5.1468272851094335e-6,0,0,kerala,67,40
dovish,larri,11,5.1468272851094335e-6,0,0,larry,123,108
dovish,laudabl,11,5.1468272851094335e-6,0,0,laudable,62,61
dovish,leon,11,5.1468272851094335e-6,0,0,leon,111,97
dovish,lull,11,5.1468272851094335e-6,0,0,lull,57,105
dovish,magnet,11,5.1468272851094335e-6,0,0,magnetic,59,60
dovish,mainland,11,5.1468272851094335e-6,0,0,mainland,155,56
dovish,malta,11,5.1468272851094335e-6,0,0,malta,157,88
dovish,mechanist,11,5.1468272851094335e-6,0,0,mechanistic,112,125
dovish,mend,11,5.1468272851094335e-6,0,0,mendes,54,82
dovish,merci,11,5.1468272851094335e-6,0,0,mercy,69,84
dovish,mismanag,11,5.1468272851094335e-6,0,0,mismanagement,68,74
dovish,monopolist,11,5.1468272851094335e-6,0,0,monopolistic,78,75
dovish,nonresidenti,11,5.1468272851094335e-6,0,0,nonresidential,127,98
dovish,normat,11,5.1468272851094335e-6,0,0,normative,118,96
dovish,oesterreichisch,11,5.1468272851094335e-6,0,0,oesterreichische,99,81
dovish,ongena,11,5.1468272851094335e-6,0,0,ongena,77,55
dovish,oversuppli,11,5.1468272851094335e-6,0,0,oversupply,48,50
dovish,overtim,11,5.1468272851094335e-6,0,0,overtime,83,76
dovish,overturn,11,5.1468272851094335e-6,0,0,overturned,25,51
dovish,paperwork,11,5.1468272851094335e-6,0,0,paperwork,76,57
dovish,paye,11,5.1468272851094335e-6,0,0,payee,62,52
dovish,pole,11,5.1468272851094335e-6,0,0,poles,47,65
dovish,postcrisi,11,5.1468272851094335e-6,0,0,postcrisis,63,59
dovish,poster,11,5.1468272851094335e-6,0,0,posters,25,43
dovish,pradhan,11,5.1468272851094335e-6,0,0,pradhan,74,47
dovish,preannounc,11,5.1468272851094335e-6,0,0,preannounced,34,41
dovish,predat,11,5.1468272851094335e-6,0,0,predates,24,72
dovish,preoccup,11,5.1468272851094335e-6,0,0,preoccupation,58,74
dovish,preoccupi,11,5.1468272851094335e-6,0,0,preoccupied,60,72
dovish,prima,11,5.1468272851094335e-6,0,0,prima,73,69
dovish,primaci,11,5.1468272851094335e-6,0,0,primacy,200,145
dovish,qua,11,5.1468272851094335e-6,0,0,qua,108,104
dovish,raskin,11,5.1468272851094335e-6,0,0,raskin,107,75
dovish,reabsorb,11,5.1468272851094335e-6,0,0,reabsorbed,51,64
dovish,reunif,11,5.1468272851094335e-6,0,0,reunification,105,84
dovish,revolutionis,11,5.1468272851094335e-6,0,0,revolutionised,31,69
dovish,robin,11,5.1468272851094335e-6,0,0,robin,75,66
dovish,rompuy,11,5.1468272851094335e-6,0,0,rompuy,66,53
dovish,rosi,11,5.1468272851094335e-6,0,0,rosy,52,52
dovish,santo,11,5.1468272851094335e-6,0,0,santos,43,34
dovish,sargent,11,5.1468272851094335e-6,0,0,sargent,189,99
dovish,savvi,11,5.1468272851094335e-6,0,0,savvy,71,65
dovish,seal,11,5.1468272851094335e-6,0,0,seal,32,59
dovish,shatter,11,5.1468272851094335e-6,0,0,shattered,54,67
dovish,sikkim,11,5.1468272851094335e-6,0,0,sikkim,29,20
dovish,silicon,11,5.1468272851094335e-6,0,0,silicon,157,107
dovish,sore,11,5.1468272851094335e-6,0,0,sorely,26,34
dovish,spin,11,5.1468272851094335e-6,0,0,spin,61,73
dovish,sponsorship,11,5.1468272851094335e-6,0,0,sponsorship,44,37
dovish,succumb,11,5.1468272851094335e-6,0,0,succumb,40,78
dovish,sugar,11,5.1468272851094335e-6,0,0,sugar,85,61
dovish,suspicion,11,5.1468272851094335e-6,0,0,suspicion,134,150
dovish,susten,11,5.1468272851094335e-6,0,0,sustenance,51,43
dovish,sympathi,11,5.1468272851094335e-6,0,0,sympathy,110,108
dovish,thirteen,11,5.1468272851094335e-6,0,0,thirteen,104,90
dovish,tire,11,5.1468272851094335e-6,0,0,tired,29,56
dovish,unansw,11,5.1468272851094335e-6,0,0,unanswered,63,60
dovish,uncoordin,11,5.1468272851094335e-6,0,0,uncoordinated,58,53
dovish,underprivileg,11,5.1468272851094335e-6,0,0,underprivileged,55,45
dovish,underwritten,11,5.1468272851094335e-6,0,0,underwritten,107,85
dovish,undisput,11,5.1468272851094335e-6,0,0,undisputed,74,85
dovish,unhealthi,11,5.1468272851094335e-6,0,0,unhealthy,119,99
dovish,unorgan,11,5.1468272851094335e-6,0,0,unorganized,50,35
dovish,usuri,11,5.1468272851094335e-6,0,0,usurious,38,53
dovish,vantag,11,5.1468272851094335e-6,0,0,vantage,87,83
dovish,violenc,11,5.1468272851094335e-6,0,0,violence,80,58
dovish,visionari,11,5.1468272851094335e-6,0,0,visionary,85,87
dovish,voxeu,11,5.1468272851094335e-6,0,0,voxeu,90,65
dovish,wellfunct,11,5.1468272851094335e-6,0,0,wellfunctioning,62,60
dovish,westminst,11,5.1468272851094335e-6,0,0,westminster,50,40
dovish,width,11,5.1468272851094335e-6,0,0,width,110,93
dovish,wife,11,5.1468272851094335e-6,0,0,wife,71,55
dovish,wyom,11,5.1468272851094335e-6,0,0,wyoming,249,202
dovish,yale,11,5.1468272851094335e-6,0,0,yale,151,124
dovish,abf,10,4.67893389555403e-6,0,0,abf,46,26
dovish,accident,10,4.67893389555403e-6,0,0,accidental,25,42
dovish,adjud,10,4.67893389555403e-6,0,0,adjudication,22,41
dovish,apolog,10,4.67893389555403e-6,0,0,apologies,25,61
dovish,applianc,10,4.67893389555403e-6,0,0,appliances,227,185
dovish,ash,10,4.67893389555403e-6,0,0,ashe,30,40
dovish,atom,10,4.67893389555403e-6,0,0,atomic,41,43
dovish,barr,10,4.67893389555403e-6,0,0,barr,61,32
dovish,bengal,10,4.67893389555403e-6,0,0,bengal,65,33
dovish,better,10,4.67893389555403e-6,0,0,betterment,33,44
dovish,bns,10,4.67893389555403e-6,0,0,bns,73,18
dovish,booth,10,4.67893389555403e-6,0,0,booth,109,86
dovish,bse,10,4.67893389555403e-6,0,0,bse,58,46
dovish,buiter,10,4.67893389555403e-6,0,0,buiter,132,76
dovish,bump,10,4.67893389555403e-6,0,0,bumps,84,88
dovish,button,10,4.67893389555403e-6,0,0,button,53,44
dovish,byproduct,10,4.67893389555403e-6,0,0,byproduct,57,61
dovish,cad,10,4.67893389555403e-6,0,0,cad,272,68
dovish,canva,10,4.67893389555403e-6,0,0,canvas,43,41
dovish,caruana,10,4.67893389555403e-6,0,0,caruana,71,52
dovish,cessat,10,4.67893389555403e-6,0,0,cessation,109,79
dovish,chicken,10,4.67893389555403e-6,0,0,chicken,39,46
dovish,clever,10,4.67893389555403e-6,0,0,clever,55,62
dovish,clinic,10,4.67893389555403e-6,0,0,clinical,23,35
dovish,cogniz,10,4.67893389555403e-6,0,0,cognizant,64,82
dovish,coincident,10,4.67893389555403e-6,0,0,coincidentally,41,60
dovish,corpus,10,4.67893389555403e-6,0,0,corpus,34,30
dovish,creator,10,4.67893389555403e-6,0,0,creators,50,59
dovish,credenti,10,4.67893389555403e-6,0,0,credentials,104,90
dovish,curios,10,4.67893389555403e-6,0,0,curiosity,90,67
dovish,cynic,10,4.67893389555403e-6,0,0,cynical,18,32
dovish,deepak,10,4.67893389555403e-6,0,0,deepak,133,68
dovish,demystifi,10,4.67893389555403e-6,0,0,demystify,24,34
dovish,despair,10,4.67893389555403e-6,0,0,despair,65,64
dovish,diego,10,4.67893389555403e-6,0,0,diego,115,94
dovish,doha,10,4.67893389555403e-6,0,0,doha,80,65
dovish,don,10,4.67893389555403e-6,0,0,don,153,104
dovish,eijffing,10,4.67893389555403e-6,0,0,eijffinger,34,17
dovish,eleg,10,4.67893389555403e-6,0,0,elegant,53,81
dovish,eloqu,10,4.67893389555403e-6,0,0,eloquently,49,93
dovish,embargo,10,4.67893389555403e-6,0,0,embargo,164,132
dovish,entic,10,4.67893389555403e-6,0,0,entice,24,56
dovish,envelop,10,4.67893389555403e-6,0,0,envelope,120,107
dovish,epicent,10,4.67893389555403e-6,0,0,epicenter,76,77
dovish,er,10,4.67893389555403e-6,0,0,erring,25,46
dovish,erstwhil,10,4.67893389555403e-6,0,0,erstwhile,57,47
dovish,eschew,10,4.67893389555403e-6,0,0,eschew,42,92
dovish,exorbit,10,4.67893389555403e-6,0,0,exorbitant,113,69
dovish,fargo,10,4.67893389555403e-6,0,0,fargo,38,28
dovish,finit,10,4.67893389555403e-6,0,0,finite,80,75
dovish,fleet,10,4.67893389555403e-6,0,0,fleet,36,64
dovish,fond,10,4.67893389555403e-6,0,0,fond,43,71
dovish,foolish,10,4.67893389555403e-6,0,0,foolish,68,67
dovish,fortifi,10,4.67893389555403e-6,0,0,fortify,38,80
dovish,fourfold,10,4.67893389555403e-6,0,0,fourfold,42,41
dovish,fractur,10,4.67893389555403e-6,0,0,fractures,27,58
dovish,friedrich,10,4.67893389555403e-6,0,0,friedrich,69,52
dovish,friendship,10,4.67893389555403e-6,0,0,friendship,89,67
dovish,fullest,10,4.67893389555403e-6,0,0,fullest,95,91
dovish,gali,10,4.67893389555403e-6,0,0,gali,256,123
dovish,garden,10,4.67893389555403e-6,0,0,garden,37,61
dovish,gatekeep,10,4.67893389555403e-6,0,0,gatekeepers,15,20
dovish,gerken,10,4.67893389555403e-6,0,0,gerken,48,26
dovish,goos,10,4.67893389555403e-6,0,0,goose,22,19
dovish,gorton,10,4.67893389555403e-6,0,0,gorton,151,80
dovish,guis,10,4.67893389555403e-6,0,0,guise,41,59
dovish,gujarat,10,4.67893389555403e-6,0,0,gujarat,65,38
dovish,hansu,10,4.67893389555403e-6,0,0,hansueli,67,12
dovish,hayami,10,4.67893389555403e-6,0,0,hayami,65,33
dovish,heel,10,4.67893389555403e-6,0,0,heels,43,77
dovish,heider,10,4.67893389555403e-6,0,0,heider,86,53
dovish,heretofor,10,4.67893389555403e-6,0,0,heretofore,27,26
dovish,highqual,10,4.67893389555403e-6,0,0,highquality,51,49
dovish,hogarth,10,4.67893389555403e-6,0,0,hogarth,27,15
dovish,hugh,10,4.67893389555403e-6,0,0,hughes,48,69
dovish,husband,10,4.67893389555403e-6,0,0,husband,39,37
dovish,icb,10,4.67893389555403e-6,0,0,icb,23,14
dovish,ieo,10,4.67893389555403e-6,0,0,ieo,55,20
dovish,illusori,10,4.67893389555403e-6,0,0,illusory,71,66
dovish,incap,10,4.67893389555403e-6,0,0,incapable,68,73
dovish,incub,10,4.67893389555403e-6,0,0,incubators,17,48
dovish,inescap,10,4.67893389555403e-6,0,0,inescapable,64,73
dovish,infra,10,4.67893389555403e-6,0,0,infra,31,24
dovish,ink,10,4.67893389555403e-6,0,0,ink,57,48
dovish,inroad,10,4.67893389555403e-6,0,0,inroads,87,83
dovish,insepar,10,4.67893389555403e-6,0,0,inseparable,75,70
dovish,intermeet,10,4.67893389555403e-6,0,0,intermeeting,44,21
dovish,irreduc,10,4.67893389555403e-6,0,0,irreducible,38,27
dovish,jet,10,4.67893389555403e-6,0,0,jet,46,40
dovish,jimenez,10,4.67893389555403e-6,0,0,jimenez,73,51
dovish,joshua,10,4.67893389555403e-6,0,0,joshua,60,56
dovish,jse,10,4.67893389555403e-6,0,0,jse,145,55
dovish,kindleberg,10,4.67893389555403e-6,0,0,kindleberger,80,45
dovish,laps,10,4.67893389555403e-6,0,0,lapses,68,89
dovish,lar,10,4.67893389555403e-6,0,0,lars,147,115
dovish,lch,10,4.67893389555403e-6,0,0,lch,52,31
dovish,lifeblood,10,4.67893389555403e-6,0,0,lifeblood,58,56
dovish,loud,10,4.67893389555403e-6,0,0,loud,56,72
dovish,loyal,10,4.67893389555403e-6,0,0,loyal,44,45
dovish,mccallum,10,4.67893389555403e-6,0,0,mccallum,116,52
dovish,meagr,10,4.67893389555403e-6,0,0,meagre,53,51
dovish,mediterranean,10,4.67893389555403e-6,0,0,mediterranean,224,82
dovish,mediumterm,10,4.67893389555403e-6,0,0,mediumterm,138,128
dovish,memoir,10,4.67893389555403e-6,0,0,memoirs,39,56
dovish,miami,10,4.67893389555403e-6,0,0,miami,57,33
dovish,mistrust,10,4.67893389555403e-6,0,0,mistrust,69,65
dovish,modigliani,10,4.67893389555403e-6,0,0,modigliani,176,74
dovish,moni,10,4.67893389555403e-6,0,0,monies,75,55
dovish,moon,10,4.67893389555403e-6,0,0,moon,55,42
dovish,mould,10,4.67893389555403e-6,0,0,mould,27,36
dovish,mouth,10,4.67893389555403e-6,0,0,mouth,96,95
dovish,mutat,10,4.67893389555403e-6,0,0,mutation,26,80
dovish,nabiullina,10,4.67893389555403e-6,0,0,nabiullina,1142,124
dovish,ncb,10,4.67893389555403e-6,0,0,ncb,74,46
dovish,nearer,10,4.67893389555403e-6,0,0,nearer,76,73
dovish,neat,10,4.67893389555403e-6,0,0,neatly,69,109
dovish,nhb,10,4.67893389555403e-6,0,0,nhb,55,26
dovish,nil,10,4.67893389555403e-6,0,0,nil,61,69
dovish,norman,10,4.67893389555403e-6,0,0,norman,110,78
dovish,oneself,10,4.67893389555403e-6,0,0,oneself,54,53
dovish,opec,10,4.67893389555403e-6,0,0,opec,228,140
dovish,operandi,10,4.67893389555403e-6,0,0,operandi,50,44
dovish,oral,10,4.67893389555403e-6,0,0,oral,61,45
dovish,orthodoxi,10,4.67893389555403e-6,0,0,orthodoxy,96,76
dovish,osfi,10,4.67893389555403e-6,0,0,osfi,64,33
dovish,outturn,10,4.67893389555403e-6,0,0,outturns,211,177
dovish,panellist,10,4.67893389555403e-6,0,0,panellists,71,61
dovish,penguin,10,4.67893389555403e-6,0,0,penguin,83,72
dovish,pisa,10,4.67893389555403e-6,0,0,pisa,33,27
dovish,populac,10,4.67893389555403e-6,0,0,populace,57,47
dovish,prerog,10,4.67893389555403e-6,0,0,prerogative,60,84
dovish,processor,10,4.67893389555403e-6,0,0,processors,42,39
dovish,profici,10,4.67893389555403e-6,0,0,proficiency,20,37
dovish,psus,10,4.67893389555403e-6,0,0,psus,42,25
dovish,pupil,10,4.67893389555403e-6,0,0,pupils,30,34
dovish,queen,10,4.67893389555403e-6,0,0,queen,94,72
dovish,raggenbass,10,4.67893389555403e-6,0,0,raggenbass,67,12
dovish,railroad,10,4.67893389555403e-6,0,0,railroads,73,73
dovish,ramsden,10,4.67893389555403e-6,0,0,ramsden,114,76
dovish,readjust,10,4.67893389555403e-6,0,0,readjustment,39,77
dovish,recollect,10,4.67893389555403e-6,0,0,recollect,23,51
dovish,reemerg,10,4.67893389555403e-6,0,0,reemergence,31,68
dovish,reexamin,10,4.67893389555403e-6,0,0,reexamine,39,72
dovish,rei,10,4.67893389555403e-6,0,0,reis,136,61
dovish,reson,10,4.67893389555403e-6,0,0,resonate,44,107
dovish,rodriguez,10,4.67893389555403e-6,0,0,rodriguez,115,85
dovish,sage,10,4.67893389555403e-6,0,0,sage,46,46
dovish,sala,10,4.67893389555403e-6,0,0,sala,39,29
dovish,sdds,10,4.67893389555403e-6,0,0,sdds,70,36
dovish,seacen,10,4.67893389555403e-6,0,0,seacen,106,39
dovish,sender,10,4.67893389555403e-6,0,0,sender,37,30
dovish,sentanc,10,4.67893389555403e-6,0,0,sentance,148,40
dovish,shell,10,4.67893389555403e-6,0,0,shell,41,43
dovish,shun,10,4.67893389555403e-6,0,0,shun,24,54
dovish,silenc,10,4.67893389555403e-6,0,0,silence,45,45
dovish,sis,10,4.67893389555403e-6,0,0,sis,80,29
dovish,sister,10,4.67893389555403e-6,0,0,sister,64,74
dovish,socioeconom,10,4.67893389555403e-6,0,0,socioeconomic,97,67
dovish,sofr,10,4.67893389555403e-6,0,0,sofr,91,22
dovish,statewid,10,4.67893389555403e-6,0,0,statewide,19,14
dovish,stave,10,4.67893389555403e-6,0,0,stave,62,73
dovish,stockholm,10,4.67893389555403e-6,0,0,stockholm,81,65
dovish,strait,10,4.67893389555403e-6,0,0,strait,49,57
dovish,string,10,4.67893389555403e-6,0,0,string,120,133
dovish,stubborn,10,4.67893389555403e-6,0,0,stubbornly,147,179
dovish,suasion,10,4.67893389555403e-6,0,0,suasion,83,56
dovish,suiss,10,4.67893389555403e-6,0,0,suisse,308,136
dovish,surrend,10,4.67893389555403e-6,0,0,surrender,58,69
dovish,tablet,10,4.67893389555403e-6,0,0,tablets,30,43
dovish,teeth,10,4.67893389555403e-6,0,0,teeth,74,82
dovish,tenfold,10,4.67893389555403e-6,0,0,tenfold,70,65
dovish,tobia,10,4.67893389555403e-6,0,0,tobias,88,69
dovish,tran,10,4.67893389555403e-6,0,0,trans,106,91
dovish,tranquil,10,4.67893389555403e-6,0,0,tranquil,60,94
dovish,tremor,10,4.67893389555403e-6,0,0,tremors,30,30
dovish,trick,10,4.67893389555403e-6,0,0,trick,42,58
dovish,ugli,10,4.67893389555403e-6,0,0,ugly,73,48
dovish,unbridl,10,4.67893389555403e-6,0,0,unbridled,42,41
dovish,uncommon,10,4.67893389555403e-6,0,0,uncommon,115,113
dovish,unctad,10,4.67893389555403e-6,0,0,unctad,54,38
dovish,unpalat,10,4.67893389555403e-6,0,0,unpalatable,30,24
dovish,unreli,10,4.67893389555403e-6,0,0,unreliable,117,126
dovish,unsaf,10,4.67893389555403e-6,0,0,unsafe,61,48
dovish,untest,10,4.67893389555403e-6,0,0,untested,97,93
dovish,unwav,10,4.67893389555403e-6,0,0,unwavering,108,119
dovish,unwilling,10,4.67893389555403e-6,0,0,unwillingness,70,68
dovish,uplift,10,4.67893389555403e-6,0,0,uplift,43,67
dovish,venic,10,4.67893389555403e-6,0,0,venice,39,25
dovish,vicker,10,4.67893389555403e-6,0,0,vickers,103,66
dovish,vocabulari,10,4.67893389555403e-6,0,0,vocabulary,39,36
dovish,void,10,4.67893389555403e-6,0,0,void,61,56
dovish,waller,10,4.67893389555403e-6,0,0,waller,103,50
dovish,wash,10,4.67893389555403e-6,0,0,wash,39,78
dovish,wei,10,4.67893389555403e-6,0,0,wei,141,83
dovish,werner,10,4.67893389555403e-6,0,0,werner,100,75
dovish,withdrew,10,4.67893389555403e-6,0,0,withdrew,115,104
dovish,withstood,10,4.67893389555403e-6,0,0,withstood,65,64
dovish,wrestl,10,4.67893389555403e-6,0,0,wrestle,26,55
dovish,abli,9,4.211040505998627e-6,0,0,ably,49,46
dovish,adept,9,4.211040505998627e-6,0,0,adept,43,43
dovish,adversari,9,4.211040505998627e-6,0,0,adversarial,28,37
dovish,alic,9,4.211040505998627e-6,0,0,alice,91,79
dovish,alphabet,9,4.211040505998627e-6,0,0,alphabet,26,36
dovish,andi,9,4.211040505998627e-6,0,0,andy,117,99
dovish,apparatus,9,4.211040505998627e-6,0,0,apparatus,104,91
dovish,arbitr,9,4.211040505998627e-6,0,0,arbitration,42,48
dovish,arbitrarili,9,4.211040505998627e-6,0,0,arbitrarily,43,42
dovish,arrc,9,4.211040505998627e-6,0,0,arrc,76,14
dovish,assam,9,4.211040505998627e-6,0,0,assam,33,13
dovish,barcelona,9,4.211040505998627e-6,0,0,barcelona,100,75
dovish,beacon,9,4.211040505998627e-6,0,0,beacon,37,36
dovish,befit,9,4.211040505998627e-6,0,0,befitting,34,53
dovish,berkeley,9,4.211040505998627e-6,0,0,berkeley,76,51
dovish,bibliographi,9,4.211040505998627e-6,0,0,bibliography,61,60
dovish,binari,9,4.211040505998627e-6,0,0,binary,62,51
dovish,bio,9,4.211040505998627e-6,0,0,bio,83,61
dovish,booklet,9,4.211040505998627e-6,0,0,booklet,62,38
dovish,brasil,9,4.211040505998627e-6,0,0,brasil,47,29
dovish,brochur,9,4.211040505998627e-6,0,0,brochures,29,38
dovish,brutal,9,4.211040505998627e-6,0,0,brutal,53,79
dovish,cake,9,4.211040505998627e-6,0,0,cake,56,47
dovish,caricatur,9,4.211040505998627e-6,0,0,caricature,33,35
dovish,cesifo,9,4.211040505998627e-6,0,0,cesifo,56,44
dovish,cesr,9,4.211040505998627e-6,0,0,cesr,67,36
dovish,collat,9,4.211040505998627e-6,0,0,collated,19,48
dovish,collus,9,4.211040505998627e-6,0,0,collusion,45,44
dovish,conflat,9,4.211040505998627e-6,0,0,conflated,13,34
dovish,consol,9,4.211040505998627e-6,0,0,consols,14,37
dovish,consortia,9,4.211040505998627e-6,0,0,consortia,22,15
dovish,countermeasur,9,4.211040505998627e-6,0,0,countermeasures,81,70
dovish,crown,9,4.211040505998627e-6,0,0,crown,108,118
dovish,csbs,9,4.211040505998627e-6,0,0,csbs,70,23
dovish,csrc,9,4.211040505998627e-6,0,0,csrc,26,19
dovish,cyclon,9,4.211040505998627e-6,0,0,cyclone,34,39
dovish,darwin,9,4.211040505998627e-6,0,0,darwin,32,18
dovish,delug,9,4.211040505998627e-6,0,0,deluge,28,23
dovish,denni,9,4.211040505998627e-6,0,0,dennis,45,41
dovish,desert,9,4.211040505998627e-6,0,0,desert,26,49
dovish,dichotomi,9,4.211040505998627e-6,0,0,dichotomy,94,82
dovish,disinvest,9,4.211040505998627e-6,0,0,disinvestment,102,53
dovish,dispatch,9,4.211040505998627e-6,0,0,dispatch,25,34
dovish,dna,9,4.211040505998627e-6,0,0,dna,57,44
dovish,dnb,9,4.211040505998627e-6,0,0,dnb,47,37
dovish,donor,9,4.211040505998627e-6,0,0,donor,28,43
dovish,draconian,9,4.211040505998627e-6,0,0,draconian,30,27
dovish,duffi,9,4.211040505998627e-6,0,0,duffie,76,53
dovish,edific,9,4.211040505998627e-6,0,0,edifice,54,50
dovish,editori,9,4.211040505998627e-6,0,0,editorial,51,53
dovish,egypt,9,4.211040505998627e-6,0,0,egypt,70,49
dovish,empathi,9,4.211040505998627e-6,0,0,empathy,54,45
dovish,emphat,9,4.211040505998627e-6,0,0,emphatically,52,63
dovish,enemi,9,4.211040505998627e-6,0,0,enemy,66,80
dovish,evad,9,4.211040505998627e-6,0,0,evade,65,79
dovish,exhort,9,4.211040505998627e-6,0,0,exhort,14,52
dovish,expend,9,4.211040505998627e-6,0,0,expended,38,63
dovish,farmland,9,4.211040505998627e-6,0,0,farmland,18,18
dovish,franklin,9,4.211040505998627e-6,0,0,franklin,133,101
dovish,fukushima,9,4.211040505998627e-6,0,0,fukushima,46,22
dovish,gestat,9,4.211040505998627e-6,0,0,gestation,56,51
dovish,gfd,9,4.211040505998627e-6,0,0,gfd,72,28
dovish,glorious,9,4.211040505998627e-6,0,0,glorious,41,36
dovish,gloss,9,4.211040505998627e-6,0,0,gloss,20,36
dovish,gravit,9,4.211040505998627e-6,0,0,gravitate,35,81
dovish,greenback,9,4.211040505998627e-6,0,0,greenback,17,23
dovish,handhold,9,4.211040505998627e-6,0,0,handholding,29,28
dovish,harbor,9,4.211040505998627e-6,0,0,harbor,42,61
dovish,hastili,9,4.211040505998627e-6,0,0,hastily,36,35
dovish,havoc,9,4.211040505998627e-6,0,0,havoc,63,61
dovish,hostil,9,4.211040505998627e-6,0,0,hostile,65,100
dovish,hyper,9,4.211040505998627e-6,0,0,hyper,53,42
dovish,imperi,9,4.211040505998627e-6,0,0,imperial,103,80
dovish,impract,9,4.211040505998627e-6,0,0,impractical,47,49
dovish,inflect,9,4.211040505998627e-6,0,0,inflection,57,48
dovish,interventionist,9,4.211040505998627e-6,0,0,interventionist,33,31
dovish,intricaci,9,4.211040505998627e-6,0,0,intricacies,42,41
dovish,jacquelin,9,4.211040505998627e-6,0,0,jacqueline,18,11
dovish,jaim,9,4.211040505998627e-6,0,0,jaime,85,70
dovish,jain,9,4.211040505998627e-6,0,0,jain,59,45
dovish,jeopardi,9,4.211040505998627e-6,0,0,jeopardy,59,57
dovish,keyword,9,4.211040505998627e-6,0,0,keywords,40,50
dovish,kok,9,4.211040505998627e-6,0,0,kok,106,66
dovish,lake,9,4.211040505998627e-6,0,0,lake,88,71
dovish,lenient,9,4.211040505998627e-6,0,0,lenient,36,36
dovish,lieu,9,4.211040505998627e-6,0,0,lieu,68,62
dovish,lifelin,9,4.211040505998627e-6,0,0,lifeline,29,36
dovish,lloyd,9,4.211040505998627e-6,0,0,lloyds,75,75
dovish,lodg,9,4.211040505998627e-6,0,0,lodge,22,55
dovish,lujiazui,9,4.211040505998627e-6,0,0,lujiazui,67,16
dovish,mad,9,4.211040505998627e-6,0,0,madness,36,40
dovish,maneuv,9,4.211040505998627e-6,0,0,maneuver,70,82
dovish,marcel,9,4.211040505998627e-6,0,0,marcel,62,42
dovish,ment,9,4.211040505998627e-6,0,0,ment,19,18
dovish,mep,9,4.211040505998627e-6,0,0,mep,27,23
dovish,mide,9,4.211040505998627e-6,0,0,mide,63,23
dovish,modus,9,4.211040505998627e-6,0,0,modus,51,46
dovish,mop,9,4.211040505998627e-6,0,0,mopping,63,82
dovish,mortgageback,9,4.211040505998627e-6,0,0,mortgagebacked,40,40
dovish,nab,9,4.211040505998627e-6,0,0,nab,47,34
dovish,nacion,9,4.211040505998627e-6,0,0,nacional,17,17
dovish,neoclass,9,4.211040505998627e-6,0,0,neoclassical,95,64
dovish,newcom,9,4.211040505998627e-6,0,0,newcomers,81,63
dovish,nous,9,4.211040505998627e-6,0,0,nous,52,29
dovish,number,9,4.211040505998627e-6,0,0,numbering,35,55
dovish,obstruct,9,4.211040505998627e-6,0,0,obstruct,40,85
dovish,omfif,9,4.211040505998627e-6,0,0,omfif,49,41
dovish,onboard,9,4.211040505998627e-6,0,0,onboarding,45,33
dovish,oregon,9,4.211040505998627e-6,0,0,oregon,22,16
dovish,overconfid,9,4.211040505998627e-6,0,0,overconfidence,49,45
dovish,overshadow,9,4.211040505998627e-6,0,0,overshadowed,63,88
dovish,pablo,9,4.211040505998627e-6,0,0,pablo,41,30
dovish,padmanabhan,9,4.211040505998627e-6,0,0,padmanabhan,73,43
dovish,pagano,9,4.211040505998627e-6,0,0,pagano,53,38
dovish,palpabl,9,4.211040505998627e-6,0,0,palpable,51,55
dovish,paramo,9,4.211040505998627e-6,0,0,paramo,114,106
dovish,parlanc,9,4.211040505998627e-6,0,0,parlance,69,68
dovish,password,9,4.211040505998627e-6,0,0,passwords,50,48
dovish,patholog,9,4.211040505998627e-6,0,0,pathological,12,19
dovish,paulson,9,4.211040505998627e-6,0,0,paulson,33,29
dovish,pca,9,4.211040505998627e-6,0,0,pca,140,26
dovish,perri,9,4.211040505998627e-6,0,0,perry,93,67
dovish,plate,9,4.211040505998627e-6,0,0,plate,37,69
dovish,politi,9,4.211040505998627e-6,0,0,polity,36,38
dovish,ponzi,9,4.211040505998627e-6,0,0,ponzi,42,28
dovish,precrisi,9,4.211040505998627e-6,0,0,precrisis,84,76
dovish,predica,9,4.211040505998627e-6,0,0,predicament,60,61
dovish,preempt,9,4.211040505998627e-6,0,0,preempt,73,79
dovish,prognosi,9,4.211040505998627e-6,0,0,prognosis,60,50
dovish,prototyp,9,4.211040505998627e-6,0,0,prototype,43,61
dovish,puls,9,4.211040505998627e-6,0,0,pulse,99,111
dovish,radio,9,4.211040505998627e-6,0,0,radio,93,78
dovish,rage,9,4.211040505998627e-6,0,0,raging,39,81
dovish,ratif,9,4.211040505998627e-6,0,0,ratification,58,54
dovish,readabl,9,4.211040505998627e-6,0,0,readable,36,45
dovish,realism,9,4.211040505998627e-6,0,0,realism,78,66
dovish,rejuven,9,4.211040505998627e-6,0,0,rejuvenation,24,56
dovish,repackag,9,4.211040505998627e-6,0,0,repackaged,30,53
dovish,repos,9,4.211040505998627e-6,0,0,reposed,16,33
dovish,reprint,9,4.211040505998627e-6,0,0,reprinted,46,55
dovish,retard,9,4.211040505998627e-6,0,0,retard,29,61
dovish,reverber,9,4.211040505998627e-6,0,0,reverberate,30,90
dovish,rhetor,9,4.211040505998627e-6,0,0,rhetoric,99,111
dovish,roadblock,9,4.211040505998627e-6,0,0,roadblocks,29,29
dovish,rupay,9,4.211040505998627e-6,0,0,rupay,35,18
dovish,scb,9,4.211040505998627e-6,0,0,scb,97,15
dovish,schularick,9,4.211040505998627e-6,0,0,schularick,114,69
dovish,sept,9,4.211040505998627e-6,0,0,sept,128,79
dovish,sequenti,9,4.211040505998627e-6,0,0,sequential,81,92
dovish,shrinkag,9,4.211040505998627e-6,0,0,shrinkage,98,86
dovish,shutdown,9,4.211040505998627e-6,0,0,shutdown,113,121
dovish,shyamala,9,4.211040505998627e-6,0,0,shyamala,85,50
dovish,sirkka,9,4.211040505998627e-6,0,0,sirkka,46,46
dovish,slogan,9,4.211040505998627e-6,0,0,slogan,61,58
dovish,soldier,9,4.211040505998627e-6,0,0,soldiers,42,38
dovish,spearhead,9,4.211040505998627e-6,0,0,spearheading,27,69
dovish,sros,9,4.211040505998627e-6,0,0,sros,83,22
dovish,starter,9,4.211040505998627e-6,0,0,starter,30,49
dovish,steadfast,9,4.211040505998627e-6,0,0,steadfast,66,102
dovish,stellar,9,4.211040505998627e-6,0,0,stellar,45,44
dovish,stereotyp,9,4.211040505998627e-6,0,0,stereotype,32,41
dovish,stimuli,9,4.211040505998627e-6,0,0,stimuli,147,108
dovish,stolen,9,4.211040505998627e-6,0,0,stolen,62,48
dovish,stoxx,9,4.211040505998627e-6,0,0,stoxx,42,36
dovish,strasbourg,9,4.211040505998627e-6,0,0,strasbourg,56,49
dovish,stricken,9,4.211040505998627e-6,0,0,stricken,59,48
dovish,surmis,9,4.211040505998627e-6,0,0,surmise,37,42
dovish,sympathet,9,4.211040505998627e-6,0,0,sympathetic,46,48
dovish,tbtf,9,4.211040505998627e-6,0,0,tbtf,170,51
dovish,themat,9,4.211040505998627e-6,0,0,thematic,145,104
dovish,thereto,9,4.211040505998627e-6,0,0,thereto,29,27
dovish,toni,9,4.211040505998627e-6,0,0,tony,60,61
dovish,tract,9,4.211040505998627e-6,0,0,tracts,67,48
dovish,tri,9,4.211040505998627e-6,0,0,tri,68,38
dovish,tribe,9,4.211040505998627e-6,0,0,tribes,45,39
dovish,tuition,9,4.211040505998627e-6,0,0,tuition,73,58
dovish,tweak,9,4.211040505998627e-6,0,0,tweaking,21,53
dovish,unafford,9,4.211040505998627e-6,0,0,unaffordable,50,53
dovish,unattract,9,4.211040505998627e-6,0,0,unattractive,98,98
dovish,une,9,4.211040505998627e-6,0,0,une,82,48
dovish,unep,9,4.211040505998627e-6,0,0,unep,31,16
dovish,uninform,9,4.211040505998627e-6,0,0,uninformed,40,45
dovish,unmet,9,4.211040505998627e-6,0,0,unmet,49,44
dovish,unpaid,9,4.211040505998627e-6,0,0,unpaid,69,51
dovish,unscath,9,4.211040505998627e-6,0,0,unscathed,105,101
dovish,unsuccess,9,4.211040505998627e-6,0,0,unsuccessful,106,121
dovish,unsuit,9,4.211040505998627e-6,0,0,unsuitable,45,55
dovish,untouch,9,4.211040505998627e-6,0,0,untouched,47,50
dovish,upend,9,4.211040505998627e-6,0,0,upended,30,38
dovish,utter,9,4.211040505998627e-6,0,0,utterly,36,86
dovish,vagari,9,4.211040505998627e-6,0,0,vagaries,76,72
dovish,valv,9,4.211040505998627e-6,0,0,valve,68,69
dovish,various,9,4.211040505998627e-6,0,0,variously,45,44
dovish,victor,9,4.211040505998627e-6,0,0,victor,78,51
dovish,voucher,9,4.211040505998627e-6,0,0,vouchers,21,23
dovish,whatsoev,9,4.211040505998627e-6,0,0,whatsoever,96,87
dovish,whichev,9,4.211040505998627e-6,0,0,whichever,105,97
dovish,acclaim,8,3.743147116443224e-6,0,0,acclaimed,26,34
dovish,advocaci,8,3.743147116443224e-6,0,0,advocacy,83,69
dovish,affin,8,3.743147116443224e-6,0,0,affinity,25,46
dovish,airplan,8,3.743147116443224e-6,0,0,airplane,30,33
dovish,ali,8,3.743147116443224e-6,0,0,ali,75,58
dovish,alma,8,3.743147116443224e-6,0,0,alma,32,27
dovish,alt,8,3.743147116443224e-6,0,0,alt,59,40
dovish,amalgam,8,3.743147116443224e-6,0,0,amalgamation,98,66
dovish,anticipatori,8,3.743147116443224e-6,0,0,anticipatory,51,39
dovish,arabian,8,3.743147116443224e-6,0,0,arabian,93,57
dovish,asx,8,3.743147116443224e-6,0,0,asx,42,28
dovish,bag,8,3.743147116443224e-6,0,0,bag,33,45
dovish,balassa,8,3.743147116443224e-6,0,0,balassa,118,57
dovish,banerje,8,3.743147116443224e-6,0,0,banerjee,75,46
dovish,bcb,8,3.743147116443224e-6,0,0,bcb,58,15
dovish,beset,8,3.743147116443224e-6,0,0,beset,78,86
dovish,bomb,8,3.743147116443224e-6,0,0,bomb,38,49
dovish,bother,8,3.743147116443224e-6,0,0,bother,28,51
dovish,boy,8,3.743147116443224e-6,0,0,boy,55,65
dovish,brunt,8,3.743147116443224e-6,0,0,brunt,107,103
dovish,campo,8,3.743147116443224e-6,0,0,campos,35,29
dovish,carmen,8,3.743147116443224e-6,0,0,carmen,124,87
dovish,cart,8,3.743147116443224e-6,0,0,cart,22,36
dovish,clash,8,3.743147116443224e-6,0,0,clash,42,60
dovish,clog,8,3.743147116443224e-6,0,0,clogged,24,40
dovish,coauthor,8,3.743147116443224e-6,0,0,coauthors,24,32
dovish,commercialis,8,3.743147116443224e-6,0,0,commercialisation,25,29
dovish,communautair,8,3.743147116443224e-6,0,0,communautaire,49,44
dovish,conscienc,8,3.743147116443224e-6,0,0,conscience,37,34
dovish,crippl,8,3.743147116443224e-6,0,0,crippling,21,44
dovish,crux,8,3.743147116443224e-6,0,0,crux,54,42
dovish,cusp,8,3.743147116443224e-6,0,0,cusp,52,50
dovish,dai,8,3.743147116443224e-6,0,0,dai,37,33
dovish,demarc,8,3.743147116443224e-6,0,0,demarcation,42,48
dovish,diagnos,8,3.743147116443224e-6,0,0,diagnoses,36,111
dovish,dictum,8,3.743147116443224e-6,0,0,dictum,104,76
dovish,doctrin,8,3.743147116443224e-6,0,0,doctrine,167,133
dovish,doubli,8,3.743147116443224e-6,0,0,doubly,48,48
dovish,dovetail,8,3.743147116443224e-6,0,0,dovetail,20,51
dovish,downsw,8,3.743147116443224e-6,0,0,downswing,98,102
dovish,drainag,8,3.743147116443224e-6,0,0,drainage,15,11
dovish,duma,8,3.743147116443224e-6,0,0,duma,156,71
dovish,eclect,8,3.743147116443224e-6,0,0,eclectic,88,78
dovish,econ,8,3.743147116443224e-6,0,0,econ,113,79
dovish,edwin,8,3.743147116443224e-6,0,0,edwin,27,24
dovish,ein,8,3.743147116443224e-6,0,0,eine,68,71
dovish,elsevi,8,3.743147116443224e-6,0,0,elsevier,174,132
dovish,encroach,8,3.743147116443224e-6,0,0,encroach,11,30
dovish,endem,8,3.743147116443224e-6,0,0,endemic,40,38
dovish,entangl,8,3.743147116443224e-6,0,0,entangled,13,25
dovish,enumer,8,3.743147116443224e-6,0,0,enumerated,37,80
dovish,ephemer,8,3.743147116443224e-6,0,0,ephemeral,52,47
dovish,esa,8,3.743147116443224e-6,0,0,esas,112,62
dovish,eurodenomin,8,3.743147116443224e-6,0,0,eurodenominated,37,31
dovish,familiaris,8,3.743147116443224e-6,0,0,familiarise,52,60
dovish,fantast,8,3.743147116443224e-6,0,0,fantastic,60,55
dovish,fernandez,8,3.743147116443224e-6,0,0,fernandez,83,69
dovish,fertilis,8,3.743147116443224e-6,0,0,fertiliser,39,71
dovish,financier,8,3.743147116443224e-6,0,0,financiere,35,36
dovish,finer,8,3.743147116443224e-6,0,0,finer,51,47
dovish,firesal,8,3.743147116443224e-6,0,0,firesales,13,14
dovish,flavor,8,3.743147116443224e-6,0,0,flavor,27,31
dovish,forbidden,8,3.743147116443224e-6,0,0,forbidden,37,31
dovish,fortress,8,3.743147116443224e-6,0,0,fortress,44,35
dovish,frenet,8,3.743147116443224e-6,0,0,frenetic,37,36
dovish,frighten,8,3.743147116443224e-6,0,0,frightening,31,44
dovish,fun,8,3.743147116443224e-6,0,0,fun,67,60
dovish,geithner,8,3.743147116443224e-6,0,0,geithner,42,28
dovish,gene,8,3.743147116443224e-6,0,0,gene,42,27
dovish,giev,8,3.743147116443224e-6,0,0,gieve,66,36
dovish,gokarn,8,3.743147116443224e-6,0,0,gokarn,68,37
dovish,grab,8,3.743147116443224e-6,0,0,grab,47,65
dovish,groupthink,8,3.743147116443224e-6,0,0,groupthink,62,30
dovish,haltiwang,8,3.743147116443224e-6,0,0,haltiwanger,82,57
dovish,hamalainen,8,3.743147116443224e-6,0,0,hamalainen,46,45
dovish,handsom,8,3.743147116443224e-6,0,0,handsomely,22,28
dovish,haver,8,3.743147116443224e-6,0,0,haver,191,106
dovish,hen,8,3.743147116443224e-6,0,0,hen,10,25
dovish,hoerova,8,3.743147116443224e-6,0,0,hoerova,61,39
dovish,hopeless,8,3.743147116443224e-6,0,0,hopeless,28,36
dovish,hugo,8,3.743147116443224e-6,0,0,hugo,33,28
dovish,hungri,8,3.743147116443224e-6,0,0,hungry,35,33
dovish,hype,8,3.743147116443224e-6,0,0,hype,40,37
dovish,ich,8,3.743147116443224e-6,0,0,ich,131,61
dovish,illustri,8,3.743147116443224e-6,0,0,illustrious,49,49
dovish,immor,8,3.743147116443224e-6,0,0,immoral,16,15
dovish,inaccess,8,3.743147116443224e-6,0,0,inaccessible,30,34
dovish,incapac,8,3.743147116443224e-6,0,0,incapacity,27,16
dovish,inth,8,3.743147116443224e-6,0,0,inthe,38,33
dovish,ironi,8,3.743147116443224e-6,0,0,irony,51,50
dovish,ist,8,3.743147116443224e-6,0,0,ist,84,50
dovish,jay,8,3.743147116443224e-6,0,0,jay,29,25
dovish,karen,8,3.743147116443224e-6,0,0,karen,84,75
dovish,kilometr,8,3.743147116443224e-6,0,0,kilometres,25,27
dovish,lament,8,3.743147116443224e-6,0,0,lamented,17,44
dovish,lighten,8,3.743147116443224e-6,0,0,lighten,19,40
dovish,lighter,8,3.743147116443224e-6,0,0,lighter,71,62
dovish,liken,8,3.743147116443224e-6,0,0,likened,46,62
dovish,lithuania,8,3.743147116443224e-6,0,0,lithuania,171,86
dovish,lolr,8,3.743147116443224e-6,0,0,lolr,169,42
dovish,lopez,8,3.743147116443224e-6,0,0,lopez,252,146
dovish,lucid,8,3.743147116443224e-6,0,0,lucid,44,65
dovish,ludwig,8,3.743147116443224e-6,0,0,ludwig,94,48
dovish,majesti,8,3.743147116443224e-6,0,0,majesty,27,22
dovish,marketbas,8,3.743147116443224e-6,0,0,marketbased,82,77
dovish,mater,8,3.743147116443224e-6,0,0,mater,27,26
dovish,mediums,8,3.743147116443224e-6,0,0,mediumsized,48,48
dovish,mifid,8,3.743147116443224e-6,0,0,mifid,69,46
dovish,milk,8,3.743147116443224e-6,0,0,milk,117,62
dovish,millennia,8,3.743147116443224e-6,0,0,millennia,44,34
dovish,mini,8,3.743147116443224e-6,0,0,mini,78,63
dovish,mixtur,8,3.743147116443224e-6,0,0,mixture,117,111
dovish,mncs,8,3.743147116443224e-6,0,0,mncs,27,18
dovish,mra,8,3.743147116443224e-6,0,0,mra,44,18
dovish,nav,8,3.743147116443224e-6,0,0,nav,46,25
dovish,neighbourhood,8,3.743147116443224e-6,0,0,neighbourhood,63,68
dovish,neil,8,3.743147116443224e-6,0,0,neil,90,81
dovish,neumann,8,3.743147116443224e-6,0,0,neumann,41,18
dovish,nodal,8,3.743147116443224e-6,0,0,nodal,33,23
dovish,noninflationari,8,3.743147116443224e-6,0,0,noninflationary,60,52
dovish,norton,8,3.743147116443224e-6,0,0,norton,71,65
dovish,offlin,8,3.743147116443224e-6,0,0,offline,76,51
dovish,ofth,8,3.743147116443224e-6,0,0,ofthe,74,40
dovish,oligopolist,8,3.743147116443224e-6,0,0,oligopolistic,38,33
dovish,omb,8,3.743147116443224e-6,0,0,omb,30,15
dovish,omin,8,3.743147116443224e-6,0,0,ominous,24,31
dovish,onnemannstradf,8,3.743147116443224e-6,0,0,onnemannstradfe,78,78
dovish,opin,8,3.743147116443224e-6,0,0,opined,26,44
dovish,ordinarili,8,3.743147116443224e-6,0,0,ordinarily,75,70
dovish,orphanid,8,3.743147116443224e-6,0,0,orphanides,365,144
dovish,painless,8,3.743147116443224e-6,0,0,painless,33,45
dovish,pale,8,3.743147116443224e-6,0,0,pale,43,58
dovish,paneuropean,8,3.743147116443224e-6,0,0,paneuropean,36,35
dovish,paralysi,8,3.743147116443224e-6,0,0,paralysis,65,55
dovish,pareto,8,3.743147116443224e-6,0,0,pareto,49,32
dovish,participatori,8,3.743147116443224e-6,0,0,participatory,31,26
dovish,patchi,8,3.743147116443224e-6,0,0,patchy,48,42
dovish,paulo,8,3.743147116443224e-6,0,0,paulo,34,24
dovish,pedersen,8,3.743147116443224e-6,0,0,pedersen,75,47
dovish,perpetr,8,3.743147116443224e-6,0,0,perpetrators,32,49
dovish,pew,8,3.743147116443224e-6,0,0,pew,62,35
dovish,physiolog,8,3.743147116443224e-6,0,0,physiological,24,19
dovish,plural,8,3.743147116443224e-6,0,0,plurality,47,65
dovish,pointer,8,3.743147116443224e-6,0,0,pointers,30,47
dovish,popov,8,3.743147116443224e-6,0,0,popov,108,56
dovish,postur,8,3.743147116443224e-6,0,0,posture,113,99
dovish,practis,8,3.743147116443224e-6,0,0,practised,39,100
dovish,predictor,8,3.743147116443224e-6,0,0,predictor,105,129
dovish,prejudg,8,3.743147116443224e-6,0,0,prejudge,33,49
dovish,quadrupl,8,3.743147116443224e-6,0,0,quadrupled,75,89
dovish,quicken,8,3.743147116443224e-6,0,0,quickened,47,79
dovish,reconfigur,8,3.743147116443224e-6,0,0,reconfigure,21,53
dovish,rediscount,8,3.743147116443224e-6,0,0,rediscount,85,77
dovish,redrado,8,3.743147116443224e-6,0,0,redrado,73,34
dovish,reemphas,8,3.743147116443224e-6,0,0,reemphasize,28,46
dovish,reestablish,8,3.743147116443224e-6,0,0,reestablish,28,72
dovish,refut,8,3.743147116443224e-6,0,0,refute,31,59
dovish,reichlin,8,3.743147116443224e-6,0,0,reichlin,97,65
dovish,renam,8,3.743147116443224e-6,0,0,renamed,90,48
dovish,repatri,8,3.743147116443224e-6,0,0,repatriation,71,99
dovish,routledg,8,3.743147116443224e-6,0,0,routledge,58,52
dovish,ruin,8,3.743147116443224e-6,0,0,ruin,45,66
dovish,sail,8,3.743147116443224e-6,0,0,sailing,61,101
dovish,salutari,8,3.743147116443224e-6,0,0,salutary,73,71
dovish,sapir,8,3.743147116443224e-6,0,0,sapir,38,26
dovish,scrutin,8,3.743147116443224e-6,0,0,scrutinize,39,85
dovish,seigniorag,8,3.743147116443224e-6,0,0,seigniorage,134,64
dovish,sewag,8,3.743147116443224e-6,0,0,sewage,20,13
dovish,shakespear,8,3.743147116443224e-6,0,0,shakespeare,46,24
dovish,shame,8,3.743147116443224e-6,0,0,shame,26,35
dovish,sheppard,8,3.743147116443224e-6,0,0,sheppard,41,31
dovish,slightest,8,3.743147116443224e-6,0,0,slightest,42,41
dovish,solidifi,8,3.743147116443224e-6,0,0,solidifying,24,67
dovish,spelt,8,3.743147116443224e-6,0,0,spelt,69,64
dovish,spvs,8,3.743147116443224e-6,0,0,spvs,86,50
dovish,stead,8,3.743147116443224e-6,0,0,stead,53,52
dovish,steagal,8,3.743147116443224e-6,0,0,steagall,144,67
dovish,stiff,8,3.743147116443224e-6,0,0,stiff,41,41
dovish,straddl,8,3.743147116443224e-6,0,0,straddle,18,39
dovish,subir,8,3.743147116443224e-6,0,0,subir,64,36
dovish,sur,8,3.743147116443224e-6,0,0,sur,76,42
dovish,surgeri,8,3.743147116443224e-6,0,0,surgery,35,29
dovish,tacit,8,3.743147116443224e-6,0,0,tacit,34,31
dovish,taglioni,8,3.743147116443224e-6,0,0,taglioni,17,10
dovish,tast,8,3.743147116443224e-6,0,0,tastes,59,108
dovish,telco,8,3.743147116443224e-6,0,0,telco,11,12
dovish,tens,8,3.743147116443224e-6,0,0,tense,61,58
dovish,toughest,8,3.743147116443224e-6,0,0,toughest,33,33
dovish,tracker,8,3.743147116443224e-6,0,0,tracker,109,71
dovish,transient,8,3.743147116443224e-6,0,0,transient,122,98
dovish,truck,8,3.743147116443224e-6,0,0,trucks,75,101
dovish,tunnel,8,3.743147116443224e-6,0,0,tunnel,55,56
dovish,twain,8,3.743147116443224e-6,0,0,twain,43,37
dovish,uncompetit,8,3.743147116443224e-6,0,0,uncompetitive,62,52
dovish,unfinish,8,3.743147116443224e-6,0,0,unfinished,136,102
dovish,unison,8,3.743147116443224e-6,0,0,unison,28,24
dovish,unlaw,8,3.743147116443224e-6,0,0,unlawful,49,41
dovish,unparallel,8,3.743147116443224e-6,0,0,unparalleled,73,73
dovish,upsurg,8,3.743147116443224e-6,0,0,upsurge,114,99
dovish,vet,8,3.743147116443224e-6,0,0,vetting,27,47
dovish,visualis,8,3.743147116443224e-6,0,0,visualise,23,42
dovish,wrought,8,3.743147116443224e-6,0,0,wrought,47,47
dovish,xxi,8,3.743147116443224e-6,0,0,xxi,38,29
dovish,yearon,8,3.743147116443224e-6,0,0,yearon,55,53
dovish,yong,8,3.743147116443224e-6,0,0,yong,40,29
dovish,zhu,8,3.743147116443224e-6,0,0,zhu,134,90
dovish,aadhar,7,3.2752537268878213e-6,0,0,aadhar,36,26
dovish,abdullah,7,3.2752537268878213e-6,0,0,abdullah,48,23
dovish,absolv,7,3.2752537268878213e-6,0,0,absolve,26,36
dovish,aesthet,7,3.2752537268878213e-6,0,0,aesthetic,32,31
dovish,alexandr,7,3.2752537268878213e-6,0,0,alexandre,53,40
dovish,alien,7,3.2752537268878213e-6,0,0,alien,32,42
dovish,allay,7,3.2752537268878213e-6,0,0,allay,35,54
dovish,aofm,7,3.2752537268878213e-6,0,0,aofm,52,19
dovish,attorney,7,3.2752537268878213e-6,0,0,attorney,85,76
dovish,atyp,7,3.2752537268878213e-6,0,0,atypical,65,83
dovish,authoritarian,7,3.2752537268878213e-6,0,0,authoritarian,23,16
dovish,awkward,7,3.2752537268878213e-6,0,0,awkward,42,44
dovish,ballot,7,3.2752537268878213e-6,0,0,ballot,22,19
dovish,beck,7,3.2752537268878213e-6,0,0,beck,75,46
dovish,beget,7,3.2752537268878213e-6,0,0,begets,18,27
dovish,beggar,7,3.2752537268878213e-6,0,0,beggar,73,64
dovish,bernac,7,3.2752537268878213e-6,0,0,bernacer,42,11
dovish,bewar,7,3.2752537268878213e-6,0,0,beware,52,44
dovish,bihar,7,3.2752537268878213e-6,0,0,bihar,40,30
dovish,blank,7,3.2752537268878213e-6,0,0,blank,41,39
dovish,bookkeep,7,3.2752537268878213e-6,0,0,bookkeeping,34,24
dovish,brace,7,3.2752537268878213e-6,0,0,brace,25,44
dovish,brightest,7,3.2752537268878213e-6,0,0,brightest,45,43
dovish,broadband,7,3.2752537268878213e-6,0,0,broadband,55,32
dovish,bullion,7,3.2752537268878213e-6,0,0,bullion,65,27
dovish,bullish,7,3.2752537268878213e-6,0,0,bullish,80,68
dovish,bulwark,7,3.2752537268878213e-6,0,0,bulwark,57,63
dovish,cagr,7,3.2752537268878213e-6,0,0,cagr,33,19
dovish,calomiri,7,3.2752537268878213e-6,0,0,calomiris,71,36
dovish,cann,7,3.2752537268878213e-6,0,0,cannes,35,27
dovish,careless,7,3.2752537268878213e-6,0,0,careless,19,36
dovish,ccbs,7,3.2752537268878213e-6,0,0,ccbs,33,16
dovish,cede,7,3.2752537268878213e-6,0,0,cede,31,55
dovish,charit,7,3.2752537268878213e-6,0,0,charitable,85,46
dovish,chatham,7,3.2752537268878213e-6,0,0,chatham,41,37
dovish,christiano,7,3.2752537268878213e-6,0,0,christiano,182,80
dovish,citizenri,7,3.2752537268878213e-6,0,0,citizenry,28,22
dovish,claessen,7,3.2752537268878213e-6,0,0,claessens,123,78
dovish,coalesc,7,3.2752537268878213e-6,0,0,coalesce,16,36
dovish,confound,7,3.2752537268878213e-6,0,0,confounded,26,62
dovish,congruenc,7,3.2752537268878213e-6,0,0,congruence,24,27
dovish,cooler,7,3.2752537268878213e-6,0,0,cooler,14,12
dovish,crumbl,7,3.2752537268878213e-6,0,0,crumble,12,33
dovish,cybercrim,7,3.2752537268878213e-6,0,0,cybercrime,39,31
dovish,debilit,7,3.2752537268878213e-6,0,0,debilitating,61,62
dovish,deduc,7,3.2752537268878213e-6,0,0,deduce,25,50
dovish,del,7,3.2752537268878213e-6,0,0,del,231,137
dovish,diploma,7,3.2752537268878213e-6,0,0,diploma,58,47
dovish,dismay,7,3.2752537268878213e-6,0,0,dismay,24,24
dovish,dissolv,7,3.2752537268878213e-6,0,0,dissolved,33,47
dovish,dissuad,7,3.2752537268878213e-6,0,0,dissuade,17,40
dovish,divorc,7,3.2752537268878213e-6,0,0,divorced,42,63
dovish,donat,7,3.2752537268878213e-6,0,0,donations,30,48
dovish,dorrucci,7,3.2752537268878213e-6,0,0,dorrucci,30,23
dovish,dos,7,3.2752537268878213e-6,0,0,dos,29,20
dovish,drama,7,3.2752537268878213e-6,0,0,drama,54,47
dovish,dwelt,7,3.2752537268878213e-6,0,0,dwelt,30,30
dovish,edmund,7,3.2752537268878213e-6,0,0,edmund,70,58
dovish,eighteenth,7,3.2752537268878213e-6,0,0,eighteenth,69,60
dovish,eiopa,7,3.2752537268878213e-6,0,0,eiopa,66,41
dovish,elaps,7,3.2752537268878213e-6,0,0,elapsed,57,71
dovish,ell,7,3.2752537268878213e-6,0,0,elle,13,19
dovish,elucid,7,3.2752537268878213e-6,0,0,elucidate,30,55
dovish,embezzl,7,3.2752537268878213e-6,0,0,embezzlement,15,13
dovish,emigr,7,3.2752537268878213e-6,0,0,emigration,33,53
dovish,emptor,7,3.2752537268878213e-6,0,0,emptor,37,29
dovish,encumbr,7,3.2752537268878213e-6,0,0,encumbrance,51,34
dovish,endgam,7,3.2752537268878213e-6,0,0,endgame,37,29
dovish,erhard,7,3.2752537268878213e-6,0,0,erhard,69,24
dovish,err,7,3.2752537268878213e-6,0,0,err,91,81
dovish,errat,7,3.2752537268878213e-6,0,0,erratic,140,144
dovish,esoter,7,3.2752537268878213e-6,0,0,esoteric,45,41
dovish,etern,7,3.2752537268878213e-6,0,0,eternal,44,70
dovish,eurodollar,7,3.2752537268878213e-6,0,0,eurodollar,79,42
dovish,expiri,7,3.2752537268878213e-6,0,0,expiry,74,48
dovish,extremi,7,3.2752537268878213e-6,0,0,extremis,41,39
dovish,feat,7,3.2752537268878213e-6,0,0,feat,54,51
dovish,fernando,7,3.2752537268878213e-6,0,0,fernando,54,46
dovish,ferri,7,3.2752537268878213e-6,0,0,ferry,40,39
dovish,firsthand,7,3.2752537268878213e-6,0,0,firsthand,56,54
dovish,fledgl,7,3.2752537268878213e-6,0,0,fledgling,49,44
dovish,fleme,7,3.2752537268878213e-6,0,0,fleming,76,43
dovish,flower,7,3.2752537268878213e-6,0,0,flowers,28,37
dovish,foreshadow,7,3.2752537268878213e-6,0,0,foreshadowed,23,57
dovish,fought,7,3.2752537268878213e-6,0,0,fought,91,81
dovish,furnitur,7,3.2752537268878213e-6,0,0,furniture,143,122
dovish,gambacorta,7,3.2752537268878213e-6,0,0,gambacorta,79,50
dovish,gari,7,3.2752537268878213e-6,0,0,gary,104,82
dovish,gehrig,7,3.2752537268878213e-6,0,0,gehrig,59,43
dovish,gem,7,3.2752537268878213e-6,0,0,gem,35,26
dovish,geni,7,3.2752537268878213e-6,0,0,genie,26,27
dovish,gentleman,7,3.2752537268878213e-6,0,0,gentleman,54,54
dovish,glitch,7,3.2752537268878213e-6,0,0,glitches,38,45
dovish,gloom,7,3.2752537268878213e-6,0,0,gloom,80,74
dovish,grim,7,3.2752537268878213e-6,0,0,grim,45,45
dovish,gsib,7,3.2752537268878213e-6,0,0,gsibs,111,40
dovish,hardwir,7,3.2752537268878213e-6,0,0,hardwired,20,26
dovish,heurist,7,3.2752537268878213e-6,0,0,heuristics,57,45
dovish,heyday,7,3.2752537268878213e-6,0,0,heyday,32,35
dovish,hiroshi,7,3.2752537268878213e-6,0,0,hiroshi,107,66
dovish,holthausen,7,3.2752537268878213e-6,0,0,holthausen,44,31
dovish,horror,7,3.2752537268878213e-6,0,0,horror,24,42
dovish,hunt,7,3.2752537268878213e-6,0,0,hunt,78,86
dovish,illiter,7,3.2752537268878213e-6,0,0,illiterate,50,38
dovish,imbib,7,3.2752537268878213e-6,0,0,imbibed,17,36
dovish,imperil,7,3.2752537268878213e-6,0,0,imperil,31,46
dovish,inconclus,7,3.2752537268878213e-6,0,0,inconclusive,62,63
dovish,irresist,7,3.2752537268878213e-6,0,0,irresistible,22,23
dovish,irst,7,3.2752537268878213e-6,0,0,irst,30,29
dovish,ivori,7,3.2752537268878213e-6,0,0,ivory,35,31
dovish,jamet,7,3.2752537268878213e-6,0,0,jamet,25,23
dovish,kai,7,3.2752537268878213e-6,0,0,kai,94,56
dovish,kanganew,7,3.2752537268878213e-6,0,0,kanganews,34,22
dovish,kiosk,7,3.2752537268878213e-6,0,0,kiosks,24,26
dovish,lowand,7,3.2752537268878213e-6,0,0,lowand,18,17
dovish,mahatma,7,3.2752537268878213e-6,0,0,mahatma,47,37
dovish,mantra,7,3.2752537268878213e-6,0,0,mantra,63,59
dovish,marathon,7,3.2752537268878213e-6,0,0,marathon,45,20
dovish,masaru,7,3.2752537268878213e-6,0,0,masaru,50,29
dovish,mauritius,7,3.2752537268878213e-6,0,0,mauritius,50,18
dovish,mayer,7,3.2752537268878213e-6,0,0,mayer,44,29
dovish,mead,7,3.2752537268878213e-6,0,0,meade,107,62
dovish,meme,7,3.2752537268878213e-6,0,0,meme,23,16
dovish,midwest,7,3.2752537268878213e-6,0,0,midwest,46,31
dovish,mimic,7,3.2752537268878213e-6,0,0,mimic,52,63
dovish,monetarist,7,3.2752537268878213e-6,0,0,monetarist,162,110
dovish,monument,7,3.2752537268878213e-6,0,0,monumental,35,61
dovish,mora,7,3.2752537268878213e-6,0,0,moraes,18,18
dovish,moscow,7,3.2752537268878213e-6,0,0,moscow,150,105
dovish,ndtl,7,3.2752537268878213e-6,0,0,ndtl,73,44
dovish,nearest,7,3.2752537268878213e-6,0,0,nearest,43,39
dovish,nikkei,7,3.2752537268878213e-6,0,0,nikkei,127,95
dovish,nutrit,7,3.2752537268878213e-6,0,0,nutrition,51,49
dovish,offload,7,3.2752537268878213e-6,0,0,offload,21,32
dovish,olivi,7,3.2752537268878213e-6,0,0,olivier,191,151
dovish,onyear,7,3.2752537268878213e-6,0,0,onyear,80,76
dovish,osaka,7,3.2752537268878213e-6,0,0,osaka,110,58
dovish,palat,7,3.2752537268878213e-6,0,0,palatable,20,21
dovish,palgrav,7,3.2752537268878213e-6,0,0,palgrave,85,75
dovish,para,7,3.2752537268878213e-6,0,0,para,76,59
dovish,payday,7,3.2752537268878213e-6,0,0,payday,33,25
dovish,penn,7,3.2752537268878213e-6,0,0,penn,67,34
dovish,penni,7,3.2752537268878213e-6,0,0,penny,72,53
dovish,pernici,7,3.2752537268878213e-6,0,0,pernicious,93,89
dovish,pervad,7,3.2752537268878213e-6,0,0,pervades,17,39
dovish,petersburg,7,3.2752537268878213e-6,0,0,petersburg,45,34
dovish,plc,7,3.2752537268878213e-6,0,0,plc,50,27
dovish,plea,7,3.2752537268878213e-6,0,0,plea,30,37
dovish,plr,7,3.2752537268878213e-6,0,0,plr,87,29
dovish,prasad,7,3.2752537268878213e-6,0,0,prasad,104,68
dovish,prestig,7,3.2752537268878213e-6,0,0,prestige,73,61
dovish,prey,7,3.2752537268878213e-6,0,0,prey,42,43
dovish,proverb,7,3.2752537268878213e-6,0,0,proverb,43,43
dovish,provoc,7,3.2752537268878213e-6,0,0,provocative,36,60
dovish,punjab,7,3.2752537268878213e-6,0,0,punjab,54,38
dovish,quarantin,7,3.2752537268878213e-6,0,0,quarantine,37,36
dovish,questionnair,7,3.2752537268878213e-6,0,0,questionnaire,85,82
dovish,quinn,7,3.2752537268878213e-6,0,0,quinn,20,17
dovish,ravi,7,3.2752537268878213e-6,0,0,ravi,35,31
dovish,rawl,7,3.2752537268878213e-6,0,0,rawls,18,23
dovish,rear,7,3.2752537268878213e-6,0,0,rearing,47,69
dovish,reclaim,7,3.2752537268878213e-6,0,0,reclaim,15,25
dovish,reconfirm,7,3.2752537268878213e-6,0,0,reconfirmed,52,77
dovish,registrar,7,3.2752537268878213e-6,0,0,registrar,94,49
dovish,renationalis,7,3.2752537268878213e-6,0,0,renationalisation,26,25
dovish,renounc,7,3.2752537268878213e-6,0,0,renounce,18,43
dovish,rhee,7,3.2752537268878213e-6,0,0,rhee,40,20
dovish,rhys,7,3.2752537268878213e-6,0,0,rhys,41,41
dovish,ridden,7,3.2752537268878213e-6,0,0,ridden,35,34
dovish,rio,7,3.2752537268878213e-6,0,0,rio,43,55
dovish,ron,7,3.2752537268878213e-6,0,0,ron,63,57
dovish,salt,7,3.2752537268878213e-6,0,0,salt,76,58
dovish,sambamurthi,7,3.2752537268878213e-6,0,0,sambamurthy,18,15
dovish,saurina,7,3.2752537268878213e-6,0,0,saurina,47,31
dovish,scrupul,7,3.2752537268878213e-6,0,0,scrupulous,29,41
dovish,sdd,7,3.2752537268878213e-6,0,0,sdd,79,15
dovish,sewa,7,3.2752537268878213e-6,0,0,sewa,20,13
dovish,shelv,7,3.2752537268878213e-6,0,0,shelves,19,33
dovish,sideway,7,3.2752537268878213e-6,0,0,sideways,70,63
dovish,sixteen,7,3.2752537268878213e-6,0,0,sixteen,97,89
dovish,slovenian,7,3.2752537268878213e-6,0,0,slovenian,23,13
dovish,solo,7,3.2752537268878213e-6,0,0,solo,35,24
dovish,stadium,7,3.2752537268878213e-6,0,0,stadium,27,23
dovish,standbi,7,3.2752537268878213e-6,0,0,standby,64,39
dovish,statutorili,7,3.2752537268878213e-6,0,0,statutorily,59,58
dovish,steepen,7,3.2752537268878213e-6,0,0,steepening,95,134
dovish,straub,7,3.2752537268878213e-6,0,0,straub,78,55
dovish,stray,7,3.2752537268878213e-6,0,0,stray,34,74
dovish,succinct,7,3.2752537268878213e-6,0,0,succinctly,48,64
dovish,surrog,7,3.2752537268878213e-6,0,0,surrogate,26,35
dovish,svb,7,3.2752537268878213e-6,0,0,svb,94,20
dovish,symptomat,7,3.2752537268878213e-6,0,0,symptomatic,50,48
dovish,synthesi,7,3.2752537268878213e-6,0,0,synthesis,102,85
dovish,tall,7,3.2752537268878213e-6,0,0,tall,45,44
dovish,tantamount,7,3.2752537268878213e-6,0,0,tantamount,78,75
dovish,tepid,7,3.2752537268878213e-6,0,0,tepid,87,85
dovish,theresa,7,3.2752537268878213e-6,0,0,theresa,22,20
dovish,thermal,7,3.2752537268878213e-6,0,0,thermal,34,29
dovish,thi,7,3.2752537268878213e-6,0,0,thy,73,66
dovish,thick,7,3.2752537268878213e-6,0,0,thick,65,71
dovish,tion,7,3.2752537268878213e-6,0,0,tion,23,21
dovish,toincom,7,3.2752537268878213e-6,0,0,toincome,21,19
dovish,transposit,7,3.2752537268878213e-6,0,0,transposition,58,47
dovish,tyranni,7,3.2752537268878213e-6,0,0,tyranny,36,30
dovish,uber,7,3.2752537268878213e-6,0,0,uber,58,49
dovish,ubiqu,7,3.2752537268878213e-6,0,0,ubiquity,38,32
dovish,unconstrain,7,3.2752537268878213e-6,0,0,unconstrained,93,71
dovish,undemocrat,7,3.2752537268878213e-6,0,0,undemocratic,20,17
dovish,unintent,7,3.2752537268878213e-6,0,0,unintentionally,43,60
dovish,unknow,7,3.2752537268878213e-6,0,0,unknowable,57,49
dovish,unorthodox,7,3.2752537268878213e-6,0,0,unorthodox,55,38
dovish,unstructur,7,3.2752537268878213e-6,0,0,unstructured,42,36
dovish,wade,7,3.2752537268878213e-6,0,0,wade,15,22
dovish,waterfal,7,3.2752537268878213e-6,0,0,waterfall,40,27
dovish,watson,7,3.2752537268878213e-6,0,0,watson,202,101
dovish,wean,7,3.2752537268878213e-6,0,0,wean,18,25
dovish,weav,7,3.2752537268878213e-6,0,0,weave,22,40
dovish,wet,7,3.2752537268878213e-6,0,0,wet,16,14
dovish,wong,7,3.2752537268878213e-6,0,0,wong,40,34
dovish,zengin,7,3.2752537268878213e-6,0,0,zengin,54,11
dovish,zur,7,3.2752537268878213e-6,0,0,zur,56,44
dovish,achill,6,2.807360337332418e-6,0,0,achilles,33,31
dovish,adjunct,6,2.807360337332418e-6,0,0,adjunct,35,37
dovish,afield,6,2.807360337332418e-6,0,0,afield,32,31
dovish,alemania,6,2.807360337332418e-6,0,0,alemania,38,37
dovish,altavilla,6,2.807360337332418e-6,0,0,altavilla,154,65
dovish,angela,6,2.807360337332418e-6,0,0,angela,39,23
dovish,anthoni,6,2.807360337332418e-6,0,0,anthony,71,63
dovish,antidot,6,2.807360337332418e-6,0,0,antidote,46,48
dovish,antonio,6,2.807360337332418e-6,0,0,antonio,90,75
dovish,apec,6,2.807360337332418e-6,0,0,apec,28,22
dovish,apparel,6,2.807360337332418e-6,0,0,apparel,43,45
dovish,applaus,6,2.807360337332418e-6,0,0,applause,31,28
dovish,appointe,6,2.807360337332418e-6,0,0,appointees,22,19
dovish,arch,6,2.807360337332418e-6,0,0,arching,20,36
dovish,argentinian,6,2.807360337332418e-6,0,0,argentinian,20,26
dovish,assidu,6,2.807360337332418e-6,0,0,assiduously,29,35
dovish,assuag,6,2.807360337332418e-6,0,0,assuage,20,38
dovish,auer,6,2.807360337332418e-6,0,0,auer,46,38
dovish,augur,6,2.807360337332418e-6,0,0,augurs,36,63
dovish,australasia,6,2.807360337332418e-6,0,0,australasia,27,22
dovish,authorit,6,2.807360337332418e-6,0,0,authoritative,56,48
dovish,autobiographi,6,2.807360337332418e-6,0,0,autobiography,12,11
dovish,autopilot,6,2.807360337332418e-6,0,0,autopilot,37,34
dovish,averi,6,2.807360337332418e-6,0,0,avery,43,24
dovish,aviat,6,2.807360337332418e-6,0,0,aviation,61,50
dovish,axel,6,2.807360337332418e-6,0,0,axel,38,23
dovish,banka,6,2.807360337332418e-6,0,0,banka,69,45
dovish,barbara,6,2.807360337332418e-6,0,0,barbara,51,42
dovish,baromet,6,2.807360337332418e-6,0,0,barometer,81,77
dovish,bewild,6,2.807360337332418e-6,0,0,bewildering,22,32
dovish,bharat,6,2.807360337332418e-6,0,0,bharat,55,42
dovish,bing,6,2.807360337332418e-6,0,0,binge,21,29
dovish,biotechnolog,6,2.807360337332418e-6,0,0,biotechnology,46,42
dovish,bliss,6,2.807360337332418e-6,0,0,bliss,41,29
dovish,bnp,6,2.807360337332418e-6,0,0,bnp,66,52
dovish,boot,6,2.807360337332418e-6,0,0,boot,13,23
dovish,brew,6,2.807360337332418e-6,0,0,brewing,54,69
dovish,bronz,6,2.807360337332418e-6,0,0,bronze,30,20
dovish,bruce,6,2.807360337332418e-6,0,0,bruce,71,68
dovish,bulgarian,6,2.807360337332418e-6,0,0,bulgarian,57,11
dovish,cargo,6,2.807360337332418e-6,0,0,cargo,33,28
dovish,carmassi,6,2.807360337332418e-6,0,0,carmassi,13,10
dovish,carnegi,6,2.807360337332418e-6,0,0,carnegie,120,103
dovish,carpent,6,2.807360337332418e-6,0,0,carpenter,33,22
dovish,cataclysm,6,2.807360337332418e-6,0,0,cataclysmic,15,25
dovish,cattl,6,2.807360337332418e-6,0,0,cattle,47,37
dovish,causa,6,2.807360337332418e-6,0,0,causa,29,24
dovish,cautionari,6,2.807360337332418e-6,0,0,cautionary,71,69
dovish,cemla,6,2.807360337332418e-6,0,0,cemla,68,28
dovish,chan,6,2.807360337332418e-6,0,0,chan,31,26
dovish,chaotic,6,2.807360337332418e-6,0,0,chaotic,38,38
dovish,chat,6,2.807360337332418e-6,0,0,chat,31,33
dovish,chemistri,6,2.807360337332418e-6,0,0,chemistry,27,24
dovish,church,6,2.807360337332418e-6,0,0,church,63,51
dovish,cigarett,6,2.807360337332418e-6,0,0,cigarette,17,22
dovish,circumscrib,6,2.807360337332418e-6,0,0,circumscribed,58,67
dovish,clamp,6,2.807360337332418e-6,0,0,clamp,22,21
dovish,colombia,6,2.807360337332418e-6,0,0,colombia,131,96
dovish,companion,6,2.807360337332418e-6,0,0,companion,54,59
dovish,condens,6,2.807360337332418e-6,0,0,condensed,26,36
dovish,congeni,6,2.807360337332418e-6,0,0,congenial,31,28
dovish,conquer,6,2.807360337332418e-6,0,0,conquer,23,53
dovish,constru,6,2.807360337332418e-6,0,0,construed,53,57
dovish,coomb,6,2.807360337332418e-6,0,0,coombs,36,11
dovish,counterbal,6,2.807360337332418e-6,0,0,counterbalance,53,56
dovish,cow,6,2.807360337332418e-6,0,0,cow,15,22
dovish,crest,6,2.807360337332418e-6,0,0,crest,92,40
dovish,crisil,6,2.807360337332418e-6,0,0,crisil,33,18
dovish,crmpg,6,2.807360337332418e-6,0,0,crmpg,20,12
dovish,crockett,6,2.807360337332418e-6,0,0,crockett,102,58
dovish,crosscountri,6,2.807360337332418e-6,0,0,crosscountry,48,47
dovish,cryptographi,6,2.807360337332418e-6,0,0,cryptography,40,31
dovish,debreu,6,2.807360337332418e-6,0,0,debreu,43,21
dovish,deceiv,6,2.807360337332418e-6,0,0,deceived,21,57
dovish,decim,6,2.807360337332418e-6,0,0,decimal,50,61
dovish,denationalis,6,2.807360337332418e-6,0,0,denationalisation,22,17
dovish,derog,6,2.807360337332418e-6,0,0,derogation,35,35
dovish,desktop,6,2.807360337332418e-6,0,0,desktop,17,18
dovish,detroit,6,2.807360337332418e-6,0,0,detroit,62,29
dovish,diaz,6,2.807360337332418e-6,0,0,diaz,98,83
dovish,disconcert,6,2.807360337332418e-6,0,0,disconcerting,24,29
dovish,discont,6,2.807360337332418e-6,0,0,discontent,38,48
dovish,dispassion,6,2.807360337332418e-6,0,0,dispassionate,24,36
dovish,disposit,6,2.807360337332418e-6,0,0,disposition,66,68
dovish,dogmat,6,2.807360337332418e-6,0,0,dogmatic,33,41
dovish,domicil,6,2.807360337332418e-6,0,0,domiciled,81,84
dovish,dotcom,6,2.807360337332418e-6,0,0,dotcom,67,58
dovish,downtim,6,2.807360337332418e-6,0,0,downtime,17,15
dovish,drafter,6,2.807360337332418e-6,0,0,drafters,32,31
dovish,dubai,6,2.807360337332418e-6,0,0,dubai,46,45
dovish,duck,6,2.807360337332418e-6,0,0,duck,19,26
dovish,economia,6,2.807360337332418e-6,0,0,economia,55,47
dovish,economica,6,2.807360337332418e-6,0,0,economica,82,76
dovish,encumb,6,2.807360337332418e-6,0,0,encumbered,22,28
dovish,epitomis,6,2.807360337332418e-6,0,0,epitomised,23,38
dovish,erdem,6,2.807360337332418e-6,0,0,erdem,67,49
dovish,erect,6,2.807360337332418e-6,0,0,erected,34,65
dovish,escrow,6,2.807360337332418e-6,0,0,escrow,90,63
dovish,europeenn,6,2.807360337332418e-6,0,0,europeenne,40,32
dovish,explod,6,2.807360337332418e-6,0,0,exploded,63,95
dovish,expropri,6,2.807360337332418e-6,0,0,expropriation,28,24
dovish,faint,6,2.807360337332418e-6,0,0,faint,25,26
dovish,faust,6,2.807360337332418e-6,0,0,faust,80,51
dovish,federalist,6,2.807360337332418e-6,0,0,federalist,17,15
dovish,finest,6,2.807360337332418e-6,0,0,finest,42,42
dovish,finn,6,2.807360337332418e-6,0,0,finn,37,33
dovish,fixat,6,2.807360337332418e-6,0,0,fixation,61,60
dovish,francesco,6,2.807360337332418e-6,0,0,francesco,48,38
dovish,frankel,6,2.807360337332418e-6,0,0,frankel,86,51
dovish,frns,6,2.807360337332418e-6,0,0,frns,19,11
dovish,fslrc,6,2.807360337332418e-6,0,0,fslrc,50,17
dovish,fujiwara,6,2.807360337332418e-6,0,0,fujiwara,34,18
dovish,fuzzi,6,2.807360337332418e-6,0,0,fuzzy,31,33
dovish,gatt,6,2.807360337332418e-6,0,0,gatt,55,38
dovish,giro,6,2.807360337332418e-6,0,0,giro,25,22
dovish,goa,6,2.807360337332418e-6,0,0,goa,72,28
dovish,goeth,6,2.807360337332418e-6,0,0,goethe,116,73
dovish,gong,6,2.807360337332418e-6,0,0,gong,15,13
dovish,grenvill,6,2.807360337332418e-6,0,0,grenville,75,28
dovish,griffith,6,2.807360337332418e-6,0,0,griffith,19,20
dovish,grossman,6,2.807360337332418e-6,0,0,grossman,42,21
dovish,hacker,6,2.807360337332418e-6,0,0,hackers,39,37
dovish,hank,6,2.807360337332418e-6,0,0,hank,48,28
dovish,harbour,6,2.807360337332418e-6,0,0,harbour,58,69
dovish,hatr,6,2.807360337332418e-6,0,0,hatred,17,15
dovish,headway,6,2.807360337332418e-6,0,0,headway,67,67
dovish,hirschman,6,2.807360337332418e-6,0,0,hirschman,31,22
dovish,holm,6,2.807360337332418e-6,0,0,holm,45,54
dovish,hook,6,2.807360337332418e-6,0,0,hook,30,38
dovish,houston,6,2.807360337332418e-6,0,0,houston,47,16
dovish,ifi,6,2.807360337332418e-6,0,0,ifis,45,28
dovish,igidr,6,2.807360337332418e-6,0,0,igidr,31,18
dovish,immut,6,2.807360337332418e-6,0,0,immutable,47,45
dovish,inbuilt,6,2.807360337332418e-6,0,0,inbuilt,33,32
dovish,inconsequenti,6,2.807360337332418e-6,0,0,inconsequential,25,25
dovish,infam,6,2.807360337332418e-6,0,0,infamous,53,53
dovish,infirm,6,2.807360337332418e-6,0,0,infirmities,29,29
dovish,injustic,6,2.807360337332418e-6,0,0,injustice,23,27
dovish,inquir,6,2.807360337332418e-6,0,0,inquire,13,24
dovish,interprovinci,6,2.807360337332418e-6,0,0,interprovincial,48,29
dovish,intric,6,2.807360337332418e-6,0,0,intricate,53,78
dovish,intrud,6,2.807360337332418e-6,0,0,intrude,18,26
dovish,irda,6,2.807360337332418e-6,0,0,irda,56,45
dovish,johann,6,2.807360337332418e-6,0,0,johann,25,39
dovish,kei,6,2.807360337332418e-6,0,0,kei,17,13
dovish,kohl,6,2.807360337332418e-6,0,0,kohl,20,16
dovish,kuala,6,2.807360337332418e-6,0,0,kuala,34,26
dovish,legitimis,6,2.807360337332418e-6,0,0,legitimised,35,42
dovish,lifespan,6,2.807360337332418e-6,0,0,lifespan,38,41
dovish,liikanen,6,2.807360337332418e-6,0,0,liikanen,40,27
dovish,limitless,6,2.807360337332418e-6,0,0,limitless,41,40
dovish,linchpin,6,2.807360337332418e-6,0,0,linchpin,22,23
dovish,linguist,6,2.807360337332418e-6,0,0,linguistic,55,40
dovish,litmus,6,2.807360337332418e-6,0,0,litmus,30,28
dovish,lotteri,6,2.807360337332418e-6,0,0,lottery,32,27
dovish,lumber,6,2.807360337332418e-6,0,0,lumber,55,38
dovish,lumpur,6,2.807360337332418e-6,0,0,lumpur,35,27
dovish,lurk,6,2.807360337332418e-6,0,0,lurking,38,61
dovish,malfeas,6,2.807360337332418e-6,0,0,malfeasance,47,32
dovish,mankind,6,2.807360337332418e-6,0,0,mankind,56,52
dovish,marc,6,2.807360337332418e-6,0,0,marc,87,77
dovish,marginalis,6,2.807360337332418e-6,0,0,marginalised,26,38
dovish,mas,6,2.807360337332418e-6,0,0,mas,58,39
dovish,mcdonough,6,2.807360337332418e-6,0,0,mcdonough,41,38
dovish,mckinnon,6,2.807360337332418e-6,0,0,mckinnon,51,32
dovish,microsoft,6,2.807360337332418e-6,0,0,microsoft,36,31
dovish,momentarili,6,2.807360337332418e-6,0,0,momentarily,25,24
dovish,muhammad,6,2.807360337332418e-6,0,0,muhammad,57,44
dovish,multilingu,6,2.807360337332418e-6,0,0,multilingual,22,23
dovish,nayak,6,2.807360337332418e-6,0,0,nayak,26,19
dovish,nelli,6,2.807360337332418e-6,0,0,nellie,67,59
dovish,newton,6,2.807360337332418e-6,0,0,newton,42,29
dovish,ngo,6,2.807360337332418e-6,0,0,ngo,29,24
dovish,nihon,6,2.807360337332418e-6,0,0,nihon,57,35
dovish,nim,6,2.807360337332418e-6,0,0,nims,49,36
dovish,noninterest,6,2.807360337332418e-6,0,0,noninterest,51,43
dovish,nonlinear,6,2.807360337332418e-6,0,0,nonlinear,117,105
dovish,nrc,6,2.807360337332418e-6,0,0,nrc,53,13
dovish,obligatori,6,2.807360337332418e-6,0,0,obligatory,42,40
dovish,offenc,6,2.807360337332418e-6,0,0,offence,25,40
dovish,orchestr,6,2.807360337332418e-6,0,0,orchestrated,14,36
dovish,ortiz,6,2.807360337332418e-6,0,0,ortiz,34,25
dovish,outliv,6,2.807360337332418e-6,0,0,outlived,13,21
dovish,overextend,6,2.807360337332418e-6,0,0,overextended,52,58
dovish,overtaken,6,2.807360337332418e-6,0,0,overtaken,64,62
dovish,panopli,6,2.807360337332418e-6,0,0,panoply,32,32
dovish,pariba,6,2.807360337332418e-6,0,0,paribas,76,55
dovish,patriot,6,2.807360337332418e-6,0,0,patriot,25,40
dovish,pen,6,2.807360337332418e-6,0,0,pen,35,48
dovish,phish,6,2.807360337332418e-6,0,0,phishing,48,38
dovish,piecem,6,2.807360337332418e-6,0,0,piecemeal,68,65
dovish,pisani,6,2.807360337332418e-6,0,0,pisani,49,35
dovish,plantat,6,2.807360337332418e-6,0,0,plantation,26,23
dovish,plastic,6,2.807360337332418e-6,0,0,plastic,68,69
dovish,plateau,6,2.807360337332418e-6,0,0,plateau,30,52
dovish,plaza,6,2.807360337332418e-6,0,0,plaza,66,53
dovish,poet,6,2.807360337332418e-6,0,0,poet,54,45
dovish,pond,6,2.807360337332418e-6,0,0,pond,18,13
dovish,pop,6,2.807360337332418e-6,0,0,pop,57,72
dovish,powerless,6,2.807360337332418e-6,0,0,powerless,65,66
dovish,predefin,6,2.807360337332418e-6,0,0,predefined,38,38
dovish,preemin,6,2.807360337332418e-6,0,0,preeminent,33,42
dovish,prerecord,6,2.807360337332418e-6,0,0,prerecorded,18,17
dovish,procrastin,6,2.807360337332418e-6,0,0,procrastination,16,27
dovish,propheci,6,2.807360337332418e-6,0,0,prophecy,40,51
dovish,raft,6,2.807360337332418e-6,0,0,raft,42,43
dovish,ravag,6,2.807360337332418e-6,0,0,ravages,32,52
dovish,realtim,6,2.807360337332418e-6,0,0,realtime,60,46
dovish,reapprais,6,2.807360337332418e-6,0,0,reappraisal,107,98
dovish,rebecca,6,2.807360337332418e-6,0,0,rebecca,63,61
dovish,redraw,6,2.807360337332418e-6,0,0,redraw,54,42
dovish,reissu,6,2.807360337332418e-6,0,0,reissue,11,23
dovish,rekindl,6,2.807360337332418e-6,0,0,rekindle,23,49
dovish,relaunch,6,2.807360337332418e-6,0,0,relaunch,24,38
dovish,replet,6,2.807360337332418e-6,0,0,replete,39,39
dovish,rider,6,2.807360337332418e-6,0,0,rider,19,32
dovish,risktak,6,2.807360337332418e-6,0,0,risktaking,82,74
dovish,robertson,6,2.807360337332418e-6,0,0,robertson,26,24
dovish,romania,6,2.807360337332418e-6,0,0,romania,175,112
dovish,runner,6,2.807360337332418e-6,0,0,runner,30,37
dovish,sacrosanct,6,2.807360337332418e-6,0,0,sacrosanct,20,20
dovish,samo,6,2.807360337332418e-6,0,0,samos,71,25
dovish,sao,6,2.807360337332418e-6,0,0,sao,30,21
dovish,sat,6,2.807360337332418e-6,0,0,sat,69,62
dovish,saturday,6,2.807360337332418e-6,0,0,saturday,68,61
dovish,sci,6,2.807360337332418e-6,0,0,sci,21,14
dovish,shockwav,6,2.807360337332418e-6,0,0,shockwaves,14,19
dovish,shone,6,2.807360337332418e-6,0,0,shone,20,18
dovish,shorthand,6,2.807360337332418e-6,0,0,shorthand,43,42
dovish,showcas,6,2.807360337332418e-6,0,0,showcase,49,72
dovish,socialis,6,2.807360337332418e-6,0,0,socialised,26,43
dovish,sped,6,2.807360337332418e-6,0,0,sped,49,45
dovish,stir,6,2.807360337332418e-6,0,0,stir,25,78
dovish,stockbrok,6,2.807360337332418e-6,0,0,stockbrokers,17,27
dovish,stripe,6,2.807360337332418e-6,0,0,stripe,27,38
dovish,stuart,6,2.807360337332418e-6,0,0,stuart,57,52
dovish,sunday,6,2.807360337332418e-6,0,0,sunday,69,62
dovish,superflu,6,2.807360337332418e-6,0,0,superfluous,55,51
dovish,surgic,6,2.807360337332418e-6,0,0,surgical,30,29
dovish,taint,6,2.807360337332418e-6,0,0,tainted,23,31
dovish,tata,6,2.807360337332418e-6,0,0,tata,45,27
dovish,thecount,6,2.807360337332418e-6,0,0,thecounter,33,33
dovish,thinner,6,2.807360337332418e-6,0,0,thinner,28,26
dovish,threw,6,2.807360337332418e-6,0,0,threw,42,42
dovish,thrill,6,2.807360337332418e-6,0,0,thrilled,23,30
dovish,tout,6,2.807360337332418e-6,0,0,touted,19,41
dovish,trai,6,2.807360337332418e-6,0,0,trai,19,13
dovish,transmitt,6,2.807360337332418e-6,0,0,transmitter,15,23
dovish,transnat,6,2.807360337332418e-6,0,0,transnational,41,34
dovish,trauma,6,2.807360337332418e-6,0,0,trauma,63,63
dovish,triangl,6,2.807360337332418e-6,0,0,triangle,82,62
dovish,truism,6,2.807360337332418e-6,0,0,truism,23,23
dovish,trump,6,2.807360337332418e-6,0,0,trump,39,48
dovish,tulip,6,2.807360337332418e-6,0,0,tulip,47,42
dovish,udeshi,6,2.807360337332418e-6,0,0,udeshi,29,15
dovish,underneath,6,2.807360337332418e-6,0,0,underneath,40,36
dovish,undon,6,2.807360337332418e-6,0,0,undone,31,30
dovish,unitari,6,2.807360337332418e-6,0,0,unitary,70,48
dovish,unoffici,6,2.807360337332418e-6,0,0,unofficial,54,45
dovish,unsophist,6,2.807360337332418e-6,0,0,unsophisticated,45,39
dovish,unsur,6,2.807360337332418e-6,0,0,unsure,74,70
dovish,untangl,6,2.807360337332418e-6,0,0,untangling,14,27
dovish,upheld,6,2.807360337332418e-6,0,0,upheld,47,46
dovish,vicin,6,2.807360337332418e-6,0,0,vicinity,98,86
dovish,viral,6,2.807360337332418e-6,0,0,viral,61,44
dovish,virul,6,2.807360337332418e-6,0,0,virulent,37,59
dovish,walker,6,2.807360337332418e-6,0,0,walker,61,51
dovish,wallac,6,2.807360337332418e-6,0,0,wallace,73,49
dovish,wie,6,2.807360337332418e-6,0,0,wie,41,32
dovish,wikipedia,6,2.807360337332418e-6,0,0,wikipedia,18,14
dovish,woven,6,2.807360337332418e-6,0,0,woven,38,36
dovish,writedown,6,2.807360337332418e-6,0,0,writedowns,62,40
dovish,xiaol,6,2.807360337332418e-6,0,0,xiaoling,39,17
dovish,yard,6,2.807360337332418e-6,0,0,yards,21,29
dovish,abn,5,2.339466947777015e-6,0,0,abn,52,21
dovish,abstain,5,2.339466947777015e-6,0,0,abstain,25,35
dovish,aea,5,2.339466947777015e-6,0,0,aea,49,40
dovish,afi,5,2.339466947777015e-6,0,0,afi,16,10
dovish,afloat,5,2.339466947777015e-6,0,0,afloat,56,54
dovish,aifi,5,2.339466947777015e-6,0,0,aifis,15,11
dovish,alchemi,5,2.339466947777015e-6,0,0,alchemy,53,38
dovish,alejandro,5,2.339466947777015e-6,0,0,alejandro,116,93
dovish,alvarez,5,2.339466947777015e-6,0,0,alvarez,36,29
dovish,ammunit,5,2.339466947777015e-6,0,0,ammunition,53,44
dovish,analogu,5,2.339466947777015e-6,0,0,analogue,44,45
dovish,anbc,5,2.339466947777015e-6,0,0,anbc,21,12
dovish,angeloni,5,2.339466947777015e-6,0,0,angeloni,75,47
dovish,ankara,5,2.339466947777015e-6,0,0,ankara,139,118
dovish,annal,5,2.339466947777015e-6,0,0,annals,27,29
dovish,anonymis,5,2.339466947777015e-6,0,0,anonymised,28,24
dovish,arizona,5,2.339466947777015e-6,0,0,arizona,34,30
dovish,ascend,5,2.339466947777015e-6,0,0,ascending,25,65
dovish,autoregress,5,2.339466947777015e-6,0,0,autoregressive,37,69
dovish,backlash,5,2.339466947777015e-6,0,0,backlash,61,60
dovish,bancair,5,2.339466947777015e-6,0,0,bancaires,13,18
dovish,bath,5,2.339466947777015e-6,0,0,bath,21,22
dovish,belat,5,2.339466947777015e-6,0,0,belatedly,33,59
dovish,bipolar,5,2.339466947777015e-6,0,0,bipolar,22,19
dovish,blackout,5,2.339466947777015e-6,0,0,blackout,24,30
dovish,blockag,5,2.339466947777015e-6,0,0,blockages,23,29
dovish,blossom,5,2.339466947777015e-6,0,0,blossom,14,35
dovish,bolder,5,2.339466947777015e-6,0,0,bolder,38,37
dovish,bologna,5,2.339466947777015e-6,0,0,bologna,24,15
dovish,bonn,5,2.339466947777015e-6,0,0,bonn,35,32
dovish,boundless,5,2.339466947777015e-6,0,0,boundless,11,11
dovish,breakup,5,2.339466947777015e-6,0,0,breakup,40,40
dovish,budapest,5,2.339466947777015e-6,0,0,budapest,33,24
dovish,burhanuddin,5,2.339466947777015e-6,0,0,burhanuddin,20,12
dovish,calculus,5,2.339466947777015e-6,0,0,calculus,85,67
dovish,calvo,5,2.339466947777015e-6,0,0,calvo,73,47
dovish,canon,5,2.339466947777015e-6,0,0,canonical,62,62
dovish,caprici,5,2.339466947777015e-6,0,0,capricious,29,27
dovish,ccbm,5,2.339466947777015e-6,0,0,ccbm,35,16
dovish,ces,5,2.339466947777015e-6,0,0,ces,53,31
dovish,chiefli,5,2.339466947777015e-6,0,0,chiefly,83,73
dovish,chronicl,5,2.339466947777015e-6,0,0,chronicle,17,34
dovish,chuck,5,2.339466947777015e-6,0,0,chuck,23,16
dovish,cis,5,2.339466947777015e-6,0,0,cis,42,26
dovish,clamour,5,2.339466947777015e-6,0,0,clamour,16,21
dovish,claudia,5,2.339466947777015e-6,0,0,claudia,51,45
dovish,cloak,5,2.339466947777015e-6,0,0,cloaked,8,15
dovish,cocktail,5,2.339466947777015e-6,0,0,cocktail,74,44
dovish,compendium,5,2.339466947777015e-6,0,0,compendium,27,24
dovish,consensu,5,2.339466947777015e-6,0,0,consensual,43,41
dovish,consign,5,2.339466947777015e-6,0,0,consigned,16,28
dovish,counterweight,5,2.339466947777015e-6,0,0,counterweight,50,48
dovish,cue,5,2.339466947777015e-6,0,0,cue,37,44
dovish,cukierman,5,2.339466947777015e-6,0,0,cukierman,92,46
dovish,customari,5,2.339466947777015e-6,0,0,customary,89,80
dovish,dam,5,2.339466947777015e-6,0,0,dam,43,38
dovish,damodaran,5,2.339466947777015e-6,0,0,damodaran,19,17
dovish,decarbonis,5,2.339466947777015e-6,0,0,decarbonisation,49,39
dovish,deja,5,2.339466947777015e-6,0,0,deja,21,21
dovish,delink,5,2.339466947777015e-6,0,0,delinking,15,30
dovish,della,5,2.339466947777015e-6,0,0,della,41,28
dovish,determinist,5,2.339466947777015e-6,0,0,deterministic,39,28
dovish,detken,5,2.339466947777015e-6,0,0,detken,115,46
dovish,dia,5,2.339466947777015e-6,0,0,dia,26,33
dovish,disequilibria,5,2.339466947777015e-6,0,0,disequilibria,56,51
dovish,dissert,5,2.339466947777015e-6,0,0,dissertation,33,29
dovish,divin,5,2.339466947777015e-6,0,0,divine,100,73
dovish,drawer,5,2.339466947777015e-6,0,0,drawer,13,17
dovish,dread,5,2.339466947777015e-6,0,0,dread,30,30
dovish,drucker,5,2.339466947777015e-6,0,0,drucker,18,16
dovish,ecuador,5,2.339466947777015e-6,0,0,ecuador,31,25
dovish,embryon,5,2.339466947777015e-6,0,0,embryonic,30,30
dovish,emv,5,2.339466947777015e-6,0,0,emv,44,28
dovish,endpoint,5,2.339466947777015e-6,0,0,endpoint,41,35
dovish,energet,5,2.339466947777015e-6,0,0,energetic,41,47
dovish,entranc,5,2.339466947777015e-6,0,0,entrance,45,41
dovish,enviabl,5,2.339466947777015e-6,0,0,enviable,38,40
dovish,epidemiolog,5,2.339466947777015e-6,0,0,epidemiological,46,39
dovish,eras,5,2.339466947777015e-6,0,0,erase,22,51
dovish,eskom,5,2.339466947777015e-6,0,0,eskom,30,25
dovish,espous,5,2.339466947777015e-6,0,0,espoused,30,48
dovish,europa,5,2.339466947777015e-6,0,0,europa,109,70
dovish,evacu,5,2.339466947777015e-6,0,0,evacuation,10,26
dovish,evict,5,2.339466947777015e-6,0,0,eviction,15,17
dovish,extinguish,5,2.339466947777015e-6,0,0,extinguish,15,37
dovish,factual,5,2.339466947777015e-6,0,0,factual,102,94
dovish,fad,5,2.339466947777015e-6,0,0,fads,29,39
dovish,fake,5,2.339466947777015e-6,0,0,fake,72,53
dovish,fantasi,5,2.339466947777015e-6,0,0,fantasy,16,20
dovish,fetch,5,2.339466947777015e-6,0,0,fetched,24,36
dovish,fide,5,2.339466947777015e-6,0,0,fide,33,30
dovish,fivefold,5,2.339466947777015e-6,0,0,fivefold,35,35
dovish,folk,5,2.339466947777015e-6,0,0,folk,30,41
dovish,foray,5,2.339466947777015e-6,0,0,foray,20,31
dovish,forrest,5,2.339466947777015e-6,0,0,forrest,15,23
dovish,forwardlook,5,2.339466947777015e-6,0,0,forwardlooking,79,76
dovish,fri,5,2.339466947777015e-6,0,0,fry,26,30
dovish,frictionless,5,2.339466947777015e-6,0,0,frictionless,74,64
dovish,gerald,5,2.339466947777015e-6,0,0,gerald,54,45
dovish,gestur,5,2.339466947777015e-6,0,0,gesture,19,25
dovish,giovanni,5,2.339466947777015e-6,0,0,giovanni,95,86
dovish,glamor,5,2.339466947777015e-6,0,0,glamorous,16,16
dovish,glori,5,2.339466947777015e-6,0,0,glory,33,33
dovish,govt,5,2.339466947777015e-6,0,0,govt,72,43
dovish,groundbreak,5,2.339466947777015e-6,0,0,groundbreaking,27,25
dovish,guildhal,5,2.339466947777015e-6,0,0,guildhall,20,16
dovish,gut,5,2.339466947777015e-6,0,0,gut,19,25
dovish,haa,5,2.339466947777015e-6,0,0,haas,43,40
dovish,hagen,5,2.339466947777015e-6,0,0,hagen,33,24
dovish,hail,5,2.339466947777015e-6,0,0,hailed,21,44
dovish,hansen,5,2.339466947777015e-6,0,0,hansen,87,46
dovish,harass,5,2.339466947777015e-6,0,0,harassment,28,25
dovish,haul,5,2.339466947777015e-6,0,0,haul,72,60
dovish,hawk,5,2.339466947777015e-6,0,0,hawks,42,53
dovish,herfindahl,5,2.339466947777015e-6,0,0,herfindahl,24,21
dovish,hero,5,2.339466947777015e-6,0,0,heroes,49,61
dovish,homeless,5,2.339466947777015e-6,0,0,homeless,31,28
dovish,honori,5,2.339466947777015e-6,0,0,honoris,23,17
dovish,huang,5,2.339466947777015e-6,0,0,huang,52,37
dovish,iain,5,2.339466947777015e-6,0,0,iain,53,47
dovish,idaho,5,2.339466947777015e-6,0,0,idaho,11,10
dovish,idiosyncrasi,5,2.339466947777015e-6,0,0,idiosyncrasies,35,37
dovish,imbalanc,5,2.339466947777015e-6,0,0,imbalanced,33,28
dovish,imbu,5,2.339466947777015e-6,0,0,imbued,29,42
dovish,immediaci,5,2.339466947777015e-6,0,0,immediacy,54,43
dovish,implod,5,2.339466947777015e-6,0,0,implode,12,25
dovish,inconceiv,5,2.339466947777015e-6,0,0,inconceivable,76,70
dovish,inexperienc,5,2.339466947777015e-6,0,0,inexperienced,28,23
dovish,infecti,5,2.339466947777015e-6,0,0,infectious,66,43
dovish,ingrain,5,2.339466947777015e-6,0,0,ingrained,73,69
dovish,injur,5,2.339466947777015e-6,0,0,injured,17,15
dovish,injuri,5,2.339466947777015e-6,0,0,injury,28,40
dovish,inscrib,5,2.339466947777015e-6,0,0,inscribed,24,24
dovish,instig,5,2.339466947777015e-6,0,0,instigated,11,27
dovish,international,5,2.339466947777015e-6,0,0,internationale,16,32
dovish,interwoven,5,2.339466947777015e-6,0,0,interwoven,32,32
dovish,intract,5,2.339466947777015e-6,0,0,intractable,51,51
dovish,inward,5,2.339466947777015e-6,0,0,inwards,36,40
dovish,iza,5,2.339466947777015e-6,0,0,iza,56,44
dovish,jacket,5,2.339466947777015e-6,0,0,jacket,17,22
dovish,jen,5,2.339466947777015e-6,0,0,jens,34,41
dovish,jim,5,2.339466947777015e-6,0,0,jim,61,51
dovish,jong,5,2.339466947777015e-6,0,0,jong,15,14
dovish,kanungo,5,2.339466947777015e-6,0,0,kanungo,21,10
dovish,karl,5,2.339466947777015e-6,0,0,karl,133,88
dovish,kati,5,2.339466947777015e-6,0,0,katie,42,40
dovish,keel,5,2.339466947777015e-6,0,0,keel,49,45
dovish,keizai,5,2.339466947777015e-6,0,0,keizai,113,56
dovish,krone,5,2.339466947777015e-6,0,0,krone,37,27
dovish,kumamoto,5,2.339466947777015e-6,0,0,kumamoto,43,18
dovish,labori,5,2.339466947777015e-6,0,0,laborious,27,30
dovish,leonard,5,2.339466947777015e-6,0,0,leonard,33,24
dovish,lisa,5,2.339466947777015e-6,0,0,lisa,78,49
dovish,louder,5,2.339466947777015e-6,0,0,louder,52,48
dovish,lucrat,5,2.339466947777015e-6,0,0,lucrative,54,53
dovish,maestro,5,2.339466947777015e-6,0,0,maestro,29,23
dovish,magnific,5,2.339466947777015e-6,0,0,magnificent,55,51
dovish,mahalanobi,5,2.339466947777015e-6,0,0,mahalanobis,65,19
dovish,malwar,5,2.339466947777015e-6,0,0,malware,28,18
dovish,marketis,5,2.339466947777015e-6,0,0,marketisation,27,23
dovish,marketwid,5,2.339466947777015e-6,0,0,marketwide,35,29
dovish,marvel,5,2.339466947777015e-6,0,0,marvel,18,38
dovish,meaningless,5,2.339466947777015e-6,0,0,meaningless,43,40
dovish,meat,5,2.339466947777015e-6,0,0,meat,157,103
dovish,meh,5,2.339466947777015e-6,0,0,meh,61,30
dovish,mercantil,5,2.339466947777015e-6,0,0,mercantile,55,57
dovish,metamorphos,5,2.339466947777015e-6,0,0,metamorphosed,7,13
dovish,midyear,5,2.339466947777015e-6,0,0,midyear,44,38
dovish,miranda,5,2.339466947777015e-6,0,0,miranda,85,59
dovish,misl,5,2.339466947777015e-6,0,0,misled,55,52
dovish,mond,5,2.339466947777015e-6,0,0,monde,33,30
dovish,monetarili,5,2.339466947777015e-6,0,0,monetarily,13,11
dovish,multicultur,5,2.339466947777015e-6,0,0,multicultural,21,21
dovish,multidimension,5,2.339466947777015e-6,0,0,multidimensional,79,68
dovish,murray,5,2.339466947777015e-6,0,0,murray,108,60
dovish,nashvill,5,2.339466947777015e-6,0,0,nashville,19,15
dovish,nasti,5,2.339466947777015e-6,0,0,nasty,64,49
dovish,nationalist,5,2.339466947777015e-6,0,0,nationalist,19,34
dovish,neal,5,2.339466947777015e-6,0,0,neal,71,55
dovish,nevada,5,2.339466947777015e-6,0,0,nevada,26,23
dovish,nicola,5,2.339466947777015e-6,0,0,nicolas,44,69
dovish,nobl,5,2.339466947777015e-6,0,0,noble,54,52
dovish,nonpartisan,5,2.339466947777015e-6,0,0,nonpartisan,15,14
dovish,novat,5,2.339466947777015e-6,0,0,novation,19,19
dovish,nyu,5,2.339466947777015e-6,0,0,nyu,36,26
dovish,opera,5,2.339466947777015e-6,0,0,opera,20,14
dovish,oppon,5,2.339466947777015e-6,0,0,opponents,60,58
dovish,ounc,5,2.339466947777015e-6,0,0,ounce,57,45
dovish,outnumb,5,2.339466947777015e-6,0,0,outnumbered,13,27
dovish,overemphasis,5,2.339466947777015e-6,0,0,overemphasised,26,36
dovish,overreli,5,2.339466947777015e-6,0,0,overreliance,35,36
dovish,overth,5,2.339466947777015e-6,0,0,overthe,17,17
dovish,overweight,5,2.339466947777015e-6,0,0,overweight,30,30
dovish,paralyz,5,2.339466947777015e-6,0,0,paralyzed,18,34
dovish,payback,5,2.339466947777015e-6,0,0,payback,42,31
dovish,peacetim,5,2.339466947777015e-6,0,0,peacetime,97,68
dovish,pereira,5,2.339466947777015e-6,0,0,pereira,26,14
dovish,phelp,5,2.339466947777015e-6,0,0,phelps,141,70
dovish,pill,5,2.339466947777015e-6,0,0,pill,159,83
dovish,plead,5,2.339466947777015e-6,0,0,plead,15,29
dovish,plough,5,2.339466947777015e-6,0,0,ploughed,12,14
dovish,politiqu,5,2.339466947777015e-6,0,0,politique,36,42
dovish,praxi,5,2.339466947777015e-6,0,0,praxis,14,13
dovish,precept,5,2.339466947777015e-6,0,0,precepts,28,35
dovish,prescient,5,2.339466947777015e-6,0,0,prescient,48,52
dovish,preset,5,2.339466947777015e-6,0,0,preset,58,51
dovish,pricewaterhousecoop,5,2.339466947777015e-6,0,0,pricewaterhousecoopers,22,17
dovish,proclaim,5,2.339466947777015e-6,0,0,proclaimed,30,37
dovish,profligaci,5,2.339466947777015e-6,0,0,profligacy,30,30
dovish,prosaic,5,2.339466947777015e-6,0,0,prosaic,22,32
dovish,prospectus,5,2.339466947777015e-6,0,0,prospectus,29,37
dovish,protagonist,5,2.339466947777015e-6,0,0,protagonists,31,36
dovish,publicis,5,2.339466947777015e-6,0,0,publicised,32,47
dovish,purdah,5,2.339466947777015e-6,0,0,purdah,22,21
dovish,pwg,5,2.339466947777015e-6,0,0,pwg,63,14
dovish,qui,5,2.339466947777015e-6,0,0,qui,57,34
dovish,quintessenti,5,2.339466947777015e-6,0,0,quintessential,30,46
dovish,rampant,5,2.339466947777015e-6,0,0,rampant,66,60
dovish,rebirth,5,2.339466947777015e-6,0,0,rebirth,28,27
dovish,recast,5,2.339466947777015e-6,0,0,recast,28,33
dovish,receivership,5,2.339466947777015e-6,0,0,receivership,53,35
dovish,recit,5,2.339466947777015e-6,0,0,recital,22,39
dovish,recover,5,2.339466947777015e-6,0,0,recoverable,19,27
dovish,rector,5,2.339466947777015e-6,0,0,rector,35,26
dovish,rediscov,5,2.339466947777015e-6,0,0,rediscovered,22,40
dovish,refere,5,2.339466947777015e-6,0,0,referee,27,30
dovish,reinterpret,5,2.339466947777015e-6,0,0,reinterpretation,12,30
dovish,reproach,5,2.339466947777015e-6,0,0,reproach,15,23
dovish,revok,5,2.339466947777015e-6,0,0,revoked,60,61
dovish,rhode,5,2.339466947777015e-6,0,0,rhode,43,32
dovish,richardson,5,2.339466947777015e-6,0,0,richardson,60,42
dovish,ridicul,5,2.339466947777015e-6,0,0,ridiculous,8,17
dovish,riegl,5,2.339466947777015e-6,0,0,riegle,47,31
dovish,roberto,5,2.339466947777015e-6,0,0,roberto,101,81
dovish,rochest,5,2.339466947777015e-6,0,0,rochester,128,95
dovish,rodrigo,5,2.339466947777015e-6,0,0,rodrigo,89,50
dovish,rosengren,5,2.339466947777015e-6,0,0,rosengren,70,47
dovish,rugbi,5,2.339466947777015e-6,0,0,rugby,30,22
dovish,salon,5,2.339466947777015e-6,0,0,salone,8,15
dovish,satur,5,2.339466947777015e-6,0,0,saturated,20,39
dovish,scoreboard,5,2.339466947777015e-6,0,0,scoreboard,39,30
dovish,seeker,5,2.339466947777015e-6,0,0,seekers,91,85
dovish,sensor,5,2.339466947777015e-6,0,0,sensors,22,23
dovish,seventeen,5,2.339466947777015e-6,0,0,seventeen,58,55
dovish,shove,5,2.339466947777015e-6,0,0,shove,10,11
dovish,sim,5,2.339466947777015e-6,0,0,sims,86,89
dovish,siren,5,2.339466947777015e-6,0,0,siren,25,31
dovish,slew,5,2.339466947777015e-6,0,0,slew,36,33
dovish,smile,5,2.339466947777015e-6,0,0,smile,24,39
dovish,spaniard,5,2.339466947777015e-6,0,0,spaniards,15,12
dovish,spiritu,5,2.339466947777015e-6,0,0,spiritual,42,34
dovish,sporad,5,2.339466947777015e-6,0,0,sporadic,34,51
dovish,sprint,5,2.339466947777015e-6,0,0,sprint,19,19
dovish,staunch,5,2.339466947777015e-6,0,0,staunch,22,27
dovish,strata,5,2.339466947777015e-6,0,0,strata,45,35
dovish,stresstest,5,2.339466947777015e-6,0,0,stresstesting,15,18
dovish,strictur,5,2.339466947777015e-6,0,0,strictures,23,24
dovish,subcompon,5,2.339466947777015e-6,0,0,subcomponents,43,28
dovish,substandard,5,2.339466947777015e-6,0,0,substandard,24,24
dovish,subt,5,2.339466947777015e-6,0,0,subtly,35,32
dovish,summon,5,2.339466947777015e-6,0,0,summoned,20,38
dovish,sunshin,5,2.339466947777015e-6,0,0,sunshine,34,20
dovish,supplant,5,2.339466947777015e-6,0,0,supplant,30,51
dovish,talwar,5,2.339466947777015e-6,0,0,talwar,30,18
dovish,tanaka,5,2.339466947777015e-6,0,0,tanaka,24,16
dovish,tea,5,2.339466947777015e-6,0,0,tea,40,35
dovish,tecton,5,2.339466947777015e-6,0,0,tectonic,32,32
dovish,theatr,5,2.339466947777015e-6,0,0,theatre,28,30
dovish,thecityuk,5,2.339466947777015e-6,0,0,thecityuk,24,13
dovish,theorist,5,2.339466947777015e-6,0,0,theorists,68,70
dovish,thornton,5,2.339466947777015e-6,0,0,thornton,105,46
dovish,throe,5,2.339466947777015e-6,0,0,throes,28,28
dovish,tobacco,5,2.339466947777015e-6,0,0,tobacco,321,152
dovish,toulous,5,2.339466947777015e-6,0,0,toulouse,16,11
dovish,tripartit,5,2.339466947777015e-6,0,0,tripartite,81,56
dovish,triumph,5,2.339466947777015e-6,0,0,triumph,69,76
dovish,turf,5,2.339466947777015e-6,0,0,turf,25,20
dovish,typhoon,5,2.339466947777015e-6,0,0,typhoon,17,24
dovish,udel,5,2.339466947777015e-6,0,0,udell,25,17
dovish,unchalleng,5,2.339466947777015e-6,0,0,unchallenged,21,22
dovish,undercut,5,2.339466947777015e-6,0,0,undercut,32,57
dovish,undersecretariat,5,2.339466947777015e-6,0,0,undersecretariat,42,24
dovish,unforese,5,2.339466947777015e-6,0,0,unforeseeable,53,52
dovish,unimport,5,2.339466947777015e-6,0,0,unimportant,60,62
dovish,unqualifi,5,2.339466947777015e-6,0,0,unqualified,35,33
dovish,unrestrain,5,2.339466947777015e-6,0,0,unrestrained,14,14
dovish,unwieldi,5,2.339466947777015e-6,0,0,unwieldy,19,19
dovish,uppermost,5,2.339466947777015e-6,0,0,uppermost,26,25
dovish,vain,5,2.339466947777015e-6,0,0,vain,46,45
dovish,vector,5,2.339466947777015e-6,0,0,vector,104,90
dovish,ver,5,2.339466947777015e-6,0,0,ver,32,13
dovish,verlag,5,2.339466947777015e-6,0,0,verlag,25,22
dovish,vers,5,2.339466947777015e-6,0,0,versed,26,31
dovish,vex,5,2.339466947777015e-6,0,0,vexing,16,29
dovish,videoconfer,5,2.339466947777015e-6,0,0,videoconference,58,58
dovish,virgin,5,2.339466947777015e-6,0,0,virgin,12,12
dovish,vogu,5,2.339466947777015e-6,0,0,vogue,42,42
dovish,weymarn,5,2.339466947777015e-6,0,0,weymarn,45,45
dovish,whim,5,2.339466947777015e-6,0,0,whims,17,27
dovish,wim,5,2.339466947777015e-6,0,0,wim,84,54
dovish,wine,5,2.339466947777015e-6,0,0,wine,73,58
dovish,winston,5,2.339466947777015e-6,0,0,winston,55,45
dovish,wither,5,2.339466947777015e-6,0,0,withers,11,25
dovish,workflow,5,2.339466947777015e-6,0,0,workflows,12,20
dovish,workplan,5,2.339466947777015e-6,0,0,workplan,23,11
dovish,worldcom,5,2.339466947777015e-6,0,0,worldcom,42,36
dovish,wreak,5,2.339466947777015e-6,0,0,wreaked,19,36
dovish,yamaichi,5,2.339466947777015e-6,0,0,yamaichi,30,15
dovish,yin,5,2.339466947777015e-6,0,0,yin,17,12
dovish,zealous,5,2.339466947777015e-6,0,0,zealous,20,26
dovish,abovement,4,1.871573558221612e-6,0,0,abovementioned,26,23
dovish,afonso,4,1.871573558221612e-6,0,0,afonso,23,19
dovish,agm,4,1.871573558221612e-6,0,0,agm,35,30
dovish,alaska,4,1.871573558221612e-6,0,0,alaska,26,13
dovish,alessandri,4,1.871573558221612e-6,0,0,alessandri,30,16
dovish,alfr,4,1.871573558221612e-6,0,0,alfred,57,49
dovish,aluminium,4,1.871573558221612e-6,0,0,aluminium,34,30
dovish,amanda,4,1.871573558221612e-6,0,0,amanda,32,22
dovish,amro,4,1.871573558221612e-6,0,0,amro,70,30
dovish,anatomi,4,1.871573558221612e-6,0,0,anatomy,42,38
dovish,ancestor,4,1.871573558221612e-6,0,0,ancestors,27,25
dovish,apolit,4,1.871573558221612e-6,0,0,apolitical,18,15
dovish,apport,4,1.871573558221612e-6,0,0,apportion,11,28
dovish,arkansa,4,1.871573558221612e-6,0,0,arkansas,27,17
dovish,armouri,4,1.871573558221612e-6,0,0,armoury,39,41
dovish,assault,4,1.871573558221612e-6,0,0,assault,15,18
dovish,assetback,4,1.871573558221612e-6,0,0,assetbacked,52,51
dovish,ate,4,1.871573558221612e-6,0,0,ate,28,31
dovish,atomist,4,1.871573558221612e-6,0,0,atomistic,22,20
dovish,auf,4,1.871573558221612e-6,0,0,auf,82,51
dovish,autorit,4,1.871573558221612e-6,0,0,autorite,17,17
dovish,avalanch,4,1.871573558221612e-6,0,0,avalanche,38,29
dovish,bard,4,1.871573558221612e-6,0,0,bard,28,25
dovish,bayesian,4,1.871573558221612e-6,0,0,bayesian,99,66
dovish,bcci,4,1.871573558221612e-6,0,0,bcci,40,30
dovish,bee,4,1.871573558221612e-6,0,0,bee,9,13
dovish,bench,4,1.871573558221612e-6,0,0,bench,19,21
dovish,birthday,4,1.871573558221612e-6,0,0,birthday,114,90
dovish,boardroom,4,1.871573558221612e-6,0,0,boardroom,16,20
dovish,bona,4,1.871573558221612e-6,0,0,bona,35,26
dovish,bradford,4,1.871573558221612e-6,0,0,bradford,84,58
dovish,breaker,4,1.871573558221612e-6,0,0,breakers,57,37
dovish,burk,4,1.871573558221612e-6,0,0,burke,20,13
dovish,camera,4,1.871573558221612e-6,0,0,camera,17,31
dovish,cameron,4,1.871573558221612e-6,0,0,cameron,39,30
dovish,campbel,4,1.871573558221612e-6,0,0,campbell,182,97
dovish,canari,4,1.871573558221612e-6,0,0,canary,16,14
dovish,capex,4,1.871573558221612e-6,0,0,capex,34,20
dovish,carrier,4,1.871573558221612e-6,0,0,carriers,51,59
dovish,cartel,4,1.871573558221612e-6,0,0,cartel,21,31
dovish,cass,4,1.871573558221612e-6,0,0,cass,42,37
dovish,catalyz,4,1.871573558221612e-6,0,0,catalyze,25,39
dovish,catchword,4,1.871573558221612e-6,0,0,catchword,7,11
dovish,cathedr,4,1.871573558221612e-6,0,0,cathedral,24,15
dovish,cdt,4,1.871573558221612e-6,0,0,cdt,21,21
dovish,cess,4,1.871573558221612e-6,0,0,cess,19,14
dovish,cfsa,4,1.871573558221612e-6,0,0,cfsa,28,10
dovish,chalk,4,1.871573558221612e-6,0,0,chalk,22,35
dovish,chiara,4,1.871573558221612e-6,0,0,chiara,44,43
dovish,chill,4,1.871573558221612e-6,0,0,chilling,17,28
dovish,chintaman,4,1.871573558221612e-6,0,0,chintaman,26,12
dovish,circumspect,4,1.871573558221612e-6,0,0,circumspect,27,35
dovish,circumvent,4,1.871573558221612e-6,0,0,circumvention,32,28
dovish,climax,4,1.871573558221612e-6,0,0,climax,23,22
dovish,clout,4,1.871573558221612e-6,0,0,clout,37,36
dovish,cnbc,4,1.871573558221612e-6,0,0,cnbc,21,14
dovish,condol,4,1.871573558221612e-6,0,0,condolences,41,41
dovish,confisc,4,1.871573558221612e-6,0,0,confiscation,12,26
dovish,congruent,4,1.871573558221612e-6,0,0,congruent,44,41
dovish,constanc,4,1.871573558221612e-6,0,0,constancy,15,20
dovish,constrict,4,1.871573558221612e-6,0,0,constrict,11,39
dovish,contrarian,4,1.871573558221612e-6,0,0,contrarian,24,19
dovish,convolut,4,1.871573558221612e-6,0,0,convoluted,12,14
dovish,cotton,4,1.871573558221612e-6,0,0,cotton,85,69
dovish,countrysid,4,1.871573558221612e-6,0,0,countryside,44,32
dovish,covert,4,1.871573558221612e-6,0,0,covert,21,20
dovish,cradl,4,1.871573558221612e-6,0,0,cradle,30,28
dovish,credenc,4,1.871573558221612e-6,0,0,credence,41,40
dovish,crowdfund,4,1.871573558221612e-6,0,0,crowdfunding,54,30
dovish,cruel,4,1.871573558221612e-6,0,0,cruel,13,12
dovish,deleteri,4,1.871573558221612e-6,0,0,deleterious,52,49
dovish,delud,4,1.871573558221612e-6,0,0,delude,9,24
dovish,depoliticis,4,1.871573558221612e-6,0,0,depoliticisation,11,23
dovish,deregulatori,4,1.871573558221612e-6,0,0,deregulatory,20,18
dovish,devour,4,1.871573558221612e-6,0,0,devoured,6,17
dovish,dialog,4,1.871573558221612e-6,0,0,dialog,18,18
dovish,disapprov,4,1.871573558221612e-6,0,0,disapproval,9,27
dovish,diseconomi,4,1.871573558221612e-6,0,0,diseconomies,29,17
dovish,dishonest,4,1.871573558221612e-6,0,0,dishonest,30,26
dovish,dissect,4,1.871573558221612e-6,0,0,dissecting,13,33
dovish,dissolut,4,1.871573558221612e-6,0,0,dissolution,36,33
dovish,dixit,4,1.871573558221612e-6,0,0,dixit,48,28
dovish,doc,4,1.871573558221612e-6,0,0,doc,31,25
dovish,dollaris,4,1.871573558221612e-6,0,0,dollarisation,73,42
dovish,dove,4,1.871573558221612e-6,0,0,doves,38,45
dovish,economiqu,4,1.871573558221612e-6,0,0,economique,65,58
dovish,elud,4,1.871573558221612e-6,0,0,eluded,21,39
dovish,emblem,4,1.871573558221612e-6,0,0,emblem,16,19
dovish,emperor,4,1.871573558221612e-6,0,0,emperor,28,32
dovish,enriqu,4,1.871573558221612e-6,0,0,enrique,49,40
dovish,epicentr,4,1.871573558221612e-6,0,0,epicentre,82,82
dovish,equilibr,4,1.871573558221612e-6,0,0,equilibrating,78,101
dovish,eurofi,4,1.871573558221612e-6,0,0,eurofi,57,46
dovish,europeen,4,1.871573558221612e-6,0,0,europeen,37,26
dovish,ezb,4,1.871573558221612e-6,0,0,ezb,46,32
dovish,favorit,4,1.871573558221612e-6,0,0,favorite,33,37
dovish,favourit,4,1.871573558221612e-6,0,0,favourite,68,71
dovish,feebl,4,1.871573558221612e-6,0,0,feeble,27,28
dovish,fervent,4,1.871573558221612e-6,0,0,fervent,16,23
dovish,fin,4,1.871573558221612e-6,0,0,fin,75,37
dovish,finma,4,1.871573558221612e-6,0,0,finma,133,62
dovish,flock,4,1.871573558221612e-6,0,0,flock,10,18
dovish,flour,4,1.871573558221612e-6,0,0,flour,18,11
dovish,foothold,4,1.871573558221612e-6,0,0,foothold,40,39
dovish,footstep,4,1.871573558221612e-6,0,0,footsteps,40,40
dovish,forbid,4,1.871573558221612e-6,0,0,forbid,17,34
dovish,foulger,4,1.871573558221612e-6,0,0,foulger,21,20
dovish,fourteenth,4,1.871573558221612e-6,0,0,fourteenth,33,32
dovish,freund,4,1.871573558221612e-6,0,0,freund,22,21
dovish,futil,4,1.871573558221612e-6,0,0,futile,58,70
dovish,gadget,4,1.871573558221612e-6,0,0,gadgets,12,12
dovish,gallen,4,1.871573558221612e-6,0,0,gallen,62,35
dovish,ginni,4,1.871573558221612e-6,0,0,ginnie,43,23
dovish,glide,4,1.871573558221612e-6,0,0,glide,26,26
dovish,gomez,4,1.871573558221612e-6,0,0,gomez,100,46
dovish,gradualist,4,1.871573558221612e-6,0,0,gradualist,126,81
dovish,grind,4,1.871573558221612e-6,0,0,grind,21,43
dovish,guiso,4,1.871573558221612e-6,0,0,guiso,36,19
dovish,hagu,4,1.871573558221612e-6,0,0,hague,14,13
dovish,hahn,4,1.871573558221612e-6,0,0,hahn,46,28
dovish,halfway,4,1.871573558221612e-6,0,0,halfway,89,79
dovish,haryana,4,1.871573558221612e-6,0,0,haryana,23,18
dovish,healthili,4,1.871573558221612e-6,0,0,healthily,20,19
dovish,hector,4,1.871573558221612e-6,0,0,hector,33,21
dovish,hefti,4,1.871573558221612e-6,0,0,hefty,36,35
dovish,hell,4,1.871573558221612e-6,0,0,hell,28,24
dovish,hindi,4,1.871573558221612e-6,0,0,hindi,20,15
dovish,hoepa,4,1.871573558221612e-6,0,0,hoepa,225,36
dovish,htm,4,1.871573558221612e-6,0,0,htm,94,43
dovish,hubri,4,1.871573558221612e-6,0,0,hubris,59,44
dovish,hunger,4,1.871573558221612e-6,0,0,hunger,19,18
dovish,huw,4,1.871573558221612e-6,0,0,huw,86,65
dovish,iadi,4,1.871573558221612e-6,0,0,iadi,16,10
dovish,iip,4,1.871573558221612e-6,0,0,iip,49,23
dovish,inattent,4,1.871573558221612e-6,0,0,inattention,58,51
dovish,incarcer,4,1.871573558221612e-6,0,0,incarcerated,6,10
dovish,incoher,4,1.871573558221612e-6,0,0,incoherence,14,26
dovish,ind,4,1.871573558221612e-6,0,0,ind,36,27
dovish,indisput,4,1.871573558221612e-6,0,0,indisputable,51,59
dovish,inelig,4,1.871573558221612e-6,0,0,ineligible,27,28
dovish,ingeni,4,1.871573558221612e-6,0,0,ingenious,32,30
dovish,inland,4,1.871573558221612e-6,0,0,inland,44,32
dovish,insidi,4,1.871573558221612e-6,0,0,insidious,22,29
dovish,interf,4,1.871573558221612e-6,0,0,interfering,70,81
dovish,interpol,4,1.871573558221612e-6,0,0,interpolated,38,55
dovish,intoler,4,1.871573558221612e-6,0,0,intolerable,26,55
dovish,intrast,4,1.871573558221612e-6,0,0,intrastate,20,17
dovish,irreplac,4,1.871573558221612e-6,0,0,irreplaceable,16,16
dovish,irrit,4,1.871573558221612e-6,0,0,irritants,9,30
dovish,jacobsson,4,1.871573558221612e-6,0,0,jacobsson,47,28
dovish,jail,4,1.871573558221612e-6,0,0,jail,11,10
dovish,jamal,4,1.871573558221612e-6,0,0,jamal,14,14
dovish,jesus,4,1.871573558221612e-6,0,0,jesus,25,25
dovish,joanna,4,1.871573558221612e-6,0,0,joanna,16,15
dovish,joel,4,1.871573558221612e-6,0,0,joel,32,26
dovish,joke,4,1.871573558221612e-6,0,0,joke,53,67
dovish,joyc,4,1.871573558221612e-6,0,0,joyce,188,109
dovish,jure,4,1.871573558221612e-6,0,0,jure,74,63
dovish,kant,4,1.871573558221612e-6,0,0,kant,25,19
dovish,katrina,4,1.871573558221612e-6,0,0,katrina,62,33
dovish,kishori,4,1.871573558221612e-6,0,0,kishori,21,10
dovish,knife,4,1.871573558221612e-6,0,0,knife,30,23
dovish,knowhow,4,1.871573558221612e-6,0,0,knowhow,20,19
dovish,laboratori,4,1.871573558221612e-6,0,0,laboratory,69,70
dovish,lambert,4,1.871573558221612e-6,0,0,lambert,42,34
dovish,lap,4,1.871573558221612e-6,0,0,lap,10,16
dovish,largescal,4,1.871573558221612e-6,0,0,largescale,68,67
dovish,las,4,1.871573558221612e-6,0,0,las,51,39
dovish,ldi,4,1.871573558221612e-6,0,0,ldi,275,28
dovish,lebac,4,1.871573558221612e-6,0,0,lebacs,18,12
dovish,legendari,4,1.871573558221612e-6,0,0,legendary,41,40
dovish,lemk,4,1.871573558221612e-6,0,0,lemke,67,42
dovish,lenza,4,1.871573558221612e-6,0,0,lenza,101,63
dovish,leonardo,4,1.871573558221612e-6,0,0,leonardo,38,32
dovish,lexicon,4,1.871573558221612e-6,0,0,lexicon,37,32
dovish,libya,4,1.871573558221612e-6,0,0,libya,28,20
dovish,litr,4,1.871573558221612e-6,0,0,litre,27,19
dovish,lober,4,1.871573558221612e-6,0,0,lober,12,12
dovish,lofti,4,1.871573558221612e-6,0,0,lofty,37,36
dovish,lomax,4,1.871573558221612e-6,0,0,lomax,44,26
dovish,macao,4,1.871573558221612e-6,0,0,macao,53,17
dovish,maddaloni,4,1.871573558221612e-6,0,0,maddaloni,81,51
dovish,malegam,4,1.871573558221612e-6,0,0,malegam,39,19
dovish,malici,4,1.871573558221612e-6,0,0,malicious,45,36
dovish,mall,4,1.871573558221612e-6,0,0,mall,19,36
dovish,mandela,4,1.871573558221612e-6,0,0,mandela,43,24
dovish,maneuver,4,1.871573558221612e-6,0,0,maneuverability,25,21
dovish,manmohan,4,1.871573558221612e-6,0,0,manmohan,46,35
dovish,margaret,4,1.871573558221612e-6,0,0,margaret,21,19
dovish,marker,4,1.871573558221612e-6,0,0,marker,22,33
dovish,marqu,4,1.871573558221612e-6,0,0,marques,61,43
dovish,masson,4,1.871573558221612e-6,0,0,masson,22,19
dovish,mauric,4,1.871573558221612e-6,0,0,maurice,56,47
dovish,mccarthi,4,1.871573558221612e-6,0,0,mccarthy,42,30
dovish,mcgraw,4,1.871573558221612e-6,0,0,mcgraw,32,31
dovish,mclaren,4,1.871573558221612e-6,0,0,mclaren,48,43
dovish,meal,4,1.871573558221612e-6,0,0,meals,33,53
dovish,meltzer,4,1.871573558221612e-6,0,0,meltzer,102,58
dovish,microcosm,4,1.871573558221612e-6,0,0,microcosm,14,14
dovish,milit,4,1.871573558221612e-6,0,0,militate,24,39
dovish,mire,4,1.871573558221612e-6,0,0,mired,57,58
dovish,mise,4,1.871573558221612e-6,0,0,mises,10,11
dovish,miseri,4,1.871573558221612e-6,0,0,misery,56,39
dovish,moderateincom,4,1.871573558221612e-6,0,0,moderateincome,28,22
dovish,mon,4,1.871573558221612e-6,0,0,mon,32,30
dovish,monetair,4,1.871573558221612e-6,0,0,monetaire,71,45
dovish,morph,4,1.871573558221612e-6,0,0,morphed,51,95
dovish,muller,4,1.871573558221612e-6,0,0,muller,31,22
dovish,multiyear,4,1.871573558221612e-6,0,0,multiyear,38,38
dovish,mundan,4,1.871573558221612e-6,0,0,mundane,23,21
dovish,mushroom,4,1.871573558221612e-6,0,0,mushroomed,16,33
dovish,nba,4,1.871573558221612e-6,0,0,nba,85,24
dovish,needi,4,1.871573558221612e-6,0,0,needy,38,34
dovish,nerv,4,1.871573558221612e-6,0,0,nerve,27,38
dovish,nfib,4,1.871573558221612e-6,0,0,nfib,49,18
dovish,nixon,4,1.871573558221612e-6,0,0,nixon,46,33
dovish,nondeposit,4,1.871573558221612e-6,0,0,nondeposit,33,16
dovish,nonpubl,4,1.871573558221612e-6,0,0,nonpublic,34,16
dovish,nook,4,1.871573558221612e-6,0,0,nook,12,14
dovish,nostalg,4,1.871573558221612e-6,0,0,nostalgic,12,13
dovish,nostalgia,4,1.871573558221612e-6,0,0,nostalgia,24,20
dovish,notr,4,1.871573558221612e-6,0,0,notre,42,35
dovish,nuisanc,4,1.871573558221612e-6,0,0,nuisance,17,17
dovish,obligor,4,1.871573558221612e-6,0,0,obligor,12,17
dovish,oblivi,4,1.871573558221612e-6,0,0,oblivious,28,29
dovish,oceania,4,1.871573558221612e-6,0,0,oceania,19,12
dovish,omaha,4,1.871573558221612e-6,0,0,omaha,20,12
dovish,onsit,4,1.871573558221612e-6,0,0,onsite,45,43
dovish,onslaught,4,1.871573558221612e-6,0,0,onslaught,35,37
dovish,operation,4,1.871573558221612e-6,0,0,operationalize,15,46
dovish,orat,4,1.871573558221612e-6,0,0,oration,36,24
dovish,orissa,4,1.871573558221612e-6,0,0,orissa,35,16
dovish,oscar,4,1.871573558221612e-6,0,0,oscar,43,37
dovish,otto,4,1.871573558221612e-6,0,0,otto,28,26
dovish,overload,4,1.871573558221612e-6,0,0,overload,36,48
dovish,oversimplifi,4,1.871573558221612e-6,0,0,oversimplify,15,48
dovish,overstretch,4,1.871573558221612e-6,0,0,overstretched,28,43
dovish,overtook,4,1.871573558221612e-6,0,0,overtook,25,22
dovish,pandit,4,1.871573558221612e-6,0,0,pandit,20,18
dovish,paolo,4,1.871573558221612e-6,0,0,paolo,62,53
dovish,papademo,4,1.871573558221612e-6,0,0,papademos,145,112
dovish,paradis,4,1.871573558221612e-6,0,0,paradise,39,30
dovish,partisan,4,1.871573558221612e-6,0,0,partisan,24,24
dovish,passbook,4,1.871573558221612e-6,0,0,passbook,14,20
dovish,paterson,4,1.871573558221612e-6,0,0,paterson,20,12
dovish,permissionless,4,1.871573558221612e-6,0,0,permissionless,12,11
dovish,personalis,4,1.871573558221612e-6,0,0,personalised,66,34
dovish,peru,4,1.871573558221612e-6,0,0,peru,139,95
dovish,pfrda,4,1.871573558221612e-6,0,0,pfrda,32,29
dovish,philanthrop,4,1.871573558221612e-6,0,0,philanthropic,20,17
dovish,pit,4,1.871573558221612e-6,0,0,pit,17,33
dovish,planner,4,1.871573558221612e-6,0,0,planners,57,63
dovish,plumber,4,1.871573558221612e-6,0,0,plumbers,15,19
dovish,poem,4,1.871573558221612e-6,0,0,poem,40,31
dovish,pore,4,1.871573558221612e-6,0,0,poring,9,15
dovish,porter,4,1.871573558221612e-6,0,0,porter,108,40
dovish,potash,4,1.871573558221612e-6,0,0,potash,15,12
dovish,pozsar,4,1.871573558221612e-6,0,0,pozsar,55,24
dovish,pragu,4,1.871573558221612e-6,0,0,prague,34,19
dovish,pray,4,1.871573558221612e-6,0,0,pray,31,34
dovish,prelud,4,1.871573558221612e-6,0,0,prelude,48,47
dovish,psych,4,1.871573558221612e-6,0,0,psyche,28,28
dovish,publici,4,1.871573558221612e-6,0,0,publicis,14,13
dovish,pullback,4,1.871573558221612e-6,0,0,pullback,113,108
dovish,punit,4,1.871573558221612e-6,0,0,punitive,68,47
dovish,qiang,4,1.871573558221612e-6,0,0,qiang,11,10
dovish,quarri,4,1.871573558221612e-6,0,0,quarrying,34,29
dovish,quell,4,1.871573558221612e-6,0,0,quelle,51,56
dovish,ranch,4,1.871573558221612e-6,0,0,ranching,5,11
dovish,reconstitut,4,1.871573558221612e-6,0,0,reconstituted,16,36
dovish,recordkeep,4,1.871573558221612e-6,0,0,recordkeeping,30,26
dovish,redefinit,4,1.871573558221612e-6,0,0,redefinition,29,27
dovish,reflex,4,1.871573558221612e-6,0,0,reflex,15,32
dovish,rehears,4,1.871573558221612e-6,0,0,rehearse,14,35
dovish,reintermedi,4,1.871573558221612e-6,0,0,reintermediation,18,20
dovish,rejoin,4,1.871573558221612e-6,0,0,rejoin,15,30
dovish,relook,4,1.871573558221612e-6,0,0,relook,22,24
dovish,reo,4,1.871573558221612e-6,0,0,reo,133,18
dovish,resel,4,1.871573558221612e-6,0,0,resell,16,22
dovish,retool,4,1.871573558221612e-6,0,0,retool,25,28
dovish,rhyme,4,1.871573558221612e-6,0,0,rhyme,17,24
dovish,rhythm,4,1.871573558221612e-6,0,0,rhythm,22,23
dovish,rift,4,1.871573558221612e-6,0,0,rifts,9,14
dovish,rim,4,1.871573558221612e-6,0,0,rim,29,19
dovish,riskadjust,4,1.871573558221612e-6,0,0,riskadjusted,15,14
dovish,rivalri,4,1.871573558221612e-6,0,0,rivalry,25,30
dovish,rivlin,4,1.871573558221612e-6,0,0,rivlin,47,33
dovish,rochell,4,1.871573558221612e-6,0,0,rochelle,27,24
dovish,rub,4,1.871573558221612e-6,0,0,rub,18,19
dovish,rumour,4,1.871573558221612e-6,0,0,rumours,48,57
dovish,rwa,4,1.871573558221612e-6,0,0,rwa,98,34
dovish,sandi,4,1.871573558221612e-6,0,0,sandy,25,24
dovish,scare,4,1.871573558221612e-6,0,0,scare,45,73
dovish,schumpeterian,4,1.871573558221612e-6,0,0,schumpeterian,58,39
dovish,sct,4,1.871573558221612e-6,0,0,sct,90,27
dovish,second,4,1.871573558221612e-6,0,0,seconded,8,17
dovish,sequest,4,1.871573558221612e-6,0,0,sequester,5,11
dovish,shapiro,4,1.871573558221612e-6,0,0,shapiro,45,28
dovish,sharon,4,1.871573558221612e-6,0,0,sharon,20,20
dovish,shenzhen,4,1.871573558221612e-6,0,0,shenzhen,45,28
dovish,shook,4,1.871573558221612e-6,0,0,shook,47,47
dovish,siegert,4,1.871573558221612e-6,0,0,siegert,22,17
dovish,slbcs,4,1.871573558221612e-6,0,0,slbcs,19,15
dovish,speedili,4,1.871573558221612e-6,0,0,speedily,42,40
dovish,springer,4,1.871573558221612e-6,0,0,springer,35,33
dovish,sprung,4,1.871573558221612e-6,0,0,sprung,22,22
dovish,stagflat,4,1.871573558221612e-6,0,0,stagflation,164,124
dovish,stoke,4,1.871573558221612e-6,0,0,stoke,35,84
dovish,stracca,4,1.871573558221612e-6,0,0,stracca,55,47
dovish,straightjacket,4,1.871573558221612e-6,0,0,straightjacket,12,15
dovish,stranger,4,1.871573558221612e-6,0,0,strangers,39,35
dovish,straw,4,1.871573558221612e-6,0,0,straw,27,35
dovish,stun,4,1.871573558221612e-6,0,0,stunning,28,37
dovish,sturdi,4,1.871573558221612e-6,0,0,sturdy,28,29
dovish,suerf,4,1.871573558221612e-6,0,0,suerf,62,54
dovish,sui,4,1.871573558221612e-6,0,0,sui,22,25
dovish,supremaci,4,1.871573558221612e-6,0,0,supremacy,18,16
dovish,surf,4,1.871573558221612e-6,0,0,surfing,11,14
dovish,swallow,4,1.871573558221612e-6,0,0,swallow,23,23
dovish,symbolis,4,1.871573558221612e-6,0,0,symbolises,27,54
dovish,tangl,4,1.871573558221612e-6,0,0,tangled,15,23
dovish,tarapor,4,1.871573558221612e-6,0,0,tarapore,45,37
dovish,tat,4,1.871573558221612e-6,0,0,tat,24,20
dovish,teamwork,4,1.871573558221612e-6,0,0,teamwork,27,23
dovish,technician,4,1.871573558221612e-6,0,0,technicians,46,45
dovish,teleconfer,4,1.871573558221612e-6,0,0,teleconference,35,25
dovish,tequila,4,1.871573558221612e-6,0,0,tequila,24,20
dovish,thatcher,4,1.871573558221612e-6,0,0,thatcher,26,24
dovish,theodor,4,1.871573558221612e-6,0,0,theodore,7,10
dovish,threemonth,4,1.871573558221612e-6,0,0,threemonth,46,37
dovish,tightrop,4,1.871573558221612e-6,0,0,tightrope,30,25
dovish,timeless,4,1.871573558221612e-6,0,0,timeless,45,39
dovish,traceabl,4,1.871573558221612e-6,0,0,traceable,18,31
dovish,trademark,4,1.871573558221612e-6,0,0,trademark,17,23
dovish,treatis,4,1.871573558221612e-6,0,0,treatise,39,36
dovish,trepid,4,1.871573558221612e-6,0,0,trepidation,31,31
dovish,trickl,4,1.871573558221612e-6,0,0,trickle,44,44
dovish,troublesom,4,1.871573558221612e-6,0,0,troublesome,66,64
dovish,uncharacterist,4,1.871573558221612e-6,0,0,uncharacteristically,8,14
dovish,unclog,4,1.871573558221612e-6,0,0,unclog,14,21
dovish,underappreci,4,1.871573558221612e-6,0,0,underappreciated,45,49
dovish,underrepres,4,1.871573558221612e-6,0,0,underrepresented,28,22
dovish,unearth,4,1.871573558221612e-6,0,0,unearthed,23,40
dovish,unfriend,4,1.871573558221612e-6,0,0,unfriendly,46,33
dovish,universit,4,1.871573558221612e-6,0,0,universite,22,19
dovish,unschedul,4,1.871573558221612e-6,0,0,unscheduled,46,43
dovish,unseen,4,1.871573558221612e-6,0,0,unseen,44,41
dovish,unser,4,1.871573558221612e-6,0,0,unserer,10,18
dovish,unserv,4,1.871573558221612e-6,0,0,unserved,31,25
dovish,uphil,4,1.871573558221612e-6,0,0,uphill,52,44
dovish,uptak,4,1.871573558221612e-6,0,0,uptake,44,41
dovish,uruguay,4,1.871573558221612e-6,0,0,uruguay,42,36
dovish,usc,4,1.871573558221612e-6,0,0,usc,23,11
dovish,utopian,4,1.871573558221612e-6,0,0,utopian,26,27
dovish,vega,4,1.871573558221612e-6,0,0,vega,26,36
dovish,verbal,4,1.871573558221612e-6,0,0,verbal,49,46
dovish,veto,4,1.871573558221612e-6,0,0,veto,36,38
dovish,vijaya,4,1.871573558221612e-6,0,0,vijaya,19,13
dovish,vous,4,1.871573558221612e-6,0,0,vous,53,37
dovish,watchword,4,1.871573558221612e-6,0,0,watchword,21,24
dovish,wed,4,1.871573558221612e-6,0,0,wedded,12,30
dovish,werd,4,1.871573558221612e-6,0,0,werde,26,22
dovish,withth,4,1.871573558221612e-6,0,0,withthe,14,14
dovish,woe,4,1.871573558221612e-6,0,0,woes,37,39
dovish,woefulli,4,1.871573558221612e-6,0,0,woefully,37,34
dovish,wolfgang,4,1.871573558221612e-6,0,0,wolfgang,56,35
dovish,wyplosz,4,1.871573558221612e-6,0,0,wyplosz,42,32
dovish,yangtz,4,1.871573558221612e-6,0,0,yangtze,16,11
dovish,yate,4,1.871573558221612e-6,0,0,yates,65,44
dovish,zambia,4,1.871573558221612e-6,0,0,zambia,48,29
dovish,zane,4,1.871573558221612e-6,0,0,zane,13,13
dovish,zero,4,1.871573558221612e-6,0,0,zeros,43,35
dovish,zheng,4,1.871573558221612e-6,0,0,zheng,27,25
dovish,abdic,3,1.403680168666209e-6,0,0,abdication,12,18
dovish,abmi,3,1.403680168666209e-6,0,0,abmi,33,19
dovish,acquiesc,3,1.403680168666209e-6,0,0,acquiesce,11,31
dovish,addresse,3,1.403680168666209e-6,0,0,addressees,17,17
dovish,afm,3,1.403680168666209e-6,0,0,afme,21,21
dovish,alamsyah,3,1.403680168666209e-6,0,0,alamsyah,30,20
dovish,alcald,3,1.403680168666209e-6,0,0,alcalde,15,10
dovish,anglia,3,1.403680168666209e-6,0,0,anglia,26,17
dovish,anika,3,1.403680168666209e-6,0,0,anika,82,29
dovish,archego,3,1.403680168666209e-6,0,0,archegos,38,18
dovish,argentinean,3,1.403680168666209e-6,0,0,argentinean,10,15
dovish,aristotl,3,1.403680168666209e-6,0,0,aristotle,33,27
dovish,astray,3,1.403680168666209e-6,0,0,astray,46,45
dovish,athanasio,3,1.403680168666209e-6,0,0,athanasios,105,69
dovish,aus,3,1.403680168666209e-6,0,0,aus,45,33
dovish,automak,3,1.403680168666209e-6,0,0,automakers,40,37
dovish,avi,3,1.403680168666209e-6,0,0,avis,26,29
dovish,bahama,3,1.403680168666209e-6,0,0,bahamas,10,10
dovish,baili,3,1.403680168666209e-6,0,0,baily,37,25
dovish,banish,3,1.403680168666209e-6,0,0,banish,11,17
dovish,banner,3,1.403680168666209e-6,0,0,banner,23,25
dovish,baton,3,1.403680168666209e-6,0,0,baton,33,31
dovish,bbva,3,1.403680168666209e-6,0,0,bbva,19,15
dovish,benelux,3,1.403680168666209e-6,0,0,benelux,16,15
dovish,bequeath,3,1.403680168666209e-6,0,0,bequeathed,23,31
dovish,ber,3,1.403680168666209e-6,0,0,ber,48,30
dovish,biofuel,3,1.403680168666209e-6,0,0,biofuels,21,26
dovish,bog,3,1.403680168666209e-6,0,0,bogged,16,23
dovish,bos,3,1.403680168666209e-6,0,0,bos,36,18
dovish,bose,3,1.403680168666209e-6,0,0,bose,34,30
dovish,boss,3,1.403680168666209e-6,0,0,boss,33,38
dovish,brent,3,1.403680168666209e-6,0,0,brent,149,120
dovish,bullard,3,1.403680168666209e-6,0,0,bullard,69,38
dovish,burnham,3,1.403680168666209e-6,0,0,burnham,10,10
dovish,businesspeopl,3,1.403680168666209e-6,0,0,businesspeople,31,26
dovish,captain,3,1.403680168666209e-6,0,0,captain,33,33
dovish,casey,3,1.403680168666209e-6,0,0,casey,23,13
dovish,casino,3,1.403680168666209e-6,0,0,casino,30,25
dovish,catapult,3,1.403680168666209e-6,0,0,catapult,10,21
dovish,cato,3,1.403680168666209e-6,0,0,cato,71,60
dovish,ceaseless,3,1.403680168666209e-6,0,0,ceaseless,9,11
dovish,ceb,3,1.403680168666209e-6,0,0,cebs,93,35
dovish,centrepiec,3,1.403680168666209e-6,0,0,centrepiece,54,48
dovish,cepii,3,1.403680168666209e-6,0,0,cepii,21,19
dovish,cervant,3,1.403680168666209e-6,0,0,cervantes,16,10
dovish,charm,3,1.403680168666209e-6,0,0,charm,17,27
dovish,chubu,3,1.403680168666209e-6,0,0,chubu,26,18
dovish,clay,3,1.403680168666209e-6,0,0,clay,29,21
dovish,cochran,3,1.403680168666209e-6,0,0,cochrane,59,38
dovish,cogent,3,1.403680168666209e-6,0,0,cogent,17,19
dovish,collud,3,1.403680168666209e-6,0,0,collude,9,14
dovish,coloss,3,1.403680168666209e-6,0,0,colossal,20,20
dovish,comov,3,1.403680168666209e-6,0,0,comovement,101,28
dovish,concili,3,1.403680168666209e-6,0,0,conciliation,12,13
dovish,conflagr,3,1.403680168666209e-6,0,0,conflagration,11,14
dovish,conjur,3,1.403680168666209e-6,0,0,conjure,14,28
dovish,connecticut,3,1.403680168666209e-6,0,0,connecticut,33,28
dovish,contigu,3,1.403680168666209e-6,0,0,contiguous,9,11
dovish,contravent,3,1.403680168666209e-6,0,0,contravention,13,10
dovish,corrigan,3,1.403680168666209e-6,0,0,corrigan,37,19
dovish,cote,3,1.403680168666209e-6,0,0,cote,30,20
dovish,cras,3,1.403680168666209e-6,0,0,cras,119,13
dovish,crew,3,1.403680168666209e-6,0,0,crew,23,24
dovish,cryptograph,3,1.403680168666209e-6,0,0,cryptographic,23,20
dovish,cso,3,1.403680168666209e-6,0,0,cso,36,22
dovish,csr,3,1.403680168666209e-6,0,0,csr,48,18
dovish,cyberattack,3,1.403680168666209e-6,0,0,cyberattacks,83,53
dovish,dana,3,1.403680168666209e-6,0,0,dana,17,14
dovish,dani,3,1.403680168666209e-6,0,0,dani,34,30
dovish,darkest,3,1.403680168666209e-6,0,0,darkest,61,58
dovish,deaf,3,1.403680168666209e-6,0,0,deaf,17,17
dovish,debtto,3,1.403680168666209e-6,0,0,debtto,16,15
dovish,deglobalis,3,1.403680168666209e-6,0,0,deglobalisation,43,32
dovish,delus,3,1.403680168666209e-6,0,0,delusion,13,22
dovish,department,3,1.403680168666209e-6,0,0,departmental,51,47
dovish,destitut,3,1.403680168666209e-6,0,0,destitute,6,12
dovish,devoid,3,1.403680168666209e-6,0,0,devoid,27,27
dovish,diametr,3,1.403680168666209e-6,0,0,diametrically,18,17
dovish,dine,3,1.403680168666209e-6,0,0,dining,89,65
dovish,disequilibrium,3,1.403680168666209e-6,0,0,disequilibrium,79,64
dovish,disproport,3,1.403680168666209e-6,0,0,disproportionally,17,27
dovish,dizzi,3,1.403680168666209e-6,0,0,dizzying,15,20
dovish,docket,3,1.403680168666209e-6,0,0,docket,28,17
dovish,doctrinair,3,1.403680168666209e-6,0,0,doctrinaire,19,17
dovish,doddfrank,3,1.403680168666209e-6,0,0,doddfrank,38,30
dovish,doubter,3,1.403680168666209e-6,0,0,doubters,10,10
dovish,downpay,3,1.403680168666209e-6,0,0,downpayment,20,16
dovish,dweller,3,1.403680168666209e-6,0,0,dwellers,13,11
dovish,eduardo,3,1.403680168666209e-6,0,0,eduardo,30,22
dovish,effectu,3,1.403680168666209e-6,0,0,effectuate,7,14
dovish,einer,3,1.403680168666209e-6,0,0,einer,22,18
dovish,enquir,3,1.403680168666209e-6,0,0,enquiring,11,18
dovish,enterprisewid,3,1.403680168666209e-6,0,0,enterprisewide,25,14
dovish,eri,3,1.403680168666209e-6,0,0,eri,66,47
dovish,erwin,3,1.403680168666209e-6,0,0,erwin,18,15
dovish,eth,3,1.403680168666209e-6,0,0,eth,56,21
dovish,ethanol,3,1.403680168666209e-6,0,0,ethanol,15,10
dovish,excerpt,3,1.403680168666209e-6,0,0,excerpts,34,48
dovish,exim,3,1.403680168666209e-6,0,0,exim,39,26
dovish,expound,3,1.403680168666209e-6,0,0,expounded,21,35
dovish,fairi,3,1.403680168666209e-6,0,0,fairy,22,19
dovish,farsight,3,1.403680168666209e-6,0,0,farsighted,10,10
dovish,fedspeak,3,1.403680168666209e-6,0,0,fedspeak,17,14
dovish,fellowship,3,1.403680168666209e-6,0,0,fellowship,43,31
dovish,fema,3,1.403680168666209e-6,0,0,fema,94,40
dovish,feroci,3,1.403680168666209e-6,0,0,ferocious,11,18
dovish,finsia,3,1.403680168666209e-6,0,0,finsia,20,16
dovish,fittest,3,1.403680168666209e-6,0,0,fittest,17,17
dovish,flee,3,1.403680168666209e-6,0,0,flee,23,38
dovish,flown,3,1.403680168666209e-6,0,0,flown,27,26
dovish,forebear,3,1.403680168666209e-6,0,0,forebears,25,24
dovish,forfeit,3,1.403680168666209e-6,0,0,forfeited,15,31
dovish,frenzi,3,1.403680168666209e-6,0,0,frenzy,42,39
dovish,friendli,3,1.403680168666209e-6,0,0,friendliness,24,21
dovish,frown,3,1.403680168666209e-6,0,0,frowned,22,29
dovish,fructifi,3,1.403680168666209e-6,0,0,fructify,13,17
dovish,gaspar,3,1.403680168666209e-6,0,0,gaspar,59,43
dovish,gaze,3,1.403680168666209e-6,0,0,gaze,21,33
dovish,geld,3,1.403680168666209e-6,0,0,geld,13,12
dovish,geoff,3,1.403680168666209e-6,0,0,geoff,36,29
dovish,georgetown,3,1.403680168666209e-6,0,0,georgetown,28,25
dovish,giuzio,3,1.403680168666209e-6,0,0,giuzio,20,13
dovish,goldstein,3,1.403680168666209e-6,0,0,goldstein,47,26
dovish,gopalakrishna,3,1.403680168666209e-6,0,0,gopalakrishna,20,14
dovish,gps,3,1.403680168666209e-6,0,0,gps,11,10
dovish,greas,3,1.403680168666209e-6,0,0,grease,33,34
dovish,gullibl,3,1.403680168666209e-6,0,0,gullible,18,17
dovish,gun,3,1.403680168666209e-6,0,0,gun,22,36
dovish,halim,3,1.403680168666209e-6,0,0,halim,30,20
dovish,hammer,3,1.403680168666209e-6,0,0,hammer,47,51
dovish,harmless,3,1.403680168666209e-6,0,0,harmless,21,20
dovish,hearti,3,1.403680168666209e-6,0,0,hearty,56,50
dovish,heinz,3,1.403680168666209e-6,0,0,heinz,28,25
dovish,helm,3,1.403680168666209e-6,0,0,helm,32,33
dovish,herb,3,1.403680168666209e-6,0,0,herb,25,16
dovish,herman,3,1.403680168666209e-6,0,0,herman,31,28
dovish,hhi,3,1.403680168666209e-6,0,0,hhi,45,13
dovish,hopkin,3,1.403680168666209e-6,0,0,hopkins,35,29
dovish,hubbard,3,1.403680168666209e-6,0,0,hubbard,30,23
dovish,hydrocarbon,3,1.403680168666209e-6,0,0,hydrocarbons,13,16
dovish,hyperbol,3,1.403680168666209e-6,0,0,hyperbolic,28,18
dovish,ignazio,3,1.403680168666209e-6,0,0,ignazio,18,18
dovish,iib,3,1.403680168666209e-6,0,0,iibs,23,12
dovish,iim,3,1.403680168666209e-6,0,0,iim,35,22
dovish,iit,3,1.403680168666209e-6,0,0,iit,28,25
dovish,imageri,3,1.403680168666209e-6,0,0,imagery,18,17
dovish,imaginari,3,1.403680168666209e-6,0,0,imaginary,26,23
dovish,immobil,3,1.403680168666209e-6,0,0,immobile,13,30
dovish,immobl,3,1.403680168666209e-6,0,0,immobility,24,24
dovish,impecc,3,1.403680168666209e-6,0,0,impeccable,25,25
dovish,imprison,3,1.403680168666209e-6,0,0,imprisonment,10,17
dovish,improvis,3,1.403680168666209e-6,0,0,improvised,18,39
dovish,incarn,3,1.403680168666209e-6,0,0,incarnation,29,40
dovish,incongru,3,1.403680168666209e-6,0,0,incongruous,7,16
dovish,inconsider,3,1.403680168666209e-6,0,0,inconsiderable,12,12
dovish,indisciplin,3,1.403680168666209e-6,0,0,indiscipline,18,16
dovish,inelast,3,1.403680168666209e-6,0,0,inelastic,76,64
dovish,infal,3,1.403680168666209e-6,0,0,infallible,34,34
dovish,infeas,3,1.403680168666209e-6,0,0,infeasible,39,39
dovish,inhous,3,1.403680168666209e-6,0,0,inhouse,14,15
dovish,inim,3,1.403680168666209e-6,0,0,inimical,37,36
dovish,inorgan,3,1.403680168666209e-6,0,0,inorganic,15,13
dovish,inspector,3,1.403680168666209e-6,0,0,inspector,22,32
dovish,inspit,3,1.403680168666209e-6,0,0,inspite,22,20
dovish,intel,3,1.403680168666209e-6,0,0,intel,18,11
dovish,intellect,3,1.403680168666209e-6,0,0,intellect,38,34
dovish,interlock,3,1.403680168666209e-6,0,0,interlocks,26,34
dovish,interpos,3,1.403680168666209e-6,0,0,interposing,7,14
dovish,interrog,3,1.403680168666209e-6,0,0,interrogate,13,25
dovish,intimid,3,1.403680168666209e-6,0,0,intimidating,9,22
dovish,irwin,3,1.403680168666209e-6,0,0,irwin,41,31
dovish,isaac,3,1.403680168666209e-6,0,0,isaac,24,21
dovish,issb,3,1.403680168666209e-6,0,0,issb,34,20
dovish,jagdish,3,1.403680168666209e-6,0,0,jagdish,37,30
dovish,jappelli,3,1.403680168666209e-6,0,0,jappelli,24,21
dovish,kellogg,3,1.403680168666209e-6,0,0,kellogg,15,10
dovish,kiel,3,1.403680168666209e-6,0,0,kiel,38,21
dovish,kilomet,3,1.403680168666209e-6,0,0,kilometers,16,19
dovish,kindl,3,1.403680168666209e-6,0,0,kindled,10,19
dovish,kitchen,3,1.403680168666209e-6,0,0,kitchen,21,29
dovish,klein,3,1.403680168666209e-6,0,0,klein,43,26
dovish,kose,3,1.403680168666209e-6,0,0,kose,69,46
dovish,kuster,3,1.403680168666209e-6,0,0,kuster,30,30
dovish,laissez,3,1.403680168666209e-6,0,0,laissez,58,42
dovish,lauri,3,1.403680168666209e-6,0,0,laurie,13,13
dovish,liais,3,1.403680168666209e-6,0,0,liaise,17,32
dovish,lili,3,1.403680168666209e-6,0,0,lily,17,15
dovish,lindsay,3,1.403680168666209e-6,0,0,lindsay,19,18
dovish,literari,3,1.403680168666209e-6,0,0,literary,29,22
dovish,loanperform,3,1.403680168666209e-6,0,0,loanperformance,24,17
dovish,lopsid,3,1.403680168666209e-6,0,0,lopsided,17,17
dovish,louisiana,3,1.403680168666209e-6,0,0,louisiana,19,13
dovish,lti,3,1.403680168666209e-6,0,0,lti,104,34
dovish,lukewarm,3,1.403680168666209e-6,0,0,lukewarm,15,15
dovish,mandatorili,3,1.403680168666209e-6,0,0,mandatorily,12,12
dovish,matthia,3,1.403680168666209e-6,0,0,matthias,37,35
dovish,mccolough,3,1.403680168666209e-6,0,0,mccolough,21,20
dovish,meager,3,1.403680168666209e-6,0,0,meager,22,22
dovish,menac,3,1.403680168666209e-6,0,0,menace,38,39
dovish,mendez,3,1.403680168666209e-6,0,0,mendez,33,23
dovish,mendoza,3,1.403680168666209e-6,0,0,mendoza,46,29
dovish,mercado,3,1.403680168666209e-6,0,0,mercado,16,20
dovish,mes,3,1.403680168666209e-6,0,0,mes,15,13
dovish,metamorphosi,3,1.403680168666209e-6,0,0,metamorphosis,27,23
dovish,mich,3,1.403680168666209e-6,0,0,mich,42,33
dovish,michaela,3,1.403680168666209e-6,0,0,michaela,12,12
dovish,minded,3,1.403680168666209e-6,0,0,mindedness,13,13
dovish,minehan,3,1.403680168666209e-6,0,0,minehan,11,11
dovish,mishap,3,1.403680168666209e-6,0,0,mishaps,13,19
dovish,mississippi,3,1.403680168666209e-6,0,0,mississippi,44,23
dovish,mnyand,3,1.403680168666209e-6,0,0,mnyande,15,14
dovish,modelbas,3,1.403680168666209e-6,0,0,modelbased,14,14
dovish,moneta,3,1.403680168666209e-6,0,0,moneta,15,16
dovish,monnai,3,1.403680168666209e-6,0,0,monnaie,24,20
dovish,moran,3,1.403680168666209e-6,0,0,moran,29,19
dovish,moritz,3,1.403680168666209e-6,0,0,moritz,30,26
dovish,muddi,3,1.403680168666209e-6,0,0,muddy,14,28
dovish,multibank,3,1.403680168666209e-6,0,0,multibank,19,14
dovish,muto,3,1.403680168666209e-6,0,0,muto,30,18
dovish,nagel,3,1.403680168666209e-6,0,0,nagel,38,26
dovish,nagoya,3,1.403680168666209e-6,0,0,nagoya,76,36
dovish,namaskar,3,1.403680168666209e-6,0,0,namaskar,17,16
dovish,napoleon,3,1.403680168666209e-6,0,0,napoleonic,36,36
dovish,ned,3,1.403680168666209e-6,0,0,ned,17,18
dovish,needl,3,1.403680168666209e-6,0,0,needle,36,33
dovish,networth,3,1.403680168666209e-6,0,0,networth,14,11
dovish,neue,3,1.403680168666209e-6,0,0,neue,25,16
dovish,nicht,3,1.403680168666209e-6,0,0,nicht,34,24
dovish,nicoletti,3,1.403680168666209e-6,0,0,nicoletti,81,41
dovish,nomenclatur,3,1.403680168666209e-6,0,0,nomenclature,17,20
dovish,nonclear,3,1.403680168666209e-6,0,0,noncleared,16,11
dovish,nongovernment,3,1.403680168666209e-6,0,0,nongovernmental,15,15
dovish,nonmarket,3,1.403680168666209e-6,0,0,nonmarket,32,28
dovish,northwestern,3,1.403680168666209e-6,0,0,northwestern,48,44
dovish,nos,3,1.403680168666209e-6,0,0,nos,40,32
dovish,nps,3,1.403680168666209e-6,0,0,nps,91,19
dovish,nsso,3,1.403680168666209e-6,0,0,nsso,31,20
dovish,oca,3,1.403680168666209e-6,0,0,oca,183,31
dovish,oenb,3,1.403680168666209e-6,0,0,oenb,23,16
dovish,omnibus,3,1.403680168666209e-6,0,0,omnibus,31,24
dovish,omnipres,3,1.403680168666209e-6,0,0,omnipresent,15,16
dovish,ont,3,1.403680168666209e-6,0,0,ont,19,15
dovish,ortega,3,1.403680168666209e-6,0,0,ortega,18,11
dovish,outdoor,3,1.403680168666209e-6,0,0,outdoor,26,28
dovish,outfit,3,1.403680168666209e-6,0,0,outfits,8,16
dovish,overboard,3,1.403680168666209e-6,0,0,overboard,13,12
dovish,overexpos,3,1.403680168666209e-6,0,0,overexposed,8,12
dovish,padula,3,1.403680168666209e-6,0,0,padula,13,10
dovish,parsimoni,3,1.403680168666209e-6,0,0,parsimonious,19,28
dovish,partit,3,1.403680168666209e-6,0,0,partition,18,28
dovish,pas,3,1.403680168666209e-6,0,0,pas,36,26
dovish,patra,3,1.403680168666209e-6,0,0,patra,46,30
dovish,patron,3,1.403680168666209e-6,0,0,patron,14,20
dovish,peek,3,1.403680168666209e-6,0,0,peek,38,23
dovish,perez,3,1.403680168666209e-6,0,0,perez,78,53
dovish,perplex,3,1.403680168666209e-6,0,0,perplexed,13,27
dovish,petit,3,1.403680168666209e-6,0,0,petition,10,19
dovish,petti,3,1.403680168666209e-6,0,0,petty,15,15
dovish,peut,3,1.403680168666209e-6,0,0,peut,15,13
dovish,pinch,3,1.403680168666209e-6,0,0,pinch,34,36
dovish,pli,3,1.403680168666209e-6,0,0,pli,11,13
dovish,polish,3,1.403680168666209e-6,0,0,polish,55,47
dovish,politicis,3,1.403680168666209e-6,0,0,politicisation,16,30
dovish,popularis,3,1.403680168666209e-6,0,0,popularised,15,28
dovish,prager,3,1.403680168666209e-6,0,0,prager,13,10
dovish,preach,3,1.403680168666209e-6,0,0,preaching,17,30
dovish,predisposit,3,1.403680168666209e-6,0,0,predisposition,10,11
dovish,prefac,3,1.403680168666209e-6,0,0,preface,35,37
dovish,prodigi,3,1.403680168666209e-6,0,0,prodigious,20,21
dovish,promissori,3,1.403680168666209e-6,0,0,promissory,45,23
dovish,pud,3,1.403680168666209e-6,0,0,pudding,28,21
dovish,punctuat,3,1.403680168666209e-6,0,0,punctuated,30,33
dovish,putat,3,1.403680168666209e-6,0,0,putative,26,28
dovish,quak,3,1.403680168666209e-6,0,0,quake,44,21
dovish,quid,3,1.403680168666209e-6,0,0,quid,30,31
dovish,ranjan,3,1.403680168666209e-6,0,0,ranjan,17,16
dovish,rash,3,1.403680168666209e-6,0,0,rash,20,24
dovish,raymond,3,1.403680168666209e-6,0,0,raymond,25,21
dovish,recircul,3,1.403680168666209e-6,0,0,recirculation,9,13
dovish,reemploy,3,1.403680168666209e-6,0,0,reemployment,27,27
dovish,refug,3,1.403680168666209e-6,0,0,refuge,39,40
dovish,regina,3,1.403680168666209e-6,0,0,regina,18,10
dovish,reichsbank,3,1.403680168666209e-6,0,0,reichsbank,29,11
dovish,relinquish,3,1.403680168666209e-6,0,0,relinquish,19,42
dovish,repossess,3,1.403680168666209e-6,0,0,repossessions,13,32
dovish,res,3,1.403680168666209e-6,0,0,res,50,26
dovish,resent,3,1.403680168666209e-6,0,0,resentment,21,35
dovish,resound,3,1.403680168666209e-6,0,0,resounding,48,55
dovish,reunion,3,1.403680168666209e-6,0,0,reunion,13,14
dovish,revolt,3,1.403680168666209e-6,0,0,revolt,11,11
dovish,rita,3,1.403680168666209e-6,0,0,rita,65,45
dovish,rodrik,3,1.403680168666209e-6,0,0,rodrik,83,37
dovish,roosevelt,3,1.403680168666209e-6,0,0,roosevelt,63,40
dovish,rosewal,3,1.403680168666209e-6,0,0,rosewall,16,14
dovish,royalti,3,1.403680168666209e-6,0,0,royalties,18,25
dovish,ruth,3,1.403680168666209e-6,0,0,ruth,35,17
dovish,safekeep,3,1.403680168666209e-6,0,0,safekeeping,20,12
dovish,sandra,3,1.403680168666209e-6,0,0,sandra,28,26
dovish,schill,3,1.403680168666209e-6,0,0,schilling,27,23
dovish,schwab,3,1.403680168666209e-6,0,0,schwab,15,12
dovish,scrip,3,1.403680168666209e-6,0,0,scrip,19,20
dovish,sein,3,1.403680168666209e-6,0,0,sein,27,26
dovish,selfemploy,3,1.403680168666209e-6,0,0,selfemployed,43,24
dovish,selfish,3,1.403680168666209e-6,0,0,selfish,8,14
dovish,sew,3,1.403680168666209e-6,0,0,sewing,10,10
dovish,sexual,3,1.403680168666209e-6,0,0,sexual,35,28
dovish,sfr,3,1.403680168666209e-6,0,0,sfr,77,22
dovish,shroud,3,1.403680168666209e-6,0,0,shrouded,19,26
dovish,sibert,3,1.403680168666209e-6,0,0,sibert,30,17
dovish,sift,3,1.403680168666209e-6,0,0,sift,10,20
dovish,signpost,3,1.403680168666209e-6,0,0,signposts,23,36
dovish,sino,3,1.403680168666209e-6,0,0,sino,34,18
dovish,siphon,3,1.403680168666209e-6,0,0,siphon,12,33
dovish,skil,3,1.403680168666209e-6,0,0,skilful,18,25
dovish,slave,3,1.403680168666209e-6,0,0,slaves,23,33
dovish,slim,3,1.403680168666209e-6,0,0,slim,25,27
dovish,snowbal,3,1.403680168666209e-6,0,0,snowball,20,34
dovish,someday,3,1.403680168666209e-6,0,0,someday,27,25
dovish,specialti,3,1.403680168666209e-6,0,0,specialty,27,40
dovish,spi,3,1.403680168666209e-6,0,0,spi,25,16
dovish,spice,3,1.403680168666209e-6,0,0,spice,11,16
dovish,spillback,3,1.403680168666209e-6,0,0,spillbacks,26,23
dovish,srinivasan,3,1.403680168666209e-6,0,0,srinivasan,45,32
dovish,stabilit,3,1.403680168666209e-6,0,0,stabilite,16,12
dovish,stateown,3,1.403680168666209e-6,0,0,stateowned,21,20
dovish,stewardship,3,1.403680168666209e-6,0,0,stewardship,52,49
dovish,stint,3,1.403680168666209e-6,0,0,stint,19,21
dovish,straitjacket,3,1.403680168666209e-6,0,0,straitjacket,35,22
dovish,streak,3,1.403680168666209e-6,0,0,streak,12,11
dovish,strictest,3,1.403680168666209e-6,0,0,strictest,24,24
dovish,stulz,3,1.403680168666209e-6,0,0,stulz,41,23
dovish,subcontin,3,1.403680168666209e-6,0,0,subcontinent,17,11
dovish,subsum,3,1.403680168666209e-6,0,0,subsumed,30,49
dovish,subtleti,3,1.403680168666209e-6,0,0,subtleties,24,34
dovish,sue,3,1.403680168666209e-6,0,0,sue,26,21
dovish,sunset,3,1.403680168666209e-6,0,0,sunset,28,28
dovish,surajit,3,1.403680168666209e-6,0,0,surajit,23,23
dovish,sway,3,1.403680168666209e-6,0,0,sway,35,49
dovish,swim,3,1.403680168666209e-6,0,0,swimming,22,26
dovish,synthes,3,1.403680168666209e-6,0,0,synthesized,9,25
dovish,talli,3,1.403680168666209e-6,0,0,tally,24,28
dovish,tar,3,1.403680168666209e-6,0,0,tar,14,24
dovish,tautolog,3,1.403680168666209e-6,0,0,tautology,11,19
dovish,teresa,3,1.403680168666209e-6,0,0,teresa,15,13
dovish,thaw,3,1.403680168666209e-6,0,0,thaw,19,24
dovish,threequart,3,1.403680168666209e-6,0,0,threequarters,14,14
dovish,toshiro,3,1.403680168666209e-6,0,0,toshiro,28,16
dovish,tumultu,3,1.403680168666209e-6,0,0,tumultuous,42,40
dovish,typifi,3,1.403680168666209e-6,0,0,typified,16,20
dovish,un,3,1.403680168666209e-6,0,0,uns,20,14
dovish,unconcern,3,1.403680168666209e-6,0,0,unconcerned,13,13
dovish,unconvinc,3,1.403680168666209e-6,0,0,unconvinced,21,35
dovish,undersecretari,3,1.403680168666209e-6,0,0,undersecretary,37,36
dovish,undevelop,3,1.403680168666209e-6,0,0,undeveloped,16,16
dovish,undivid,3,1.403680168666209e-6,0,0,undivided,25,25
dovish,unesco,3,1.403680168666209e-6,0,0,unesco,20,16
dovish,unheard,3,1.403680168666209e-6,0,0,unheard,27,25
dovish,universidad,3,1.403680168666209e-6,0,0,universidad,22,15
dovish,unmistak,3,1.403680168666209e-6,0,0,unmistakable,20,30
dovish,unplan,3,1.403680168666209e-6,0,0,unplanned,35,29
dovish,unprepar,3,1.403680168666209e-6,0,0,unprepared,37,35
dovish,unrecogn,3,1.403680168666209e-6,0,0,unrecognized,10,10
dovish,unrecognis,3,1.403680168666209e-6,0,0,unrecognisable,8,18
dovish,unrestrict,3,1.403680168666209e-6,0,0,unrestricted,81,70
dovish,unsolv,3,1.403680168666209e-6,0,0,unsolved,22,26
dovish,unten,3,1.403680168666209e-6,0,0,untenable,60,53
dovish,untim,3,1.403680168666209e-6,0,0,untimely,21,21
dovish,uttar,3,1.403680168666209e-6,0,0,uttar,40,22
dovish,valeri,3,1.403680168666209e-6,0,0,valerie,18,29
dovish,valor,3,1.403680168666209e-6,0,0,valor,12,14
dovish,vista,3,1.403680168666209e-6,0,0,vistas,24,30
dovish,viswanathan,3,1.403680168666209e-6,0,0,viswanathan,12,11
dovish,vive,3,1.403680168666209e-6,0,0,vives,22,16
dovish,volkswirtschaftlich,3,1.403680168666209e-6,0,0,volkswirtschaftliche,37,17
dovish,voyag,3,1.403680168666209e-6,0,0,voyage,44,38
dovish,wag,3,1.403680168666209e-6,0,0,wagging,8,16
dovish,ware,3,1.403680168666209e-6,0,0,ware,13,27
dovish,weighti,3,1.403680168666209e-6,0,0,weighty,29,29
dovish,wellknown,3,1.403680168666209e-6,0,0,wellknown,24,24
dovish,wharf,3,1.403680168666209e-6,0,0,wharf,14,12
dovish,wick,3,1.403680168666209e-6,0,0,wicked,31,20
dovish,willi,3,1.403680168666209e-6,0,0,willis,31,30
dovish,wir,3,1.403680168666209e-6,0,0,wir,35,25
dovish,wirtschaft,3,1.403680168666209e-6,0,0,wirtschaft,16,22
dovish,withheld,3,1.403680168666209e-6,0,0,withheld,19,18
dovish,woodrow,3,1.403680168666209e-6,0,0,woodrow,35,28
dovish,wore,3,1.403680168666209e-6,0,0,wore,22,22
dovish,wreck,3,1.403680168666209e-6,0,0,wreck,16,17
dovish,zeal,3,1.403680168666209e-6,0,0,zeal,32,31
dovish,abc,2,9.35786779110806e-7,0,0,abc,26,20
dovish,aboard,2,9.35786779110806e-7,0,0,aboard,12,12
dovish,acc,2,9.35786779110806e-7,0,0,acc,22,14
dovish,afterward,2,9.35786779110806e-7,0,0,afterward,38,37
dovish,aizenman,2,9.35786779110806e-7,0,0,aizenman,15,11
dovish,alessi,2,9.35786779110806e-7,0,0,alessi,29,18
dovish,allgemein,2,9.35786779110806e-7,0,0,allgemeine,16,17
dovish,altruism,2,9.35786779110806e-7,0,0,altruism,14,14
dovish,amaranth,2,9.35786779110806e-7,0,0,amaranth,21,13
dovish,annul,2,9.35786779110806e-7,0,0,annul,6,14
dovish,anomal,2,9.35786779110806e-7,0,0,anomalous,36,35
dovish,anteced,2,9.35786779110806e-7,0,0,antecedents,23,25
dovish,anthropolog,2,9.35786779110806e-7,0,0,anthropology,22,19
dovish,aphor,2,9.35786779110806e-7,0,0,aphorism,12,13
dovish,armour,2,9.35786779110806e-7,0,0,armour,21,14
dovish,arvind,2,9.35786779110806e-7,0,0,arvind,73,50
dovish,ashcraft,2,9.35786779110806e-7,0,0,ashcraft,28,22
dovish,ass,2,9.35786779110806e-7,0,0,asse,8,14
dovish,atrophi,2,9.35786779110806e-7,0,0,atrophy,30,32
dovish,audac,2,9.35786779110806e-7,0,0,audacity,17,14
dovish,awri,2,9.35786779110806e-7,0,0,awry,10,10
dovish,ayhan,2,9.35786779110806e-7,0,0,ayhan,17,17
dovish,bandwagon,2,9.35786779110806e-7,0,0,bandwagon,23,24
dovish,baptism,2,9.35786779110806e-7,0,0,baptism,10,10
dovish,bas,2,9.35786779110806e-7,0,0,bas,17,10
dovish,bask,2,9.35786779110806e-7,0,0,bask,5,12
dovish,beli,2,9.35786779110806e-7,0,0,belied,18,41
dovish,beveridg,2,9.35786779110806e-7,0,0,beveridge,193,47
dovish,beyer,2,9.35786779110806e-7,0,0,beyer,24,19
dovish,bhagwati,2,9.35786779110806e-7,0,0,bhagwati,43,25
dovish,bhaskar,2,9.35786779110806e-7,0,0,bhaskar,18,12
dovish,bingley,2,9.35786779110806e-7,0,0,bingley,22,17
dovish,bizarr,2,9.35786779110806e-7,0,0,bizarre,17,17
dovish,blackwel,2,9.35786779110806e-7,0,0,blackwell,33,30
dovish,bolt,2,9.35786779110806e-7,0,0,bolts,15,29
dovish,bosnia,2,9.35786779110806e-7,0,0,bosnia,68,27
dovish,boucinha,2,9.35786779110806e-7,0,0,boucinha,39,28
dovish,brainstorm,2,9.35786779110806e-7,0,0,brainstorm,11,21
dovish,breviti,2,9.35786779110806e-7,0,0,brevity,37,37
dovish,broadbas,2,9.35786779110806e-7,0,0,broadbased,38,46
dovish,brokerdeal,2,9.35786779110806e-7,0,0,brokerdealers,13,17
dovish,bussier,2,9.35786779110806e-7,0,0,bussiere,21,13
dovish,camba,2,9.35786779110806e-7,0,0,camba,30,18
dovish,capoor,2,9.35786779110806e-7,0,0,capoor,19,14
dovish,carolin,2,9.35786779110806e-7,0,0,caroline,24,33
dovish,caspar,2,9.35786779110806e-7,0,0,caspar,13,13
dovish,cassandra,2,9.35786779110806e-7,0,0,cassandra,10,13
dovish,castl,2,9.35786779110806e-7,0,0,castle,50,51
dovish,cbrc,2,9.35786779110806e-7,0,0,cbrc,26,14
dovish,cellular,2,9.35786779110806e-7,0,0,cellular,63,41
dovish,cesair,2,9.35786779110806e-7,0,0,cesaire,10,10
dovish,chandra,2,9.35786779110806e-7,0,0,chandra,23,17
dovish,changeabl,2,9.35786779110806e-7,0,0,changeable,21,21
dovish,charlemagn,2,9.35786779110806e-7,0,0,charlemagne,32,24
dovish,che,2,9.35786779110806e-7,0,0,che,15,11
dovish,chord,2,9.35786779110806e-7,0,0,chord,13,14
dovish,ciampi,2,9.35786779110806e-7,0,0,ciampi,30,12
dovish,clair,2,9.35786779110806e-7,0,0,claire,19,22
dovish,clawback,2,9.35786779110806e-7,0,0,clawback,26,22
dovish,codif,2,9.35786779110806e-7,0,0,codification,19,16
dovish,coercion,2,9.35786779110806e-7,0,0,coercion,20,20
dovish,coffer,2,9.35786779110806e-7,0,0,coffers,21,22
dovish,comm,2,9.35786779110806e-7,0,0,comme,24,26
dovish,commoditis,2,9.35786779110806e-7,0,0,commoditised,8,11
dovish,complimentari,2,9.35786779110806e-7,0,0,complimentary,21,18
dovish,connot,2,9.35786779110806e-7,0,0,connotation,41,74
dovish,conquest,2,9.35786779110806e-7,0,0,conquest,58,39
dovish,conservatorship,2,9.35786779110806e-7,0,0,conservatorship,41,30
dovish,conspir,2,9.35786779110806e-7,0,0,conspired,8,16
dovish,convoy,2,9.35786779110806e-7,0,0,convoy,11,10
dovish,costello,2,9.35786779110806e-7,0,0,costello,12,12
dovish,counterbalanc,2,9.35786779110806e-7,0,0,counterbalanced,42,56
dovish,cour,2,9.35786779110806e-7,0,0,cours,14,16
dovish,crave,2,9.35786779110806e-7,0,0,crave,9,20
dovish,cruis,2,9.35786779110806e-7,0,0,cruising,29,32
dovish,danni,2,9.35786779110806e-7,0,0,danny,29,29
dovish,darracq,2,9.35786779110806e-7,0,0,darracq,47,23
dovish,dcm,2,9.35786779110806e-7,0,0,dcm,19,16
dovish,deadlock,2,9.35786779110806e-7,0,0,deadlock,21,24
dovish,debabrata,2,9.35786779110806e-7,0,0,debabrata,22,13
dovish,deciph,2,9.35786779110806e-7,0,0,deciphering,28,42
dovish,defianc,2,9.35786779110806e-7,0,0,defiance,10,10
dovish,defraud,2,9.35786779110806e-7,0,0,defraud,14,26
dovish,defunct,2,9.35786779110806e-7,0,0,defunct,31,27
dovish,dem,2,9.35786779110806e-7,0,0,dem,54,45
dovish,demon,2,9.35786779110806e-7,0,0,demons,4,12
dovish,deput,2,9.35786779110806e-7,0,0,deputation,7,14
dovish,desist,2,9.35786779110806e-7,0,0,desist,37,24
dovish,didact,2,9.35786779110806e-7,0,0,didactic,11,12
dovish,dieser,2,9.35786779110806e-7,0,0,dieser,15,13
dovish,diplomaci,2,9.35786779110806e-7,0,0,diplomacy,33,29
dovish,disinterest,2,9.35786779110806e-7,0,0,disinterested,19,19
dovish,dissatisfi,2,9.35786779110806e-7,0,0,dissatisfied,25,18
dovish,disson,2,9.35786779110806e-7,0,0,dissonance,26,18
dovish,dmitri,2,9.35786779110806e-7,0,0,dmitry,14,13
dovish,doll,2,9.35786779110806e-7,0,0,dolls,9,10
dovish,dornbusch,2,9.35786779110806e-7,0,0,dornbusch,74,50
dovish,dti,2,9.35786779110806e-7,0,0,dti,100,45
dovish,dualiti,2,9.35786779110806e-7,0,0,duality,37,29
dovish,durlauf,2,9.35786779110806e-7,0,0,durlauf,45,37
dovish,dynan,2,9.35786779110806e-7,0,0,dynan,49,32
dovish,dynasti,2,9.35786779110806e-7,0,0,dynasty,10,13
dovish,eaten,2,9.35786779110806e-7,0,0,eaten,25,24
dovish,ecrb,2,9.35786779110806e-7,0,0,ecrb,69,11
dovish,efma,2,9.35786779110806e-7,0,0,efma,11,10
dovish,egregi,2,9.35786779110806e-7,0,0,egregious,38,37
dovish,elderson,2,9.35786779110806e-7,0,0,elderson,59,40
dovish,elena,2,9.35786779110806e-7,0,0,elena,26,24
dovish,embroil,2,9.35786779110806e-7,0,0,embroiled,17,17
dovish,encor,2,9.35786779110806e-7,0,0,encore,17,17
dovish,endmarch,2,9.35786779110806e-7,0,0,endmarch,21,19
dovish,ensuit,2,9.35786779110806e-7,0,0,ensuite,15,14
dovish,entr,2,9.35786779110806e-7,0,0,entre,18,17
dovish,erich,2,9.35786779110806e-7,0,0,erich,14,11
dovish,ernesto,2,9.35786779110806e-7,0,0,ernesto,24,21
dovish,estonian,2,9.35786779110806e-7,0,0,estonian,26,10
dovish,eswar,2,9.35786779110806e-7,0,0,eswar,26,23
dovish,eucken,2,9.35786779110806e-7,0,0,eucken,89,19
dovish,euphor,2,9.35786779110806e-7,0,0,euphoric,21,21
dovish,eurois,2,9.35786779110806e-7,0,0,euroisation,64,26
dovish,europaischen,2,9.35786779110806e-7,0,0,europaischen,28,20
dovish,europol,2,9.35786779110806e-7,0,0,europol,30,23
dovish,extran,2,9.35786779110806e-7,0,0,extraneous,12,12
dovish,fabrizio,2,9.35786779110806e-7,0,0,fabrizio,45,44
dovish,factsheet,2,9.35786779110806e-7,0,0,factsheet,9,11
dovish,falsifi,2,9.35786779110806e-7,0,0,falsified,22,29
dovish,fathom,2,9.35786779110806e-7,0,0,fathom,28,28
dovish,feldman,2,9.35786779110806e-7,0,0,feldman,24,18
dovish,fictiti,2,9.35786779110806e-7,0,0,fictitious,33,21
dovish,financialis,2,9.35786779110806e-7,0,0,financialisation,62,24
dovish,foolproof,2,9.35786779110806e-7,0,0,foolproof,31,25
dovish,franz,2,9.35786779110806e-7,0,0,franz,22,14
dovish,freedman,2,9.35786779110806e-7,0,0,freedman,37,20
dovish,freier,2,9.35786779110806e-7,0,0,freier,17,14
dovish,fuent,2,9.35786779110806e-7,0,0,fuentes,21,22
dovish,fujita,2,9.35786779110806e-7,0,0,fujita,17,11
dovish,fulcrum,2,9.35786779110806e-7,0,0,fulcrum,25,22
dovish,funnel,2,9.35786779110806e-7,0,0,funnel,7,16
dovish,furlough,2,9.35786779110806e-7,0,0,furlough,291,61
dovish,fuse,2,9.35786779110806e-7,0,0,fuse,10,14
dovish,futurist,2,9.35786779110806e-7,0,0,futuristic,24,24
dovish,galaxi,2,9.35786779110806e-7,0,0,galaxy,21,18
dovish,galbraith,2,9.35786779110806e-7,0,0,galbraith,57,31
dovish,ganesh,2,9.35786779110806e-7,0,0,ganesh,11,10
dovish,ganguli,2,9.35786779110806e-7,0,0,ganguly,28,19
dovish,gdps,2,9.35786779110806e-7,0,0,gdps,25,24
dovish,geldpolitik,2,9.35786779110806e-7,0,0,geldpolitik,26,20
dovish,generi,2,9.35786779110806e-7,0,0,generis,19,15
dovish,gerardo,2,9.35786779110806e-7,0,0,gerardo,29,25
dovish,gerlach,2,9.35786779110806e-7,0,0,gerlach,71,43
dovish,gesellschaft,2,9.35786779110806e-7,0,0,gesellschaft,55,34
dovish,gestion,2,9.35786779110806e-7,0,0,gestion,12,11
dovish,giannon,2,9.35786779110806e-7,0,0,giannone,75,54
dovish,giscard,2,9.35786779110806e-7,0,0,giscard,18,15
dovish,glossari,2,9.35786779110806e-7,0,0,glossary,23,13
dovish,goodfriend,2,9.35786779110806e-7,0,0,goodfriend,135,75
dovish,gould,2,9.35786779110806e-7,0,0,gould,14,20
dovish,gram,2,9.35786779110806e-7,0,0,grams,26,29
dovish,greenwash,2,9.35786779110806e-7,0,0,greenwashing,36,23
dovish,grudg,2,9.35786779110806e-7,0,0,grudging,7,13
dovish,guangdong,2,9.35786779110806e-7,0,0,guangdong,28,14
dovish,guidepost,2,9.35786779110806e-7,0,0,guideposts,46,68
dovish,guild,2,9.35786779110806e-7,0,0,guild,25,28
dovish,guma,2,9.35786779110806e-7,0,0,guma,40,20
dovish,hale,2,9.35786779110806e-7,0,0,hale,21,17
dovish,harvey,2,9.35786779110806e-7,0,0,harvey,62,40
dovish,hatzius,2,9.35786779110806e-7,0,0,hatzius,31,24
dovish,henriqu,2,9.35786779110806e-7,0,0,henrique,18,17
dovish,hermann,2,9.35786779110806e-7,0,0,hermann,14,12
dovish,hernandez,2,9.35786779110806e-7,0,0,hernandez,23,21
dovish,herr,2,9.35786779110806e-7,0,0,herr,24,15
dovish,herzegovina,2,9.35786779110806e-7,0,0,herzegovina,66,27
dovish,hess,2,9.35786779110806e-7,0,0,hess,39,42
dovish,hiv,2,9.35786779110806e-7,0,0,hiv,44,20
dovish,hofmann,2,9.35786779110806e-7,0,0,hofmann,75,51
dovish,homer,2,9.35786779110806e-7,0,0,homer,40,31
dovish,hometown,2,9.35786779110806e-7,0,0,hometown,24,23
dovish,horribl,2,9.35786779110806e-7,0,0,horrible,11,21
dovish,horst,2,9.35786779110806e-7,0,0,horst,19,17
dovish,ifci,2,9.35786779110806e-7,0,0,ifci,15,12
dovish,immunis,2,9.35786779110806e-7,0,0,immunised,4,11
dovish,imperson,2,9.35786779110806e-7,0,0,impersonal,18,23
dovish,imponder,2,9.35786779110806e-7,0,0,imponderables,23,27
dovish,inadvis,2,9.35786779110806e-7,0,0,inadvisable,21,20
dovish,incomprehens,2,9.35786779110806e-7,0,0,incomprehensible,14,21
dovish,indetermin,2,9.35786779110806e-7,0,0,indeterminate,16,17
dovish,indict,2,9.35786779110806e-7,0,0,indictment,6,10
dovish,informat,2,9.35786779110806e-7,0,0,informatics,16,14
dovish,inordin,2,9.35786779110806e-7,0,0,inordinate,26,42
dovish,instituto,2,9.35786779110806e-7,0,0,instituto,26,19
dovish,invoc,2,9.35786779110806e-7,0,0,invocation,13,11
dovish,io,2,9.35786779110806e-7,0,0,ios,18,14
dovish,ism,2,9.35786779110806e-7,0,0,ism,30,19
dovish,itskhoki,2,9.35786779110806e-7,0,0,itskhoki,20,17
dovish,jahr,2,9.35786779110806e-7,0,0,jahre,16,20
dovish,jammu,2,9.35786779110806e-7,0,0,jammu,14,12
dovish,jarmin,2,9.35786779110806e-7,0,0,jarmin,28,26
dovish,jeff,2,9.35786779110806e-7,0,0,jeff,32,26
dovish,jessica,2,9.35786779110806e-7,0,0,jessica,23,21
dovish,joao,2,9.35786779110806e-7,0,0,joao,13,10
dovish,jude,2,9.35786779110806e-7,0,0,jude,22,22
dovish,jurist,2,9.35786779110806e-7,0,0,jurist,13,16
dovish,kane,2,9.35786779110806e-7,0,0,kane,23,15
dovish,kashmir,2,9.35786779110806e-7,0,0,kashmir,15,13
dovish,kaufmann,2,9.35786779110806e-7,0,0,kaufmann,32,17
dovish,kelley,2,9.35786779110806e-7,0,0,kelley,49,33
dovish,khandelw,2,9.35786779110806e-7,0,0,khandelwal,15,12
dovish,kosovo,2,9.35786779110806e-7,0,0,kosovo,40,26
dovish,lang,2,9.35786779110806e-7,0,0,lang,33,32
dovish,laptop,2,9.35786779110806e-7,0,0,laptop,12,22
dovish,larsen,2,9.35786779110806e-7,0,0,larsen,25,19
dovish,lea,2,9.35786779110806e-7,0,0,lea,13,11
dovish,leather,2,9.35786779110806e-7,0,0,leather,31,24
dovish,lectio,2,9.35786779110806e-7,0,0,lectio,16,15
dovish,legend,2,9.35786779110806e-7,0,0,legend,47,48
dovish,lian,2,9.35786779110806e-7,0,0,lian,15,11
dovish,lingual,2,9.35786779110806e-7,0,0,lingual,11,11
dovish,ljubljana,2,9.35786779110806e-7,0,0,ljubljana,18,14
dovish,llp,2,9.35786779110806e-7,0,0,llp,11,10
dovish,lpg,2,9.35786779110806e-7,0,0,lpg,15,11
dovish,lucern,2,9.35786779110806e-7,0,0,lucerne,55,26
dovish,lucrezia,2,9.35786779110806e-7,0,0,lucrezia,15,14
dovish,lure,2,9.35786779110806e-7,0,0,lure,34,60
dovish,luxemburg,2,9.35786779110806e-7,0,0,luxemburg,21,17
dovish,macedonia,2,9.35786779110806e-7,0,0,macedonia,29,22
dovish,macroeconometr,2,9.35786779110806e-7,0,0,macroeconometric,73,47
dovish,maiz,2,9.35786779110806e-7,0,0,maize,67,36
dovish,manila,2,9.35786779110806e-7,0,0,manila,25,14
dovish,marktwirtschaft,2,9.35786779110806e-7,0,0,marktwirtschaft,12,10
dovish,masteri,2,9.35786779110806e-7,0,0,mastery,21,20
dovish,masuch,2,9.35786779110806e-7,0,0,masuch,29,21
dovish,maze,2,9.35786779110806e-7,0,0,mazelis,14,23
dovish,meddl,2,9.35786779110806e-7,0,0,meddling,7,14
dovish,mein,2,9.35786779110806e-7,0,0,meine,24,22
dovish,meirell,2,9.35786779110806e-7,0,0,meirelles,18,10
dovish,mesdam,2,9.35786779110806e-7,0,0,mesdames,35,33
dovish,messieur,2,9.35786779110806e-7,0,0,messieurs,36,33
dovish,metallurgi,2,9.35786779110806e-7,0,0,metallurgy,14,13
dovish,microdata,2,9.35786779110806e-7,0,0,microdata,66,43
dovish,microregul,2,9.35786779110806e-7,0,0,microregulation,10,13
dovish,minutia,2,9.35786779110806e-7,0,0,minutiae,11,13
dovish,miscalcul,2,9.35786779110806e-7,0,0,miscalculations,14,31
dovish,misstep,2,9.35786779110806e-7,0,0,missteps,11,14
dovish,mongelli,2,9.35786779110806e-7,0,0,mongelli,39,26
dovish,monk,2,9.35786779110806e-7,0,0,monks,9,13
dovish,monster,2,9.35786779110806e-7,0,0,monster,9,11
dovish,montagu,2,9.35786779110806e-7,0,0,montagu,44,36
dovish,morocco,2,9.35786779110806e-7,0,0,morocco,41,30
dovish,moussavi,2,9.35786779110806e-7,0,0,moussavi,18,18
dovish,msas,2,9.35786779110806e-7,0,0,msas,19,14
dovish,muir,2,9.35786779110806e-7,0,0,muir,22,15
dovish,mull,2,9.35786779110806e-7,0,0,mull,6,13
dovish,multipolar,2,9.35786779110806e-7,0,0,multipolar,38,27
dovish,multivari,2,9.35786779110806e-7,0,0,multivariate,57,40
dovish,mystiqu,2,9.35786779110806e-7,0,0,mystique,44,31
dovish,nach,2,9.35786779110806e-7,0,0,nach,28,20
dovish,nake,2,9.35786779110806e-7,0,0,naked,26,22
dovish,nassim,2,9.35786779110806e-7,0,0,nassim,16,14
dovish,ncds,2,9.35786779110806e-7,0,0,ncds,53,20
dovish,newyork,2,9.35786779110806e-7,0,0,newyork,41,25
dovish,nicknam,2,9.35786779110806e-7,0,0,nickname,12,15
dovish,nomura,2,9.35786779110806e-7,0,0,nomura,17,15
dovish,nonexist,2,9.35786779110806e-7,0,0,nonexistent,31,35
dovish,nontranspar,2,9.35786779110806e-7,0,0,nontransparent,14,15
dovish,norg,2,9.35786779110806e-7,0,0,norges,60,39
dovish,normalci,2,9.35786779110806e-7,0,0,normalcy,58,51
dovish,norwegian,2,9.35786779110806e-7,0,0,norwegian,21,17
dovish,nri,2,9.35786779110806e-7,0,0,nri,82,46
dovish,nris,2,9.35786779110806e-7,0,0,nris,68,26
dovish,numerair,2,9.35786779110806e-7,0,0,numeraire,21,13
dovish,offend,2,9.35786779110806e-7,0,0,offending,11,27
dovish,officio,2,9.35786779110806e-7,0,0,officio,18,14
dovish,offshoot,2,9.35786779110806e-7,0,0,offshoot,11,19
dovish,onetari,2,9.35786779110806e-7,0,0,onetary,13,10
dovish,onion,2,9.35786779110806e-7,0,0,onion,38,26
dovish,orderli,2,9.35786779110806e-7,0,0,orderliness,22,22
dovish,overheat,2,9.35786779110806e-7,0,0,overheat,56,58
dovish,overkil,2,9.35786779110806e-7,0,0,overkill,26,19
dovish,overton,2,9.35786779110806e-7,0,0,overton,5,10
dovish,oxygen,2,9.35786779110806e-7,0,0,oxygen,29,22
dovish,oxymoron,2,9.35786779110806e-7,0,0,oxymoron,16,14
dovish,pai,2,9.35786779110806e-7,0,0,pai,22,13
dovish,painter,2,9.35786779110806e-7,0,0,painter,13,14
dovish,parkinson,2,9.35786779110806e-7,0,0,parkinson,16,12
dovish,parlement,2,9.35786779110806e-7,0,0,parlement,31,18
dovish,pars,2,9.35786779110806e-7,0,0,parsing,17,28
dovish,partak,2,9.35786779110806e-7,0,0,partake,10,12
dovish,pastor,2,9.35786779110806e-7,0,0,pastor,18,17
dovish,pedro,2,9.35786779110806e-7,0,0,pedro,27,24
dovish,pepper,2,9.35786779110806e-7,0,0,pepper,11,18
dovish,peseta,2,9.35786779110806e-7,0,0,peseta,122,27
dovish,petersberg,2,9.35786779110806e-7,0,0,petersberger,12,13
dovish,petra,2,9.35786779110806e-7,0,0,petra,25,25
dovish,phil,2,9.35786779110806e-7,0,0,phil,54,47
dovish,philanthropi,2,9.35786779110806e-7,0,0,philanthropy,17,14
dovish,pointless,2,9.35786779110806e-7,0,0,pointless,24,26
dovish,politik,2,9.35786779110806e-7,0,0,politik,13,11
dovish,postfin,2,9.35786779110806e-7,0,0,postfinance,10,10
dovish,preexist,2,9.35786779110806e-7,0,0,preexisting,25,24
dovish,procliv,2,9.35786779110806e-7,0,0,proclivity,10,11
dovish,prod,2,9.35786779110806e-7,0,0,prod,15,26
dovish,proffer,2,9.35786779110806e-7,0,0,proffered,8,14
dovish,propiti,2,9.35786779110806e-7,0,0,propitious,35,40
dovish,prowess,2,9.35786779110806e-7,0,0,prowess,27,27
dovish,quiescent,2,9.35786779110806e-7,0,0,quiescent,32,33
dovish,rajasthan,2,9.35786779110806e-7,0,0,rajasthan,27,18
dovish,rajeev,2,9.35786779110806e-7,0,0,rajeev,20,20
dovish,rajiv,2,9.35786779110806e-7,0,0,rajiv,16,15
dovish,reassign,2,9.35786779110806e-7,0,0,reassigned,4,10
dovish,recherch,2,9.35786779110806e-7,0,0,recherches,7,13
dovish,recin,2,9.35786779110806e-7,0,0,recine,13,13
dovish,reed,2,9.35786779110806e-7,0,0,reed,27,19
dovish,referenda,2,9.35786779110806e-7,0,0,referenda,14,12
dovish,relish,2,9.35786779110806e-7,0,0,relish,7,10
dovish,rene,2,9.35786779110806e-7,0,0,renee,16,25
dovish,repel,2,9.35786779110806e-7,0,0,repel,6,10
dovish,reshor,2,9.35786779110806e-7,0,0,reshoring,35,23
dovish,rhine,2,9.35786779110806e-7,0,0,rhine,29,20
dovish,righteous,2,9.35786779110806e-7,0,0,righteous,9,11
dovish,riot,2,9.35786779110806e-7,0,0,riots,22,20
dovish,riskbas,2,9.35786779110806e-7,0,0,riskbased,37,30
dovish,rogelio,2,9.35786779110806e-7,0,0,rogelio,10,10
dovish,roller,2,9.35786779110806e-7,0,0,roller,27,27
dovish,romain,2,9.35786779110806e-7,0,0,romain,10,10
dovish,romant,2,9.35786779110806e-7,0,0,romantic,14,13
dovish,rude,2,9.35786779110806e-7,0,0,rude,16,24
dovish,rueff,2,9.35786779110806e-7,0,0,rueff,13,10
dovish,sack,2,9.35786779110806e-7,0,0,sack,179,109
dovish,salido,2,9.35786779110806e-7,0,0,salido,173,87
dovish,sarkar,2,9.35786779110806e-7,0,0,sarkar,19,13
dovish,sasha,2,9.35786779110806e-7,0,0,sasha,13,12
dovish,saunder,2,9.35786779110806e-7,0,0,saunders,179,97
dovish,savag,2,9.35786779110806e-7,0,0,savage,17,16
dovish,scharfstein,2,9.35786779110806e-7,0,0,scharfstein,18,13
dovish,schiller,2,9.35786779110806e-7,0,0,schiller,24,18
dovish,scriptur,2,9.35786779110806e-7,0,0,scriptural,14,16
dovish,sculptur,2,9.35786779110806e-7,0,0,sculpture,20,17
dovish,seattl,2,9.35786779110806e-7,0,0,seattle,45,27
dovish,seren,2,9.35786779110806e-7,0,0,serenity,16,26
dovish,sermon,2,9.35786779110806e-7,0,0,sermons,14,18
dovish,sfbc,2,9.35786779110806e-7,0,0,sfbc,84,22
dovish,shoddi,2,9.35786779110806e-7,0,0,shoddy,11,10
dovish,shortest,2,9.35786779110806e-7,0,0,shortest,86,79
dovish,shred,2,9.35786779110806e-7,0,0,shred,6,10
dovish,sieg,2,9.35786779110806e-7,0,0,siege,13,11
dovish,siepr,2,9.35786779110806e-7,0,0,siepr,10,10
dovish,sind,2,9.35786779110806e-7,0,0,sind,23,20
dovish,singer,2,9.35786779110806e-7,0,0,singer,22,16
dovish,skim,2,9.35786779110806e-7,0,0,skimming,11,17
dovish,slam,2,9.35786779110806e-7,0,0,slam,9,17
dovish,solemn,2,9.35786779110806e-7,0,0,solemn,18,27
dovish,soybean,2,9.35786779110806e-7,0,0,soybeans,20,29
dovish,spate,2,9.35786779110806e-7,0,0,spate,39,39
dovish,springboard,2,9.35786779110806e-7,0,0,springboard,18,18
dovish,stal,2,9.35786779110806e-7,0,0,stals,92,44
dovish,statistisch,2,9.35786779110806e-7,0,0,statistisches,7,12
dovish,statu,2,9.35786779110806e-7,0,0,statue,20,19
dovish,steeni,2,9.35786779110806e-7,0,0,steenis,12,12
dovish,steepest,2,9.35786779110806e-7,0,0,steepest,31,29
dovish,stiftung,2,9.35786779110806e-7,0,0,stiftung,21,17
dovish,strove,2,9.35786779110806e-7,0,0,strove,22,21
dovish,su,2,9.35786779110806e-7,0,0,sued,12,12
dovish,sublim,2,9.35786779110806e-7,0,0,sublime,11,11
dovish,subserv,2,9.35786779110806e-7,0,0,subserve,11,14
dovish,subtler,2,9.35786779110806e-7,0,0,subtler,12,12
dovish,subvert,2,9.35786779110806e-7,0,0,subvert,8,14
dovish,swifter,2,9.35786779110806e-7,0,0,swifter,17,17
dovish,symbiosi,2,9.35786779110806e-7,0,0,symbiosis,22,18
dovish,taleb,2,9.35786779110806e-7,0,0,taleb,34,21
dovish,tallinn,2,9.35786779110806e-7,0,0,tallinn,24,21
dovish,teas,2,9.35786779110806e-7,0,0,tease,14,19
dovish,technologist,2,9.35786779110806e-7,0,0,technologists,21,21
dovish,tem,2,9.35786779110806e-7,0,0,tem,94,23
dovish,tenabl,2,9.35786779110806e-7,0,0,tenable,24,24
dovish,tetlow,2,9.35786779110806e-7,0,0,tetlow,88,48
dovish,tfeu,2,9.35786779110806e-7,0,0,tfeu,74,23
dovish,theolog,2,9.35786779110806e-7,0,0,theology,18,21
dovish,thirdparti,2,9.35786779110806e-7,0,0,thirdparty,18,17
dovish,thou,2,9.35786779110806e-7,0,0,thou,43,14
dovish,tiber,2,9.35786779110806e-7,0,0,tiber,38,11
dovish,tietmey,2,9.35786779110806e-7,0,0,tietmeyer,56,22
dovish,tin,2,9.35786779110806e-7,0,0,tin,18,18
dovish,tinder,2,9.35786779110806e-7,0,0,tinder,10,10
dovish,toe,2,9.35786779110806e-7,0,0,toes,20,26
dovish,tohoku,2,9.35786779110806e-7,0,0,tohoku,51,31
dovish,toth,2,9.35786779110806e-7,0,0,tothe,16,20
dovish,toughen,2,9.35786779110806e-7,0,0,toughened,16,39
dovish,transgress,2,9.35786779110806e-7,0,0,transgressions,18,27
dovish,travail,2,9.35786779110806e-7,0,0,travails,26,34
dovish,trialogu,2,9.35786779110806e-7,0,0,trialogue,18,18
dovish,trove,2,9.35786779110806e-7,0,0,trove,12,13
dovish,tsc,2,9.35786779110806e-7,0,0,tsc,35,13
dovish,ucla,2,9.35786779110806e-7,0,0,ucla,13,12
dovish,unattend,2,9.35786779110806e-7,0,0,unattended,29,29
dovish,uncoop,2,9.35786779110806e-7,0,0,uncooperative,11,11
dovish,unincorpor,2,9.35786779110806e-7,0,0,unincorporated,48,28
dovish,uniniti,2,9.35786779110806e-7,0,0,uninitiated,16,16
dovish,universitat,2,9.35786779110806e-7,0,0,universitat,30,29
dovish,unlev,2,9.35786779110806e-7,0,0,unlevered,21,14
dovish,unprocess,2,9.35786779110806e-7,0,0,unprocessed,288,109
dovish,unrepres,2,9.35786779110806e-7,0,0,unrepresentative,9,11
dovish,unswerv,2,9.35786779110806e-7,0,0,unswervingly,35,17
dovish,unweight,2,9.35786779110806e-7,0,0,unweighted,130,83
dovish,unwit,2,9.35786779110806e-7,0,0,unwittingly,27,29
dovish,unwork,2,9.35786779110806e-7,0,0,unworkable,19,19
dovish,valiant,2,9.35786779110806e-7,0,0,valiant,12,15
dovish,veas,2,9.35786779110806e-7,0,0,vease,20,10
dovish,venabl,2,9.35786779110806e-7,0,0,venables,29,16
dovish,vestin,2,9.35786779110806e-7,0,0,vestin,39,20
dovish,viewer,2,9.35786779110806e-7,0,0,viewer,9,15
dovish,walsh,2,9.35786779110806e-7,0,0,walsh,112,60
dovish,waver,2,9.35786779110806e-7,0,0,waver,13,25
dovish,wax,2,9.35786779110806e-7,0,0,waxed,15,33
dovish,welldevelop,2,9.35786779110806e-7,0,0,welldeveloped,20,20
dovish,whale,2,9.35786779110806e-7,0,0,whale,10,10
dovish,wheatley,2,9.35786779110806e-7,0,0,wheatley,30,21
dovish,wrangl,2,9.35786779110806e-7,0,0,wrangling,8,10
dovish,yiangou,2,9.35786779110806e-7,0,0,yiangou,25,23
dovish,zeit,2,9.35786779110806e-7,0,0,zeit,16,13
dovish,zentralbank,2,9.35786779110806e-7,0,0,zentralbank,19,15
dovish,zinc,2,9.35786779110806e-7,0,0,zinc,18,17
dovish,zurcher,2,9.35786779110806e-7,0,0,zurcher,23,19
dovish,adair,1,4.67893389555403e-7,0,0,adair,31,17
dovish,adalid,1,4.67893389555403e-7,0,0,adalid,43,26
dovish,adduc,1,4.67893389555403e-7,0,0,adduced,11,13
dovish,adr,1,4.67893389555403e-7,0,0,adrs,15,12
dovish,afoul,1,4.67893389555403e-7,0,0,afoul,11,11
dovish,aggriev,1,4.67893389555403e-7,0,0,aggrieved,14,13
dovish,agreeabl,1,4.67893389555403e-7,0,0,agreeable,18,19
dovish,aifmd,1,4.67893389555403e-7,0,0,aifmd,17,11
dovish,alison,1,4.67893389555403e-7,0,0,alison,26,26
dovish,allemagn,1,4.67893389555403e-7,0,0,allemagne,13,13
dovish,allur,1,4.67893389555403e-7,0,0,allure,14,23
dovish,altitud,1,4.67893389555403e-7,0,0,altitude,20,14
dovish,amiss,1,4.67893389555403e-7,0,0,amiss,12,12
dovish,amor,1,4.67893389555403e-7,0,0,amore,6,13
dovish,amus,1,4.67893389555403e-7,0,0,amusement,23,33
dovish,anachron,1,4.67893389555403e-7,0,0,anachronism,12,12
dovish,apprehend,1,4.67893389555403e-7,0,0,apprehend,8,15
dovish,ara,1,4.67893389555403e-7,0,0,ara,26,16
dovish,arabl,1,4.67893389555403e-7,0,0,arable,12,11
dovish,arbit,1,4.67893389555403e-7,0,0,arbiter,23,28
dovish,archer,1,4.67893389555403e-7,0,0,archer,19,16
dovish,arif,1,4.67893389555403e-7,0,0,arif,22,22
dovish,assenmach,1,4.67893389555403e-7,0,0,assenmacher,29,18
dovish,astronomi,1,4.67893389555403e-7,0,0,astronomy,13,10
dovish,auch,1,4.67893389555403e-7,0,0,auch,31,27
dovish,aud,1,4.67893389555403e-7,0,0,aud,25,19
dovish,avec,1,4.67893389555403e-7,0,0,avec,31,23
dovish,badg,1,4.67893389555403e-7,0,0,badge,7,12
dovish,balkan,1,4.67893389555403e-7,0,0,balkans,72,44
dovish,banken,1,4.67893389555403e-7,0,0,banken,13,11
dovish,barbiero,1,4.67893389555403e-7,0,0,barbiero,18,14
dovish,barton,1,4.67893389555403e-7,0,0,barton,21,12
dovish,bazaar,1,4.67893389555403e-7,0,0,bazaar,14,11
dovish,bbps,1,4.67893389555403e-7,0,0,bbps,19,14
dovish,bei,1,4.67893389555403e-7,0,0,bei,49,33
dovish,bhc,1,4.67893389555403e-7,0,0,bhc,108,26
dovish,biographi,1,4.67893389555403e-7,0,0,biography,20,21
dovish,boca,1,4.67893389555403e-7,0,0,boca,21,15
dovish,boeski,1,4.67893389555403e-7,0,0,boesky,14,13
dovish,bolivia,1,4.67893389555403e-7,0,0,bolivia,21,17
dovish,bouey,1,4.67893389555403e-7,0,0,bouey,29,24
dovish,bounceback,1,4.67893389555403e-7,0,0,bounceback,37,36
dovish,brasilia,1,4.67893389555403e-7,0,0,brasilia,23,22
dovish,brimmer,1,4.67893389555403e-7,0,0,brimmer,25,10
dovish,britannia,1,4.67893389555403e-7,0,0,britannia,13,10
dovish,brows,1,4.67893389555403e-7,0,0,browsing,4,10
dovish,bruis,1,4.67893389555403e-7,0,0,bruised,10,14
dovish,bsi,1,4.67893389555403e-7,0,0,bsi,36,14
dovish,bumpier,1,4.67893389555403e-7,0,0,bumpier,17,17
dovish,burlon,1,4.67893389555403e-7,0,0,burlon,36,21
dovish,buyout,1,4.67893389555403e-7,0,0,buyouts,38,46
dovish,calamit,1,4.67893389555403e-7,0,0,calamitous,17,17
dovish,camouflag,1,4.67893389555403e-7,0,0,camouflage,17,23
dovish,candour,1,4.67893389555403e-7,0,0,candour,13,13
dovish,catalog,1,4.67893389555403e-7,0,0,catalog,11,14
dovish,cee,1,4.67893389555403e-7,0,0,cee,76,19
dovish,censor,1,4.67893389555403e-7,0,0,censor,6,11
dovish,centim,1,4.67893389555403e-7,0,0,centimes,12,11
dovish,centrifug,1,4.67893389555403e-7,0,0,centrifugal,24,17
dovish,centripet,1,4.67893389555403e-7,0,0,centripetal,19,13
dovish,cfm,1,4.67893389555403e-7,0,0,cfm,19,16
dovish,cfpb,1,4.67893389555403e-7,0,0,cfpb,64,21
dovish,chaebol,1,4.67893389555403e-7,0,0,chaebols,12,11
dovish,chambr,1,4.67893389555403e-7,0,0,chambre,14,13
dovish,chandigarh,1,4.67893389555403e-7,0,0,chandigarh,21,15
dovish,cheng,1,4.67893389555403e-7,0,0,cheng,12,10
dovish,clone,1,4.67893389555403e-7,0,0,cloning,7,13
dovish,coaster,1,4.67893389555403e-7,0,0,coaster,24,24
dovish,coat,1,4.67893389555403e-7,0,0,coat,24,31
dovish,comeback,1,4.67893389555403e-7,0,0,comeback,36,34
dovish,compartmentalis,1,4.67893389555403e-7,0,0,compartmentalisation,8,12
dovish,compensatori,1,4.67893389555403e-7,0,0,compensatory,29,28
dovish,conferenc,1,4.67893389555403e-7,0,0,conferencing,14,12
dovish,conferr,1,4.67893389555403e-7,0,0,conferral,21,20
dovish,congreg,1,4.67893389555403e-7,0,0,congregate,10,25
dovish,cordial,1,4.67893389555403e-7,0,0,cordial,16,22
dovish,countdown,1,4.67893389555403e-7,0,0,countdown,21,19
dovish,creatur,1,4.67893389555403e-7,0,0,creatures,15,24
dovish,crossov,1,4.67893389555403e-7,0,0,crossover,21,14
dovish,culpabl,1,4.67893389555403e-7,0,0,culpability,7,12
dovish,customarili,1,4.67893389555403e-7,0,0,customarily,19,19
dovish,dario,1,4.67893389555403e-7,0,0,dario,12,11
dovish,dass,1,4.67893389555403e-7,0,0,dass,34,18
dovish,debas,1,4.67893389555403e-7,0,0,debasement,13,28
dovish,dei,1,4.67893389555403e-7,0,0,dei,33,17
dovish,deplor,1,4.67893389555403e-7,0,0,deplorable,5,11
dovish,dev,1,4.67893389555403e-7,0,0,dev,22,14
dovish,devant,1,4.67893389555403e-7,0,0,devant,26,23
dovish,disallow,1,4.67893389555403e-7,0,0,disallow,10,24
dovish,disassoci,1,4.67893389555403e-7,0,0,disassociated,5,10
dovish,discreet,1,4.67893389555403e-7,0,0,discreet,16,19
dovish,disfavour,1,4.67893389555403e-7,0,0,disfavour,8,13
dovish,disillusion,1,4.67893389555403e-7,0,0,disillusionment,29,28
dovish,doyen,1,4.67893389555403e-7,0,0,doyen,12,13
dovish,drachma,1,4.67893389555403e-7,0,0,drachma,28,21
dovish,durban,1,4.67893389555403e-7,0,0,durban,37,27
dovish,dwyer,1,4.67893389555403e-7,0,0,dwyer,16,12
dovish,ecbconfer,1,4.67893389555403e-7,0,0,ecbconference,11,11
dovish,echelon,1,4.67893389555403e-7,0,0,echelons,14,14
dovish,ecu,1,4.67893389555403e-7,0,0,ecu,37,24
dovish,eden,1,4.67893389555403e-7,0,0,eden,16,13
dovish,eefc,1,4.67893389555403e-7,0,0,eefc,16,13
dovish,effortless,1,4.67893389555403e-7,0,0,effortless,11,16
dovish,egon,1,4.67893389555403e-7,0,0,egon,31,24
dovish,einen,1,4.67893389555403e-7,0,0,einen,12,11
dovish,elia,1,4.67893389555403e-7,0,0,elias,14,10
dovish,emancip,1,4.67893389555403e-7,0,0,emancipation,9,14
dovish,emblemat,1,4.67893389555403e-7,0,0,emblematic,30,28
dovish,entwicklung,1,4.67893389555403e-7,0,0,entwicklung,10,10
dovish,entwicklungen,1,4.67893389555403e-7,0,0,entwicklungen,12,12
dovish,ernest,1,4.67893389555403e-7,0,0,ernest,20,15
dovish,ether,1,4.67893389555403e-7,0,0,ether,20,17
dovish,euphemist,1,4.67893389555403e-7,0,0,euphemistically,11,11
dovish,excurs,1,4.67893389555403e-7,0,0,excursions,6,10
dovish,fccbs,1,4.67893389555403e-7,0,0,fccbs,22,12
dovish,fearless,1,4.67893389555403e-7,0,0,fearless,11,15
dovish,fedai,1,4.67893389555403e-7,0,0,fedai,136,27
dovish,fergal,1,4.67893389555403e-7,0,0,fergal,47,45
dovish,fiasco,1,4.67893389555403e-7,0,0,fiasco,11,11
dovish,finan,1,4.67893389555403e-7,0,0,finan,14,15
dovish,financiero,1,4.67893389555403e-7,0,0,financiero,28,24
dovish,flighti,1,4.67893389555403e-7,0,0,flighty,22,19
dovish,foi,1,4.67893389555403e-7,0,0,fois,15,13
dovish,foment,1,4.67893389555403e-7,0,0,fomenting,4,10
dovish,fondat,1,4.67893389555403e-7,0,0,fondation,15,11
dovish,fondo,1,4.67893389555403e-7,0,0,fondo,11,10
dovish,fordham,1,4.67893389555403e-7,0,0,fordham,15,15
dovish,fortiori,1,4.67893389555403e-7,0,0,fortiori,17,16
dovish,fortitud,1,4.67893389555403e-7,0,0,fortitude,12,10
dovish,fsma,1,4.67893389555403e-7,0,0,fsma,23,12
dovish,fudg,1,4.67893389555403e-7,0,0,fudged,5,11
dovish,furthest,1,4.67893389555403e-7,0,0,furthest,24,24
dovish,gareth,1,4.67893389555403e-7,0,0,gareth,46,41
dovish,gdr,1,4.67893389555403e-7,0,0,gdr,23,13
dovish,ghost,1,4.67893389555403e-7,0,0,ghost,27,27
dovish,gibson,1,4.67893389555403e-7,0,0,gibson,34,22
dovish,gil,1,4.67893389555403e-7,0,0,gil,15,13
dovish,gilbert,1,4.67893389555403e-7,0,0,gilbert,15,15
dovish,glb,1,4.67893389555403e-7,0,0,glb,259,21
dovish,gome,1,4.67893389555403e-7,0,0,gomes,25,19
dovish,grad,1,4.67893389555403e-7,0,0,grad,6,11
dovish,grupo,1,4.67893389555403e-7,0,0,grupo,24,10
dovish,guilder,1,4.67893389555403e-7,0,0,guilder,27,28
dovish,gunnella,1,4.67893389555403e-7,0,0,gunnella,18,13
dovish,haben,1,4.67893389555403e-7,0,0,haben,23,16
dovish,hampshir,1,4.67893389555403e-7,0,0,hampshire,20,20
dovish,hash,1,4.67893389555403e-7,0,0,hash,9,12
dovish,hawkish,1,4.67893389555403e-7,0,0,hawkish,33,26
dovish,heartili,1,4.67893389555403e-7,0,0,heartily,12,12
dovish,hegemoni,1,4.67893389555403e-7,0,0,hegemony,17,14
dovish,heisei,1,4.67893389555403e-7,0,0,heisei,38,14
dovish,helmut,1,4.67893389555403e-7,0,0,helmut,37,29
dovish,hensarl,1,4.67893389555403e-7,0,0,hensarling,10,10
dovish,hkma,1,4.67893389555403e-7,0,0,hkma,29,19
dovish,honore,1,4.67893389555403e-7,0,0,honorees,13,12
dovish,houghton,1,4.67893389555403e-7,0,0,houghton,28,25
dovish,hubert,1,4.67893389555403e-7,0,0,hubert,12,11
dovish,iceberg,1,4.67893389555403e-7,0,0,iceberg,52,34
dovish,idealis,1,4.67893389555403e-7,0,0,idealised,24,20
dovish,ifo,1,4.67893389555403e-7,0,0,ifo,42,25
dovish,illegitim,1,4.67893389555403e-7,0,0,illegitimate,14,14
dovish,impervi,1,4.67893389555403e-7,0,0,impervious,29,31
dovish,impregn,1,4.67893389555403e-7,0,0,impregnable,7,11
dovish,inal,1,4.67893389555403e-7,0,0,inally,7,14
dovish,incalcul,1,4.67893389555403e-7,0,0,incalculable,20,21
dovish,incl,1,4.67893389555403e-7,0,0,incl,21,17
dovish,incompar,1,4.67893389555403e-7,0,0,incomparable,17,26
dovish,indel,1,4.67893389555403e-7,0,0,indelible,14,16
dovish,indictor,1,4.67893389555403e-7,0,0,indictors,10,12
dovish,individualist,1,4.67893389555403e-7,0,0,individualistic,32,19
dovish,inexplic,1,4.67893389555403e-7,0,0,inexplicable,24,30
dovish,influenza,1,4.67893389555403e-7,0,0,influenza,65,27
dovish,injunct,1,4.67893389555403e-7,0,0,injunction,11,13
dovish,innocu,1,4.67893389555403e-7,0,0,innocuous,20,21
dovish,inocul,1,4.67893389555403e-7,0,0,inoculate,5,13
dovish,insati,1,4.67893389555403e-7,0,0,insatiable,16,17
dovish,interwar,1,4.67893389555403e-7,0,0,interwar,45,40
dovish,iren,1,4.67893389555403e-7,0,0,irene,29,29
dovish,irreconcil,1,4.67893389555403e-7,0,0,irreconcilable,13,12
dovish,irrepar,1,4.67893389555403e-7,0,0,irreparable,6,12
dovish,isra,1,4.67893389555403e-7,0,0,israeli,24,16
dovish,ito,1,4.67893389555403e-7,0,0,ito,65,42
dovish,jaipur,1,4.67893389555403e-7,0,0,jaipur,22,14
dovish,jettison,1,4.67893389555403e-7,0,0,jettisoned,8,13
dovish,joann,1,4.67893389555403e-7,0,0,joanne,25,27
dovish,joe,1,4.67893389555403e-7,0,0,joe,45,39
dovish,katherin,1,4.67893389555403e-7,0,0,katherine,23,22
dovish,kaufman,1,4.67893389555403e-7,0,0,kaufman,45,35
dovish,klaus,1,4.67893389555403e-7,0,0,klaus,60,49
dovish,ksenia,1,4.67893389555403e-7,0,0,ksenia,16,11
dovish,kugler,1,4.67893389555403e-7,0,0,kugler,19,11
dovish,kuribrena,1,4.67893389555403e-7,0,0,kuribrena,11,11
dovish,labrador,1,4.67893389555403e-7,0,0,labrador,20,18
dovish,lalond,1,4.67893389555403e-7,0,0,lalonde,19,12
dovish,lancast,1,4.67893389555403e-7,0,0,lancaster,22,20
dovish,laugh,1,4.67893389555403e-7,0,0,laugh,9,17
dovish,leaflet,1,4.67893389555403e-7,0,0,leaflet,17,22
dovish,legion,1,4.67893389555403e-7,0,0,legion,22,33
dovish,liechtenstein,1,4.67893389555403e-7,0,0,liechtenstein,63,28
dovish,limpopo,1,4.67893389555403e-7,0,0,limpopo,22,11
dovish,lin,1,4.67893389555403e-7,0,0,lin,22,17
dovish,lindner,1,4.67893389555403e-7,0,0,lindner,36,30
dovish,lire,1,4.67893389555403e-7,0,0,lire,18,10
dovish,lis,1,4.67893389555403e-7,0,0,lis,31,26
dovish,loanto,1,4.67893389555403e-7,0,0,loanto,16,16
dovish,longtim,1,4.67893389555403e-7,0,0,longtime,13,13
dovish,lossabsorb,1,4.67893389555403e-7,0,0,lossabsorbing,34,32
dovish,lowli,1,4.67893389555403e-7,0,0,lowly,9,10
dovish,luigi,1,4.67893389555403e-7,0,0,luigi,46,31
dovish,macdonald,1,4.67893389555403e-7,0,0,macdonald,24,14
dovish,madhavan,1,4.67893389555403e-7,0,0,madhavan,13,12
dovish,maiden,1,4.67893389555403e-7,0,0,maiden,34,24
dovish,manifesto,1,4.67893389555403e-7,0,0,manifesto,16,18
dovish,massimo,1,4.67893389555403e-7,0,0,massimo,28,27
dovish,mehta,1,4.67893389555403e-7,0,0,mehta,22,21
dovish,messr,1,4.67893389555403e-7,0,0,messrs,18,15
dovish,mfs,1,4.67893389555403e-7,0,0,mfs,34,20
dovish,mica,1,4.67893389555403e-7,0,0,mica,22,17
dovish,microfound,1,4.67893389555403e-7,0,0,microfoundations,15,18
dovish,mifflin,1,4.67893389555403e-7,0,0,mifflin,27,25
dovish,minimalist,1,4.67893389555403e-7,0,0,minimalist,44,31
dovish,mira,1,4.67893389555403e-7,0,0,mira,6,10
dovish,misbehaviour,1,4.67893389555403e-7,0,0,misbehaviour,15,14
dovish,misread,1,4.67893389555403e-7,0,0,misreading,20,25
dovish,missel,1,4.67893389555403e-7,0,0,misselling,22,18
dovish,misspecifi,1,4.67893389555403e-7,0,0,misspecified,13,11
dovish,mocht,1,4.67893389555403e-7,0,0,mochte,47,37
dovish,mohr,1,4.67893389555403e-7,0,0,mohr,15,15
dovish,monetar,1,4.67893389555403e-7,0,0,monetarism,101,57
dovish,monsieur,1,4.67893389555403e-7,0,0,monsieur,21,15
dovish,moreno,1,4.67893389555403e-7,0,0,moreno,24,20
dovish,mps,1,4.67893389555403e-7,0,0,mps,50,23
dovish,msa,1,4.67893389555403e-7,0,0,msa,23,11
dovish,multidecad,1,4.67893389555403e-7,0,0,multidecade,11,11
dovish,mumbl,1,4.67893389555403e-7,0,0,mumble,7,10
dovish,nag,1,4.67893389555403e-7,0,0,nagging,15,20
dovish,national,1,4.67893389555403e-7,0,0,nationale,18,12
dovish,nebul,1,4.67893389555403e-7,0,0,nebulous,17,15
dovish,neck,1,4.67893389555403e-7,0,0,neck,22,25
dovish,nerlich,1,4.67893389555403e-7,0,0,nerlich,15,13
dovish,ness,1,4.67893389555403e-7,0,0,ness,20,14
dovish,nest,1,4.67893389555403e-7,0,0,nested,20,40
dovish,newfoundland,1,4.67893389555403e-7,0,0,newfoundland,24,20
dovish,niigata,1,4.67893389555403e-7,0,0,niigata,49,14
dovish,nirvana,1,4.67893389555403e-7,0,0,nirvana,13,13
dovish,nod,1,4.67893389555403e-7,0,0,nod,9,13
dovish,noneuro,1,4.67893389555403e-7,0,0,noneuro,11,10
dovish,nose,1,4.67893389555403e-7,0,0,nose,13,19
dovish,nowcast,1,4.67893389555403e-7,0,0,nowcasting,43,40
dovish,obey,1,4.67893389555403e-7,0,0,obey,22,37
dovish,obfusc,1,4.67893389555403e-7,0,0,obfuscate,11,28
dovish,objection,1,4.67893389555403e-7,0,0,objectionable,12,12
dovish,offspr,1,4.67893389555403e-7,0,0,offspring,17,17
dovish,orlean,1,4.67893389555403e-7,0,0,orleans,22,18
dovish,outbound,1,4.67893389555403e-7,0,0,outbound,59,53
dovish,outburst,1,4.67893389555403e-7,0,0,outburst,9,11
dovish,overindebt,1,4.67893389555403e-7,0,0,overindebted,11,10
dovish,overreach,1,4.67893389555403e-7,0,0,overreach,12,17
dovish,oversubscrib,1,4.67893389555403e-7,0,0,oversubscribed,13,13
dovish,pad,1,4.67893389555403e-7,0,0,pad,14,18
dovish,padma,1,4.67893389555403e-7,0,0,padma,11,10
dovish,panicki,1,4.67893389555403e-7,0,0,panicky,18,14
dovish,pedagog,1,4.67893389555403e-7,0,0,pedagogical,13,19
dovish,pedal,1,4.67893389555403e-7,0,0,pedal,13,14
dovish,pencil,1,4.67893389555403e-7,0,0,pencil,6,16
dovish,perus,1,4.67893389555403e-7,0,0,perusal,8,13
dovish,pierc,1,4.67893389555403e-7,0,0,pierce,20,16
dovish,poetri,1,4.67893389555403e-7,0,0,poetry,34,17
dovish,point,1,4.67893389555403e-7,0,0,pointedly,16,14
dovish,politico,1,4.67893389555403e-7,0,0,politico,20,20
dovish,prepandem,1,4.67893389555403e-7,0,0,prepandemic,45,40
dovish,pretenc,1,4.67893389555403e-7,0,0,pretence,29,22
dovish,priceless,1,4.67893389555403e-7,0,0,priceless,12,12
dovish,priest,1,4.67893389555403e-7,0,0,priests,7,12
dovish,proclam,1,4.67893389555403e-7,0,0,proclamation,15,13
dovish,prognost,1,4.67893389555403e-7,0,0,prognostications,9,16
dovish,proprietorship,1,4.67893389555403e-7,0,0,proprietorship,13,18
dovish,punctur,1,4.67893389555403e-7,0,0,puncture,6,12
dovish,purist,1,4.67893389555403e-7,0,0,purist,18,18
dovish,quartet,1,4.67893389555403e-7,0,0,quartet,34,19
dovish,quieter,1,4.67893389555403e-7,0,0,quieter,16,14
dovish,radhakrishna,1,4.67893389555403e-7,0,0,radhakrishna,19,14
dovish,raiffeisen,1,4.67893389555403e-7,0,0,raiffeisen,82,20
dovish,raja,1,4.67893389555403e-7,0,0,raja,18,18
dovish,ramsay,1,4.67893389555403e-7,0,0,ramsay,28,28
dovish,ransomwar,1,4.67893389555403e-7,0,0,ransomware,52,20
dovish,rato,1,4.67893389555403e-7,0,0,rato,17,15
dovish,raton,1,4.67893389555403e-7,0,0,raton,21,15
dovish,readier,1,4.67893389555403e-7,0,0,readier,11,10
dovish,rebas,1,4.67893389555403e-7,0,0,rebasing,31,27
dovish,recogniz,1,4.67893389555403e-7,0,0,recognizable,25,25
dovish,reel,1,4.67893389555403e-7,0,0,reeling,17,26
dovish,regionalis,1,4.67893389555403e-7,0,0,regionalisation,19,16
dovish,rehypothec,1,4.67893389555403e-7,0,0,rehypothecation,15,11
dovish,reignit,1,4.67893389555403e-7,0,0,reignite,9,19
dovish,relativ,1,4.67893389555403e-7,0,0,relativized,9,12
dovish,relay,1,4.67893389555403e-7,0,0,relay,16,27
dovish,remnant,1,4.67893389555403e-7,0,0,remnants,29,33
dovish,rescal,1,4.67893389555403e-7,0,0,rescaled,13,17
dovish,respit,1,4.67893389555403e-7,0,0,respite,42,39
dovish,restock,1,4.67893389555403e-7,0,0,restocking,36,35
dovish,retract,1,4.67893389555403e-7,0,0,retracted,11,19
dovish,retroact,1,4.67893389555403e-7,0,0,retroactively,17,23
dovish,richter,1,4.67893389555403e-7,0,0,richter,12,10
dovish,rollback,1,4.67893389555403e-7,0,0,rollback,16,13
dovish,roubl,1,4.67893389555403e-7,0,0,rouble,63,23
dovish,rulesbas,1,4.67893389555403e-7,0,0,rulesbased,15,15
dovish,ruthless,1,4.67893389555403e-7,0,0,ruthless,22,29
dovish,sag,1,4.67893389555403e-7,0,0,sagging,18,27
dovish,salleo,1,4.67893389555403e-7,0,0,salleo,16,10
dovish,salvag,1,4.67893389555403e-7,0,0,salvage,7,10
dovish,saniti,1,4.67893389555403e-7,0,0,sanity,12,11
dovish,sant,1,4.67893389555403e-7,0,0,sants,13,10
dovish,santi,1,4.67893389555403e-7,0,0,santis,42,32
dovish,sate,1,4.67893389555403e-7,0,0,sates,17,21
dovish,satoshi,1,4.67893389555403e-7,0,0,satoshi,17,12
dovish,schultz,1,4.67893389555403e-7,0,0,schultz,10,13
dovish,schumer,1,4.67893389555403e-7,0,0,schumer,32,11
dovish,sear,1,4.67893389555403e-7,0,0,searing,10,18
dovish,seduct,1,4.67893389555403e-7,0,0,seductive,23,29
dovish,selfcorrect,1,4.67893389555403e-7,0,0,selfcorrecting,8,10
dovish,selfregul,1,4.67893389555403e-7,0,0,selfregulation,19,19
dovish,sendai,1,4.67893389555403e-7,0,0,sendai,20,14
dovish,seneca,1,4.67893389555403e-7,0,0,seneca,55,51
dovish,sensat,1,4.67893389555403e-7,0,0,sensational,13,20
dovish,serbia,1,4.67893389555403e-7,0,0,serbia,75,20
dovish,sergey,1,4.67893389555403e-7,0,0,sergey,15,11
dovish,ses,1,4.67893389555403e-7,0,0,ses,28,19
dovish,shankar,1,4.67893389555403e-7,0,0,shankar,15,13
dovish,sheep,1,4.67893389555403e-7,0,0,sheep,21,15
dovish,shinkin,1,4.67893389555403e-7,0,0,shinkin,30,21
dovish,shirt,1,4.67893389555403e-7,0,0,shirt,10,14
dovish,shortal,1,4.67893389555403e-7,0,0,shortall,45,44
dovish,shortsight,1,4.67893389555403e-7,0,0,shortsighted,11,11
dovish,sibl,1,4.67893389555403e-7,0,0,sibling,8,14
dovish,siebert,1,4.67893389555403e-7,0,0,siebert,13,11
dovish,silk,1,4.67893389555403e-7,0,0,silk,26,25
dovish,sincerest,1,4.67893389555403e-7,0,0,sincerest,52,52
dovish,slant,1,4.67893389555403e-7,0,0,slant,12,14
dovish,smuggl,1,4.67893389555403e-7,0,0,smuggling,33,17
dovish,soak,1,4.67893389555403e-7,0,0,soak,8,15
dovish,sousa,1,4.67893389555403e-7,0,0,sousa,20,16
dovish,sprechen,1,4.67893389555403e-7,0,0,sprechen,11,11
dovish,squam,1,4.67893389555403e-7,0,0,squam,27,12
dovish,stagflationari,1,4.67893389555403e-7,0,0,stagflationary,13,13
dovish,std,1,4.67893389555403e-7,0,0,std,20,10
dovish,steward,1,4.67893389555403e-7,0,0,steward,12,18
dovish,striven,1,4.67893389555403e-7,0,0,striven,24,23
dovish,subramanian,1,4.67893389555403e-7,0,0,subramanian,60,36
dovish,superpow,1,4.67893389555403e-7,0,0,superpower,21,17
dovish,suppl,1,4.67893389555403e-7,0,0,supple,12,15
dovish,sureyya,1,4.67893389555403e-7,0,0,sureyya,29,21
dovish,teen,1,4.67893389555403e-7,0,0,teens,11,15
dovish,tenyear,1,4.67893389555403e-7,0,0,tenyear,10,10
dovish,tether,1,4.67893389555403e-7,0,0,tether,21,22
dovish,thatth,1,4.67893389555403e-7,0,0,thatthe,13,12
dovish,theo,1,4.67893389555403e-7,0,0,theo,36,14
dovish,these,1,4.67893389555403e-7,0,0,theses,21,17
dovish,thoroughgo,1,4.67893389555403e-7,0,0,thoroughgoing,13,13
dovish,tofail,1,4.67893389555403e-7,0,0,tofail,16,16
dovish,toyo,1,4.67893389555403e-7,0,0,toyo,18,15
dovish,triffin,1,4.67893389555403e-7,0,0,triffin,63,25
dovish,trodden,1,4.67893389555403e-7,0,0,trodden,19,19
dovish,truer,1,4.67893389555403e-7,0,0,truer,21,21
dovish,truran,1,4.67893389555403e-7,0,0,truran,14,11
dovish,tunisia,1,4.67893389555403e-7,0,0,tunisia,17,13
dovish,ucit,1,4.67893389555403e-7,0,0,ucits,35,20
dovish,ulf,1,4.67893389555403e-7,0,0,ulf,16,15
dovish,umpir,1,4.67893389555403e-7,0,0,umpire,25,13
dovish,unback,1,4.67893389555403e-7,0,0,unbacked,64,18
dovish,uncollateralis,1,4.67893389555403e-7,0,0,uncollateralised,48,38
dovish,undeserv,1,4.67893389555403e-7,0,0,undeserved,8,11
dovish,uneduc,1,4.67893389555403e-7,0,0,uneducated,12,12
dovish,unfit,1,4.67893389555403e-7,0,0,unfit,19,15
dovish,unfreez,1,4.67893389555403e-7,0,0,unfreeze,12,20
dovish,unjust,1,4.67893389555403e-7,0,0,unjust,15,16
dovish,unproblemat,1,4.67893389555403e-7,0,0,unproblematic,19,18
dovish,unquot,1,4.67893389555403e-7,0,0,unquote,9,13
dovish,unrealis,1,4.67893389555403e-7,0,0,unrealised,69,42
dovish,unreserv,1,4.67893389555403e-7,0,0,unreservedly,9,13
dovish,unspectacular,1,4.67893389555403e-7,0,0,unspectacular,14,14
dovish,unsteril,1,4.67893389555403e-7,0,0,unsterilized,26,18
dovish,uti,1,4.67893389555403e-7,0,0,uti,27,19
dovish,verac,1,4.67893389555403e-7,0,0,veracity,24,20
dovish,verbatim,1,4.67893389555403e-7,0,0,verbatim,19,18
dovish,vestig,1,4.67893389555403e-7,0,0,vestiges,9,16
dovish,vine,1,4.67893389555403e-7,0,0,vines,21,14
dovish,viscer,1,4.67893389555403e-7,0,0,visceral,10,12
dovish,volker,1,4.67893389555403e-7,0,0,volker,39,32
dovish,volodin,1,4.67893389555403e-7,0,0,volodin,13,11
dovish,voltair,1,4.67893389555403e-7,0,0,voltaire,13,10
dovish,volumin,1,4.67893389555403e-7,0,0,voluminous,26,26
dovish,votr,1,4.67893389555403e-7,0,0,votre,35,31
dovish,waigel,1,4.67893389555403e-7,0,0,waigel,33,13
dovish,warfar,1,4.67893389555403e-7,0,0,warfare,13,13
dovish,warjiyo,1,4.67893389555403e-7,0,0,warjiyo,15,13
dovish,warp,1,4.67893389555403e-7,0,0,warp,10,12
dovish,warsaw,1,4.67893389555403e-7,0,0,warsaw,25,21
dovish,weid,1,4.67893389555403e-7,0,0,weide,11,11
dovish,wieland,1,4.67893389555403e-7,0,0,wieland,72,39
dovish,wield,1,4.67893389555403e-7,0,0,wield,12,26
dovish,winkler,1,4.67893389555403e-7,0,0,winkler,35,29
dovish,wos,1,4.67893389555403e-7,0,0,wos,52,13
dovish,xlv,1,4.67893389555403e-7,0,0,xlv,11,11
dovish,xxii,1,4.67893389555403e-7,0,0,xxii,27,23
dovish,zakrajsek,1,4.67893389555403e-7,0,0,zakrajsek,66,39
dovish,zeitung,1,4.67893389555403e-7,0,0,zeitung,37,32
dovish,zoltan,1,4.67893389555403e-7,0,0,zoltan,13,12
dovish,zukunft,1,4.67893389555403e-7,0,0,zukunft,14,13
dovish,zum,1,4.67893389555403e-7,0,0,zum,35,34
