tone_group,stem,n,tf,idf,tf_idf,example_word,example_word_freq,doc_freq
hawkish,restrict,354,9.173028187627295e-4,0.6931471805599453,6.358258625450765e-4,restrictions,3080,2987
hawkish,anchor,306,7.929227755406645e-4,0.6931471805599453,5.49612186267778e-4,anchored,2284,2595
hawkish,persist,222,5.752576999020507e-4,0.6931471805599453,3.987382527825056e-4,persistent,3877,3977
hawkish,tighten,123,3.187238607565416e-4,0.6931471805599453,2.209225454605774e-4,tightening,5908,3224
hawkish,vigil,57,1.4770130132620222e-4,0.6931471805599453,1.0237874057929197e-4,vigilance,689,912
hawkish,cea,42,1.0883253781930689e-4,0.6931471805599453,7.543696674263618e-5,cea,123,15
hawkish,ede,20,5.182501800919376e-5,0.6931471805599453,3.5922365115541045e-5,edes,82,11
hawkish,hike,19,4.923376710873407e-5,0.6931471805599453,3.412624685976399e-5,hike,1725,912
hawkish,overh,15,3.8868763506895316e-5,0.6931471805599453,2.694177383665578e-5,overheating,721,597
hawkish,nis,10,2.591250900459688e-5,0.6931471805599453,1.7961182557770522e-5,nis,60,16
hawkish,eki,9,2.332125810413719e-5,0.6931471805599453,1.6165064301993467e-5,eki,51,12
hawkish,mdgs,9,2.332125810413719e-5,0.6931471805599453,1.6165064301993467e-5,mdgs,39,15
hawkish,liff,8,2.0730007203677504e-5,0.6931471805599453,1.4368946046216418e-5,liffe,25,12
hawkish,ofz,7,1.8138756303217815e-5,0.6931471805599453,1.2572827790439364e-5,ofz,66,33
hawkish,grit,6,1.554750540275813e-5,0.6931471805599453,1.0776709534662313e-5,grit,16,10
hawkish,strahan,6,1.554750540275813e-5,0.6931471805599453,1.0776709534662313e-5,strahan,59,26
hawkish,brunner,5,1.295625450229844e-5,0.6931471805599453,8.980591278885261e-6,brunner,101,40
hawkish,adenau,4,1.0365003601838752e-5,0.6931471805599453,7.184473023108209e-6,adenauer,27,16
hawkish,albania,4,1.0365003601838752e-5,0.6931471805599453,7.184473023108209e-6,albania,34,21
hawkish,chit,4,1.0365003601838752e-5,0.6931471805599453,7.184473023108209e-6,chit,15,15
hawkish,eyl,4,1.0365003601838752e-5,0.6931471805599453,7.184473023108209e-6,eyl,65,15
hawkish,fci,4,1.0365003601838752e-5,0.6931471805599453,7.184473023108209e-6,fcy,22,15
hawkish,fluiditi,4,1.0365003601838752e-5,0.6931471805599453,7.184473023108209e-6,fluidity,29,18
hawkish,lrs,4,1.0365003601838752e-5,0.6931471805599453,7.184473023108209e-6,lrs,22,11
hawkish,pix,4,1.0365003601838752e-5,0.6931471805599453,7.184473023108209e-6,pix,83,14
hawkish,sich,4,1.0365003601838752e-5,0.6931471805599453,7.184473023108209e-6,sich,25,19
hawkish,sie,4,1.0365003601838752e-5,0.6931471805599453,7.184473023108209e-6,sie,30,19
hawkish,tenanc,4,1.0365003601838752e-5,0.6931471805599453,7.184473023108209e-6,tenancy,16,10
hawkish,turkstat,4,1.0365003601838752e-5,0.6931471805599453,7.184473023108209e-6,turkstat,398,55
hawkish,unimpair,4,1.0365003601838752e-5,0.6931471805599453,7.184473023108209e-6,unimpaired,22,19
hawkish,all,3,7.773752701379064e-6,0.6931471805599453,5.388354767331157e-6,alle,17,23
hawkish,arrog,3,7.773752701379064e-6,0.6931471805599453,5.388354767331157e-6,arrogance,18,23
hawkish,cba,3,7.773752701379064e-6,0.6931471805599453,5.388354767331157e-6,cba,26,13
hawkish,cett,3,7.773752701379064e-6,0.6931471805599453,5.388354767331157e-6,cette,28,23
hawkish,dies,3,7.773752701379064e-6,0.6931471805599453,5.388354767331157e-6,diese,14,17
hawkish,divestitur,3,7.773752701379064e-6,0.6931471805599453,5.388354767331157e-6,divestiture,29,25
hawkish,ebrd,3,7.773752701379064e-6,0.6931471805599453,5.388354767331157e-6,ebrd,14,10
hawkish,elcano,3,7.773752701379064e-6,0.6931471805599453,5.388354767331157e-6,elcano,13,12
hawkish,faction,3,7.773752701379064e-6,0.6931471805599453,5.388354767331157e-6,factions,20,20
hawkish,fera,3,7.773752701379064e-6,0.6931471805599453,5.388354767331157e-6,fera,62,27
hawkish,gdrs,3,7.773752701379064e-6,0.6931471805599453,5.388354767331157e-6,gdrs,18,13
hawkish,heut,3,7.773752701379064e-6,0.6931471805599453,5.388354767331157e-6,heute,31,26
hawkish,ihr,3,7.773752701379064e-6,0.6931471805599453,5.388354767331157e-6,ihre,26,21
hawkish,konrad,3,7.773752701379064e-6,0.6931471805599453,5.388354767331157e-6,konrad,16,12
hawkish,lenz,3,7.773752701379064e-6,0.6931471805599453,5.388354767331157e-6,lenz,16,16
hawkish,marketori,3,7.773752701379064e-6,0.6931471805599453,5.388354767331157e-6,marketoriented,14,13
hawkish,masazumi,3,7.773752701379064e-6,0.6931471805599453,5.388354767331157e-6,masazumi,47,21
hawkish,membr,3,7.773752701379064e-6,0.6931471805599453,5.388354767331157e-6,membres,28,28
hawkish,montenegro,3,7.773752701379064e-6,0.6931471805599453,5.388354767331157e-6,montenegro,49,20
hawkish,norden,3,7.773752701379064e-6,0.6931471805599453,5.388354767331157e-6,norden,38,22
hawkish,outcri,3,7.773752701379064e-6,0.6931471805599453,5.388354767331157e-6,outcry,20,20
hawkish,perruchoud,3,7.773752701379064e-6,0.6931471805599453,5.388354767331157e-6,perruchoud,14,14
hawkish,reimpos,3,7.773752701379064e-6,0.6931471805599453,5.388354767331157e-6,reimpose,10,10
hawkish,rencontr,3,7.773752701379064e-6,0.6931471805599453,5.388354767331157e-6,rencontres,16,15
hawkish,schlegel,3,7.773752701379064e-6,0.6931471805599453,5.388354767331157e-6,schlegel,22,11
hawkish,seq,3,7.773752701379064e-6,0.6931471805599453,5.388354767331157e-6,seq,24,13
hawkish,turkiy,3,7.773752701379064e-6,0.6931471805599453,5.388354767331157e-6,turkiye,50,16
hawkish,wakatab,3,7.773752701379064e-6,0.6931471805599453,5.388354767331157e-6,wakatabe,85,19
hawkish,aktuellen,2,5.182501800919376e-6,0.6931471805599453,3.5922365115541045e-6,aktuellen,10,10
hawkish,altimari,2,5.182501800919376e-6,0.6931471805599453,3.5922365115541045e-6,altimari,28,14
hawkish,blake,2,5.182501800919376e-6,0.6931471805599453,3.5922365115541045e-6,blake,25,18
hawkish,boivin,2,5.182501800919376e-6,0.6931471805599453,3.5922365115541045e-6,boivin,80,35
hawkish,bombard,2,5.182501800919376e-6,0.6931471805599453,3.5922365115541045e-6,bombarded,8,10
hawkish,capgemini,2,5.182501800919376e-6,0.6931471805599453,3.5922365115541045e-6,capgemini,20,16
hawkish,coerc,2,5.182501800919376e-6,0.6931471805599453,3.5922365115541045e-6,coerced,6,11
hawkish,coletti,2,5.182501800919376e-6,0.6931471805599453,3.5922365115541045e-6,coletti,24,20
hawkish,commencerai,2,5.182501800919376e-6,0.6931471805599453,3.5922365115541045e-6,commencerai,18,18
hawkish,conrad,2,5.182501800919376e-6,0.6931471805599453,3.5922365115541045e-6,conrad,10,10
hawkish,crosscheck,2,5.182501800919376e-6,0.6931471805599453,3.5922365115541045e-6,crosschecking,10,17
hawkish,dogma,2,5.182501800919376e-6,0.6931471805599453,3.5922365115541045e-6,dogma,18,20
hawkish,ebner,2,5.182501800919376e-6,0.6931471805599453,3.5922365115541045e-6,ebner,18,18
hawkish,eec,2,5.182501800919376e-6,0.6931471805599453,3.5922365115541045e-6,eec,30,18
hawkish,eesti,2,5.182501800919376e-6,0.6931471805599453,3.5922365115541045e-6,eesti,18,11
hawkish,ehrmann,2,5.182501800919376e-6,0.6931471805599453,3.5922365115541045e-6,ehrmann,137,65
hawkish,einig,2,5.182501800919376e-6,0.6931471805599453,3.5922365115541045e-6,einige,13,14
hawkish,eurogebiet,2,5.182501800919376e-6,0.6931471805599453,3.5922365115541045e-6,eurogebiet,13,11
hawkish,favara,2,5.182501800919376e-6,0.6931471805599453,3.5922365115541045e-6,favara,15,12
hawkish,foolhardi,2,5.182501800919376e-6,0.6931471805599453,3.5922365115541045e-6,foolhardy,15,15
hawkish,francesca,2,5.182501800919376e-6,0.6931471805599453,3.5922365115541045e-6,francesca,22,22
hawkish,francia,2,5.182501800919376e-6,0.6931471805599453,3.5922365115541045e-6,francia,14,12
hawkish,frenkel,2,5.182501800919376e-6,0.6931471805599453,3.5922365115541045e-6,frenkel,26,18
hawkish,giannoni,2,5.182501800919376e-6,0.6931471805599453,3.5922365115541045e-6,giannoni,95,54
hawkish,ihnen,2,5.182501800919376e-6,0.6931471805599453,3.5922365115541045e-6,ihnen,38,25
hawkish,immort,2,5.182501800919376e-6,0.6931471805599453,3.5922365115541045e-6,immortal,6,10
hawkish,impot,2,5.182501800919376e-6,0.6931471805599453,3.5922365115541045e-6,impotent,28,32
hawkish,inert,2,5.182501800919376e-6,0.6931471805599453,3.5922365115541045e-6,inert,8,10
hawkish,interregnum,2,5.182501800919376e-6,0.6931471805599453,3.5922365115541045e-6,interregnum,16,14
hawkish,isi,2,5.182501800919376e-6,0.6931471805599453,3.5922365115541045e-6,isi,34,23
hawkish,kathi,2,5.182501800919376e-6,0.6931471805599453,3.5922365115541045e-6,kathy,11,10
hawkish,klocker,2,5.182501800919376e-6,0.6931471805599453,3.5922365115541045e-6,klockers,12,11
hawkish,lage,2,5.182501800919376e-6,0.6931471805599453,3.5922365115541045e-6,lage,10,10
hawkish,laidler,2,5.182501800919376e-6,0.6931471805599453,3.5922365115541045e-6,laidler,32,16
hawkish,liraiz,2,5.182501800919376e-6,0.6931471805599453,3.5922365115541045e-6,liraization,76,10
hawkish,madhya,2,5.182501800919376e-6,0.6931471805599453,3.5922365115541045e-6,madhya,31,19
hawkish,mattress,2,5.182501800919376e-6,0.6931471805599453,3.5922365115541045e-6,mattress,13,15
hawkish,montana,2,5.182501800919376e-6,0.6931471805599453,3.5922365115541045e-6,montana,19,13
hawkish,nen,2,5.182501800919376e-6,0.6931471805599453,3.5922365115541045e-6,nen,18,11
hawkish,nonvot,2,5.182501800919376e-6,0.6931471805599453,3.5922365115541045e-6,nonvoting,16,12
hawkish,overplay,2,5.182501800919376e-6,0.6931471805599453,3.5922365115541045e-6,overplayed,7,13
hawkish,pank,2,5.182501800919376e-6,0.6931471805599453,3.5922365115541045e-6,pank,15,11
hawkish,plato,2,5.182501800919376e-6,0.6931471805599453,3.5922365115541045e-6,plato,16,13
hawkish,plrs,2,5.182501800919376e-6,0.6931471805599453,3.5922365115541045e-6,plrs,20,11
hawkish,president,2,5.182501800919376e-6,0.6931471805599453,3.5922365115541045e-6,presidente,37,34
hawkish,rapporteur,2,5.182501800919376e-6,0.6931471805599453,3.5922365115541045e-6,rapporteur,15,18
hawkish,rectitud,2,5.182501800919376e-6,0.6931471805599453,3.5922365115541045e-6,rectitude,10,10
hawkish,reguli,2,5.182501800919376e-6,0.6931471805599453,3.5922365115541045e-6,regulier,11,11
hawkish,rejoui,2,5.182501800919376e-6,0.6931471805599453,3.5922365115541045e-6,rejouis,21,21
hawkish,schlussbemerkungen,2,5.182501800919376e-6,0.6931471805599453,3.5922365115541045e-6,schlussbemerkungen,22,22
hawkish,siglo,2,5.182501800919376e-6,0.6931471805599453,3.5922365115541045e-6,siglo,14,10
hawkish,soderstrom,2,5.182501800919376e-6,0.6931471805599453,3.5922365115541045e-6,soderstrom,32,20
hawkish,stationari,2,5.182501800919376e-6,0.6931471805599453,3.5922365115541045e-6,stationary,46,33
hawkish,themen,2,5.182501800919376e-6,0.6931471805599453,3.5922365115541045e-6,themen,13,12
hawkish,therefrom,2,5.182501800919376e-6,0.6931471805599453,3.5922365115541045e-6,therefrom,20,19
hawkish,tirpak,2,5.182501800919376e-6,0.6931471805599453,3.5922365115541045e-6,tirpak,15,10
hawkish,unaccount,2,5.182501800919376e-6,0.6931471805599453,3.5922365115541045e-6,unaccounted,21,29
hawkish,unidentifi,2,5.182501800919376e-6,0.6931471805599453,3.5922365115541045e-6,unidentified,19,19
hawkish,usurp,2,5.182501800919376e-6,0.6931471805599453,3.5922365115541045e-6,usurper,7,14
hawkish,vow,2,5.182501800919376e-6,0.6931471805599453,3.5922365115541045e-6,vowed,6,15
hawkish,wastag,2,5.182501800919376e-6,0.6931471805599453,3.5922365115541045e-6,wastage,10,14
hawkish,wirtschaftlichen,2,5.182501800919376e-6,0.6931471805599453,3.5922365115541045e-6,wirtschaftlichen,16,16
hawkish,abet,1,2.591250900459688e-6,0.6931471805599453,1.7961182557770522e-6,abetted,14,22
hawkish,accessori,1,2.591250900459688e-6,0.6931471805599453,1.7961182557770522e-6,accessories,12,12
hawkish,al,1,2.591250900459688e-6,0.6931471805599453,1.7961182557770522e-6,als,42,25
hawkish,allegi,1,2.591250900459688e-6,0.6931471805599453,1.7961182557770522e-6,allegiance,15,11
hawkish,allus,1,2.591250900459688e-6,0.6931471805599453,1.7961182557770522e-6,allusion,6,12
hawkish,angular,1,2.591250900459688e-6,0.6931471805599453,1.7961182557770522e-6,angular,27,25
hawkish,anne,1,2.591250900459688e-6,0.6931471805599453,1.7961182557770522e-6,annees,11,17
hawkish,antimoney,1,2.591250900459688e-6,0.6931471805599453,1.7961182557770522e-6,antimoney,11,11
hawkish,artefact,1,2.591250900459688e-6,0.6931471805599453,1.7961182557770522e-6,artefact,16,24
hawkish,asynchron,1,2.591250900459688e-6,0.6931471805599453,1.7961182557770522e-6,asynchronous,18,19
hawkish,axiom,1,2.591250900459688e-6,0.6931471805599453,1.7961182557770522e-6,axioms,19,17
hawkish,bahk,1,2.591250900459688e-6,0.6931471805599453,1.7961182557770522e-6,bahk,31,31
hawkish,barrero,1,2.591250900459688e-6,0.6931471805599453,1.7961182557770522e-6,barrero,19,11
hawkish,beatric,1,2.591250900459688e-6,0.6931471805599453,1.7961182557770522e-6,beatrice,11,12
hawkish,bequest,1,2.591250900459688e-6,0.6931471805599453,1.7961182557770522e-6,bequest,13,15
hawkish,bibl,1,2.591250900459688e-6,0.6931471805599453,1.7961182557770522e-6,bible,12,11
hawkish,bimonth,1,2.591250900459688e-6,0.6931471805599453,1.7961182557770522e-6,bimonthly,11,11
hawkish,boyd,1,2.591250900459688e-6,0.6931471805599453,1.7961182557770522e-6,boyd,13,10
hawkish,breathtak,1,2.591250900459688e-6,0.6931471805599453,1.7961182557770522e-6,breathtaking,23,23
hawkish,breez,1,2.591250900459688e-6,0.6931471805599453,1.7961182557770522e-6,breeze,11,12
hawkish,brittl,1,2.591250900459688e-6,0.6931471805599453,1.7961182557770522e-6,brittle,9,11
hawkish,caesar,1,2.591250900459688e-6,0.6931471805599453,1.7961182557770522e-6,caesar,18,14
hawkish,cagliarini,1,2.591250900459688e-6,0.6931471805599453,1.7961182557770522e-6,cagliarini,15,11
hawkish,callum,1,2.591250900459688e-6,0.6931471805599453,1.7961182557770522e-6,callum,16,13
hawkish,cathol,1,2.591250900459688e-6,0.6931471805599453,1.7961182557770522e-6,catholic,21,14
hawkish,cbt,1,2.591250900459688e-6,0.6931471805599453,1.7961182557770522e-6,cbt,238,31
hawkish,cebra,1,2.591250900459688e-6,0.6931471805599453,1.7961182557770522e-6,cebra,13,11
hawkish,ceiop,1,2.591250900459688e-6,0.6931471805599453,1.7961182557770522e-6,ceiops,39,11
hawkish,chop,1,2.591250900459688e-6,0.6931471805599453,1.7961182557770522e-6,chopped,7,14
hawkish,christensen,1,2.591250900459688e-6,0.6931471805599453,1.7961182557770522e-6,christensen,38,21
hawkish,cie,1,2.591250900459688e-6,0.6931471805599453,1.7961182557770522e-6,cie,27,10
hawkish,cinema,1,2.591250900459688e-6,0.6931471805599453,1.7961182557770522e-6,cinema,15,15
hawkish,compatriot,1,2.591250900459688e-6,0.6931471805599453,1.7961182557770522e-6,compatriot,7,11
hawkish,contraven,1,2.591250900459688e-6,0.6931471805599453,1.7961182557770522e-6,contravene,5,19
hawkish,cull,1,2.591250900459688e-6,0.6931471805599453,1.7961182557770522e-6,culled,5,12
hawkish,debut,1,2.591250900459688e-6,0.6931471805599453,1.7961182557770522e-6,debut,21,25
hawkish,deng,1,2.591250900459688e-6,0.6931471805599453,1.7961182557770522e-6,deng,20,18
hawkish,domenico,1,2.591250900459688e-6,0.6931471805599453,1.7961182557770522e-6,domenico,11,11
hawkish,downhil,1,2.591250900459688e-6,0.6931471805599453,1.7961182557770522e-6,downhill,17,16
hawkish,embolden,1,2.591250900459688e-6,0.6931471805599453,1.7961182557770522e-6,emboldened,8,10
hawkish,esf,1,2.591250900459688e-6,0.6931471805599453,1.7961182557770522e-6,esfs,23,21
hawkish,ethiopia,1,2.591250900459688e-6,0.6931471805599453,1.7961182557770522e-6,ethiopia,10,10
hawkish,eurotow,1,2.591250900459688e-6,0.6931471805599453,1.7961182557770522e-6,eurotower,10,10
hawkish,exchangetrad,1,2.591250900459688e-6,0.6931471805599453,1.7961182557770522e-6,exchangetraded,11,12
hawkish,fait,1,2.591250900459688e-6,0.6931471805599453,1.7961182557770522e-6,fait,27,21
hawkish,fanfar,1,2.591250900459688e-6,0.6931471805599453,1.7961182557770522e-6,fanfare,10,11
hawkish,faultlin,1,2.591250900459688e-6,0.6931471805599453,1.7961182557770522e-6,faultlines,14,10
hawkish,feather,1,2.591250900459688e-6,0.6931471805599453,1.7961182557770522e-6,feathers,8,13
hawkish,felicit,1,2.591250900459688e-6,0.6931471805599453,1.7961182557770522e-6,felicitous,3,10
hawkish,feroc,1,2.591250900459688e-6,0.6931471805599453,1.7961182557770522e-6,ferocity,12,11
hawkish,fsc,1,2.591250900459688e-6,0.6931471805599453,1.7961182557770522e-6,fsc,44,24
hawkish,further,1,2.591250900459688e-6,0.6931471805599453,1.7961182557770522e-6,furtherance,15,15
hawkish,gerdesmei,1,2.591250900459688e-6,0.6931471805599453,1.7961182557770522e-6,gerdesmeier,21,14
hawkish,greenbook,1,2.591250900459688e-6,0.6931471805599453,1.7961182557770522e-6,greenbook,26,16
hawkish,groth,1,2.591250900459688e-6,0.6931471805599453,1.7961182557770522e-6,groth,28,26
hawkish,hairdress,1,2.591250900459688e-6,0.6931471805599453,1.7961182557770522e-6,hairdressers,14,15
hawkish,hebbel,1,2.591250900459688e-6,0.6931471805599453,1.7961182557770522e-6,hebbel,13,11
hawkish,hier,1,2.591250900459688e-6,0.6931471805599453,1.7961182557770522e-6,hier,16,10
hawkish,hunch,1,2.591250900459688e-6,0.6931471805599453,1.7961182557770522e-6,hunch,25,28
hawkish,ibm,1,2.591250900459688e-6,0.6931471805599453,1.7961182557770522e-6,ibm,30,23
hawkish,ibrd,1,2.591250900459688e-6,0.6931471805599453,1.7961182557770522e-6,ibrd,32,10
hawkish,icaew,1,2.591250900459688e-6,0.6931471805599453,1.7961182557770522e-6,icaew,18,11
hawkish,ignacio,1,2.591250900459688e-6,0.6931471805599453,1.7961182557770522e-6,ignacio,15,14
hawkish,im,1,2.591250900459688e-6,0.6931471805599453,1.7961182557770522e-6,ims,94,11
hawkish,indecis,1,2.591250900459688e-6,0.6931471805599453,1.7961182557770522e-6,indecision,11,18
hawkish,inestim,1,2.591250900459688e-6,0.6931471805599453,1.7961182557770522e-6,inestimable,9,10
hawkish,ital,1,2.591250900459688e-6,0.6931471805599453,1.7961182557770522e-6,italics,18,15
hawkish,janeiro,1,2.591250900459688e-6,0.6931471805599453,1.7961182557770522e-6,janeiro,17,15
hawkish,jfcrgen,1,2.591250900459688e-6,0.6931471805599453,1.7961182557770522e-6,jfcrgen,19,19
hawkish,jochen,1,2.591250900459688e-6,0.6931471805599453,1.7961182557770522e-6,jochen,19,19
hawkish,jpi,1,2.591250900459688e-6,0.6931471805599453,1.7961182557770522e-6,jpy,75,33
hawkish,kann,1,2.591250900459688e-6,0.6931471805599453,1.7961182557770522e-6,kann,13,10
hawkish,kerosen,1,2.591250900459688e-6,0.6931471805599453,1.7961182557770522e-6,kerosene,16,16
hawkish,kruger,1,2.591250900459688e-6,0.6931471805599453,1.7961182557770522e-6,kruger,12,10
hawkish,kurz,1,2.591250900459688e-6,0.6931471805599453,1.7961182557770522e-6,kurz,19,17
hawkish,kynaston,1,2.591250900459688e-6,0.6931471805599453,1.7961182557770522e-6,kynaston,27,15
hawkish,kyung,1,2.591250900459688e-6,0.6931471805599453,1.7961182557770522e-6,kyung,10,10
hawkish,lavish,1,2.591250900459688e-6,0.6931471805599453,1.7961182557770522e-6,lavish,6,11
hawkish,laxton,1,2.591250900459688e-6,0.6931471805599453,1.7961182557770522e-6,laxton,33,27
hawkish,leipzig,1,2.591250900459688e-6,0.6931471805599453,1.7961182557770522e-6,leipzig,10,11
hawkish,lineag,1,2.591250900459688e-6,0.6931471805599453,1.7961182557770522e-6,lineage,12,12
hawkish,lionel,1,2.591250900459688e-6,0.6931471805599453,1.7961182557770522e-6,lionel,16,14
hawkish,lipsey,1,2.591250900459688e-6,0.6931471805599453,1.7961182557770522e-6,lipsey,14,12
hawkish,litani,1,2.591250900459688e-6,0.6931471805599453,1.7961182557770522e-6,litany,15,15
hawkish,louvr,1,2.591250900459688e-6,0.6931471805599453,1.7961182557770522e-6,louvre,16,14
hawkish,mast,1,2.591250900459688e-6,0.6931471805599453,1.7961182557770522e-6,mast,21,19
hawkish,mcdonald,1,2.591250900459688e-6,0.6931471805599453,1.7961182557770522e-6,mcdonald,11,11
hawkish,mie,1,2.591250900459688e-6,0.6931471805599453,1.7961182557770522e-6,mie,12,12
hawkish,mingl,1,2.591250900459688e-6,0.6931471805599453,1.7961182557770522e-6,mingled,8,15
hawkish,misdemeanour,1,2.591250900459688e-6,0.6931471805599453,1.7961182557770522e-6,misdemeanour,5,10
hawkish,monik,1,2.591250900459688e-6,0.6931471805599453,1.7961182557770522e-6,moniker,10,10
hawkish,morley,1,2.591250900459688e-6,0.6931471805599453,1.7961182557770522e-6,morley,12,11
hawkish,muellbauer,1,2.591250900459688e-6,0.6931471805599453,1.7961182557770522e-6,muellbauer,32,17
hawkish,multicountri,1,2.591250900459688e-6,0.6931471805599453,1.7961182557770522e-6,multicountry,11,11
hawkish,natali,1,2.591250900459688e-6,0.6931471805599453,1.7961182557770522e-6,natalie,14,14
hawkish,nearshor,1,2.591250900459688e-6,0.6931471805599453,1.7961182557770522e-6,nearshoring,17,10
hawkish,neglinnaya,1,2.591250900459688e-6,0.6931471805599453,1.7961182557770522e-6,neglinnaya,32,32
hawkish,nfc,1,2.591250900459688e-6,0.6931471805599453,1.7961182557770522e-6,nfc,52,34
hawkish,nicolo,1,2.591250900459688e-6,0.6931471805599453,1.7961182557770522e-6,nicolo,32,13
hawkish,nonexecut,1,2.591250900459688e-6,0.6931471805599453,1.7961182557770522e-6,nonexecutive,15,13
hawkish,overborrow,1,2.591250900459688e-6,0.6931471805599453,1.7961182557770522e-6,overborrowing,21,27
hawkish,overbuild,1,2.591250900459688e-6,0.6931471805599453,1.7961182557770522e-6,overbuilding,24,22
hawkish,pessoa,1,2.591250900459688e-6,0.6931471805599453,1.7961182557770522e-6,pessoa,18,10
hawkish,physicist,1,2.591250900459688e-6,0.6931471805599453,1.7961182557770522e-6,physicists,21,30
hawkish,playbook,1,2.591250900459688e-6,0.6931471805599453,1.7961182557770522e-6,playbook,25,25
hawkish,plow,1,2.591250900459688e-6,0.6931471805599453,1.7961182557770522e-6,plow,8,10
hawkish,poccmm,1,2.591250900459688e-6,0.6931471805599453,1.7961182557770522e-6,poccmm,31,31
hawkish,poignant,1,2.591250900459688e-6,0.6931471805599453,1.7961182557770522e-6,poignant,17,16
hawkish,posteriori,1,2.591250900459688e-6,0.6931471805599453,1.7961182557770522e-6,posteriori,11,11
hawkish,preliminarili,1,2.591250900459688e-6,0.6931471805599453,1.7961182557770522e-6,preliminarily,20,16
hawkish,proinflationari,1,2.591250900459688e-6,0.6931471805599453,1.7961182557770522e-6,proinflationary,203,58
hawkish,quiro,1,2.591250900459688e-6,0.6931471805599453,1.7961182557770522e-6,quiros,32,21
hawkish,ram,1,2.591250900459688e-6,0.6931471805599453,1.7961182557770522e-6,ram,22,23
hawkish,renunci,1,2.591250900459688e-6,0.6931471805599453,1.7961182557770522e-6,renunciation,19,16
hawkish,restoy,1,2.591250900459688e-6,0.6931471805599453,1.7961182557770522e-6,restoy,12,11
hawkish,rev,1,2.591250900459688e-6,0.6931471805599453,1.7961182557770522e-6,rev,22,14
hawkish,revu,1,2.591250900459688e-6,0.6931471805599453,1.7961182557770522e-6,revue,10,10
hawkish,robbin,1,2.591250900459688e-6,0.6931471805599453,1.7961182557770522e-6,robbins,27,17
hawkish,roffia,1,2.591250900459688e-6,0.6931471805599453,1.7961182557770522e-6,roffia,15,12
hawkish,rosstat,1,2.591250900459688e-6,0.6931471805599453,1.7961182557770522e-6,rosstat,25,11
hawkish,savez,1,2.591250900459688e-6,0.6931471805599453,1.7961182557770522e-6,savez,10,10
hawkish,sensex,1,2.591250900459688e-6,0.6931471805599453,1.7961182557770522e-6,sensex,18,14
hawkish,shakai,1,2.591250900459688e-6,0.6931471805599453,1.7961182557770522e-6,shakai,11,11
hawkish,shout,1,2.591250900459688e-6,0.6931471805599453,1.7961182557770522e-6,shout,7,19
hawkish,showa,1,2.591250900459688e-6,0.6931471805599453,1.7961182557770522e-6,showa,18,14
hawkish,skip,1,2.591250900459688e-6,0.6931471805599453,1.7961182557770522e-6,skip,30,40
hawkish,slaughter,1,2.591250900459688e-6,0.6931471805599453,1.7961182557770522e-6,slaughter,21,15
hawkish,spf,1,2.591250900459688e-6,0.6931471805599453,1.7961182557770522e-6,spf,77,35
hawkish,stabilitat,1,2.591250900459688e-6,0.6931471805599453,1.7961182557770522e-6,stabilitat,12,11
hawkish,stamped,1,2.591250900459688e-6,0.6931471805599453,1.7961182557770522e-6,stampede,7,11
hawkish,stunt,1,2.591250900459688e-6,0.6931471805599453,1.7961182557770522e-6,stunted,14,21
hawkish,suzuki,1,2.591250900459688e-6,0.6931471805599453,1.7961182557770522e-6,suzuki,22,12
hawkish,synopsi,1,2.591250900459688e-6,0.6931471805599453,1.7961182557770522e-6,synopsis,11,10
hawkish,takahashi,1,2.591250900459688e-6,0.6931471805599453,1.7961182557770522e-6,takahashi,46,18
hawkish,tidi,1,2.591250900459688e-6,0.6931471805599453,1.7961182557770522e-6,tidy,10,17
hawkish,toppl,1,2.591250900459688e-6,0.6931471805599453,1.7961182557770522e-6,toppling,10,12
hawkish,toss,1,2.591250900459688e-6,0.6931471805599453,1.7961182557770522e-6,toss,18,21
hawkish,trek,1,2.591250900459688e-6,0.6931471805599453,1.7961182557770522e-6,trek,11,10
hawkish,trevino,1,2.591250900459688e-6,0.6931471805599453,1.7961182557770522e-6,trevino,14,14
hawkish,trs,1,2.591250900459688e-6,0.6931471805599453,1.7961182557770522e-6,trs,23,13
hawkish,tur,1,2.591250900459688e-6,0.6931471805599453,1.7961182557770522e-6,tur,16,11
hawkish,unbound,1,2.591250900459688e-6,0.6931471805599453,1.7961182557770522e-6,unbounded,19,19
hawkish,undergird,1,2.591250900459688e-6,0.6931471805599453,1.7961182557770522e-6,undergird,7,12
hawkish,underr,1,2.591250900459688e-6,0.6931471805599453,1.7961182557770522e-6,underrate,6,11
hawkish,undistort,1,2.591250900459688e-6,0.6931471805599453,1.7961182557770522e-6,undistorted,15,13
hawkish,unmitig,1,2.591250900459688e-6,0.6931471805599453,1.7961182557770522e-6,unmitigated,12,12
hawkish,unmix,1,2.591250900459688e-6,0.6931471805599453,1.7961182557770522e-6,unmixed,13,12
hawkish,unprovok,1,2.591250900459688e-6,0.6931471805599453,1.7961182557770522e-6,unprovoked,23,23
hawkish,unstuck,1,2.591250900459688e-6,0.6931471805599453,1.7961182557770522e-6,unstuck,12,11
hawkish,verein,1,2.591250900459688e-6,0.6931471805599453,1.7961182557770522e-6,verein,11,11
hawkish,vereinigung,1,2.591250900459688e-6,0.6931471805599453,1.7961182557770522e-6,vereinigung,10,10
hawkish,wesch,1,2.591250900459688e-6,0.6931471805599453,1.7961182557770522e-6,wesche,18,11
hawkish,wird,1,2.591250900459688e-6,0.6931471805599453,1.7961182557770522e-6,wird,13,13
hawkish,woke,1,2.591250900459688e-6,0.6931471805599453,1.7961182557770522e-6,woke,10,11
hawkish,wynn,1,2.591250900459688e-6,0.6931471805599453,1.7961182557770522e-6,wynne,20,14
hawkish,xia,1,2.591250900459688e-6,0.6931471805599453,1.7961182557770522e-6,xia,39,19
hawkish,xiaop,1,2.591250900459688e-6,0.6931471805599453,1.7961182557770522e-6,xiaoping,15,14
hawkish,yan,1,2.591250900459688e-6,0.6931471805599453,1.7961182557770522e-6,yan,10,10
hawkish,yawn,1,2.591250900459688e-6,0.6931471805599453,1.7961182557770522e-6,yawning,10,12
hawkish,risk,2770,0.007177764994273335,0,0,risk,73978,10030
hawkish,system,2762,0.007157034987069658,0,0,system,65513,9713
hawkish,rate,2231,0.005781080758925564,0,0,rate,103316,9894
hawkish,countri,1906,0.004938924216276165,0,0,countries,51504,9235
hawkish,institut,1812,0.004695346631632955,0,0,institutions,37399,8879
hawkish,capit,1607,0.004164140197038719,0,0,capital,61461,8213
hawkish,increas,1582,0.0040993589245272265,0,0,increase,36306,10583
hawkish,term,1572,0.004073446415522629,0,0,term,57108,10189
hawkish,intern,1495,0.0038739200961872334,0,0,international,37379,8709
hawkish,regul,1491,0.0038635550925853945,0,0,regulation,16057,5973
hawkish,credit,1421,0.0036821675295532165,0,0,credit,51734,7641
hawkish,currenc,1311,0.0033971299305026507,0,0,currency,23968,5601
hawkish,money,1309,0.0033919474287017314,0,0,money,31527,6018
hawkish,inflat,1308,0.0033893561778012716,0,0,inflation,130560,7215
hawkish,govern,1272,0.003296071145384723,0,0,government,30144,9133
hawkish,issu,1269,0.003288297392683344,0,0,issues,18435,8997
hawkish,effect,1245,0.0032261073710723115,0,0,effects,26512,10241
hawkish,reserv,1232,0.0031924211093663354,0,0,reserve,42141,7263
hawkish,exchang,1209,0.0031328223386557627,0,0,exchange,40582,6673
hawkish,requir,1209,0.0031328223386557627,0,0,requirements,12549,8790
hawkish,sector,1202,0.0031146835823525447,0,0,sector,48921,9120
hawkish,crisi,1166,0.0030213985499359963,0,0,crisis,51499,6867
hawkish,account,1158,0.0030006685427323185,0,0,account,22754,8766
hawkish,nation,1134,0.002938478521121286,0,0,national,27903,7868
hawkish,payment,1128,0.0029229310157185277,0,0,payments,18234,4842
hawkish,manag,1113,0.002884062252211633,0,0,management,26568,7932
hawkish,fund,1108,0.002871105997709334,0,0,funds,21233,7282
hawkish,level,1100,0.0028503759905056567,0,0,level,40162,10168
hawkish,provid,1094,0.0028348284851028986,0,0,provide,19019,9462
hawkish,inform,1054,0.0027311784490845112,0,0,information,24845,7195
hawkish,ecb,1053,0.0027285871981840514,0,0,ecb,26836,3421
hawkish,role,1051,0.002723404696383132,0,0,role,27535,8407
hawkish,servic,1018,0.0026378934166679624,0,0,services,28739,7323
hawkish,busi,1017,0.0026353021657675025,0,0,business,35733,8485
hawkish,activ,995,0.0025782946459573896,0,0,activity,20628,9007
hawkish,invest,989,0.0025627471405546315,0,0,investment,37250,8269
hawkish,includ,957,0.002479827111739921,0,0,including,22943,9574
hawkish,liquid,952,0.002466870857237623,0,0,liquidity,34343,6135
hawkish,recent,930,0.00240986333742751,0,0,recent,37723,9964
hawkish,asset,922,0.002389133330223832,0,0,assets,25079,7410
hawkish,financ,901,0.0023347170613141786,0,0,finance,19868,7947
hawkish,trade,894,0.002316578305010961,0,0,trade,22009,6904
hawkish,framework,883,0.0022880745451059046,0,0,framework,25873,6855
hawkish,process,876,0.0022699357888026866,0,0,process,24183,8084
hawkish,decis,865,0.00224143202889763,0,0,decisions,13387,7263
hawkish,ensur,848,0.002197380763589815,0,0,ensure,16869,7857
hawkish,feder,842,0.002181833258187057,0,0,federal,36291,5239
hawkish,oper,835,0.0021636945018838395,0,0,operations,12608,7933
hawkish,secur,835,0.0021636945018838395,0,0,securities,17757,6601
hawkish,integr,824,0.002135190741978783,0,0,integration,12581,4734
hawkish,board,823,0.002132599491078323,0,0,board,22178,7158
hawkish,firm,812,0.0021040957311732667,0,0,firms,33013,6384
hawkish,continu,807,0.002091139476670968,0,0,continue,21681,9976
hawkish,expect,792,0.0020522707131640726,0,0,expectations,26794,9383
hawkish,support,787,0.0020393144586617743,0,0,support,22343,9094
hawkish,world,780,0.002021175702358557,0,0,world,31286,7906
hawkish,base,774,0.0020056281969557986,0,0,based,26744,8633
hawkish,regulatori,764,0.0019797156879512016,0,0,regulatory,20952,4746
hawkish,respons,751,0.0019460294262452257,0,0,response,12963,8552
hawkish,futur,744,0.0019278906699420077,0,0,future,28936,8690
hawkish,measur,744,0.0019278906699420077,0,0,measures,30263,8738
hawkish,structur,735,0.0019045694118378707,0,0,structural,15536,7775
hawkish,report,724,0.001876065651932814,0,0,report,15731,6754
hawkish,signific,721,0.001868291899231435,0,0,significant,22463,9163
hawkish,set,715,0.0018527443938286768,0,0,set,18569,8333
hawkish,speech,711,0.0018423793902268381,0,0,speeches,21375,8530
hawkish,reform,691,0.0017905543722176443,0,0,reforms,12970,4984
hawkish,compani,688,0.0017827806195162652,0,0,companies,14518,4805
hawkish,challeng,687,0.0017801893686158056,0,0,challenges,16778,7798
hawkish,foreign,682,0.001767233114113507,0,0,foreign,26227,5387
hawkish,relat,679,0.0017594593614121282,0,0,related,13760,8871
hawkish,loan,678,0.0017568681105116684,0,0,loans,18554,4960
hawkish,product,668,0.0017309556015070715,0,0,productivity,19436,8348
hawkish,share,668,0.0017309556015070715,0,0,share,15386,7446
hawkish,author,666,0.001725773099706152,0,0,authorities,11556,5818
hawkish,assess,664,0.0017205905979052328,0,0,assessment,10957,6990
hawkish,current,662,0.0017154080961043134,0,0,current,35478,8650
hawkish,particip,660,0.001710225594303394,0,0,participants,13517,7010
hawkish,improv,657,0.0017024518416020149,0,0,improve,10457,8792
hawkish,meet,655,0.0016972693398010956,0,0,meeting,10102,7390
hawkish,object,651,0.0016869043361992567,0,0,objective,12134,6194
hawkish,address,646,0.0016739480816969584,0,0,address,13203,7166
hawkish,view,640,0.0016584005762942003,0,0,view,18584,8264
hawkish,result,639,0.0016558093253937407,0,0,result,17256,9045
hawkish,real,634,0.0016428530708914421,0,0,real,37279,7991
hawkish,direct,627,0.0016247143145882244,0,0,direct,7989,7938
hawkish,rule,625,0.001619531812787305,0,0,rules,11203,4848
hawkish,remain,623,0.0016143493109863855,0,0,remain,15678,9103
hawkish,implement,622,0.0016117580600859258,0,0,implementation,9606,6763
hawkish,focus,610,0.0015806630492804096,0,0,focus,12530,7569
hawkish,chang,597,0.0015469767875744337,0,0,change,24812,8419
hawkish,data,595,0.0015417942857735142,0,0,data,28011,6189
hawkish,consum,592,0.0015340205330721354,0,0,consumer,14362,5907
hawkish,cost,591,0.0015314292821716755,0,0,costs,19565,8280
hawkish,addit,587,0.0015210642785698368,0,0,addition,13947,8164
hawkish,privat,587,0.0015210642785698368,0,0,private,22521,6610
hawkish,achiev,580,0.001502925522266619,0,0,achieve,10000,7812
hawkish,potenti,576,0.0014925605186647802,0,0,potential,24583,8063
hawkish,period,565,0.0014640567587597237,0,0,period,28733,8245
hawkish,act,564,0.0014614655078592639,0,0,act,11423,5643
hawkish,creat,563,0.0014588742569588043,0,0,create,6881,6978
hawkish,function,562,0.0014562830060583446,0,0,functioning,7507,6247
hawkish,discuss,554,0.001435552998854667,0,0,discussion,8571,7832
hawkish,target,554,0.001435552998854667,0,0,target,26659,6532
hawkish,transact,554,0.001435552998854667,0,0,transactions,11659,4298
hawkish,contribut,546,0.0014148229916509897,0,0,contribution,6550,8230
hawkish,practic,546,0.0014148229916509897,0,0,practices,7998,5878
hawkish,standard,541,0.0014018667371486911,0,0,standards,14480,6601
hawkish,singl,537,0.0013915017335468524,0,0,single,13033,4320
hawkish,council,533,0.0013811367299450138,0,0,council,9611,3123
hawkish,transpar,533,0.0013811367299450138,0,0,transparency,8166,4038
hawkish,limit,532,0.001378545479044554,0,0,limited,7978,6979
hawkish,communiti,529,0.0013707717263431749,0,0,community,10735,3178
hawkish,deposit,519,0.001344859217338578,0,0,deposits,7863,3816
hawkish,protect,518,0.0013422679664381184,0,0,protection,4769,4221
hawkish,concern,516,0.001337085464637199,0,0,concerns,8483,7040
hawkish,industri,515,0.0013344942137367393,0,0,industry,14271,6331
hawkish,key,512,0.0013267204610353603,0,0,key,19889,7407
hawkish,europ,510,0.0013215379592344408,0,0,europe,14986,4129
hawkish,past,508,0.0013163554574335214,0,0,past,27277,8140
hawkish,sustain,508,0.0013163554574335214,0,0,sustainable,10359,6785
hawkish,initi,505,0.0013085817047321425,0,0,initiatives,5485,6367
hawkish,cash,504,0.0013059904538316827,0,0,cash,11175,3130
hawkish,short,502,0.0013008079520307634,0,0,short,23585,7530
hawkish,action,501,0.0012982167011303036,0,0,actions,9542,6262
hawkish,strategi,499,0.0012930341993293844,0,0,strategy,10887,4744
hawkish,hold,498,0.0012904429484289245,0,0,hold,6016,5862
hawkish,import,498,0.0012904429484289245,0,0,importance,11347,7879
hawkish,banker,494,0.0012800779448270858,0,0,bankers,21740,4685
hawkish,competit,494,0.0012800779448270858,0,0,competition,9996,5606
hawkish,balanc,491,0.0012723041921257068,0,0,balance,24076,7850
hawkish,union,491,0.0012723041921257068,0,0,union,14158,3482
hawkish,benefit,487,0.001261939188523868,0,0,benefits,11536,6921
hawkish,domest,486,0.0012593479376234082,0,0,domestic,25528,6736
hawkish,effici,483,0.0012515741849220292,0,0,efficiency,7855,5774
hawkish,time,483,0.0012515741849220292,0,0,times,12736,7372
hawkish,instrument,482,0.0012489829340215695,0,0,instruments,11742,4945
hawkish,model,480,0.00124380043222065,0,0,model,11840,4920
hawkish,approach,476,0.0012334354286188114,0,0,approach,15869,6265
hawkish,lend,475,0.0012308441777183518,0,0,lending,21098,5111
hawkish,major,473,0.0012256616759174323,0,0,major,17987,7491
hawkish,success,473,0.0012256616759174323,0,0,success,5753,5993
hawkish,demand,468,0.001212705421415134,0,0,demand,38998,7913
hawkish,posit,467,0.0012101141705146742,0,0,positive,11293,8017
hawkish,reduc,466,0.0012075229196142146,0,0,reduce,11424,8135
hawkish,governor,464,0.0012023404178132951,0,0,governor,9855,7839
hawkish,uncertainti,464,0.0012023404178132951,0,0,uncertainty,15377,5626
hawkish,start,460,0.0011919754142114564,0,0,start,9456,7535
hawkish,communic,458,0.001186792912410537,0,0,communication,6417,3721
hawkish,debt,458,0.001186792912410537,0,0,debt,29696,5835
hawkish,investor,458,0.001186792912410537,0,0,investors,13963,4780
hawkish,low,453,0.0011738366579082387,0,0,low,32495,7975
hawkish,emerg,452,0.0011712454070077788,0,0,emerging,15701,6997
hawkish,play,450,0.0011660629052068596,0,0,play,7492,6968
hawkish,question,449,0.0011634716543063998,0,0,question,12008,6406
hawkish,access,448,0.0011608804034059401,0,0,access,10124,4722
hawkish,maintain,447,0.0011582891525054805,0,0,maintain,8368,6909
hawkish,committe,446,0.001155697901605021,0,0,committee,17194,5312
hawkish,impact,446,0.001155697901605021,0,0,impact,24795,7300
hawkish,analysi,444,0.0011505153998041015,0,0,analysis,12278,4674
hawkish,establish,442,0.001145332898003182,0,0,established,5986,5907
hawkish,independ,440,0.0011401503962022628,0,0,independence,6274,3752
hawkish,unit,440,0.0011401503962022628,0,0,united,20824,6310
hawkish,digit,439,0.001137559145301803,0,0,digital,6605,1766
hawkish,reason,438,0.0011349678944013433,0,0,reason,7834,7337
hawkish,main,437,0.0011323766435008837,0,0,main,14906,6282
hawkish,supervis,437,0.0011323766435008837,0,0,supervision,13198,3610
hawkish,conduct,435,0.0011271941416999642,0,0,conduct,9620,5768
hawkish,take,432,0.0011194203889985852,0,0,taking,12566,7277
hawkish,strong,430,0.0011142378871976657,0,0,strong,17882,7686
hawkish,borrow,429,0.001111646636297206,0,0,borrowers,7138,4702
hawkish,corpor,428,0.0011090553853967465,0,0,corporate,17242,5308
hawkish,close,426,0.001103872883595827,0,0,close,10919,8084
hawkish,experi,426,0.001103872883595827,0,0,experience,13116,6689
hawkish,propos,425,0.0011012816326953674,0,0,proposed,3878,3522
hawkish,adopt,424,0.0010986903817949076,0,0,adopted,4832,5126
hawkish,region,423,0.001096099130894448,0,0,regional,5779,4177
hawkish,enhanc,421,0.0010909166290935285,0,0,enhance,5171,5519
hawkish,call,420,0.0010883253781930689,0,0,called,7929,6369
hawkish,custom,415,0.0010753691236907706,0,0,customers,6165,2736
hawkish,form,413,0.0010701866218898511,0,0,form,8509,5808
hawkish,flow,410,0.001062412869188472,0,0,flows,10325,4872
hawkish,lead,410,0.001062412869188472,0,0,lead,9728,7389
hawkish,fiscal,409,0.0010598216182880124,0,0,fiscal,30318,5322
hawkish,month,409,0.0010598216182880124,0,0,months,13013,6674
hawkish,environ,406,0.0010520478655866334,0,0,environment,16931,6623
hawkish,confer,404,0.001046865363785714,0,0,conference,12246,5250
hawkish,effort,403,0.0010442741128852543,0,0,efforts,13258,6395
hawkish,specif,395,0.0010235441056815767,0,0,specific,8900,6090
hawkish,consider,394,0.001020952854781117,0,0,considerable,6106,6594
hawkish,exist,393,0.0010183616038806572,0,0,existing,6969,5905
hawkish,factor,392,0.0010157703529801976,0,0,factors,18415,7296
hawkish,peopl,392,0.0010157703529801976,0,0,people,17324,5413
hawkish,progress,392,0.0010157703529801976,0,0,progress,11704,5891
hawkish,india,391,0.001013179102079738,0,0,india,15279,1734
hawkish,basi,381,9.872665930751412e-4,0,0,basis,15641,6516
hawkish,reflect,379,9.820840912742217e-4,0,0,reflect,5836,7691
hawkish,individu,377,9.769015894733023e-4,0,0,individual,9886,5664
hawkish,understand,377,9.769015894733023e-4,0,0,understanding,7574,6350
hawkish,mean,375,9.717190876723829e-4,0,0,means,12450,6380
hawkish,opportun,374,9.691278367719233e-4,0,0,opportunity,7481,6607
hawkish,sound,374,9.691278367719233e-4,0,0,sound,7036,4564
hawkish,control,373,9.665365858714636e-4,0,0,control,9109,4877
hawkish,situat,372,9.639453349710039e-4,0,0,situation,16394,6008
hawkish,principl,371,9.613540840705442e-4,0,0,principles,5654,4188
hawkish,bis,363,9.406240768668668e-4,0,0,bis,18696,3371
hawkish,final,363,9.406240768668668e-4,0,0,finally,7565,6498
hawkish,legal,363,9.406240768668668e-4,0,0,legal,6668,3081
hawkish,medium,362,9.38032825966407e-4,0,0,medium,16007,5233
hawkish,snb,362,9.38032825966407e-4,0,0,snb,5788,493
hawkish,insur,361,9.354415750659473e-4,0,0,insurance,11070,3705
hawkish,natur,361,9.354415750659473e-4,0,0,nature,7495,6192
hawkish,review,358,9.276678223645682e-4,0,0,review,12549,5541
hawkish,respect,357,9.250765714641086e-4,0,0,respect,6688,5217
hawkish,context,354,9.173028187627295e-4,0,0,context,10710,5224
hawkish,loss,353,9.147115678622698e-4,0,0,losses,8401,4683
hawkish,remark,352,9.121203169618102e-4,0,0,remarks,9304,6926
hawkish,refer,351,9.095290660613505e-4,0,0,reference,3830,4827
hawkish,extern,350,9.069378151608907e-4,0,0,external,12159,4632
hawkish,involv,348,9.017553133599714e-4,0,0,involved,4593,5293
hawkish,confid,341,8.836165570567535e-4,0,0,confidence,12340,5939
hawkish,mortgag,341,8.836165570567535e-4,0,0,mortgage,11055,2713
hawkish,credibl,339,8.784340552558342e-4,0,0,credibility,4780,3193
hawkish,build,338,8.758428043553746e-4,0,0,building,6175,5420
hawkish,bond,337,8.732515534549148e-4,0,0,bonds,11930,4573
hawkish,research,337,8.732515534549148e-4,0,0,research,12516,4438
hawkish,affect,334,8.654778007535358e-4,0,0,affect,7592,6920
hawkish,innov,332,8.602952989526164e-4,0,0,innovation,9069,4308
hawkish,supervisori,331,8.577040480521567e-4,0,0,supervisory,11540,2828
hawkish,mechan,330,8.55112797151697e-4,0,0,mechanism,7828,4932
hawkish,paper,330,8.55112797151697e-4,0,0,paper,13218,4384
hawkish,relev,328,8.499302953507776e-4,0,0,relevant,7950,4824
hawkish,infrastructur,327,8.473390444503179e-4,0,0,infrastructure,10084,3553
hawkish,suppli,327,8.473390444503179e-4,0,0,supply,21348,5737
hawkish,regard,326,8.447477935498583e-4,0,0,regard,9244,4875
hawkish,adjust,325,8.421565426493986e-4,0,0,adjustment,8799,6490
hawkish,consist,324,8.395652917489389e-4,0,0,consistent,9661,6299
hawkish,wide,324,8.395652917489389e-4,0,0,wide,7969,5803
hawkish,stabl,319,8.266090372466404e-4,0,0,stable,12087,5338
hawkish,technolog,316,8.188352845452613e-4,0,0,technology,10808,4506
hawkish,determin,315,8.162440336448017e-4,0,0,determined,3488,5448
hawkish,identifi,315,8.162440336448017e-4,0,0,identify,3840,4297
hawkish,monitor,315,8.162440336448017e-4,0,0,monitoring,4608,4618
hawkish,regim,314,8.13652782744342e-4,0,0,regime,7145,2921
hawkish,commod,313,8.110615318438823e-4,0,0,commodity,6567,2784
hawkish,note,313,8.110615318438823e-4,0,0,note,7685,5956
hawkish,perform,313,8.110615318438823e-4,0,0,performance,9690,5665
hawkish,power,312,8.084702809434226e-4,0,0,power,6141,4667
hawkish,strengthen,312,8.084702809434226e-4,0,0,strengthen,5910,5767
hawkish,design,311,8.058790300429629e-4,0,0,design,4229,4675
hawkish,hand,311,8.058790300429629e-4,0,0,hand,10548,5113
hawkish,swiss,311,8.058790300429629e-4,0,0,swiss,10214,936
hawkish,common,309,8.006965282420436e-4,0,0,common,9226,4841
hawkish,promot,309,8.006965282420436e-4,0,0,promote,5823,5002
hawkish,sourc,308,7.981052773415839e-4,0,0,source,11925,5581
hawkish,commit,307,7.955140264411242e-4,0,0,commitment,6255,4988
hawkish,cross,307,7.955140264411242e-4,0,0,cross,9050,3361
hawkish,day,307,7.955140264411242e-4,0,0,day,7368,4852
hawkish,offer,307,7.955140264411242e-4,0,0,offer,4414,4724
hawkish,billion,306,7.929227755406645e-4,0,0,billion,11998,3614
hawkish,social,306,7.929227755406645e-4,0,0,social,9441,3539
hawkish,aim,303,7.851490228392854e-4,0,0,aim,4972,5618
hawkish,cent,303,7.851490228392854e-4,0,0,cent,25345,2484
hawkish,rang,303,7.851490228392854e-4,0,0,range,14624,6504
hawkish,fundament,302,7.825577719388257e-4,0,0,fundamental,5166,4789
hawkish,event,299,7.747840192374466e-4,0,0,events,6666,5598
hawkish,resili,299,7.747840192374466e-4,0,0,resilience,7201,3793
hawkish,eurosystem,298,7.72192768336987e-4,0,0,eurosystem,5706,1270
hawkish,deriv,297,7.696015174365273e-4,0,0,derivatives,4765,2836
hawkish,imf,297,7.696015174365273e-4,0,0,imf,7521,2589
hawkish,run,297,7.696015174365273e-4,0,0,run,13326,5763
hawkish,polit,292,7.566452629342289e-4,0,0,political,8227,3423
hawkish,stress,292,7.566452629342289e-4,0,0,stress,10849,4165
hawkish,amount,289,7.488715102328498e-4,0,0,amount,9561,5372
hawkish,border,289,7.488715102328498e-4,0,0,border,6567,2760
hawkish,entiti,289,7.488715102328498e-4,0,0,entities,4698,2372
hawkish,provis,289,7.488715102328498e-4,0,0,provision,4830,3736
hawkish,prudenti,288,7.462802593323901e-4,0,0,prudential,8366,2326
hawkish,shock,288,7.462802593323901e-4,0,0,shocks,14054,5222
hawkish,macroeconom,287,7.436890084319305e-4,0,0,macroeconomic,13550,4932
hawkish,treati,287,7.436890084319305e-4,0,0,treaty,3230,1147
hawkish,percent,286,7.410977575314707e-4,0,0,percent,31837,3380
hawkish,rise,286,7.410977575314707e-4,0,0,rise,18537,7022
hawkish,law,284,7.359152557305514e-4,0,0,law,6081,3005
hawkish,appli,282,7.307327539296319e-4,0,0,apply,3082,4339
hawkish,indic,281,7.281415030291723e-4,0,0,indicators,7740,5116
hawkish,step,280,7.255502521287126e-4,0,0,step,5310,5589
hawkish,suggest,280,7.255502521287126e-4,0,0,suggests,6412,6226
hawkish,task,279,7.22959001228253e-4,0,0,task,5080,3882
hawkish,help,278,7.203677503277932e-4,0,0,helped,4406,5770
hawkish,mandat,278,7.203677503277932e-4,0,0,mandate,7042,3649
hawkish,advanc,277,7.177764994273335e-4,0,0,advanced,9908,5758
hawkish,difficult,277,7.177764994273335e-4,0,0,difficult,12450,5983
hawkish,employ,277,7.177764994273335e-4,0,0,employment,17922,5494
hawkish,perspect,275,7.125939976264142e-4,0,0,perspective,8207,5084
hawkish,broad,271,7.022289940245754e-4,0,0,broad,7536,5923
hawkish,depend,270,6.996377431241158e-4,0,0,depend,3455,5969
hawkish,goal,270,6.996377431241158e-4,0,0,goal,5076,3967
hawkish,move,270,6.996377431241158e-4,0,0,move,7448,6696
hawkish,line,268,6.944552413231963e-4,0,0,line,10534,6109
hawkish,forward,267,6.918639904227367e-4,0,0,forward,14563,6157
hawkish,total,267,6.918639904227367e-4,0,0,total,12824,5354
hawkish,critic,266,6.89272739522277e-4,0,0,critical,6932,4617
hawkish,observ,266,6.89272739522277e-4,0,0,observed,5533,5207
hawkish,hous,265,6.866814886218173e-4,0,0,housing,12079,4407
hawkish,organ,264,6.840902377213576e-4,0,0,organizations,4435,2677
hawkish,converg,263,6.814989868208979e-4,0,0,convergence,4303,1915
hawkish,essenti,263,6.814989868208979e-4,0,0,essential,6833,5155
hawkish,rais,263,6.814989868208979e-4,0,0,raise,6496,6572
hawkish,similar,262,6.789077359204383e-4,0,0,similar,8664,5903
hawkish,due,261,6.763164850199785e-4,0,0,due,15985,5903
hawkish,element,261,6.763164850199785e-4,0,0,elements,4377,4027
hawkish,equiti,261,6.763164850199785e-4,0,0,equity,11264,3634
hawkish,encourag,260,6.737252341195188e-4,0,0,encourage,3982,5189
hawkish,plan,260,6.737252341195188e-4,0,0,plan,5098,5148
hawkish,tool,260,6.737252341195188e-4,0,0,tools,7589,4019
hawkish,forc,259,6.711339832190592e-4,0,0,force,6443,5721
hawkish,prevent,257,6.659514814181397e-4,0,0,prevent,4764,4443
hawkish,repres,256,6.633602305176801e-4,0,0,represent,2449,5228
hawkish,degre,255,6.607689796172204e-4,0,0,degree,9182,4821
hawkish,dollar,254,6.581777287167607e-4,0,0,dollar,9232,3458
hawkish,incom,253,6.555864778163011e-4,0,0,income,20576,5907
hawkish,introduct,253,6.555864778163011e-4,0,0,introduction,9368,4569
hawkish,extent,251,6.504039760153817e-4,0,0,extent,10944,5514
hawkish,attent,250,6.47812725114922e-4,0,0,attention,9437,5485
hawkish,vulner,250,6.47812725114922e-4,0,0,vulnerabilities,3356,3071
hawkish,annual,249,6.452214742144623e-4,0,0,annual,13154,5704
hawkish,evid,249,6.452214742144623e-4,0,0,evidence,11813,5478
hawkish,project,249,6.452214742144623e-4,0,0,projections,4234,5236
hawkish,size,249,6.452214742144623e-4,0,0,size,8371,4799
hawkish,execut,248,6.426302233140026e-4,0,0,executive,4136,3754
hawkish,special,248,6.426302233140026e-4,0,0,special,5369,3422
hawkish,abil,247,6.400389724135429e-4,0,0,ability,8128,4424
hawkish,compar,247,6.400389724135429e-4,0,0,compared,7682,5859
hawkish,mention,247,6.400389724135429e-4,0,0,mentioned,6417,4830
hawkish,conclus,246,6.374477215130832e-4,0,0,conclusion,6336,5817
hawkish,gdp,246,6.374477215130832e-4,0,0,gdp,22501,5136
hawkish,resolut,246,6.374477215130832e-4,0,0,resolution,7850,2307
hawkish,settlement,246,6.374477215130832e-4,0,0,settlement,8481,2885
hawkish,subject,246,6.374477215130832e-4,0,0,subject,7309,4454
hawkish,section,245,6.348564706126236e-4,0,0,section,2565,1437
hawkish,commerci,243,6.296739688117041e-4,0,0,commercial,9390,3206
hawkish,differ,243,6.296739688117041e-4,0,0,differences,5167,4555
hawkish,imbal,243,6.296739688117041e-4,0,0,imbalances,7563,2698
hawkish,agenc,242,6.270827179112445e-4,0,0,agencies,5560,2767
hawkish,cooper,241,6.244914670107848e-4,0,0,cooperation,5713,2931
hawkish,return,240,6.21900216110325e-4,0,0,return,10455,6112
hawkish,complex,239,6.193089652098654e-4,0,0,complex,6988,4160
hawkish,pressur,239,6.193089652098654e-4,0,0,pressure,9864,6229
hawkish,aspect,238,6.167177143094057e-4,0,0,aspects,4627,3980
hawkish,deal,238,6.167177143094057e-4,0,0,deal,5420,4464
hawkish,defin,238,6.167177143094057e-4,0,0,defined,4211,3667
hawkish,flexibl,238,6.167177143094057e-4,0,0,flexibility,5496,4337
hawkish,avoid,236,6.115352125084864e-4,0,0,avoid,5429,4650
hawkish,march,236,6.115352125084864e-4,0,0,march,11815,4840
hawkish,bring,235,6.089439616080266e-4,0,0,bring,5843,5629
hawkish,arrang,233,6.037614598071073e-4,0,0,arrangements,4714,2990
hawkish,contract,233,6.037614598071073e-4,0,0,contracts,2855,3181
hawkish,serv,233,6.037614598071073e-4,0,0,serve,3311,4077
hawkish,accept,231,5.985789580061879e-4,0,0,accepted,2026,3648
hawkish,resourc,231,5.985789580061879e-4,0,0,resources,9303,4839
hawkish,debat,230,5.959877071057282e-4,0,0,debate,4627,3084
hawkish,net,230,5.959877071057282e-4,0,0,net,12204,4339
hawkish,trend,230,5.959877071057282e-4,0,0,trend,12368,5708
hawkish,collect,229,5.933964562052685e-4,0,0,collective,2070,3120
hawkish,leverag,228,5.908052053048089e-4,0,0,leverage,6434,2679
hawkish,indian,227,5.882139544043491e-4,0,0,indian,6025,993
hawkish,reach,227,5.882139544043491e-4,0,0,reached,4730,5976
hawkish,retail,226,5.856227035038894e-4,0,0,retail,7144,2615
hawkish,averag,225,5.830314526034298e-4,0,0,average,19809,6041
hawkish,substanti,225,5.830314526034298e-4,0,0,substantial,7724,5408
hawkish,grow,224,5.804402017029701e-4,0,0,growing,9028,6088
hawkish,consolid,223,5.778489508025105e-4,0,0,consolidation,4369,2659
hawkish,complianc,222,5.752576999020507e-4,0,0,compliance,3827,1436
hawkish,decad,221,5.72666449001591e-4,0,0,decade,6946,5228
hawkish,legisl,221,5.72666449001591e-4,0,0,legislation,2712,2218
hawkish,excess,220,5.700751981011314e-4,0,0,excessive,5867,4950
hawkish,consequ,219,5.674839472006717e-4,0,0,consequences,5787,4799
hawkish,inclus,218,5.648926963002119e-4,0,0,inclusion,5327,1563
hawkish,sharehold,218,5.648926963002119e-4,0,0,shareholders,2347,1158
hawkish,explain,217,5.623014453997523e-4,0,0,explain,5712,4709
hawkish,counterparti,216,5.597101944992926e-4,0,0,counterparties,2964,1795
hawkish,matter,216,5.597101944992926e-4,0,0,matter,4617,4323
hawkish,allow,215,5.571189435988329e-4,0,0,allowed,3849,4080
hawkish,commiss,214,5.545276926983732e-4,0,0,commission,5254,2759
hawkish,ratio,214,5.545276926983732e-4,0,0,ratio,10177,3989
hawkish,presid,213,5.519364417979135e-4,0,0,president,4628,2858
hawkish,purpos,213,5.519364417979135e-4,0,0,purpose,3774,3718
hawkish,basic,212,5.493451908974538e-4,0,0,basic,4508,3135
hawkish,begin,211,5.467539399969942e-4,0,0,beginning,6382,5699
hawkish,card,211,5.467539399969942e-4,0,0,card,3148,1207
hawkish,cover,211,5.467539399969942e-4,0,0,cover,2571,3606
hawkish,suffici,211,5.467539399969942e-4,0,0,sufficient,5324,4569
hawkish,supervisor,210,5.441626890965344e-4,0,0,supervisors,5804,1946
hawkish,fail,209,5.415714381960748e-4,0,0,fail,2860,2908
hawkish,prepar,208,5.389801872956151e-4,0,0,prepared,2963,4534
hawkish,profit,208,5.389801872956151e-4,0,0,profits,5019,4029
hawkish,banknot,207,5.363889363951554e-4,0,0,banknotes,4124,873
hawkish,transit,207,5.363889363951554e-4,0,0,transition,6292,2681
hawkish,conclud,206,5.337976854946958e-4,0,0,conclude,4231,5131
hawkish,decid,206,5.337976854946958e-4,0,0,decided,4497,3906
hawkish,facilit,206,5.337976854946958e-4,0,0,facilitate,3902,4061
hawkish,link,206,5.337976854946958e-4,0,0,linked,3107,4095
hawkish,save,206,5.337976854946958e-4,0,0,savings,8267,4278
hawkish,type,206,5.337976854946958e-4,0,0,types,4195,4001
hawkish,gain,204,5.286151836937763e-4,0,0,gains,5137,4780
hawkish,macroprudenti,204,5.286151836937763e-4,0,0,macroprudential,6053,1188
hawkish,expand,203,5.260239327933167e-4,0,0,expand,3622,4898
hawkish,free,203,5.260239327933167e-4,0,0,free,6113,3165
hawkish,distribut,202,5.23432681892857e-4,0,0,distribution,5442,3296
hawkish,histori,202,5.23432681892857e-4,0,0,history,6757,3584
hawkish,sheet,202,5.23432681892857e-4,0,0,sheet,8047,4079
hawkish,detail,201,5.208414309923972e-4,0,0,detail,2725,4336
hawkish,implic,201,5.208414309923972e-4,0,0,implications,8758,4541
hawkish,rapid,201,5.208414309923972e-4,0,0,rapid,6532,5422
hawkish,engag,200,5.182501800919376e-4,0,0,engage,1771,2783
hawkish,escb,200,5.182501800919376e-4,0,0,escb,1587,345
hawkish,stage,200,5.182501800919376e-4,0,0,stage,4976,3566
hawkish,crise,199,5.156589291914779e-4,0,0,crises,6759,2583
hawkish,enabl,199,5.156589291914779e-4,0,0,enable,3070,3737
hawkish,influenc,199,5.156589291914779e-4,0,0,influence,5602,4466
hawkish,publish,199,5.156589291914779e-4,0,0,published,5521,3838
hawkish,exposur,198,5.130676782910182e-4,0,0,exposures,3922,2633
hawkish,stock,198,5.130676782910182e-4,0,0,stock,10363,4154
hawkish,word,198,5.130676782910182e-4,0,0,words,6443,4336
hawkish,complet,197,5.104764273905585e-4,0,0,complete,3176,4635
hawkish,consid,197,5.104764273905585e-4,0,0,considered,5369,3852
hawkish,creation,196,5.078851764900988e-4,0,0,creation,5013,2976
hawkish,failur,196,5.078851764900988e-4,0,0,failure,4811,2839
hawkish,household,196,5.078851764900988e-4,0,0,households,15259,5310
hawkish,volatil,196,5.078851764900988e-4,0,0,volatility,9352,4316
hawkish,incent,195,5.052939255896392e-4,0,0,incentives,5419,3538
hawkish,agre,194,5.027026746891795e-4,0,0,agreed,2867,3071
hawkish,awar,194,5.027026746891795e-4,0,0,aware,3917,3533
hawkish,local,194,5.027026746891795e-4,0,0,local,6336,2779
hawkish,tradit,194,5.027026746891795e-4,0,0,traditional,4560,3507
hawkish,qualiti,193,5.001114237887197e-4,0,0,quality,9332,4331
hawkish,rbi,193,5.001114237887197e-4,0,0,rbi,6483,796
hawkish,learn,192,4.975201728882601e-4,0,0,learned,2245,3451
hawkish,preserv,192,4.975201728882601e-4,0,0,preserve,1764,2261
hawkish,china,191,4.949289219878004e-4,0,0,china,9032,2379
hawkish,declin,191,4.949289219878004e-4,0,0,decline,15410,6188
hawkish,forecast,190,4.923376710873407e-4,0,0,forecast,9858,3715
hawkish,quarter,190,4.923376710873407e-4,0,0,quarter,13143,5450
hawkish,primari,189,0.00048974642018688105,0,0,primary,6655,3344
hawkish,franc,188,4.8715516928642133e-4,0,0,franc,4392,1653
hawkish,held,188,4.8715516928642133e-4,0,0,held,7719,4386
hawkish,program,188,4.8715516928642133e-4,0,0,program,6462,2747
hawkish,recoveri,185,4.7938141658504226e-4,0,0,recovery,18589,4800
hawkish,cultur,184,4.767901656845826e-4,0,0,culture,2017,1529
hawkish,examin,184,4.767901656845826e-4,0,0,examine,1953,3060
hawkish,relationship,184,4.767901656845826e-4,0,0,relationship,5877,3652
hawkish,dynam,183,4.741989147841229e-4,0,0,dynamics,4754,3823
hawkish,face,183,4.741989147841229e-4,0,0,facing,4549,4985
hawkish,fulfil,183,4.741989147841229e-4,0,0,fulfil,1108,2423
hawkish,half,183,4.741989147841229e-4,0,0,half,11284,5314
hawkish,introduc,183,4.741989147841229e-4,0,0,introduced,5286,4266
hawkish,lack,183,4.741989147841229e-4,0,0,lack,4935,3483
hawkish,coordin,182,4.716076638836632e-4,0,0,coordination,3628,2789
hawkish,studi,182,4.716076638836632e-4,0,0,studies,4287,3809
hawkish,ultim,182,4.716076638836632e-4,0,0,ultimately,5117,4061
hawkish,instanc,181,4.690164129832035e-4,0,0,instance,5025,3308
hawkish,test,181,4.690164129832035e-4,0,0,test,3226,3021
hawkish,under,181,4.690164129832035e-4,0,0,underlying,8699,4241
hawkish,gradual,180,4.6642516208274384e-4,0,0,gradually,6170,4439
hawkish,led,180,4.6642516208274384e-4,0,0,led,9458,5135
hawkish,orient,179,4.638339111822841e-4,0,0,oriented,2395,2029
hawkish,person,179,4.638339111822841e-4,0,0,personal,3595,3413
hawkish,robust,179,4.638339111822841e-4,0,0,robust,5531,3552
hawkish,collater,178,4.6124266028182444e-4,0,0,collateral,6712,2346
hawkish,extend,178,4.6124266028182444e-4,0,0,extended,3622,4305
hawkish,oblig,177,4.5865140938136477e-4,0,0,obligations,2162,2218
hawkish,purchas,177,4.5865140938136477e-4,0,0,purchases,9271,4610
hawkish,univers,176,4.560601584809051e-4,0,0,university,5109,3310
hawkish,applic,175,4.5346890758044537e-4,0,0,application,2415,2695
hawkish,circumst,175,4.5346890758044537e-4,0,0,circumstances,6851,3925
hawkish,correct,175,4.5346890758044537e-4,0,0,correct,1783,3173
hawkish,field,175,4.5346890758044537e-4,0,0,field,3808,2664
hawkish,staff,175,4.5346890758044537e-4,0,0,staff,7363,3358
hawkish,transfer,175,4.5346890758044537e-4,0,0,transfer,3834,2788
hawkish,trust,174,4.508776566799857e-4,0,0,trust,5032,2474
hawkish,definit,173,4.48286405779526e-4,0,0,definition,3598,2543
hawkish,frankfurt,173,4.48286405779526e-4,0,0,frankfurt,4198,2690
hawkish,aggreg,172,4.456951548790663e-4,0,0,aggregate,8240,4100
hawkish,live,172,4.456951548790663e-4,0,0,living,3592,4149
hawkish,crucial,171,4.431039039786066e-4,0,0,crucial,5065,3640
hawkish,seek,171,4.431039039786066e-4,0,0,seek,2714,3424
hawkish,matur,170,4.4051265307814695e-4,0,0,maturity,4151,3104
hawkish,portfolio,170,4.4051265307814695e-4,0,0,portfolio,5247,2898
hawkish,earlier,169,4.379214021776873e-4,0,0,earlier,11027,5384
hawkish,surveil,169,4.379214021776873e-4,0,0,surveillance,1842,741
hawkish,carri,168,4.3533015127722756e-4,0,0,carried,2672,3762
hawkish,deficit,168,4.3533015127722756e-4,0,0,deficit,7383,2942
hawkish,advantag,167,4.327389003767679e-4,0,0,advantage,3929,3617
hawkish,ago,167,4.327389003767679e-4,0,0,ago,7811,4544
hawkish,deliv,167,4.327389003767679e-4,0,0,deliver,3007,3718
hawkish,guarante,167,4.327389003767679e-4,0,0,guarantee,2524,2526
hawkish,citizen,166,4.301476494763082e-4,0,0,citizens,3180,1737
hawkish,featur,166,4.301476494763082e-4,0,0,features,3891,3557
hawkish,lesson,166,4.301476494763082e-4,0,0,lessons,4888,3078
hawkish,origin,166,4.301476494763082e-4,0,0,original,1691,3289
hawkish,pay,166,4.301476494763082e-4,0,0,pay,7531,4025
hawkish,previous,166,4.301476494763082e-4,0,0,previous,6754,4976
hawkish,januari,165,4.275563985758485e-4,0,0,january,8784,4072
hawkish,liabil,165,4.275563985758485e-4,0,0,liabilities,4499,2428
hawkish,million,165,4.275563985758485e-4,0,0,million,5635,2765
hawkish,safeti,165,4.275563985758485e-4,0,0,safety,4776,2192
hawkish,announc,164,4.249651476753888e-4,0,0,announced,4204,3667
hawkish,media,163,4.2237389677492914e-4,0,0,media,4418,3321
hawkish,popul,163,4.2237389677492914e-4,0,0,population,8491,2918
hawkish,generat,162,4.1978264587446947e-4,0,0,generate,2601,4528
hawkish,export,161,4.1719139497400974e-4,0,0,exports,9623,3721
hawkish,germani,161,4.1719139497400974e-4,0,0,germany,6411,3407
hawkish,offic,161,4.1719139497400974e-4,0,0,office,3802,2793
hawkish,segment,161,4.1719139497400974e-4,0,0,segments,2417,2149
hawkish,japan,160,4.1460014407355007e-4,0,0,japan,17854,2754
hawkish,manner,160,4.1460014407355007e-4,0,0,manner,6106,3493
hawkish,option,160,4.1460014407355007e-4,0,0,options,3266,2835
hawkish,organis,160,4.1460014407355007e-4,0,0,organised,1431,2694
hawkish,septemb,160,4.1460014407355007e-4,0,0,september,10418,4825
hawkish,societi,160,4.1460014407355007e-4,0,0,society,5655,3110
hawkish,statement,160,4.1460014407355007e-4,0,0,statement,5159,3338
hawkish,survey,160,4.1460014407355007e-4,0,0,survey,9220,3745
hawkish,basel,159,4.120088931730904e-4,0,0,basel,9415,1855
hawkish,channel,159,4.120088931730904e-4,0,0,channels,4139,3566
hawkish,high,159,4.120088931730904e-4,0,0,highly,6782,4413
hawkish,idea,159,4.120088931730904e-4,0,0,idea,3043,2951
hawkish,capac,158,4.0941764227263067e-4,0,0,capacity,11178,4840
hawkish,comprehens,158,4.0941764227263067e-4,0,0,comprehensive,4487,2979
hawkish,agreement,157,4.06826391372171e-4,0,0,agreement,3548,2752
hawkish,american,157,4.06826391372171e-4,0,0,american,4728,2487
hawkish,care,157,4.06826391372171e-4,0,0,carefully,2956,4292
hawkish,facil,157,4.06826391372171e-4,0,0,facility,3932,2596
hawkish,novemb,157,4.06826391372171e-4,0,0,november,7825,4044
hawkish,spread,157,4.06826391372171e-4,0,0,spread,5004,3945
hawkish,evalu,156,4.042351404717113e-4,0,0,evaluation,1677,2784
hawkish,globalis,156,4.042351404717113e-4,0,0,globalisation,3713,1194
hawkish,job,156,4.042351404717113e-4,0,0,job,7734,4016
hawkish,recommend,156,4.042351404717113e-4,0,0,recommendations,3273,2292
hawkish,sens,156,4.042351404717113e-4,0,0,sense,6256,3852
hawkish,lender,155,4.0164388957125165e-4,0,0,lenders,4210,2096
hawkish,oil,155,4.0164388957125165e-4,0,0,oil,11963,3013
hawkish,concept,154,3.990526386707919e-4,0,0,concept,3059,2274
hawkish,movement,154,3.990526386707919e-4,0,0,movements,5221,3430
hawkish,scale,154,3.990526386707919e-4,0,0,scale,8000,4021
hawkish,scheme,154,3.990526386707919e-4,0,0,scheme,3492,2039
hawkish,sepa,154,3.990526386707919e-4,0,0,sepa,2308,138
hawkish,choic,153,3.9646138777033225e-4,0,0,choice,2698,2608
hawkish,disciplin,153,3.9646138777033225e-4,0,0,discipline,3794,2124
hawkish,found,153,3.9646138777033225e-4,0,0,found,5620,3982
hawkish,home,153,3.9646138777033225e-4,0,0,home,7840,3416
hawkish,impli,153,3.9646138777033225e-4,0,0,implies,2693,3651
hawkish,yield,153,3.9646138777033225e-4,0,0,yield,7002,3716
hawkish,histor,152,3.938701368698726e-4,0,0,historical,4667,4234
hawkish,nomin,152,3.938701368698726e-4,0,0,nominal,9131,3211
hawkish,press,152,3.938701368698726e-4,0,0,press,5482,3160
hawkish,april,151,3.9127888596941285e-4,0,0,april,10015,4379
hawkish,clear,151,3.9127888596941285e-4,0,0,clearing,4636,1395
hawkish,mind,151,3.9127888596941285e-4,0,0,mind,4110,3694
hawkish,releas,151,3.9127888596941285e-4,0,0,release,2940,3160
hawkish,concentr,150,3.886876350689532e-4,0,0,concentration,1685,2622
hawkish,estim,150,3.886876350689532e-4,0,0,estimates,6588,4772
hawkish,recognis,150,3.886876350689532e-4,0,0,recognised,1710,2457
hawkish,occur,149,3.860963841684935e-4,0,0,occur,3108,4124
hawkish,talk,149,3.860963841684935e-4,0,0,talk,4663,3760
hawkish,ventur,149,3.860963841684935e-4,0,0,venture,799,636
hawkish,foster,148,3.8350513326803384e-4,0,0,foster,2355,2729
hawkish,june,148,3.8350513326803384e-4,0,0,june,9555,4627
hawkish,receiv,148,3.8350513326803384e-4,0,0,received,2701,3684
hawkish,intermedi,147,3.809138823675741e-4,0,0,intermediation,3450,2405
hawkish,outcom,147,3.809138823675741e-4,0,0,outcomes,4467,3729
hawkish,solut,147,3.809138823675741e-4,0,0,solutions,2693,2734
hawkish,branch,146,3.7832263146711444e-4,0,0,branches,2445,1482
hawkish,contact,146,3.7832263146711444e-4,0,0,contact,3376,3282
hawkish,output,146,3.7832263146711444e-4,0,0,output,17875,4169
hawkish,post,146,3.7832263146711444e-4,0,0,post,6093,3439
hawkish,rural,146,3.7832263146711444e-4,0,0,rural,3753,819
hawkish,argu,145,3.7573138056665477e-4,0,0,argued,2817,3180
hawkish,comment,144,3.7314012966619504e-4,0,0,comments,2674,3061
hawkish,constitut,144,3.7314012966619504e-4,0,0,constitute,1025,2278
hawkish,pre,144,3.7314012966619504e-4,0,0,pre,7025,3355
hawkish,sovereign,144,3.7314012966619504e-4,0,0,sovereign,5348,1930
hawkish,agenda,143,3.7054887876573537e-4,0,0,agenda,3286,1964
hawkish,combin,143,3.7054887876573537e-4,0,0,combination,3169,4393
hawkish,core,143,3.7054887876573537e-4,0,0,core,8830,3742
hawkish,impos,143,3.7054887876573537e-4,0,0,imposed,1350,2117
hawkish,intermediari,143,3.7054887876573537e-4,0,0,intermediaries,2664,1604
hawkish,largest,143,3.7054887876573537e-4,0,0,largest,5167,2884
hawkish,possibl,143,3.7054887876573537e-4,0,0,possibility,5181,4520
hawkish,procedur,143,3.7054887876573537e-4,0,0,procedures,3099,2184
hawkish,pursu,143,3.7054887876573537e-4,0,0,pursue,2464,3418
hawkish,assist,142,3.679576278652757e-4,0,0,assistance,3153,2924
hawkish,evolv,142,3.679576278652757e-4,0,0,evolving,2105,3250
hawkish,express,142,3.679576278652757e-4,0,0,expressed,2435,3319
hawkish,fix,142,3.679576278652757e-4,0,0,fixed,8348,3772
hawkish,labour,142,3.679576278652757e-4,0,0,labour,17176,3179
hawkish,pandem,142,3.679576278652757e-4,0,0,pandemic,8392,1193
hawkish,shift,142,3.679576278652757e-4,0,0,shift,5374,4564
hawkish,stand,142,3.679576278652757e-4,0,0,stand,2197,3730
hawkish,highlight,141,3.6536637696481597e-4,0,0,highlight,2248,3534
hawkish,cycl,140,3.627751260643563e-4,0,0,cycle,7750,3735
hawkish,forum,140,3.627751260643563e-4,0,0,forum,3778,2325
hawkish,mexico,140,3.627751260643563e-4,0,0,mexico,4952,803
hawkish,prove,140,3.627751260643563e-4,0,0,proved,2165,2940
hawkish,aris,139,3.601838751638966e-4,0,0,arise,2661,3583
hawkish,desir,139,3.601838751638966e-4,0,0,desirable,2072,3117
hawkish,make,139,3.601838751638966e-4,0,0,makes,5164,3612
hawkish,negat,139,3.601838751638966e-4,0,0,negative,12023,4577
hawkish,smooth,139,3.601838751638966e-4,0,0,smooth,3285,3000
hawkish,topic,139,3.601838751638966e-4,0,0,topic,2991,3059
hawkish,affili,138,3.5759262426343695e-4,0,0,affiliates,442,353
hawkish,larger,138,3.5759262426343695e-4,0,0,larger,6647,3756
hawkish,octob,138,3.5759262426343695e-4,0,0,october,9607,4380
hawkish,oversight,138,3.5759262426343695e-4,0,0,oversight,3408,1478
hawkish,regular,138,3.5759262426343695e-4,0,0,regular,3173,2911
hawkish,answer,137,3.550013733629772e-4,0,0,answer,3837,3179
hawkish,fair,137,3.550013733629772e-4,0,0,fair,3021,3244
hawkish,transform,137,3.550013733629772e-4,0,0,transformation,2390,2241
hawkish,scope,136,3.5241012246251755e-4,0,0,scope,4604,2997
hawkish,buffer,135,3.498188715620579e-4,0,0,buffers,2206,1675
hawkish,deputi,135,3.498188715620579e-4,0,0,deputy,3610,2603
hawkish,fall,135,3.498188715620579e-4,0,0,fall,9891,5581
hawkish,maker,135,3.498188715620579e-4,0,0,makers,4164,2292
hawkish,mark,135,3.498188715620579e-4,0,0,mark,2884,4235
hawkish,tax,135,3.498188715620579e-4,0,0,tax,8450,3313
hawkish,altern,134,3.4722762066159815e-4,0,0,alternative,4047,3154
hawkish,benchmark,134,3.4722762066159815e-4,0,0,benchmark,2530,1560
hawkish,london,134,3.4722762066159815e-4,0,0,london,3940,1862
hawkish,speak,134,3.4722762066159815e-4,0,0,speak,2982,3502
hawkish,associ,133,3.446363697611385e-4,0,0,association,3527,2577
hawkish,precis,133,3.446363697611385e-4,0,0,precisely,2081,2526
hawkish,shadow,133,3.446363697611385e-4,0,0,shadow,2356,769
hawkish,week,133,3.446363697611385e-4,0,0,week,3334,3380
hawkish,chairman,132,3.420451188606788e-4,0,0,chairman,4378,2614
hawkish,launch,132,3.420451188606788e-4,0,0,launched,2163,2609
hawkish,mitig,132,3.420451188606788e-4,0,0,mitigate,2537,2719
hawkish,technic,132,3.420451188606788e-4,0,0,technical,4155,2593
hawkish,transmiss,132,3.420451188606788e-4,0,0,transmission,7038,2723
hawkish,bear,131,3.3945386796021914e-4,0,0,bear,2438,3060
hawkish,ladi,131,3.3945386796021914e-4,0,0,ladies,3789,2554
hawkish,threat,131,3.3945386796021914e-4,0,0,threat,2172,2005
hawkish,chart,130,3.368626170597594e-4,0,0,chart,23025,1899
hawkish,network,130,3.368626170597594e-4,0,0,network,3672,2132
hawkish,predict,130,3.368626170597594e-4,0,0,predictable,1428,2939
hawkish,quick,130,3.368626170597594e-4,0,0,quickly,5526,4009
hawkish,book,129,3.3427136615929974e-4,0,0,book,2462,1919
hawkish,invit,129,3.3427136615929974e-4,0,0,inviting,1231,3025
hawkish,coin,128,3.3168011525884007e-4,0,0,coins,1824,976
hawkish,repo,128,3.3168011525884007e-4,0,0,repo,4607,1314
hawkish,status,128,3.3168011525884007e-4,0,0,status,2118,1427
hawkish,ahead,127,3.2908886435838034e-4,0,0,ahead,7881,4302
hawkish,difficulti,127,3.2908886435838034e-4,0,0,difficulties,3302,3114
hawkish,divers,127,3.2908886435838034e-4,0,0,diversity,2252,1999
hawkish,disclosur,126,3.2649761345792067e-4,0,0,disclosure,3137,1453
hawkish,draw,126,3.2649761345792067e-4,0,0,draw,2625,3060
hawkish,grant,126,3.2649761345792067e-4,0,0,granted,1595,1905
hawkish,broader,125,3.23906362557461e-4,0,0,broader,4935,3139
hawkish,emu,125,3.23906362557461e-4,0,0,emu,3066,737
hawkish,knowledg,125,3.23906362557461e-4,0,0,knowledge,4135,2303
hawkish,ongo,125,3.23906362557461e-4,0,0,ongoing,5134,3354
hawkish,variabl,125,3.23906362557461e-4,0,0,variables,2916,2343
hawkish,vote,125,3.23906362557461e-4,0,0,vote,968,947
hawkish,economist,124,3.213151116570013e-4,0,0,economists,4517,2644
hawkish,gentlemen,124,3.213151116570013e-4,0,0,gentlemen,3714,2466
hawkish,margin,124,3.213151116570013e-4,0,0,margin,2707,3172
hawkish,prospect,124,3.213151116570013e-4,0,0,prospects,5185,3926
hawkish,record,124,3.213151116570013e-4,0,0,record,3670,3774
hawkish,war,124,3.213151116570013e-4,0,0,war,3864,1994
hawkish,decemb,123,3.187238607565416e-4,0,0,december,8219,4036
hawkish,expans,123,3.187238607565416e-4,0,0,expansion,8673,4100
hawkish,iii,123,3.187238607565416e-4,0,0,iii,5265,2415
hawkish,macro,123,3.187238607565416e-4,0,0,macro,6869,2241
hawkish,otc,123,3.187238607565416e-4,0,0,otc,1654,445
hawkish,reli,123,3.187238607565416e-4,0,0,rely,2551,3074
hawkish,bodi,122,3.161326098560819e-4,0,0,bodies,1677,1972
hawkish,minimum,122,3.161326098560819e-4,0,0,minimum,5219,2266
hawkish,switzerland,122,3.161326098560819e-4,0,0,switzerland,4907,1019
hawkish,hedg,121,3.1354135895562225e-4,0,0,hedge,2508,1452
hawkish,pose,121,3.1354135895562225e-4,0,0,pose,2266,3217
hawkish,scenario,121,3.1354135895562225e-4,0,0,scenario,5721,2946
hawkish,weight,121,3.1354135895562225e-4,0,0,weighted,2484,2721
hawkish,februari,120,3.109501080551625e-4,0,0,february,6750,3374
hawkish,opinion,120,3.109501080551625e-4,0,0,opinion,2561,2026
hawkish,permit,120,3.109501080551625e-4,0,0,permitted,1297,1451
hawkish,true,120,3.109501080551625e-4,0,0,true,5660,3497
hawkish,wage,120,3.109501080551625e-4,0,0,wage,9865,3451
hawkish,wholesal,120,3.109501080551625e-4,0,0,wholesale,2741,1341
hawkish,hope,119,3.0835885715470285e-4,0,0,hope,4829,3767
hawkish,policymak,119,3.0835885715470285e-4,0,0,policymakers,5484,2553
hawkish,rest,119,3.0835885715470285e-4,0,0,rest,3819,2876
hawkish,seri,119,3.0835885715470285e-4,0,0,series,6974,3345
hawkish,compon,118,3.057676062542432e-4,0,0,components,2660,2891
hawkish,extrem,118,3.057676062542432e-4,0,0,extremely,3462,3449
hawkish,foundat,118,3.057676062542432e-4,0,0,foundation,2285,2405
hawkish,parliament,118,3.057676062542432e-4,0,0,parliament,2596,1316
hawkish,resolv,118,3.057676062542432e-4,0,0,resolve,1373,2082
hawkish,consensus,117,3.031763553537835e-4,0,0,consensus,3521,1950
hawkish,estat,117,3.031763553537835e-4,0,0,estate,4166,1659
hawkish,float,117,3.031763553537835e-4,0,0,floating,2290,1188
hawkish,guidelin,117,3.031763553537835e-4,0,0,guidelines,2991,1449
hawkish,pillar,117,3.031763553537835e-4,0,0,pillar,2407,1299
hawkish,produc,117,3.031763553537835e-4,0,0,produce,2362,3898
hawkish,sever,117,3.031763553537835e-4,0,0,severe,4471,3547
hawkish,south,117,3.031763553537835e-4,0,0,south,9836,1453
hawkish,statist,117,3.031763553537835e-4,0,0,statistics,5952,2959
hawkish,advers,116,3.005851044533238e-4,0,0,adverse,5149,3374
hawkish,alloc,116,3.005851044533238e-4,0,0,allocation,3191,2823
hawkish,analys,116,3.005851044533238e-4,0,0,analyses,1302,1951
hawkish,phase,116,3.005851044533238e-4,0,0,phase,4593,2872
hawkish,safe,116,3.005851044533238e-4,0,0,safe,3921,2315
hawkish,simpl,116,3.005851044533238e-4,0,0,simple,4567,2530
hawkish,volum,116,3.005851044533238e-4,0,0,volume,3777,2834
hawkish,citi,115,2.979938535528641e-4,0,0,city,3328,2222
hawkish,england,115,2.979938535528641e-4,0,0,england,9756,2199
hawkish,treasuri,115,2.979938535528641e-4,0,0,treasury,6175,2328
hawkish,uniqu,115,2.979938535528641e-4,0,0,unique,2510,2049
hawkish,director,114,2.9540260265240444e-4,0,0,directors,2375,2119
hawkish,equal,114,2.9540260265240444e-4,0,0,equal,2712,3343
hawkish,gap,114,2.9540260265240444e-4,0,0,gap,7711,3416
hawkish,light,114,2.9540260265240444e-4,0,0,light,4038,3061
hawkish,prefer,114,2.9540260265240444e-4,0,0,preferences,1069,2604
hawkish,user,114,2.9540260265240444e-4,0,0,users,2522,1337
hawkish,absorb,113,2.928113517519447e-4,0,0,absorb,1801,2346
hawkish,adapt,113,2.928113517519447e-4,0,0,adapt,1719,2469
hawkish,adequ,113,2.928113517519447e-4,0,0,adequate,3820,3011
hawkish,approv,113,2.928113517519447e-4,0,0,approved,1218,1618
hawkish,doubt,113,2.928113517519447e-4,0,0,doubt,3220,2902
hawkish,guid,113,2.928113517519447e-4,0,0,guide,1979,2476
hawkish,page,113,2.928113517519447e-4,0,0,page,2452,981
hawkish,prioriti,113,2.928113517519447e-4,0,0,priority,3339,2617
hawkish,right,113,2.928113517519447e-4,0,0,rights,2064,1708
hawkish,shown,113,2.928113517519447e-4,0,0,shown,5917,3475
hawkish,dealer,112,2.9022010085148504e-4,0,0,dealers,1856,823
hawkish,energi,112,2.9022010085148504e-4,0,0,energy,10554,2882
hawkish,formal,112,2.9022010085148504e-4,0,0,formal,2542,1914
hawkish,offici,112,2.9022010085148504e-4,0,0,official,3581,2490
hawkish,assum,111,2.8762884995102536e-4,0,0,assume,2175,3309
hawkish,centuri,111,2.8762884995102536e-4,0,0,century,4839,2500
hawkish,cryptocurr,111,2.8762884995102536e-4,0,0,cryptocurrencies,317,80
hawkish,favour,111,2.8762884995102536e-4,0,0,favourable,2715,2680
hawkish,intend,111,2.8762884995102536e-4,0,0,intended,2828,2884
hawkish,join,111,2.8762884995102536e-4,0,0,join,1416,2010
hawkish,path,111,2.8762884995102536e-4,0,0,path,8980,4059
hawkish,separ,111,2.8762884995102536e-4,0,0,separate,1841,2212
hawkish,strateg,111,2.8762884995102536e-4,0,0,strategic,2388,1377
hawkish,agent,110,2.850375990505657e-4,0,0,agents,3383,1852
hawkish,centr,110,2.850375990505657e-4,0,0,centre,2951,2140
hawkish,convinc,110,2.850375990505657e-4,0,0,convinced,1203,1642
hawkish,disast,110,2.850375990505657e-4,0,0,disaster,983,662
hawkish,joint,110,2.850375990505657e-4,0,0,joint,2837,2421
hawkish,own,110,2.850375990505657e-4,0,0,owned,1964,1126
hawkish,simpli,110,2.850375990505657e-4,0,0,simply,4533,2910
hawkish,optim,109,2.8244634815010597e-4,0,0,optimal,3139,2390
hawkish,recogn,109,2.8244634815010597e-4,0,0,recognize,1651,2260
hawkish,enterpris,108,2.798550972496463e-4,0,0,enterprises,4426,2158
hawkish,extens,108,2.798550972496463e-4,0,0,extensive,1961,2882
hawkish,method,108,2.798550972496463e-4,0,0,methods,1987,1854
hawkish,notabl,108,2.798550972496463e-4,0,0,notably,2759,2809
hawkish,parti,108,2.798550972496463e-4,0,0,parties,2137,2064
hawkish,theori,108,2.798550972496463e-4,0,0,theory,4117,2021
hawkish,canada,107,2.772638463491866e-4,0,0,canada,10160,1436
hawkish,criteria,107,2.772638463491866e-4,0,0,criteria,2531,1428
hawkish,date,107,2.772638463491866e-4,0,0,date,4240,3333
hawkish,easi,107,2.772638463491866e-4,0,0,easy,3553,2585
hawkish,liberalis,107,2.772638463491866e-4,0,0,liberalisation,1379,789
hawkish,disrupt,106,2.746725954487269e-4,0,0,disruptions,1887,2793
hawkish,elimin,106,2.746725954487269e-4,0,0,eliminate,1153,1980
hawkish,proper,106,2.746725954487269e-4,0,0,proper,2117,2532
hawkish,safeguard,106,2.746725954487269e-4,0,0,safeguard,972,1633
hawkish,appear,105,2.720813445482672e-4,0,0,appears,4393,3517
hawkish,attract,105,2.720813445482672e-4,0,0,attractive,1782,2992
hawkish,congress,105,2.720813445482672e-4,0,0,congress,3121,1283
hawkish,bill,104,2.6949009364780755e-4,0,0,bills,1742,1528
hawkish,demonstr,104,2.6949009364780755e-4,0,0,demonstrated,1587,2663
hawkish,denomin,104,2.6949009364780755e-4,0,0,denominated,2134,1452
hawkish,dimens,104,2.6949009364780755e-4,0,0,dimension,1638,1760
hawkish,educ,104,2.6949009364780755e-4,0,0,education,6347,2206
hawkish,argument,103,2.668988427473479e-4,0,0,argument,2298,1979
hawkish,articl,103,2.668988427473479e-4,0,0,article,1984,1327
hawkish,lie,103,2.668988427473479e-4,0,0,lies,1676,2167
hawkish,modern,103,2.668988427473479e-4,0,0,modern,2710,1997
hawkish,obtain,103,2.668988427473479e-4,0,0,obtain,1676,2140
hawkish,programm,103,2.668988427473479e-4,0,0,programme,4929,2393
hawkish,academ,102,2.6430759184688815e-4,0,0,academic,2108,1745
hawkish,characterist,102,2.6430759184688815e-4,0,0,characteristics,2561,2008
hawkish,constraint,102,2.6430759184688815e-4,0,0,constraints,3668,2529
hawkish,cyber,102,2.6430759184688815e-4,0,0,cyber,2029,377
hawkish,entir,102,2.6430759184688815e-4,0,0,entire,3111,2254
hawkish,figur,102,2.6430759184688815e-4,0,0,figure,8092,3021
hawkish,profession,102,2.6430759184688815e-4,0,0,professional,2072,1731
hawkish,caus,101,2.617163409464285e-4,0,0,caused,3901,3263
hawkish,come,101,2.617163409464285e-4,0,0,coming,5658,3586
hawkish,distinguish,101,2.617163409464285e-4,0,0,distinguished,2396,2354
hawkish,exercis,101,2.617163409464285e-4,0,0,exercise,2715,2272
hawkish,experienc,101,2.617163409464285e-4,0,0,experienced,4407,3718
hawkish,hard,101,2.617163409464285e-4,0,0,hard,4748,3140
hawkish,list,101,2.617163409464285e-4,0,0,list,2008,2101
hawkish,stakehold,101,2.617163409464285e-4,0,0,stakeholders,2300,1248
hawkish,america,100,2.591250900459688e-4,0,0,america,2065,1164
hawkish,behaviour,100,2.591250900459688e-4,0,0,behaviour,4677,2367
hawkish,climat,100,2.591250900459688e-4,0,0,climate,8143,1275
hawkish,index,100,2.591250900459688e-4,0,0,index,7659,3414
hawkish,interact,100,2.591250900459688e-4,0,0,interaction,1853,2489
hawkish,respond,100,2.591250900459688e-4,0,0,respond,4510,4529
hawkish,trigger,100,2.591250900459688e-4,0,0,triggered,1768,2522
hawkish,brought,99,2.565338391455091e-4,0,0,brought,4060,2944
hawkish,check,99,2.565338391455091e-4,0,0,check,1789,1394
hawkish,compet,99,2.565338391455091e-4,0,0,compete,977,2168
hawkish,consult,99,2.565338391455091e-4,0,0,consultation,1683,1903
hawkish,explicit,99,2.565338391455091e-4,0,0,explicit,2162,2070
hawkish,happen,99,2.565338391455091e-4,0,0,happen,2419,3181
hawkish,subsidiari,99,2.565338391455091e-4,0,0,subsidiaries,1271,712
hawkish,ten,99,2.565338391455091e-4,0,0,ten,3525,2188
hawkish,empir,98,2.539425882450494e-4,0,0,empirical,3386,1955
hawkish,inflationari,98,2.539425882450494e-4,0,0,inflationary,6484,2750
hawkish,jurisdict,98,2.539425882450494e-4,0,0,jurisdictions,2371,1489
hawkish,late,98,2.539425882450494e-4,0,0,late,6212,3495
hawkish,securitis,98,2.539425882450494e-4,0,0,securitisation,1823,721
hawkish,turbul,98,2.539425882450494e-4,0,0,turbulence,1651,1244
hawkish,unemploy,98,2.539425882450494e-4,0,0,unemployment,16169,3709
hawkish,background,97,0.00025135133734458973,0,0,background,3538,2511
hawkish,constant,97,0.00025135133734458973,0,0,constant,1948,2098
hawkish,domin,97,0.00025135133734458973,0,0,dominant,1150,2130
hawkish,exampl,97,0.00025135133734458973,0,0,examples,2983,2122
hawkish,moder,97,0.00025135133734458973,0,0,moderate,4771,3610
hawkish,asian,96,2.4876008644413006e-4,0,0,asian,5991,1718
hawkish,attempt,96,2.4876008644413006e-4,0,0,attempt,1681,2403
hawkish,except,96,2.4876008644413006e-4,0,0,exceptional,1604,2735
hawkish,fourth,96,2.4876008644413006e-4,0,0,fourth,4336,2967
hawkish,intervent,96,2.4876008644413006e-4,0,0,intervention,2591,2138
hawkish,player,96,2.4876008644413006e-4,0,0,players,2520,1621
hawkish,prohibit,96,2.4876008644413006e-4,0,0,prohibition,366,676
hawkish,emphasis,95,2.4616883554367034e-4,0,0,emphasise,1190,1654
hawkish,fluctuat,95,2.4616883554367034e-4,0,0,fluctuations,3553,2436
hawkish,illustr,95,2.4616883554367034e-4,0,0,illustrate,1349,2580
hawkish,lot,95,2.4616883554367034e-4,0,0,lot,3791,2569
hawkish,mutual,95,2.4616883554367034e-4,0,0,mutual,2280,1864
hawkish,reduct,95,2.4616883554367034e-4,0,0,reduction,6590,4021
hawkish,life,94,2.4357758464321066e-4,0,0,life,4730,2425
hawkish,pleasur,94,2.4357758464321066e-4,0,0,pleasure,2684,2526
hawkish,surpris,94,2.4357758464321066e-4,0,0,surprising,1488,2977
hawkish,vis,94,2.4357758464321066e-4,0,0,vis,2159,814
hawkish,worth,94,2.4357758464321066e-4,0,0,worth,3858,2593
hawkish,briefli,93,2.4098633374275096e-4,0,0,briefly,3139,2485
hawkish,convert,93,2.4098633374275096e-4,0,0,convertibility,583,1146
hawkish,default,93,2.4098633374275096e-4,0,0,default,3273,1811
hawkish,fsb,93,2.4098633374275096e-4,0,0,fsb,2105,603
hawkish,necessarili,93,2.4098633374275096e-4,0,0,necessarily,3805,2857
hawkish,stronger,93,2.4098633374275096e-4,0,0,stronger,5950,3531
hawkish,acquir,92,2.383950828422913e-4,0,0,acquired,794,1361
hawkish,creditor,92,2.383950828422913e-4,0,0,creditors,2276,1060
hawkish,food,92,2.383950828422913e-4,0,0,food,8086,2266
hawkish,libor,92,2.383950828422913e-4,0,0,libor,2865,449
hawkish,percentag,92,2.383950828422913e-4,0,0,percentage,8957,3393
hawkish,prior,92,2.383950828422913e-4,0,0,prior,3250,2136
hawkish,swap,92,2.383950828422913e-4,0,0,swap,2362,1573
hawkish,burden,91,2.358038319418316e-4,0,0,burden,3449,2424
hawkish,depositor,91,2.358038319418316e-4,0,0,depositors,1640,850
hawkish,oversea,91,2.358038319418316e-4,0,0,overseas,4555,1364
hawkish,physic,91,2.358038319418316e-4,0,0,physical,2473,1424
hawkish,proport,91,2.358038319418316e-4,0,0,proportion,2900,2122
hawkish,typic,91,2.358038319418316e-4,0,0,typically,3988,3034
hawkish,avail,90,2.3321258104137192e-4,0,0,availability,3691,2336
hawkish,broker,90,2.3321258104137192e-4,0,0,broker,617,534
hawkish,instabl,90,2.3321258104137192e-4,0,0,instability,3096,1772
hawkish,inter,90,2.3321258104137192e-4,0,0,inter,2479,1400
hawkish,multilater,90,2.3321258104137192e-4,0,0,multilateral,1221,751
hawkish,strength,90,2.3321258104137192e-4,0,0,strength,4378,3067
hawkish,consumpt,89,2.3062133014091222e-4,0,0,consumption,12565,3544
hawkish,counter,89,2.3062133014091222e-4,0,0,counter,2425,1961
hawkish,gold,89,2.3062133014091222e-4,0,0,gold,4381,961
hawkish,resid,89,2.3062133014091222e-4,0,0,residents,1571,1181
hawkish,charg,88,2.2803007924045255e-4,0,0,charge,1485,1993
hawkish,issuanc,88,2.2803007924045255e-4,0,0,issuance,3768,1701
hawkish,replac,88,2.2803007924045255e-4,0,0,replaced,973,1990
hawkish,abroad,87,2.2543882833999285e-4,0,0,abroad,4006,2269
hawkish,attend,87,2.2543882833999285e-4,0,0,attend,457,1191
hawkish,covid,87,2.2543882833999285e-4,0,0,covid,5702,908
hawkish,evolut,87,2.2543882833999285e-4,0,0,evolution,3792,2271
hawkish,juli,87,2.2543882833999285e-4,0,0,july,7183,3522
hawkish,perman,87,2.2543882833999285e-4,0,0,permanent,2665,1995
hawkish,revis,87,2.2543882833999285e-4,0,0,revised,3070,3010
hawkish,road,87,2.2543882833999285e-4,0,0,road,1760,1324
hawkish,asia,86,2.2284757743953315e-4,0,0,asia,5627,1718
hawkish,bbsw,86,2.2284757743953315e-4,0,0,bbsw,276,28
hawkish,fdi,86,2.2284757743953315e-4,0,0,fdi,997,306
hawkish,pass,86,2.2284757743953315e-4,0,0,pass,2874,3005
hawkish,reinforc,86,2.2284757743953315e-4,0,0,reinforce,1204,2608
hawkish,russia,86,2.2284757743953315e-4,0,0,russia,3076,853
hawkish,west,86,2.2284757743953315e-4,0,0,west,1023,532
hawkish,acceler,85,2.2025632653907348e-4,0,0,accelerated,1772,3380
hawkish,analyt,85,2.2025632653907348e-4,0,0,analytical,1560,1252
hawkish,electron,85,2.2025632653907348e-4,0,0,electronic,3887,1349
hawkish,indirect,85,2.2025632653907348e-4,0,0,indirect,1813,1913
hawkish,intens,85,2.2025632653907348e-4,0,0,intensive,1662,2404
hawkish,normal,85,2.2025632653907348e-4,0,0,normal,5658,3395
hawkish,platform,85,2.2025632653907348e-4,0,0,platform,1795,1351
hawkish,poverti,85,2.2025632653907348e-4,0,0,poverty,1821,693
hawkish,calcul,84,2.1766507563861378e-4,0,0,calculations,3330,2373
hawkish,give,84,2.1766507563861378e-4,0,0,giving,2400,1919
hawkish,guidanc,84,2.1766507563861378e-4,0,0,guidance,6974,2239
hawkish,issuer,84,2.1766507563861378e-4,0,0,issuers,1522,946
hawkish,stanc,84,2.1766507563861378e-4,0,0,stance,6709,2989
hawkish,actual,83,2.150738247381541e-4,0,0,actual,4911,2717
hawkish,decreas,83,2.150738247381541e-4,0,0,decrease,2392,2401
hawkish,deliber,83,2.150738247381541e-4,0,0,deliberations,1070,1496
hawkish,fragment,83,2.150738247381541e-4,0,0,fragmentation,1464,976
hawkish,frank,83,2.150738247381541e-4,0,0,frank,1388,774
hawkish,human,83,2.150738247381541e-4,0,0,human,3984,1998
hawkish,overcom,83,2.150738247381541e-4,0,0,overcome,2136,1805
hawkish,reliabl,83,2.150738247381541e-4,0,0,reliable,1710,1717
hawkish,administr,82,2.124825738376944e-4,0,0,administration,1447,1742
hawkish,bad,82,2.124825738376944e-4,0,0,bad,2934,2045
hawkish,budget,82,2.124825738376944e-4,0,0,budget,5710,2287
hawkish,construct,82,2.124825738376944e-4,0,0,construction,3343,2949
hawkish,damag,82,2.124825738376944e-4,0,0,damage,1821,1889
hawkish,explor,82,2.124825738376944e-4,0,0,explore,1372,1980
hawkish,maastricht,82,2.124825738376944e-4,0,0,maastricht,1026,537
hawkish,occas,82,2.124825738376944e-4,0,0,occasion,1768,2208
hawkish,poor,82,2.124825738376944e-4,0,0,poor,3034,1859
hawkish,sale,82,2.124825738376944e-4,0,0,sales,4915,2704
hawkish,seminar,82,2.124825738376944e-4,0,0,seminar,1562,822
hawkish,sign,82,2.124825738376944e-4,0,0,signs,4282,3926
hawkish,undertak,82,2.124825738376944e-4,0,0,undertake,1231,1744
hawkish,york,82,2.124825738376944e-4,0,0,york,3370,1643
hawkish,enforc,81,2.0989132293723473e-4,0,0,enforcement,1475,1452
hawkish,exclus,81,2.0989132293723473e-4,0,0,exclusively,774,1305
hawkish,keep,81,2.0989132293723473e-4,0,0,keeping,3344,2514
hawkish,pace,81,2.0989132293723473e-4,0,0,pace,10014,4311
hawkish,promis,81,2.0989132293723473e-4,0,0,promise,1024,1813
hawkish,wider,81,2.0989132293723473e-4,0,0,wider,3512,2198
hawkish,collabor,80,2.0730007203677503e-4,0,0,collaboration,1378,1308
hawkish,colleagu,80,2.0730007203677503e-4,0,0,colleagues,2801,2360
hawkish,driven,80,2.0730007203677503e-4,0,0,driven,5176,3229
hawkish,formul,80,2.0730007203677503e-4,0,0,formulation,874,1494
hawkish,insight,80,2.0730007203677503e-4,0,0,insights,1505,1725
hawkish,realiti,80,2.0730007203677503e-4,0,0,reality,2330,1969
hawkish,solid,80,2.0730007203677503e-4,0,0,solid,2634,2019
hawkish,tommaso,80,2.0730007203677503e-4,0,0,tommaso,232,103
hawkish,washington,80,2.0730007203677503e-4,0,0,washington,3788,1838
hawkish,ad,79,2.0470882113631533e-4,0,0,added,3508,3076
hawkish,incorpor,79,2.0470882113631533e-4,0,0,incorporate,1040,1872
hawkish,interpret,79,2.0470882113631533e-4,0,0,interpretation,1079,1925
hawkish,track,79,2.0470882113631533e-4,0,0,track,2233,2006
hawkish,vehicl,79,2.0470882113631533e-4,0,0,vehicles,1240,1292
hawkish,circul,78,2.0211757023585566e-4,0,0,circulation,1592,910
hawkish,choos,77,1.9952631933539596e-4,0,0,choose,1661,1632
hawkish,deviat,77,1.9952631933539596e-4,0,0,deviation,1526,1729
hawkish,moment,77,1.9952631933539596e-4,0,0,moment,2853,2291
hawkish,signal,77,1.9952631933539596e-4,0,0,signals,1785,2467
hawkish,temporari,77,1.9952631933539596e-4,0,0,temporary,5467,3009
hawkish,afford,76,1.969350684349363e-4,0,0,affordable,984,1427
hawkish,eventu,76,1.969350684349363e-4,0,0,eventually,2701,2456
hawkish,gather,76,1.969350684349363e-4,0,0,gathering,769,1554
hawkish,latin,76,1.969350684349363e-4,0,0,latin,1535,649
hawkish,minut,76,1.969350684349363e-4,0,0,minutes,1760,1164
hawkish,motiv,76,1.969350684349363e-4,0,0,motivation,613,1390
hawkish,nonbank,76,1.969350684349363e-4,0,0,nonbank,1131,518
hawkish,quantit,76,1.969350684349363e-4,0,0,quantitative,5102,2434
hawkish,remov,76,1.969350684349363e-4,0,0,remove,1113,2372
hawkish,tend,76,1.969350684349363e-4,0,0,tend,4679,3419
hawkish,understood,76,1.969350684349363e-4,0,0,understood,2265,1704
hawkish,varieti,76,1.969350684349363e-4,0,0,variety,3092,2266
hawkish,accumul,75,1.943438175344766e-4,0,0,accumulation,1955,2386
hawkish,assumpt,75,1.943438175344766e-4,0,0,assumptions,2334,2185
hawkish,boom,75,1.943438175344766e-4,0,0,boom,3536,1865
hawkish,contrast,75,1.943438175344766e-4,0,0,contrast,4499,3156
hawkish,depart,75,1.943438175344766e-4,0,0,department,2486,1797
hawkish,drive,75,1.943438175344766e-4,0,0,driving,2028,2678
hawkish,feel,75,1.943438175344766e-4,0,0,feel,1913,1948
hawkish,maximum,75,1.943438175344766e-4,0,0,maximum,2968,1635
hawkish,minor,75,1.943438175344766e-4,0,0,minority,876,786
hawkish,nbfcs,75,1.943438175344766e-4,0,0,nbfcs,1405,252
hawkish,slide,75,1.943438175344766e-4,0,0,slide,3106,479
hawkish,code,74,1.9175256663401692e-4,0,0,code,2384,915
hawkish,dear,74,1.9175256663401692e-4,0,0,dear,1898,765
hawkish,elig,74,1.9175256663401692e-4,0,0,eligible,1896,1193
hawkish,follow,74,1.9175256663401692e-4,0,0,follow,3468,2625
hawkish,format,74,1.9175256663401692e-4,0,0,formation,2102,1682
hawkish,inflow,74,1.9175256663401692e-4,0,0,inflows,3038,1492
hawkish,pact,74,1.9175256663401692e-4,0,0,pact,1724,666
hawkish,pool,74,1.9175256663401692e-4,0,0,pool,910,1173
hawkish,present,74,1.9175256663401692e-4,0,0,presentation,1536,1611
hawkish,princip,74,1.9175256663401692e-4,0,0,principal,1902,1431
hawkish,promin,74,1.9175256663401692e-4,0,0,prominent,1512,1606
hawkish,select,74,1.9175256663401692e-4,0,0,selected,871,1785
hawkish,australia,73,1.8916131573355722e-4,0,0,australia,6139,1128
hawkish,complement,73,1.8916131573355722e-4,0,0,complement,1226,1713
hawkish,confirm,73,1.8916131573355722e-4,0,0,confirmed,1371,2168
hawkish,distinct,73,1.8916131573355722e-4,0,0,distinct,1137,1937
hawkish,find,73,1.8916131573355722e-4,0,0,finding,1652,2128
hawkish,leav,73,1.8916131573355722e-4,0,0,leave,2122,2765
hawkish,order,73,1.8916131573355722e-4,0,0,orderly,1993,1236
hawkish,primarili,73,1.8916131573355722e-4,0,0,primarily,3188,2257
hawkish,stabilis,73,1.8916131573355722e-4,0,0,stabilisation,1417,1982
hawkish,state,73,1.8916131573355722e-4,0,0,stated,1948,1641
hawkish,token,73,1.8916131573355722e-4,0,0,token,271,219
hawkish,top,73,1.8916131573355722e-4,0,0,top,3722,2448
hawkish,undertaken,73,1.8916131573355722e-4,0,0,undertaken,2065,1533
hawkish,vice,73,1.8916131573355722e-4,0,0,vice,2053,1683
hawkish,appar,72,1.8657006483309752e-4,0,0,apparent,2010,2002
hawkish,easili,72,1.8657006483309752e-4,0,0,easily,2626,2076
hawkish,east,72,1.8657006483309752e-4,0,0,east,2930,1284
hawkish,fomc,72,1.8657006483309752e-4,0,0,fomc,4360,737
hawkish,locat,72,1.8657006483309752e-4,0,0,location,915,1481
hawkish,moral,72,1.8657006483309752e-4,0,0,moral,1872,1104
hawkish,properti,72,1.8657006483309752e-4,0,0,property,3209,1669
hawkish,shape,72,1.8657006483309752e-4,0,0,shape,1720,2324
hawkish,tender,72,1.8657006483309752e-4,0,0,tender,594,431
hawkish,absenc,71,1.8397881393263785e-4,0,0,absence,2644,1949
hawkish,add,71,1.8397881393263785e-4,0,0,add,2928,2589
hawkish,appreci,71,1.8397881393263785e-4,0,0,appreciation,3592,2730
hawkish,august,71,1.8397881393263785e-4,0,0,august,6809,3284
hawkish,bubbl,71,1.8397881393263785e-4,0,0,bubble,3339,1532
hawkish,conflict,71,1.8397881393263785e-4,0,0,conflict,1131,1437
hawkish,equilibrium,71,1.8397881393263785e-4,0,0,equilibrium,3905,1333
hawkish,immedi,71,1.8397881393263785e-4,0,0,immediately,2294,1729
hawkish,left,71,1.8397881393263785e-4,0,0,left,4377,2434
hawkish,outstand,71,1.8397881393263785e-4,0,0,outstanding,3862,1998
hawkish,perceiv,71,1.8397881393263785e-4,0,0,perceived,2401,2014
hawkish,prime,71,1.8397881393263785e-4,0,0,prime,2610,1452
hawkish,specul,71,1.8397881393263785e-4,0,0,speculative,1181,1290
hawkish,africa,70,1.8138756303217815e-4,0,0,africa,4908,838
hawkish,appropri,70,1.8138756303217815e-4,0,0,appropriately,1859,1782
hawkish,buy,70,1.8138756303217815e-4,0,0,buy,2396,2058
hawkish,convent,70,1.8138756303217815e-4,0,0,conventional,2737,1970
hawkish,deep,70,1.8138756303217815e-4,0,0,deep,2518,1903
hawkish,erm,70,1.8138756303217815e-4,0,0,erm,969,259
hawkish,host,70,1.8138756303217815e-4,0,0,host,1481,1692
hawkish,linkag,70,1.8138756303217815e-4,0,0,linkages,1289,1031
hawkish,lose,70,1.8138756303217815e-4,0,0,lose,1475,1853
hawkish,materi,70,1.8138756303217815e-4,0,0,material,2350,3070
hawkish,prudent,70,1.8138756303217815e-4,0,0,prudent,2023,1682
hawkish,push,70,1.8138756303217815e-4,0,0,push,2357,2861
hawkish,remind,70,1.8138756303217815e-4,0,0,remind,892,1690
hawkish,surplus,70,1.8138756303217815e-4,0,0,surplus,3331,1750
hawkish,acknowledg,69,1.7879631213171848e-4,0,0,acknowledged,983,1880
hawkish,connect,69,1.7879631213171848e-4,0,0,connection,1125,2157
hawkish,document,69,1.7879631213171848e-4,0,0,document,1113,1895
hawkish,earn,69,1.7879631213171848e-4,0,0,earnings,3868,2536
hawkish,expos,69,1.7879631213171848e-4,0,0,exposed,2192,1965
hawkish,pattern,69,1.7879631213171848e-4,0,0,pattern,2385,2225
hawkish,readi,69,1.7879631213171848e-4,0,0,ready,2298,1837
hawkish,tabl,69,1.7879631213171848e-4,0,0,table,4673,1486
hawkish,touch,69,1.7879631213171848e-4,0,0,touch,1769,1878
hawkish,underwrit,69,1.7879631213171848e-4,0,0,underwriting,1345,692
hawkish,vital,69,1.7879631213171848e-4,0,0,vital,2287,1992
hawkish,water,69,1.7879631213171848e-4,0,0,water,971,794
hawkish,affair,68,1.7620506123125878e-4,0,0,affairs,2423,1542
hawkish,chair,68,1.7620506123125878e-4,0,0,chair,1554,1542
hawkish,enter,68,1.7620506123125878e-4,0,0,enter,1329,2638
hawkish,exceed,68,1.7620506123125878e-4,0,0,exceed,1355,2667
hawkish,harmonis,68,1.7620506123125878e-4,0,0,harmonised,1060,1097
hawkish,liber,68,1.7620506123125878e-4,0,0,liberalization,892,827
hawkish,literatur,68,1.7620506123125878e-4,0,0,literature,2437,1295
hawkish,professor,68,1.7620506123125878e-4,0,0,professor,1224,764
hawkish,depositori,67,1.7361381033079908e-4,0,0,depository,1677,703
hawkish,horizon,67,1.7361381033079908e-4,0,0,horizon,3704,2269
hawkish,justifi,67,1.7361381033079908e-4,0,0,justified,984,1362
hawkish,last,67,1.7361381033079908e-4,0,0,lasting,1767,2029
hawkish,lectur,67,1.7361381033079908e-4,0,0,lecture,2365,1205
hawkish,mobil,67,1.7361381033079908e-4,0,0,mobile,2218,1566
hawkish,pension,67,1.7361381033079908e-4,0,0,pension,3661,1534
hawkish,retain,67,1.7361381033079908e-4,0,0,retain,1019,1565
hawkish,skill,67,1.7361381033079908e-4,0,0,skills,3198,2025
hawkish,suffer,67,1.7361381033079908e-4,0,0,suffered,1180,2177
hawkish,compens,66,1.710225594303394e-4,0,0,compensation,2533,1922
hawkish,entail,66,1.710225594303394e-4,0,0,entail,919,1577
hawkish,expertis,66,1.710225594303394e-4,0,0,expertise,1671,1220
hawkish,fee,66,1.710225594303394e-4,0,0,fees,1634,883
hawkish,judg,66,1.710225594303394e-4,0,0,judged,1462,2373
hawkish,messag,66,1.710225594303394e-4,0,0,message,1482,1523
hawkish,partner,66,1.710225594303394e-4,0,0,partners,2042,1857
hawkish,subprim,66,1.710225594303394e-4,0,0,subprime,1843,520
hawkish,subsequ,66,1.710225594303394e-4,0,0,subsequent,2646,2908
hawkish,underpin,66,1.710225594303394e-4,0,0,underpin,690,1746
hawkish,vari,66,1.710225594303394e-4,0,0,vary,1413,2554
hawkish,deepen,65,1.684313085298797e-4,0,0,deepening,1667,1695
hawkish,fed,65,1.684313085298797e-4,0,0,fed,4841,1795
hawkish,health,65,1.684313085298797e-4,0,0,health,4446,2291
hawkish,inher,65,1.684313085298797e-4,0,0,inherent,1414,1483
hawkish,languag,65,1.684313085298797e-4,0,0,language,1156,843
hawkish,mid,65,1.684313085298797e-4,0,0,mid,5642,3196
hawkish,narrow,65,1.684313085298797e-4,0,0,narrow,1670,2072
hawkish,ownership,65,1.684313085298797e-4,0,0,ownership,2156,1066
hawkish,pbc,65,1.684313085298797e-4,0,0,pbc,1237,139
hawkish,spend,65,1.684313085298797e-4,0,0,spending,10906,3936
hawkish,spillov,65,1.684313085298797e-4,0,0,spillovers,1988,1283
hawkish,uncertain,65,1.684313085298797e-4,0,0,uncertain,3143,2112
hawkish,vol,65,1.684313085298797e-4,0,0,vol,5562,1389
hawkish,absolut,64,1.6584005762942003e-4,0,0,absolute,988,1349
hawkish,acquisit,64,1.6584005762942003e-4,0,0,acquisition,775,806
hawkish,anticip,64,1.6584005762942003e-4,0,0,anticipated,1922,2653
hawkish,canton,64,1.6584005762942003e-4,0,0,cantons,214,133
hawkish,center,64,1.6584005762942003e-4,0,0,center,1917,1514
hawkish,describ,64,1.6584005762942003e-4,0,0,describe,1344,1676
hawkish,gross,64,1.6584005762942003e-4,0,0,gross,4296,2393
hawkish,hazard,64,1.6584005762942003e-4,0,0,hazard,1521,977
hawkish,journal,64,1.6584005762942003e-4,0,0,journal,5801,1844
hawkish,outlin,64,1.6584005762942003e-4,0,0,outlined,1055,1754
hawkish,round,64,1.6584005762942003e-4,0,0,round,2365,1603
hawkish,sum,64,1.6584005762942003e-4,0,0,sum,2359,2043
hawkish,updat,64,1.6584005762942003e-4,0,0,update,1735,2211
hawkish,valuabl,64,1.6584005762942003e-4,0,0,valuable,2021,1646
hawkish,vision,64,1.6584005762942003e-4,0,0,vision,1593,949
hawkish,agricultur,63,1.6324880672896033e-4,0,0,agricultural,2486,1379
hawkish,capabl,63,1.6324880672896033e-4,0,0,capabilities,1179,1908
hawkish,chf,63,1.6324880672896033e-4,0,0,chf,978,218
hawkish,collaps,63,1.6324880672896033e-4,0,0,collapse,2444,1881
hawkish,compris,63,1.6324880672896033e-4,0,0,comprises,577,1361
hawkish,head,63,1.6324880672896033e-4,0,0,head,1477,2054
hawkish,huge,63,1.6324880672896033e-4,0,0,huge,2204,1681
hawkish,open,63,1.6324880672896033e-4,0,0,openness,1664,1225
hawkish,realiz,63,1.6324880672896033e-4,0,0,realized,1033,1675
hawkish,restor,63,1.6324880672896033e-4,0,0,restore,1886,2240
hawkish,senior,63,1.6324880672896033e-4,0,0,senior,2664,1487
hawkish,wealth,63,1.6324880672896033e-4,0,0,wealth,5243,2059
hawkish,barrier,62,1.6065755582850066e-4,0,0,barriers,2230,1425
hawkish,block,62,1.6065755582850066e-4,0,0,block,449,638
hawkish,contain,62,1.6065755582850066e-4,0,0,contained,1748,1670
hawkish,dodd,62,1.6065755582850066e-4,0,0,dodd,974,283
hawkish,entri,62,1.6065755582850066e-4,0,0,entry,1861,1227
hawkish,great,62,1.6065755582850066e-4,0,0,greatly,2078,1665
hawkish,merger,62,1.6065755582850066e-4,0,0,mergers,1167,662
hawkish,norm,62,1.6065755582850066e-4,0,0,norms,1639,1052
hawkish,reveal,62,1.6065755582850066e-4,0,0,revealed,1180,1819
hawkish,stem,62,1.6065755582850066e-4,0,0,stemming,1471,1922
hawkish,think,62,1.6065755582850066e-4,0,0,thinking,3631,2284
hawkish,vast,62,1.6065755582850066e-4,0,0,vast,1372,1252
hawkish,align,61,1.5806630492804096e-4,0,0,aligned,782,1536
hawkish,attribut,61,1.5806630492804096e-4,0,0,attributed,1091,2055
hawkish,distort,61,1.5806630492804096e-4,0,0,distortions,1129,1589
hawkish,distress,61,1.5806630492804096e-4,0,0,distress,1081,930
hawkish,enjoy,61,1.5806630492804096e-4,0,0,enjoy,1067,1801
hawkish,environment,61,1.5806630492804096e-4,0,0,environmental,1429,589
hawkish,frequent,61,1.5806630492804096e-4,0,0,frequently,1563,1903
hawkish,mainten,61,1.5806630492804096e-4,0,0,maintenance,1623,1017
hawkish,pleas,61,1.5806630492804096e-4,0,0,pleased,1854,1678
hawkish,reput,61,1.5806630492804096e-4,0,0,reputation,1103,1020
hawkish,revenu,61,1.5806630492804096e-4,0,0,revenue,1776,1681
hawkish,sensit,61,1.5806630492804096e-4,0,0,sensitive,2243,2129
hawkish,virtual,61,1.5806630492804096e-4,0,0,virtually,1835,1742
hawkish,women,61,1.5806630492804096e-4,0,0,women,2235,643
hawkish,canadian,60,1.5547505402758126e-4,0,0,canadian,4832,756
hawkish,categori,60,1.5547505402758126e-4,0,0,categories,1395,1573
hawkish,concret,60,1.5547505402758126e-4,0,0,concrete,1293,1112
hawkish,depth,60,1.5547505402758126e-4,0,0,depth,1752,1439
hawkish,era,60,1.5547505402758126e-4,0,0,era,2013,1267
hawkish,fpc,60,1.5547505402758126e-4,0,0,fpc,1697,271
hawkish,lost,60,1.5547505402758126e-4,0,0,lost,2928,2019
hawkish,negoti,60,1.5547505402758126e-4,0,0,negotiations,939,1250
hawkish,root,60,1.5547505402758126e-4,0,0,root,900,1322
hawkish,settl,60,1.5547505402758126e-4,0,0,settled,919,1285
hawkish,spirit,60,1.5547505402758126e-4,0,0,spirit,1292,1177
hawkish,suitabl,60,1.5547505402758126e-4,0,0,suitable,1044,1019
hawkish,turkey,60,1.5547505402758126e-4,0,0,turkey,2509,482
hawkish,widespread,60,1.5547505402758126e-4,0,0,widespread,2558,1984
hawkish,wood,60,1.5547505402758126e-4,0,0,woods,991,667
hawkish,allevi,59,1.528838031271216e-4,0,0,alleviate,550,835
hawkish,assign,59,1.528838031271216e-4,0,0,assigned,940,1231
hawkish,assur,59,1.528838031271216e-4,0,0,assure,695,1469
hawkish,automat,59,1.528838031271216e-4,0,0,automatic,1377,1412
hawkish,built,59,1.528838031271216e-4,0,0,built,2624,2054
hawkish,claim,59,1.528838031271216e-4,0,0,claims,1658,1848
hawkish,dialogu,59,1.528838031271216e-4,0,0,dialogue,1495,958
hawkish,differenti,59,1.528838031271216e-4,0,0,differentials,1124,1648
hawkish,diversifi,59,1.528838031271216e-4,0,0,diversified,1103,1382
hawkish,dramat,59,1.528838031271216e-4,0,0,dramatic,1483,1909
hawkish,eastern,59,1.528838031271216e-4,0,0,eastern,1217,683
hawkish,famili,59,1.528838031271216e-4,0,0,families,1660,1333
hawkish,german,59,1.528838031271216e-4,0,0,german,2022,1081
hawkish,imposs,59,1.528838031271216e-4,0,0,impossible,1420,1174
hawkish,lag,59,1.528838031271216e-4,0,0,lag,1278,2066
hawkish,met,59,1.528838031271216e-4,0,0,met,2195,1733
hawkish,micro,59,1.528838031271216e-4,0,0,micro,3212,1379
hawkish,news,59,1.528838031271216e-4,0,0,news,3499,2023
hawkish,notic,59,1.528838031271216e-4,0,0,notice,1086,1858
hawkish,outward,59,1.528838031271216e-4,0,0,outward,355,233
hawkish,premium,59,1.528838031271216e-4,0,0,premium,3022,1864
hawkish,presenc,59,1.528838031271216e-4,0,0,presence,2331,1597
hawkish,probabl,59,1.528838031271216e-4,0,0,probability,2725,1664
hawkish,sight,59,1.528838031271216e-4,0,0,sight,1272,981
hawkish,sponsor,59,1.528838031271216e-4,0,0,sponsored,1177,1101
hawkish,statut,59,1.528838031271216e-4,0,0,statute,766,548
hawkish,undermin,59,1.528838031271216e-4,0,0,undermine,1052,1659
hawkish,warn,59,1.528838031271216e-4,0,0,warning,831,1118
hawkish,accord,58,1.502925522266619e-4,0,0,accord,1187,1560
hawkish,architectur,58,1.502925522266619e-4,0,0,architecture,1704,1033
hawkish,believ,58,1.502925522266619e-4,0,0,believed,1013,1412
hawkish,characteris,58,1.502925522266619e-4,0,0,characterised,1263,1196
hawkish,chines,58,1.502925522266619e-4,0,0,chinese,2612,1016
hawkish,class,58,1.502925522266619e-4,0,0,class,1381,1524
hawkish,draft,58,1.502925522266619e-4,0,0,draft,1266,1031
hawkish,fast,58,1.502925522266619e-4,0,0,fast,2483,1666
hawkish,foreclosur,58,1.502925522266619e-4,0,0,foreclosure,781,235
hawkish,judgment,58,1.502925522266619e-4,0,0,judgment,1719,1384
hawkish,memori,58,1.502925522266619e-4,0,0,memory,475,805
hawkish,minist,58,1.502925522266619e-4,0,0,minister,1410,1294
hawkish,mismatch,58,1.502925522266619e-4,0,0,mismatch,735,843
hawkish,ordin,58,1.502925522266619e-4,0,0,ordination,839,662
hawkish,packag,58,1.502925522266619e-4,0,0,package,1870,1398
hawkish,recal,58,1.502925522266619e-4,0,0,recall,1338,1379
hawkish,request,58,1.502925522266619e-4,0,0,request,718,1044
hawkish,restructur,58,1.502925522266619e-4,0,0,restructuring,3204,1643
hawkish,scienc,58,1.502925522266619e-4,0,0,science,1430,931
hawkish,statutori,58,1.502925522266619e-4,0,0,statutory,1831,1033
hawkish,threaten,58,1.502925522266619e-4,0,0,threaten,837,1597
hawkish,treatment,58,1.502925522266619e-4,0,0,treatment,1510,1132
hawkish,accompani,57,1.4770130132620222e-4,0,0,accompanied,2349,2491
hawkish,deterior,57,1.4770130132620222e-4,0,0,deterioration,2773,2621
hawkish,exclud,57,1.4770130132620222e-4,0,0,excluding,2610,2434
hawkish,game,57,1.4770130132620222e-4,0,0,game,1247,961
hawkish,intent,57,1.4770130132620222e-4,0,0,intention,1084,1885
hawkish,interbank,57,1.4770130132620222e-4,0,0,interbank,2702,1250
hawkish,obvious,57,1.4770130132620222e-4,0,0,obvious,2412,1878
hawkish,sell,57,1.4770130132620222e-4,0,0,sell,1875,2030
hawkish,slight,57,1.4770130132620222e-4,0,0,slightly,3788,2576
hawkish,store,57,1.4770130132620222e-4,0,0,store,805,851
hawkish,theme,57,1.4770130132620222e-4,0,0,theme,1826,1680
hawkish,trillion,57,1.4770130132620222e-4,0,0,trillion,5150,1898
hawkish,unlik,57,1.4770130132620222e-4,0,0,unlike,1890,1567
hawkish,urban,57,1.4770130132620222e-4,0,0,urban,2547,953
hawkish,bankruptci,56,1.4511005042574252e-4,0,0,bankruptcy,1284,826
hawkish,central,56,1.4511005042574252e-4,0,0,centrally,409,583
hawkish,chain,56,1.4511005042574252e-4,0,0,chain,1965,1696
hawkish,emphas,56,1.4511005042574252e-4,0,0,emphasize,1398,1830
hawkish,expenditur,56,1.4511005042574252e-4,0,0,expenditure,3003,2140
hawkish,green,56,1.4511005042574252e-4,0,0,green,2844,813
hawkish,ident,56,1.4511005042574252e-4,0,0,identity,739,815
hawkish,impress,56,1.4511005042574252e-4,0,0,impressive,1160,1576
hawkish,inevit,56,1.4511005042574252e-4,0,0,inevitably,1489,2058
hawkish,input,56,1.4511005042574252e-4,0,0,input,2199,1955
hawkish,pursuit,56,1.4511005042574252e-4,0,0,pursuit,1459,1141
hawkish,quot,56,1.4511005042574252e-4,0,0,quote,769,1151
hawkish,ration,56,1.4511005042574252e-4,0,0,rational,1110,1012
hawkish,revers,56,1.4511005042574252e-4,0,0,reverse,2107,2875
hawkish,tension,56,1.4511005042574252e-4,0,0,tensions,1694,1266
hawkish,theoret,56,1.4511005042574252e-4,0,0,theoretical,1464,1071
hawkish,valu,56,1.4511005042574252e-4,0,0,values,3478,2317
hawkish,art,55,1.4251879952528285e-4,0,0,art,908,713
hawkish,dividend,55,1.4251879952528285e-4,0,0,dividend,771,719
hawkish,doubl,55,1.4251879952528285e-4,0,0,double,1718,2044
hawkish,extraordinari,55,1.4251879952528285e-4,0,0,extraordinary,2165,1494
hawkish,geograph,55,1.4251879952528285e-4,0,0,geographical,692,1026
hawkish,pan,55,1.4251879952528285e-4,0,0,pan,850,408
hawkish,parallel,55,1.4251879952528285e-4,0,0,parallel,1478,1282
hawkish,prevail,55,1.4251879952528285e-4,0,0,prevailing,1615,2090
hawkish,react,55,1.4251879952528285e-4,0,0,react,1588,1661
hawkish,recognit,55,1.4251879952528285e-4,0,0,recognition,2149,1610
hawkish,rough,55,1.4251879952528285e-4,0,0,roughly,2562,1935
hawkish,sanction,55,1.4251879952528285e-4,0,0,sanctions,882,596
hawkish,stop,55,1.4251879952528285e-4,0,0,stop,1425,1811
hawkish,strict,55,1.4251879952528285e-4,0,0,strict,1040,1215
hawkish,african,54,1.3992754862482315e-4,0,0,african,4096,645
hawkish,amend,54,1.3992754862482315e-4,0,0,amendments,625,998
hawkish,closer,54,1.3992754862482315e-4,0,0,closer,2649,2074
hawkish,curv,54,1.3992754862482315e-4,0,0,curve,6999,2035
hawkish,daili,54,1.3992754862482315e-4,0,0,daily,2485,1611
hawkish,membership,54,1.3992754862482315e-4,0,0,membership,1363,829
hawkish,mix,54,1.3992754862482315e-4,0,0,mix,1773,1763
hawkish,multipl,54,1.3992754862482315e-4,0,0,multiple,2580,1854
hawkish,peg,54,1.3992754862482315e-4,0,0,peg,536,537
hawkish,percept,54,1.3992754862482315e-4,0,0,perception,1644,1887
hawkish,rose,54,1.3992754862482315e-4,0,0,rose,3965,2361
hawkish,school,54,1.3992754862482315e-4,0,0,school,2786,1710
hawkish,advis,53,1.3733629772436345e-4,0,0,advised,735,976
hawkish,anniversari,53,1.3733629772436345e-4,0,0,anniversary,1139,719
hawkish,favor,53,1.3733629772436345e-4,0,0,favorable,2051,1575
hawkish,hear,53,1.3733629772436345e-4,0,0,hear,1151,1580
hawkish,investig,53,1.3733629772436345e-4,0,0,investigation,472,828
hawkish,momentum,53,1.3733629772436345e-4,0,0,momentum,3270,2011
hawkish,part,53,1.3733629772436345e-4,0,0,partly,3752,2445
hawkish,profil,53,1.3733629772436345e-4,0,0,profile,1645,1422
hawkish,prompt,53,1.3733629772436345e-4,0,0,prompt,955,1981
hawkish,recov,53,1.3733629772436345e-4,0,0,recover,2030,2671
hawkish,saver,53,1.3733629772436345e-4,0,0,savers,1125,683
hawkish,sharp,53,1.3733629772436345e-4,0,0,sharp,5221,3042
hawkish,simultan,53,1.3733629772436345e-4,0,0,simultaneously,1405,1449
hawkish,systemat,53,1.3733629772436345e-4,0,0,systematic,901,1033
hawkish,turkish,53,1.3733629772436345e-4,0,0,turkish,1926,261
hawkish,weaken,53,1.3733629772436345e-4,0,0,weakening,1728,2480
hawkish,wrong,53,1.3733629772436345e-4,0,0,wrong,1941,1421
hawkish,age,52,1.3474504682390377e-4,0,0,age,4361,2337
hawkish,complic,52,1.3474504682390377e-4,0,0,complicated,1303,1691
hawkish,correspond,52,1.3474504682390377e-4,0,0,correspondent,412,1249
hawkish,decisionmak,52,1.3474504682390377e-4,0,0,decisionmaking,450,360
hawkish,drawn,52,1.3474504682390377e-4,0,0,drawn,1799,1487
hawkish,employe,52,1.3474504682390377e-4,0,0,employees,3630,1679
hawkish,episod,52,1.3474504682390377e-4,0,0,episodes,1892,1880
hawkish,european,52,1.3474504682390377e-4,0,0,europeans,582,358
hawkish,firewal,52,1.3474504682390377e-4,0,0,firewalls,120,104
hawkish,handl,52,1.3474504682390377e-4,0,0,handle,750,1282
hawkish,healthi,52,1.3474504682390377e-4,0,0,healthy,2280,1626
hawkish,heavili,52,1.3474504682390377e-4,0,0,heavily,1902,1555
hawkish,overnight,52,1.3474504682390377e-4,0,0,overnight,3271,1521
hawkish,owe,52,1.3474504682390377e-4,0,0,owing,1590,1565
hawkish,phenomenon,52,1.3474504682390377e-4,0,0,phenomenon,2120,1569
hawkish,sudden,52,1.3474504682390377e-4,0,0,sudden,1539,1543
hawkish,summit,52,1.3474504682390377e-4,0,0,summit,1427,857
hawkish,train,52,1.3474504682390377e-4,0,0,training,2530,1606
hawkish,turmoil,52,1.3474504682390377e-4,0,0,turmoil,2930,1251
hawkish,unpreced,52,1.3474504682390377e-4,0,0,unprecedented,2493,1825
hawkish,wit,52,1.3474504682390377e-4,0,0,witnessed,1468,1579
hawkish,withdraw,52,1.3474504682390377e-4,0,0,withdrawal,971,1386
hawkish,bretton,51,1.3215379592344408e-4,0,0,bretton,759,400
hawkish,ground,51,1.3215379592344408e-4,0,0,ground,1256,1777
hawkish,lisbon,51,1.3215379592344408e-4,0,0,lisbon,670,280
hawkish,manufactur,51,1.3215379592344408e-4,0,0,manufacturing,5340,2306
hawkish,methodolog,51,1.3215379592344408e-4,0,0,methodology,1021,956
hawkish,prosper,51,1.3215379592344408e-4,0,0,prosperity,2147,1670
hawkish,treat,51,1.3215379592344408e-4,0,0,treated,750,1085
hawkish,upward,51,1.3215379592344408e-4,0,0,upward,4928,2854
hawkish,complementari,50,1.295625450229844e-4,0,0,complementary,1122,896
hawkish,composit,50,1.295625450229844e-4,0,0,composition,2179,1653
hawkish,confront,50,1.295625450229844e-4,0,0,confronted,828,1468
hawkish,democrat,50,1.295625450229844e-4,0,0,democratic,1002,712
hawkish,diverg,50,1.295625450229844e-4,0,0,divergence,1006,1322
hawkish,emphasi,50,1.295625450229844e-4,0,0,emphasis,2338,1669
hawkish,esrb,50,1.295625450229844e-4,0,0,esrb,1043,209
hawkish,indonesia,50,1.295625450229844e-4,0,0,indonesia,5774,531
hawkish,leader,50,1.295625450229844e-4,0,0,leaders,2528,1755
hawkish,raiffeisen,50,1.295625450229844e-4,0,0,raiffeisen,82,20
hawkish,refinanc,50,1.295625450229844e-4,0,0,refinancing,2508,1128
hawkish,relianc,50,1.295625450229844e-4,0,0,reliance,1561,1075
hawkish,repeat,50,1.295625450229844e-4,0,0,repeatedly,759,1840
hawkish,substitut,50,1.295625450229844e-4,0,0,substitute,958,1551
hawkish,team,50,1.295625450229844e-4,0,0,team,1078,945
hawkish,util,50,1.295625450229844e-4,0,0,utilization,1291,1587
hawkish,zone,50,1.295625450229844e-4,0,0,zone,1085,737
hawkish,coupl,49,1.269712941225247e-4,0,0,couple,2317,2534
hawkish,cyclic,49,1.269712941225247e-4,0,0,cyclical,4295,2325
hawkish,deliveri,49,1.269712941225247e-4,0,0,delivery,2227,1293
hawkish,enlarg,49,1.269712941225247e-4,0,0,enlargement,812,604
hawkish,expert,49,1.269712941225247e-4,0,0,experts,1680,1493
hawkish,guest,49,1.269712941225247e-4,0,0,guests,1555,753
hawkish,introductori,49,1.269712941225247e-4,0,0,introductory,953,737
hawkish,landscap,49,1.269712941225247e-4,0,0,landscape,1726,1145
hawkish,match,49,1.269712941225247e-4,0,0,match,850,1479
hawkish,neutral,49,1.269712941225247e-4,0,0,neutral,2674,1210
hawkish,popular,49,1.269712941225247e-4,0,0,popular,959,998
hawkish,proceed,49,1.269712941225247e-4,0,0,proceed,862,2105
hawkish,quantiti,49,1.269712941225247e-4,0,0,quantity,1676,1342
hawkish,sole,49,1.269712941225247e-4,0,0,solely,1180,1420
hawkish,websit,49,1.269712941225247e-4,0,0,website,2001,1398
hawkish,actor,48,1.2438004322206503e-4,0,0,actors,964,694
hawkish,conglomer,48,1.2438004322206503e-4,0,0,conglomerates,355,204
hawkish,contagion,48,1.2438004322206503e-4,0,0,contagion,2199,1103
hawkish,freedom,48,1.2438004322206503e-4,0,0,freedom,1050,726
hawkish,front,48,1.2438004322206503e-4,0,0,front,2562,2179
hawkish,ideal,48,1.2438004322206503e-4,0,0,ideal,612,918
hawkish,jean,48,1.2438004322206503e-4,0,0,jean,1113,795
hawkish,paid,48,1.2438004322206503e-4,0,0,paid,2972,1993
hawkish,preced,48,1.2438004322206503e-4,0,0,preceding,1018,1472
hawkish,russian,48,1.2438004322206503e-4,0,0,russian,1583,508
hawkish,sophist,48,1.2438004322206503e-4,0,0,sophisticated,1481,1329
hawkish,space,48,1.2438004322206503e-4,0,0,space,2018,1327
hawkish,translat,48,1.2438004322206503e-4,0,0,translate,663,1473
hawkish,unexpect,48,1.2438004322206503e-4,0,0,unexpected,1639,1425
hawkish,western,48,1.2438004322206503e-4,0,0,western,1065,620
hawkish,argentina,47,1.2178879232160533e-4,0,0,argentina,778,314
hawkish,comparison,47,1.2178879232160533e-4,0,0,comparison,2232,1907
hawkish,contrari,47,1.2178879232160533e-4,0,0,contrary,1649,1331
hawkish,driver,47,1.2178879232160533e-4,0,0,drivers,1481,1609
hawkish,grown,47,1.2178879232160533e-4,0,0,grown,2280,1720
hawkish,heart,47,1.2178879232160533e-4,0,0,heart,1389,1162
hawkish,hit,47,1.2178879232160533e-4,0,0,hit,2653,2177
hawkish,implicit,47,1.2178879232160533e-4,0,0,implicit,1180,1054
hawkish,kingdom,47,1.2178879232160533e-4,0,0,kingdom,3155,1608
hawkish,magnitud,47,1.2178879232160533e-4,0,0,magnitude,1988,1585
hawkish,merchant,47,1.2178879232160533e-4,0,0,merchants,786,456
hawkish,migrat,47,1.2178879232160533e-4,0,0,migration,1198,771
hawkish,morn,47,1.2178879232160533e-4,0,0,morning,1901,1544
hawkish,paramet,47,1.2178879232160533e-4,0,0,parameters,1260,864
hawkish,privileg,47,1.2178879232160533e-4,0,0,privilege,712,902
hawkish,realis,47,1.2178879232160533e-4,0,0,realised,691,1311
hawkish,regist,47,1.2178879232160533e-4,0,0,registered,1136,1210
hawkish,renew,47,1.2178879232160533e-4,0,0,renewed,1448,1701
hawkish,securit,47,1.2178879232160533e-4,0,0,securitization,1173,704
hawkish,valuat,47,1.2178879232160533e-4,0,0,valuation,1527,1291
hawkish,behavior,46,1.1919754142114565e-4,0,0,behavior,2907,1631
hawkish,belief,46,1.1919754142114565e-4,0,0,belief,894,885
hawkish,crypto,46,1.1919754142114565e-4,0,0,crypto,1227,135
hawkish,danger,46,1.1919754142114565e-4,0,0,danger,818,1327
hawkish,dedic,46,1.1919754142114565e-4,0,0,dedicated,726,864
hawkish,deeper,46,1.1919754142114565e-4,0,0,deeper,1548,1252
hawkish,duti,46,1.1919754142114565e-4,0,0,duty,722,902
hawkish,elabor,46,1.1919754142114565e-4,0,0,elaborate,1159,1280
hawkish,explan,46,1.1919754142114565e-4,0,0,explanation,1871,1555
hawkish,fear,46,1.1919754142114565e-4,0,0,fear,1444,1845
hawkish,graph,46,1.1919754142114565e-4,0,0,graph,5077,520
hawkish,mission,46,1.1919754142114565e-4,0,0,mission,1241,911
hawkish,owner,46,1.1919754142114565e-4,0,0,owners,1205,917
hawkish,put,46,1.1919754142114565e-4,0,0,putting,2129,1782
hawkish,solv,46,1.1919754142114565e-4,0,0,solve,966,1272
hawkish,uniform,46,1.1919754142114565e-4,0,0,uniform,845,810
hawkish,accur,45,1.1660629052068596e-4,0,0,accurate,1149,1439
hawkish,adher,45,1.1660629052068596e-4,0,0,adherence,523,869
hawkish,approxim,45,1.1660629052068596e-4,0,0,approximately,1781,1547
hawkish,ban,45,1.1660629052068596e-4,0,0,ban,183,208
hawkish,break,45,1.1660629052068596e-4,0,0,break,1305,1522
hawkish,compromis,45,1.1660629052068596e-4,0,0,compromise,508,852
hawkish,constrain,45,1.1660629052068596e-4,0,0,constrained,1725,1765
hawkish,court,45,1.1660629052068596e-4,0,0,court,764,533
hawkish,dissemin,45,1.1660629052068596e-4,0,0,dissemination,595,609
hawkish,excel,45,1.1660629052068596e-4,0,0,excellent,841,1130
hawkish,fit,45,1.1660629052068596e-4,0,0,fit,1200,1495
hawkish,minim,45,1.1660629052068596e-4,0,0,minimize,802,1293
hawkish,outflow,45,1.1660629052068596e-4,0,0,outflows,1468,1075
hawkish,peak,45,1.1660629052068596e-4,0,0,peak,3219,2452
hawkish,qualifi,45,1.1660629052068596e-4,0,0,qualified,680,900
hawkish,repay,45,1.1660629052068596e-4,0,0,repayment,970,1126
hawkish,session,45,1.1660629052068596e-4,0,0,session,1021,928
hawkish,surround,45,1.1660629052068596e-4,0,0,surrounding,1589,1538
hawkish,titl,45,1.1660629052068596e-4,0,0,title,808,876
hawkish,troubl,45,1.1660629052068596e-4,0,0,trouble,615,1073
hawkish,unusu,45,1.1660629052068596e-4,0,0,unusual,1338,1593
hawkish,warrant,45,1.1660629052068596e-4,0,0,warranted,1002,1631
hawkish,audienc,44,1.1401503962022627e-4,0,0,audience,1190,1007
hawkish,enorm,44,1.1401503962022627e-4,0,0,enormous,1395,1335
hawkish,legitim,44,1.1401503962022627e-4,0,0,legitimate,614,567
hawkish,read,44,1.1401503962022627e-4,0,0,read,976,1588
hawkish,recess,44,1.1401503962022627e-4,0,0,recession,7039,2811
hawkish,rememb,44,1.1401503962022627e-4,0,0,remember,1669,1565
hawkish,rmb,44,1.1401503962022627e-4,0,0,rmb,1061,160
hawkish,speed,44,1.1401503962022627e-4,0,0,speed,2599,1947
hawkish,tackl,44,1.1401503962022627e-4,0,0,tackle,938,1347
hawkish,techniqu,44,1.1401503962022627e-4,0,0,techniques,1643,1076
hawkish,unnecessari,44,1.1401503962022627e-4,0,0,unnecessary,860,692
hawkish,valid,44,1.1401503962022627e-4,0,0,valid,595,994
hawkish,attach,43,1.1142378871976657e-4,0,0,attached,673,1116
hawkish,budgetari,43,1.1142378871976657e-4,0,0,budgetary,1451,692
hawkish,captur,43,1.1142378871976657e-4,0,0,capture,1436,1759
hawkish,celebr,43,1.1142378871976657e-4,0,0,celebrate,382,768
hawkish,chosen,43,1.1142378871976657e-4,0,0,chosen,1376,1121
hawkish,content,43,1.1142378871976657e-4,0,0,content,955,979
hawkish,correl,43,1.1142378871976657e-4,0,0,correlation,1491,1312
hawkish,countercycl,43,1.1142378871976657e-4,0,0,countercyclical,1229,641
hawkish,deutsch,43,1.1142378871976657e-4,0,0,deutsche,731,480
hawkish,discret,43,1.1142378871976657e-4,0,0,discretion,1476,931
hawkish,expens,43,1.1142378871976657e-4,0,0,expensive,1023,1733
hawkish,faith,43,1.1142378871976657e-4,0,0,faith,569,546
hawkish,feedback,43,1.1142378871976657e-4,0,0,feedback,2078,1256
hawkish,grew,43,1.1142378871976657e-4,0,0,grew,2100,1482
hawkish,honour,43,1.1142378871976657e-4,0,0,honour,795,1149
hawkish,imagin,43,1.1142378871976657e-4,0,0,imagine,965,1054
hawkish,interdepend,43,1.1142378871976657e-4,0,0,interdependence,423,624
hawkish,manipul,43,1.1142378871976657e-4,0,0,manipulation,331,322
hawkish,reaction,43,1.1142378871976657e-4,0,0,reaction,2328,1657
hawkish,riski,43,1.1142378871976657e-4,0,0,risky,1854,1364
hawkish,slow,43,1.1142378871976657e-4,0,0,slow,4181,3983
hawkish,worldwid,43,1.1142378871976657e-4,0,0,worldwide,2091,1475
hawkish,appoint,42,1.0883253781930689e-4,0,0,appointed,575,695
hawkish,benefici,42,1.0883253781930689e-4,0,0,beneficial,1555,1244
hawkish,catch,42,1.0883253781930689e-4,0,0,catch,717,858
hawkish,changeov,42,1.0883253781930689e-4,0,0,changeover,958,271
hawkish,coverag,42,1.0883253781930689e-4,0,0,coverage,1792,1102
hawkish,heighten,42,1.0883253781930689e-4,0,0,heightened,1870,1624
hawkish,imper,42,1.0883253781930689e-4,0,0,imperative,1058,958
hawkish,induc,42,1.0883253781930689e-4,0,0,induced,1069,1592
hawkish,meaning,42,1.0883253781930689e-4,0,0,meaningful,1286,1160
hawkish,numer,42,1.0883253781930689e-4,0,0,numerous,1300,1495
hawkish,penalti,42,1.0883253781930689e-4,0,0,penalty,408,404
hawkish,pictur,42,1.0883253781930689e-4,0,0,picture,2750,1909
hawkish,privaci,42,1.0883253781930689e-4,0,0,privacy,751,292
hawkish,solvenc,42,1.0883253781930689e-4,0,0,solvency,2265,844
hawkish,sought,42,1.0883253781930689e-4,0,0,sought,1384,1150
hawkish,stimul,42,1.0883253781930689e-4,0,0,stimulate,1417,2144
hawkish,voic,42,1.0883253781930689e-4,0,0,voice,525,748
hawkish,ambiti,41,1.062412869188472e-4,0,0,ambitious,1125,889
hawkish,atm,41,1.062412869188472e-4,0,0,atms,666,400
hawkish,bail,41,1.062412869188472e-4,0,0,bail,1007,508
hawkish,calibr,41,1.062412869188472e-4,0,0,calibrated,882,1204
hawkish,ceil,41,1.062412869188472e-4,0,0,ceiling,738,562
hawkish,conveni,41,1.062412869188472e-4,0,0,convenience,576,794
hawkish,deleg,41,1.062412869188472e-4,0,0,delegated,241,562
hawkish,proprietari,41,1.062412869188472e-4,0,0,proprietary,344,212
hawkish,secondari,41,1.062412869188472e-4,0,0,secondary,2223,1187
hawkish,standardis,41,1.062412869188472e-4,0,0,standardised,661,562
hawkish,wait,41,1.062412869188472e-4,0,0,wait,750,1033
hawkish,window,41,1.062412869188472e-4,0,0,window,1535,875
hawkish,write,41,1.062412869188472e-4,0,0,write,894,1103
hawkish,anti,40,1.0365003601838752e-4,0,0,anti,1164,654
hawkish,attack,40,1.0365003601838752e-4,0,0,attacks,1036,798
hawkish,australian,40,1.0365003601838752e-4,0,0,australian,4678,643
hawkish,bit,40,1.0365003601838752e-4,0,0,bit,2443,1585
hawkish,compli,40,1.0365003601838752e-4,0,0,comply,869,920
hawkish,dispos,40,1.0365003601838752e-4,0,0,disposable,1119,1449
hawkish,earthquak,40,1.0365003601838752e-4,0,0,earthquake,777,244
hawkish,exempt,40,1.0365003601838752e-4,0,0,exemption,283,464
hawkish,french,40,1.0365003601838752e-4,0,0,french,697,452
hawkish,identif,40,1.0365003601838752e-4,0,0,identification,1096,767
hawkish,inconsist,40,1.0365003601838752e-4,0,0,inconsistent,587,764
hawkish,item,40,1.0365003601838752e-4,0,0,items,3036,1385
hawkish,nonetheless,40,1.0365003601838752e-4,0,0,nonetheless,2436,1675
hawkish,occasion,40,1.0365003601838752e-4,0,0,occasional,767,903
hawkish,panel,40,1.0365003601838752e-4,0,0,panel,2725,1292
hawkish,peer,40,1.0365003601838752e-4,0,0,peer,815,897
hawkish,prescrib,40,1.0365003601838752e-4,0,0,prescribed,615,603
hawkish,shri,40,1.0365003601838752e-4,0,0,shri,1263,488
hawkish,stay,40,1.0365003601838752e-4,0,0,stay,1661,1999
hawkish,strike,40,1.0365003601838752e-4,0,0,striking,1174,1628
hawkish,succeed,40,1.0365003601838752e-4,0,0,succeed,739,1195
hawkish,unsustain,40,1.0365003601838752e-4,0,0,unsustainable,1304,1019
hawkish,bias,39,1.0105878511792783e-4,0,0,bias,1612,1028
hawkish,certainti,39,1.0105878511792783e-4,0,0,certainty,1275,931
hawkish,comfort,39,1.0105878511792783e-4,0,0,comfort,704,1239
hawkish,convers,39,1.0105878511792783e-4,0,0,conversion,677,1450
hawkish,cra,39,1.0105878511792783e-4,0,0,cra,1445,127
hawkish,easier,39,1.0105878511792783e-4,0,0,easier,2576,1990
hawkish,equival,39,1.0105878511792783e-4,0,0,equivalent,1974,1572
hawkish,exploit,39,1.0105878511792783e-4,0,0,exploit,668,1123
hawkish,faster,39,1.0105878511792783e-4,0,0,faster,4381,2611
hawkish,insolv,39,1.0105878511792783e-4,0,0,insolvency,1097,704
hawkish,korea,39,1.0105878511792783e-4,0,0,korea,2849,791
hawkish,labor,39,1.0105878511792783e-4,0,0,labor,11628,1955
hawkish,meant,39,1.0105878511792783e-4,0,0,meant,2111,1568
hawkish,outset,39,1.0105878511792783e-4,0,0,outset,1116,958
hawkish,prerequisit,39,1.0105878511792783e-4,0,0,prerequisite,761,801
hawkish,profound,39,1.0105878511792783e-4,0,0,profound,1008,1047
hawkish,relax,39,1.0105878511792783e-4,0,0,relaxation,439,921
hawkish,strive,39,1.0105878511792783e-4,0,0,strive,813,1047
hawkish,submit,39,1.0105878511792783e-4,0,0,submitted,695,939
hawkish,tier,39,1.0105878511792783e-4,0,0,tier,1307,751
hawkish,town,39,1.0105878511792783e-4,0,0,town,451,440
hawkish,tremend,39,1.0105878511792783e-4,0,0,tremendous,601,614
hawkish,written,39,1.0105878511792783e-4,0,0,written,1122,874
hawkish,yen,39,1.0105878511792783e-4,0,0,yen,4556,932
hawkish,bulletin,38,9.846753421746815e-5,0,0,bulletin,2176,1173
hawkish,coher,38,9.846753421746815e-5,0,0,coherent,526,527
hawkish,creditworthi,38,9.846753421746815e-5,0,0,creditworthiness,627,635
hawkish,diversif,38,9.846753421746815e-5,0,0,diversification,1697,1019
hawkish,essenc,38,9.846753421746815e-5,0,0,essence,1012,858
hawkish,ignor,38,9.846753421746815e-5,0,0,ignore,713,1001
hawkish,insuffici,38,9.846753421746815e-5,0,0,insufficient,1588,1397
hawkish,letter,38,9.846753421746815e-5,0,0,letter,1129,902
hawkish,nativ,38,9.846753421746815e-5,0,0,native,364,90
hawkish,refin,38,9.846753421746815e-5,0,0,refinance,608,1091
hawkish,ssm,38,9.846753421746815e-5,0,0,ssm,1104,197
hawkish,supplement,38,9.846753421746815e-5,0,0,supplement,527,914
hawkish,thrift,38,9.846753421746815e-5,0,0,thrift,455,291
hawkish,tie,38,9.846753421746815e-5,0,0,tied,582,1148
hawkish,und,38,9.846753421746815e-5,0,0,und,403,199
hawkish,uniti,38,9.846753421746815e-5,0,0,unity,350,231
hawkish,welfar,38,9.846753421746815e-5,0,0,welfare,2671,1576
hawkish,abus,37,9.587628331700846e-5,0,0,abuse,272,364
hawkish,administ,37,9.587628331700846e-5,0,0,administered,829,640
hawkish,born,37,9.587628331700846e-5,0,0,borne,866,1157
hawkish,deregul,37,9.587628331700846e-5,0,0,deregulation,1388,904
hawkish,devot,37,9.587628331700846e-5,0,0,devoted,651,996
hawkish,discount,37,9.587628331700846e-5,0,0,discount,1862,1220
hawkish,eye,37,9.587628331700846e-5,0,0,eye,793,1010
hawkish,fashion,37,9.587628331700846e-5,0,0,fashion,921,956
hawkish,feasibl,37,9.587628331700846e-5,0,0,feasible,854,950
hawkish,gender,37,9.587628331700846e-5,0,0,gender,729,206
hawkish,headquart,37,9.587628331700846e-5,0,0,headquarters,263,223
hawkish,impair,37,9.587628331700846e-5,0,0,impaired,1059,1402
hawkish,interven,37,9.587628331700846e-5,0,0,intervene,823,951
hawkish,lay,37,9.587628331700846e-5,0,0,lay,761,1047
hawkish,massiv,37,9.587628331700846e-5,0,0,massive,1686,1300
hawkish,onlin,37,9.587628331700846e-5,0,0,online,4614,974
hawkish,pronounc,37,9.587628331700846e-5,0,0,pronounced,1431,1218
hawkish,represent,37,9.587628331700846e-5,0,0,representation,631,483
hawkish,satisfi,37,9.587628331700846e-5,0,0,satisfy,569,1008
hawkish,strain,37,9.587628331700846e-5,0,0,strains,920,1083
hawkish,tendenc,37,9.587628331700846e-5,0,0,tendency,1745,1447
hawkish,ukrain,37,9.587628331700846e-5,0,0,ukraine,854,406
hawkish,unabl,37,9.587628331700846e-5,0,0,unable,1370,1104
hawkish,weigh,37,9.587628331700846e-5,0,0,weigh,851,1547
hawkish,advic,36,9.328503241654876e-5,0,0,advice,1159,814
hawkish,aid,36,9.328503241654876e-5,0,0,aid,780,924
hawkish,alongsid,36,9.328503241654876e-5,0,0,alongside,1351,1050
hawkish,character,36,9.328503241654876e-5,0,0,characterized,863,880
hawkish,commerc,36,9.328503241654876e-5,0,0,commerce,2092,1152
hawkish,confeder,36,9.328503241654876e-5,0,0,confederation,463,290
hawkish,debit,36,9.328503241654876e-5,0,0,debit,1087,437
hawkish,dispers,36,9.328503241654876e-5,0,0,dispersion,1182,689
hawkish,entrust,36,9.328503241654876e-5,0,0,entrusted,499,479
hawkish,envisag,36,9.328503241654876e-5,0,0,envisaged,989,1046
hawkish,epc,36,9.328503241654876e-5,0,0,epc,295,49
hawkish,holder,36,9.328503241654876e-5,0,0,holders,1189,886
hawkish,incur,36,9.328503241654876e-5,0,0,incurred,651,947
hawkish,intellectu,36,9.328503241654876e-5,0,0,intellectual,912,674
hawkish,logic,36,9.328503241654876e-5,0,0,logic,618,834
hawkish,ministri,36,9.328503241654876e-5,0,0,ministry,2169,945
hawkish,mpms,36,9.328503241654876e-5,0,0,mpms,156,43
hawkish,panetta,36,9.328503241654876e-5,0,0,panetta,357,99
hawkish,redress,36,9.328503241654876e-5,0,0,redressal,220,257
hawkish,resort,36,9.328503241654876e-5,0,0,resort,1897,1302
hawkish,sovereignti,36,9.328503241654876e-5,0,0,sovereignty,757,405
hawkish,summer,36,9.328503241654876e-5,0,0,summer,2910,2026
hawkish,worker,36,9.328503241654876e-5,0,0,workers,7304,2145
hawkish,banqu,35,9.069378151608907e-5,0,0,banque,390,257
hawkish,basket,35,9.069378151608907e-5,0,0,basket,1026,670
hawkish,bern,35,9.069378151608907e-5,0,0,berne,317,184
hawkish,cbdc,35,9.069378151608907e-5,0,0,cbdc,1472,131
hawkish,dlt,35,9.069378151608907e-5,0,0,dlt,489,78
hawkish,incid,35,9.069378151608907e-5,0,0,incidence,438,643
hawkish,interconnect,35,9.069378151608907e-5,0,0,interconnected,805,827
hawkish,john,35,9.069378151608907e-5,0,0,john,1946,1062
hawkish,kind,35,9.069378151608907e-5,0,0,kinds,1013,879
hawkish,likelihood,35,9.069378151608907e-5,0,0,likelihood,1622,1264
hawkish,lowest,35,9.069378151608907e-5,0,0,lowest,2090,1547
hawkish,newli,35,9.069378151608907e-5,0,0,newly,1083,887
hawkish,pain,35,9.069378151608907e-5,0,0,painful,927,1260
hawkish,print,35,9.069378151608907e-5,0,0,printing,485,587
hawkish,schedul,35,9.069378151608907e-5,0,0,scheduled,1393,1283
hawkish,simplifi,35,9.069378151608907e-5,0,0,simplified,448,750
hawkish,stablecoin,35,9.069378151608907e-5,0,0,stablecoins,743,121
hawkish,steer,35,9.069378151608907e-5,0,0,steering,547,806
hawkish,summari,35,9.069378151608907e-5,0,0,summary,2129,1625
hawkish,surg,35,9.069378151608907e-5,0,0,surge,1807,1572
hawkish,thoma,35,9.069378151608907e-5,0,0,thomas,1348,663
hawkish,tight,35,9.069378151608907e-5,0,0,tight,2346,1751
hawkish,visibl,35,9.069378151608907e-5,0,0,visible,1152,1159
hawkish,wake,35,9.069378151608907e-5,0,0,wake,1539,1280
hawkish,analyz,34,8.810253061562939e-5,0,0,analyze,638,1026
hawkish,cashless,34,8.810253061562939e-5,0,0,cashless,379,155
hawkish,comput,34,8.810253061562939e-5,0,0,computer,1248,1307
hawkish,conceptu,34,8.810253061562939e-5,0,0,conceptual,712,709
hawkish,delay,34,8.810253061562939e-5,0,0,delay,1348,1985
hawkish,der,34,8.810253061562939e-5,0,0,der,482,244
hawkish,downward,34,8.810253061562939e-5,0,0,downward,5383,2653
hawkish,fine,34,8.810253061562939e-5,0,0,fine,1058,956
hawkish,friend,34,8.810253061562939e-5,0,0,friendly,694,1229
hawkish,harm,34,8.810253061562939e-5,0,0,harm,568,932
hawkish,honor,34,8.810253061562939e-5,0,0,honor,610,897
hawkish,laid,34,8.810253061562939e-5,0,0,laid,1290,1101
hawkish,legaci,34,8.810253061562939e-5,0,0,legacy,1105,797
hawkish,perfect,34,8.810253061562939e-5,0,0,perfect,896,1254
hawkish,rigor,34,8.810253061562939e-5,0,0,rigorous,690,793
hawkish,rout,34,8.810253061562939e-5,0,0,route,635,583
hawkish,third,34,8.810253061562939e-5,0,0,thirds,887,1279
hawkish,twelv,34,8.810253061562939e-5,0,0,twelve,1009,677
hawkish,unfair,34,8.810253061562939e-5,0,0,unfair,441,383
hawkish,urgent,34,8.810253061562939e-5,0,0,urgent,794,943
hawkish,usual,34,8.810253061562939e-5,0,0,usual,1569,1182
hawkish,wise,34,8.810253061562939e-5,0,0,wise,605,581
hawkish,worri,34,8.810253061562939e-5,0,0,worry,751,1304
hawkish,arbitrag,33,8.55112797151697e-5,0,0,arbitrage,1385,858
hawkish,autonomi,33,8.55112797151697e-5,0,0,autonomy,1239,538
hawkish,award,33,8.55112797151697e-5,0,0,award,587,497
hawkish,boost,33,8.55112797151697e-5,0,0,boost,2812,2761
hawkish,clarifi,33,8.55112797151697e-5,0,0,clarify,703,1107
hawkish,drop,33,8.55112797151697e-5,0,0,drop,2068,2041
hawkish,fight,33,8.55112797151697e-5,0,0,fight,897,846
hawkish,first,33,8.55112797151697e-5,0,0,firstly,902,682
hawkish,intellig,33,8.55112797151697e-5,0,0,intelligence,1160,704
hawkish,judgement,33,8.55112797151697e-5,0,0,judgement,1452,1049
hawkish,launder,33,8.55112797151697e-5,0,0,laundering,1075,373
hawkish,mandatori,33,8.55112797151697e-5,0,0,mandatory,749,469
hawkish,martin,33,8.55112797151697e-5,0,0,martin,916,592
hawkish,repurchas,33,8.55112797151697e-5,0,0,repurchase,746,515
hawkish,shorter,33,8.55112797151697e-5,0,0,shorter,1144,885
hawkish,steadi,33,8.55112797151697e-5,0,0,steady,2944,1955
hawkish,steadili,33,8.55112797151697e-5,0,0,steadily,2398,1548
hawkish,testimoni,33,8.55112797151697e-5,0,0,testimony,966,697
hawkish,trichet,33,8.55112797151697e-5,0,0,trichet,541,430
hawkish,usd,33,8.55112797151697e-5,0,0,usd,2261,684
hawkish,welcom,33,8.55112797151697e-5,0,0,welcomed,386,731
hawkish,wisdom,33,8.55112797151697e-5,0,0,wisdom,834,633
hawkish,authoris,32,8.292002881471002e-5,0,0,authorised,486,512
hawkish,black,32,8.292002881471002e-5,0,0,black,1228,561
hawkish,bridg,32,8.292002881471002e-5,0,0,bridge,746,793
hawkish,chanc,32,8.292002881471002e-5,0,0,chance,1154,1286
hawkish,charter,32,8.292002881471002e-5,0,0,chartered,491,522
hawkish,chicago,32,8.292002881471002e-5,0,0,chicago,1522,745
hawkish,complaint,32,8.292002881471002e-5,0,0,complaints,483,267
hawkish,conduc,32,8.292002881471002e-5,0,0,conducive,1035,847
hawkish,die,32,8.292002881471002e-5,0,0,die,416,331
hawkish,frequenc,32,8.292002881471002e-5,0,0,frequency,1602,1077
hawkish,imperfect,32,8.292002881471002e-5,0,0,imperfect,563,608
hawkish,instruct,32,8.292002881471002e-5,0,0,instructions,456,709
hawkish,mpc,32,8.292002881471002e-5,0,0,mpc,6361,914
hawkish,nba,32,8.292002881471002e-5,0,0,nba,85,24
hawkish,parent,32,8.292002881471002e-5,0,0,parent,547,502
hawkish,shortag,32,8.292002881471002e-5,0,0,shortage,1375,1410
hawkish,smes,32,8.292002881471002e-5,0,0,smes,1659,460
hawkish,sort,32,8.292002881471002e-5,0,0,sort,1273,1267
hawkish,stake,32,8.292002881471002e-5,0,0,stake,654,665
hawkish,stori,32,8.292002881471002e-5,0,0,story,2418,1627
hawkish,student,32,8.292002881471002e-5,0,0,students,1628,860
hawkish,twenti,32,8.292002881471002e-5,0,0,twenty,1565,1138
hawkish,underestim,32,8.292002881471002e-5,0,0,underestimated,494,832
hawkish,willing,32,8.292002881471002e-5,0,0,willingness,1402,1099
hawkish,acced,31,8.032877791425033e-5,0,0,acceding,246,65
hawkish,admit,31,8.032877791425033e-5,0,0,admittedly,554,917
hawkish,advoc,31,8.032877791425033e-5,0,0,advocated,371,835
hawkish,bilater,31,8.032877791425033e-5,0,0,bilateral,1192,831
hawkish,clariti,31,8.032877791425033e-5,0,0,clarity,1230,884
hawkish,client,31,8.032877791425033e-5,0,0,clients,1204,862
hawkish,compat,31,8.032877791425033e-5,0,0,compatible,740,657
hawkish,competitor,31,8.032877791425033e-5,0,0,competitors,743,624
hawkish,conting,31,8.032877791425033e-5,0,0,contingent,1039,1046
hawkish,david,31,8.032877791425033e-5,0,0,david,1898,1042
hawkish,debtor,31,8.032877791425033e-5,0,0,debtors,474,417
hawkish,deepli,31,8.032877791425033e-5,0,0,deeply,896,782
hawkish,depress,31,8.032877791425033e-5,0,0,depression,1736,1700
hawkish,enshrin,31,8.032877791425033e-5,0,0,enshrined,353,362
hawkish,equip,31,8.032877791425033e-5,0,0,equipment,1893,1574
hawkish,fell,31,8.032877791425033e-5,0,0,fell,3637,2248
hawkish,fellow,31,8.032877791425033e-5,0,0,fellow,722,582
hawkish,file,31,8.032877791425033e-5,0,0,file,298,431
hawkish,frame,31,8.032877791425033e-5,0,0,frame,634,815
hawkish,hour,31,8.032877791425033e-5,0,0,hours,2482,1495
hawkish,inspir,31,8.032877791425033e-5,0,0,inspired,297,658
hawkish,intensifi,31,8.032877791425033e-5,0,0,intensified,1131,1563
hawkish,leadership,31,8.032877791425033e-5,0,0,leadership,1553,941
hawkish,nps,31,8.032877791425033e-5,0,0,nps,91,19
hawkish,obstacl,31,8.032877791425033e-5,0,0,obstacles,875,798
hawkish,par,31,8.032877791425033e-5,0,0,par,543,445
hawkish,paradigm,31,8.032877791425033e-5,0,0,paradigm,884,595
hawkish,portug,31,8.032877791425033e-5,0,0,portugal,946,461
hawkish,premia,31,8.032877791425033e-5,0,0,premia,1994,945
hawkish,pure,31,8.032877791425033e-5,0,0,purely,778,1041
hawkish,realist,31,8.032877791425033e-5,0,0,realistic,846,842
hawkish,risen,31,8.032877791425033e-5,0,0,risen,4035,2316
hawkish,stipul,31,8.032877791425033e-5,0,0,stipulated,351,577
hawkish,subsidi,31,8.032877791425033e-5,0,0,subsidies,873,695
hawkish,suit,31,8.032877791425033e-5,0,0,suited,618,1038
hawkish,tailor,31,8.032877791425033e-5,0,0,tailored,627,742
hawkish,taxpay,31,8.032877791425033e-5,0,0,taxpayers,827,731
hawkish,travel,31,8.032877791425033e-5,0,0,travel,976,894
hawkish,underlin,31,8.032877791425033e-5,0,0,underline,524,870
hawkish,win,31,8.032877791425033e-5,0,0,win,570,551
hawkish,bound,30,7.773752701379063e-5,0,0,bound,3842,1846
hawkish,brand,30,7.773752701379063e-5,0,0,brand,314,304
hawkish,brazil,30,7.773752701379063e-5,0,0,brazil,1239,667
hawkish,brussel,30,7.773752701379063e-5,0,0,brussels,630,490
hawkish,bundesbank,30,7.773752701379063e-5,0,0,bundesbank,828,431
hawkish,campaign,30,7.773752701379063e-5,0,0,campaign,762,425
hawkish,caution,30,7.773752701379063e-5,0,0,caution,1133,978
hawkish,cite,30,7.773752701379063e-5,0,0,cited,714,889
hawkish,convey,30,7.773752701379063e-5,0,0,convey,583,729
hawkish,cope,30,7.773752701379063e-5,0,0,cope,1112,1125
hawkish,cpi,30,7.773752701379063e-5,0,0,cpi,8670,1766
hawkish,decentralis,30,7.773752701379063e-5,0,0,decentralised,428,331
hawkish,deflat,30,7.773752701379063e-5,0,0,deflation,4917,1643
hawkish,distanc,30,7.773752701379063e-5,0,0,distance,655,678
hawkish,disturb,30,7.773752701379063e-5,0,0,disturbances,745,848
hawkish,downturn,30,7.773752701379063e-5,0,0,downturn,2704,1827
hawkish,durat,30,7.773752701379063e-5,0,0,duration,1790,1077
hawkish,embodi,30,7.773752701379063e-5,0,0,embodied,449,683
hawkish,fortun,30,7.773752701379063e-5,0,0,fortunately,747,1176
hawkish,happi,30,7.773752701379063e-5,0,0,happy,1405,1179
hawkish,heard,30,7.773752701379063e-5,0,0,heard,1005,784
hawkish,interconnected,30,7.773752701379063e-5,0,0,interconnectedness,820,475
hawkish,itali,30,7.773752701379063e-5,0,0,italy,1785,853
hawkish,king,30,7.773752701379063e-5,0,0,king,1215,633
hawkish,lehman,30,7.773752701379063e-5,0,0,lehman,1919,942
hawkish,look,30,7.773752701379063e-5,0,0,looked,973,837
hawkish,merit,30,7.773752701379063e-5,0,0,merits,563,866
hawkish,mistak,30,7.773752701379063e-5,0,0,mistakes,679,877
hawkish,oecd,30,7.773752701379063e-5,0,0,oecd,3249,1054
hawkish,opt,30,7.773752701379063e-5,0,0,opt,339,486
hawkish,peso,30,7.773752701379063e-5,0,0,peso,423,211
hawkish,republ,30,7.773752701379063e-5,0,0,republic,1393,706
hawkish,reward,30,7.773752701379063e-5,0,0,reward,369,793
hawkish,rigid,30,7.773752701379063e-5,0,0,rigidities,844,971
hawkish,search,30,7.773752701379063e-5,0,0,search,1524,1319
hawkish,speaker,30,7.773752701379063e-5,0,0,speakers,495,649
hawkish,underway,30,7.773752701379063e-5,0,0,underway,1278,1036
hawkish,unsecur,30,7.773752701379063e-5,0,0,unsecured,1362,640
hawkish,viabl,30,7.773752701379063e-5,0,0,viable,1274,850
hawkish,volcker,30,7.773752701379063e-5,0,0,volcker,479,223
hawkish,wave,30,7.773752701379063e-5,0,0,wave,1039,983
hawkish,widen,30,7.773752701379063e-5,0,0,widening,1260,1702
hawkish,alan,29,7.514627611333095e-5,0,0,alan,1247,776
hawkish,alik,29,7.514627611333095e-5,0,0,alike,703,604
hawkish,analyst,29,7.514627611333095e-5,0,0,analysts,1361,971
hawkish,arriv,29,7.514627611333095e-5,0,0,arrive,337,883
hawkish,attain,29,7.514627611333095e-5,0,0,attainment,498,1060
hawkish,catalyst,29,7.514627611333095e-5,0,0,catalyst,808,616
hawkish,centralis,29,7.514627611333095e-5,0,0,centralised,491,425
hawkish,cftc,29,7.514627611333095e-5,0,0,cftc,114,55
hawkish,depreci,29,7.514627611333095e-5,0,0,depreciation,3102,1844
hawkish,divid,29,7.514627611333095e-5,0,0,divided,676,899
hawkish,english,29,7.514627611333095e-5,0,0,english,870,695
hawkish,exhibit,29,7.514627611333095e-5,0,0,exhibit,540,940
hawkish,grate,29,7.514627611333095e-5,0,0,grateful,1262,1383
hawkish,hicp,29,7.514627611333095e-5,0,0,hicp,1342,529
hawkish,illiquid,29,7.514627611333095e-5,0,0,illiquid,903,728
hawkish,internet,29,7.514627611333095e-5,0,0,internet,1930,903
hawkish,jordan,29,7.514627611333095e-5,0,0,jordan,517,232
hawkish,keynot,29,7.514627611333095e-5,0,0,keynote,982,817
hawkish,manifest,29,7.514627611333095e-5,0,0,manifest,305,881
hawkish,necess,29,7.514627611333095e-5,0,0,necessity,850,829
hawkish,ordinari,29,7.514627611333095e-5,0,0,ordinary,592,460
hawkish,pra,29,7.514627611333095e-5,0,0,pra,1641,278
hawkish,prescript,29,7.514627611333095e-5,0,0,prescriptions,482,621
hawkish,rational,29,7.514627611333095e-5,0,0,rationale,1043,793
hawkish,reap,29,7.514627611333095e-5,0,0,reap,607,751
hawkish,rich,29,7.514627611333095e-5,0,0,rich,1087,884
hawkish,sharpli,29,7.514627611333095e-5,0,0,sharply,3815,2356
hawkish,slovenia,29,7.514627611333095e-5,0,0,slovenia,292,153
hawkish,spring,29,7.514627611333095e-5,0,0,spring,2230,1543
hawkish,street,29,7.514627611333095e-5,0,0,street,1198,894
hawkish,struck,29,7.514627611333095e-5,0,0,struck,532,478
hawkish,struggl,29,7.514627611333095e-5,0,0,struggling,468,997
hawkish,terrorist,29,7.514627611333095e-5,0,0,terrorist,642,386
hawkish,accomplish,28,7.255502521287126e-5,0,0,accomplished,438,874
hawkish,alert,28,7.255502521287126e-5,0,0,alert,593,626
hawkish,alter,28,7.255502521287126e-5,0,0,alter,729,1203
hawkish,arm,28,7.255502521287126e-5,0,0,arms,292,442
hawkish,behalf,28,7.255502521287126e-5,0,0,behalf,1026,895
hawkish,bernank,28,7.255502521287126e-5,0,0,bernanke,2326,965
hawkish,congratul,28,7.255502521287126e-5,0,0,congratulate,494,681
hawkish,deem,28,7.255502521287126e-5,0,0,deemed,801,829
hawkish,deserv,28,7.255502521287126e-5,0,0,deserve,375,731
hawkish,deter,28,7.255502521287126e-5,0,0,deter,132,227
hawkish,fewer,28,7.255502521287126e-5,0,0,fewer,1350,1025
hawkish,fifti,28,7.255502521287126e-5,0,0,fifty,400,353
hawkish,fraud,28,7.255502521287126e-5,0,0,fraud,1039,493
hawkish,grievanc,28,7.255502521287126e-5,0,0,grievance,189,150
hawkish,gsib,28,7.255502521287126e-5,0,0,gsibs,111,40
hawkish,ireland,28,7.255502521287126e-5,0,0,ireland,1558,677
hawkish,iss,28,7.255502521287126e-5,0,0,issing,407,212
hawkish,licens,28,7.255502521287126e-5,0,0,licensing,439,454
hawkish,modest,28,7.255502521287126e-5,0,0,modest,2587,1978
hawkish,multi,28,7.255502521287126e-5,0,0,multi,1350,951
hawkish,north,28,7.255502521287126e-5,0,0,north,1725,893
hawkish,offset,28,7.255502521287126e-5,0,0,offset,2695,2135
hawkish,repositori,28,7.255502521287126e-5,0,0,repositories,203,217
hawkish,shortcom,28,7.255502521287126e-5,0,0,shortcomings,750,604
hawkish,spectrum,28,7.255502521287126e-5,0,0,spectrum,895,707
hawkish,suppos,28,7.255502521287126e-5,0,0,suppose,599,899
hawkish,thousand,28,7.255502521287126e-5,0,0,thousand,450,653
hawkish,transport,28,7.255502521287126e-5,0,0,transportation,988,1136
hawkish,ub,28,7.255502521287126e-5,0,0,ubs,290,143
hawkish,undoubt,28,7.255502521287126e-5,0,0,undoubtedly,1092,943
hawkish,white,28,7.255502521287126e-5,0,0,white,941,483
hawkish,adequaci,27,6.996377431241157e-5,0,0,adequacy,2149,1116
hawkish,aml,27,6.996377431241157e-5,0,0,aml,716,130
hawkish,andrew,27,6.996377431241157e-5,0,0,andrew,1356,841
hawkish,band,27,6.996377431241157e-5,0,0,band,983,609
hawkish,biggest,27,6.996377431241157e-5,0,0,biggest,1248,1035
hawkish,british,27,6.996377431241157e-5,0,0,british,1517,835
hawkish,cap,27,6.996377431241157e-5,0,0,cap,642,617
hawkish,chief,27,6.996377431241157e-5,0,0,chief,974,765
hawkish,claud,27,6.996377431241157e-5,0,0,claude,458,412
hawkish,cluster,27,6.996377431241157e-5,0,0,clusters,160,247
hawkish,combat,27,6.996377431241157e-5,0,0,combat,460,628
hawkish,count,27,6.996377431241157e-5,0,0,count,718,1017
hawkish,crimin,27,6.996377431241157e-5,0,0,criminal,347,239
hawkish,destabil,27,6.996377431241157e-5,0,0,destabilizing,363,436
hawkish,disappear,27,6.996377431241157e-5,0,0,disappeared,434,946
hawkish,elect,27,6.996377431241157e-5,0,0,elected,552,766
hawkish,endeavour,27,6.996377431241157e-5,0,0,endeavour,581,675
hawkish,entitl,27,6.996377431241157e-5,0,0,entitled,626,656
hawkish,estonia,27,6.996377431241157e-5,0,0,estonia,261,127
hawkish,fritz,27,6.996377431241157e-5,0,0,fritz,222,83
hawkish,fruit,27,6.996377431241157e-5,0,0,fruitful,467,969
hawkish,fsr,27,6.996377431241157e-5,0,0,fsr,365,115
hawkish,genuin,27,6.996377431241157e-5,0,0,genuine,922,906
hawkish,government,27,6.996377431241157e-5,0,0,governmental,379,289
hawkish,guard,27,6.996377431241157e-5,0,0,guard,539,612
hawkish,hamper,27,6.996377431241157e-5,0,0,hamper,347,777
hawkish,industrialis,27,6.996377431241157e-5,0,0,industrialised,622,446
hawkish,intra,27,6.996377431241157e-5,0,0,intra,888,531
hawkish,isol,27,6.996377431241157e-5,0,0,isolation,459,779
hawkish,layer,27,6.996377431241157e-5,0,0,layer,313,421
hawkish,legitimaci,27,6.996377431241157e-5,0,0,legitimacy,578,343
hawkish,mass,27,6.996377431241157e-5,0,0,mass,1057,804
hawkish,miss,27,6.996377431241157e-5,0,0,missing,686,1025
hawkish,modifi,27,6.996377431241157e-5,0,0,modified,539,707
hawkish,notion,27,6.996377431241157e-5,0,0,notion,969,957
hawkish,oppos,27,6.996377431241157e-5,0,0,opposed,732,860
hawkish,overview,27,6.996377431241157e-5,0,0,overview,1072,922
hawkish,prof,27,6.996377431241157e-5,0,0,prof,563,260
hawkish,proof,27,6.996377431241157e-5,0,0,proof,521,458
hawkish,render,27,6.996377431241157e-5,0,0,rendered,276,613
hawkish,residenti,27,6.996377431241157e-5,0,0,residential,1759,940
hawkish,sentiment,27,6.996377431241157e-5,0,0,sentiment,2211,1428
hawkish,solidar,27,6.996377431241157e-5,0,0,solidarity,283,170
hawkish,swift,27,6.996377431241157e-5,0,0,swift,714,971
hawkish,threshold,27,6.996377431241157e-5,0,0,threshold,1425,881
hawkish,trader,27,6.996377431241157e-5,0,0,traders,528,364
hawkish,tribal,27,6.996377431241157e-5,0,0,tribal,148,32
hawkish,underscor,27,6.996377431241157e-5,0,0,underscore,344,863
hawkish,unregul,27,6.996377431241157e-5,0,0,unregulated,372,261
hawkish,vigor,27,6.996377431241157e-5,0,0,vigorous,493,742
hawkish,wrote,27,6.996377431241157e-5,0,0,wrote,477,381
hawkish,acut,26,6.737252341195189e-5,0,0,acute,1021,954
hawkish,aftermath,26,6.737252341195189e-5,0,0,aftermath,1489,1202
hawkish,alia,26,6.737252341195189e-5,0,0,alia,579,475
hawkish,annum,26,6.737252341195189e-5,0,0,annum,1001,582
hawkish,appetit,26,6.737252341195189e-5,0,0,appetite,1397,979
hawkish,audit,26,6.737252341195189e-5,0,0,audit,1760,630
hawkish,backdrop,26,6.737252341195189e-5,0,0,backdrop,1750,1367
hawkish,banco,26,6.737252341195189e-5,0,0,banco,756,328
hawkish,chen,26,6.737252341195189e-5,0,0,chen,251,98
hawkish,coincid,26,6.737252341195189e-5,0,0,coincidence,375,980
hawkish,counterpart,26,6.737252341195189e-5,0,0,counterparts,774,946
hawkish,creativ,26,6.737252341195189e-5,0,0,creative,731,710
hawkish,democraci,26,6.737252341195189e-5,0,0,democracy,636,479
hawkish,detect,26,6.737252341195189e-5,0,0,detect,463,700
hawkish,dilig,26,6.737252341195189e-5,0,0,diligence,497,475
hawkish,eme,26,6.737252341195189e-5,0,0,emes,2035,305
hawkish,encompass,26,6.737252341195189e-5,0,0,encompassing,332,839
hawkish,engin,26,6.737252341195189e-5,0,0,engineering,643,1292
hawkish,exit,26,6.737252341195189e-5,0,0,exit,2326,1277
hawkish,forget,26,6.737252341195189e-5,0,0,forget,832,752
hawkish,fragil,26,6.737252341195189e-5,0,0,fragile,902,1135
hawkish,freeli,26,6.737252341195189e-5,0,0,freely,664,549
hawkish,fsa,26,6.737252341195189e-5,0,0,fsa,540,217
hawkish,geopolit,26,6.737252341195189e-5,0,0,geopolitical,1249,820
hawkish,hinder,26,6.737252341195189e-5,0,0,hinder,392,709
hawkish,homeown,26,6.737252341195189e-5,0,0,homeowners,636,294
hawkish,imped,26,6.737252341195189e-5,0,0,impede,342,612
hawkish,insist,26,6.737252341195189e-5,0,0,insist,202,402
hawkish,japanes,26,6.737252341195189e-5,0,0,japanese,5120,1315
hawkish,journey,26,6.737252341195189e-5,0,0,journey,808,558
hawkish,likewis,26,6.737252341195189e-5,0,0,likewise,1107,891
hawkish,listen,26,6.737252341195189e-5,0,0,listening,452,723
hawkish,literaci,26,6.737252341195189e-5,0,0,literacy,1650,433
hawkish,luxembourg,26,6.737252341195189e-5,0,0,luxembourg,423,274
hawkish,marketplac,26,6.737252341195189e-5,0,0,marketplace,672,480
hawkish,opposit,26,6.737252341195189e-5,0,0,opposite,1239,1139
hawkish,patel,26,6.737252341195189e-5,0,0,patel,145,78
hawkish,perimet,26,6.737252341195189e-5,0,0,perimeter,311,202
hawkish,permiss,26,6.737252341195189e-5,0,0,permissible,248,386
hawkish,pertin,26,6.737252341195189e-5,0,0,pertinent,428,359
hawkish,quasi,26,6.737252341195189e-5,0,0,quasi,345,290
hawkish,reject,26,6.737252341195189e-5,0,0,rejected,233,425
hawkish,senat,26,6.737252341195189e-5,0,0,senate,528,440
hawkish,sold,26,6.737252341195189e-5,0,0,sold,989,739
hawkish,spain,26,6.737252341195189e-5,0,0,spain,1803,849
hawkish,summaris,26,6.737252341195189e-5,0,0,summarise,466,746
hawkish,sure,26,6.737252341195189e-5,0,0,surely,1244,944
hawkish,transmit,26,6.737252341195189e-5,0,0,transmitted,850,1055
hawkish,weather,26,6.737252341195189e-5,0,0,weather,1322,1125
hawkish,zurbrugg,26,6.737252341195189e-5,0,0,zurbrugg,211,73
hawkish,albeit,25,6.47812725114922e-5,0,0,albeit,1786,1431
hawkish,auction,25,6.47812725114922e-5,0,0,auctions,1043,644
hawkish,begun,25,6.47812725114922e-5,0,0,begun,1705,1352
hawkish,belong,25,6.47812725114922e-5,0,0,belong,267,494
hawkish,bind,25,6.47812725114922e-5,0,0,binding,703,673
hawkish,bitcoin,25,6.47812725114922e-5,0,0,bitcoin,390,99
hawkish,brother,25,6.47812725114922e-5,0,0,brothers,1212,782
hawkish,candid,25,6.47812725114922e-5,0,0,candidate,334,461
hawkish,circuit,25,6.47812725114922e-5,0,0,circuit,125,109
hawkish,confin,25,6.47812725114922e-5,0,0,confined,565,672
hawkish,defici,25,6.47812725114922e-5,0,0,deficiencies,592,669
hawkish,delight,25,6.47812725114922e-5,0,0,delighted,667,648
hawkish,devis,25,6.47812725114922e-5,0,0,devise,284,603
hawkish,disclos,25,6.47812725114922e-5,0,0,disclose,653,714
hawkish,domain,25,6.47812725114922e-5,0,0,domain,663,633
hawkish,duisenberg,25,6.47812725114922e-5,0,0,duisenberg,935,231
hawkish,enact,25,6.47812725114922e-5,0,0,enacted,549,758
hawkish,exact,25,6.47812725114922e-5,0,0,exact,588,578
hawkish,familiar,25,6.47812725114922e-5,0,0,familiar,1086,1006
hawkish,farmer,25,6.47812725114922e-5,0,0,farmers,732,320
hawkish,fuel,25,6.47812725114922e-5,0,0,fuel,1034,966
hawkish,iosco,25,6.47812725114922e-5,0,0,iosco,605,271
hawkish,microprudenti,25,6.47812725114922e-5,0,0,microprudential,688,322
hawkish,middl,25,6.47812725114922e-5,0,0,middle,3219,2030
hawkish,modif,25,6.47812725114922e-5,0,0,modifications,419,382
hawkish,pari,25,6.47812725114922e-5,0,0,paris,985,584
hawkish,partial,25,6.47812725114922e-5,0,0,partial,826,1259
hawkish,portion,25,6.47812725114922e-5,0,0,portion,1277,1035
hawkish,predomin,25,6.47812725114922e-5,0,0,predominantly,715,959
hawkish,proactiv,25,6.47812725114922e-5,0,0,proactive,720,780
hawkish,proposit,25,6.47812725114922e-5,0,0,proposition,511,450
hawkish,proven,25,6.47812725114922e-5,0,0,proven,1027,877
hawkish,remuner,25,6.47812725114922e-5,0,0,remuneration,648,446
hawkish,safer,25,6.47812725114922e-5,0,0,safer,802,581
hawkish,sec,25,6.47812725114922e-5,0,0,sec,878,234
hawkish,ship,25,6.47812725114922e-5,0,0,shipping,231,332
hawkish,stood,25,6.47812725114922e-5,0,0,stood,1179,957
hawkish,stricter,25,6.47812725114922e-5,0,0,stricter,430,348
hawkish,unchang,25,6.47812725114922e-5,0,0,unchanged,2306,1576
hawkish,unintend,25,6.47812725114922e-5,0,0,unintended,751,514
hawkish,visit,25,6.47812725114922e-5,0,0,visit,505,858
hawkish,watch,25,6.47812725114922e-5,0,0,watch,612,1114
hawkish,yuan,25,6.47812725114922e-5,0,0,yuan,538,156
hawkish,absorpt,24,6.219002161103252e-5,0,0,absorption,601,497
hawkish,advisori,24,6.219002161103252e-5,0,0,advisory,972,541
hawkish,amplifi,24,6.219002161103252e-5,0,0,amplify,612,1071
hawkish,asymmetr,24,6.219002161103252e-5,0,0,asymmetric,949,632
hawkish,broaden,24,6.219002161103252e-5,0,0,broadening,545,1086
hawkish,capitalis,24,6.219002161103252e-5,0,0,capitalisation,479,658
hawkish,ccps,24,6.219002161103252e-5,0,0,ccps,1725,210
hawkish,collateralis,24,6.219002161103252e-5,0,0,collateralised,387,318
hawkish,colleg,24,6.219002161103252e-5,0,0,college,1109,752
hawkish,convict,24,6.219002161103252e-5,0,0,conviction,382,380
hawkish,crime,24,6.219002161103252e-5,0,0,crime,388,243
hawkish,diminish,24,6.219002161103252e-5,0,0,diminished,690,1406
hawkish,discrimin,24,6.219002161103252e-5,0,0,discrimination,400,316
hawkish,eman,24,6.219002161103252e-5,0,0,emanating,426,557
hawkish,empow,24,6.219002161103252e-5,0,0,empower,202,485
hawkish,endors,24,6.219002161103252e-5,0,0,endorsed,382,495
hawkish,exert,24,6.219002161103252e-5,0,0,exert,958,1345
hawkish,foremost,24,6.219002161103252e-5,0,0,foremost,742,676
hawkish,friction,24,6.219002161103252e-5,0,0,frictions,798,561
hawkish,friedman,24,6.219002161103252e-5,0,0,friedman,893,370
hawkish,gcc,24,6.219002161103252e-5,0,0,gcc,111,49
hawkish,gear,24,6.219002161103252e-5,0,0,geared,588,760
hawkish,hundr,24,6.219002161103252e-5,0,0,hundred,486,676
hawkish,inadequ,24,6.219002161103252e-5,0,0,inadequate,1244,983
hawkish,incomplet,24,6.219002161103252e-5,0,0,incomplete,769,667
hawkish,ineffici,24,6.219002161103252e-5,0,0,inefficient,621,879
hawkish,interim,24,6.219002161103252e-5,0,0,interim,760,513
hawkish,junctur,24,6.219002161103252e-5,0,0,juncture,745,645
hawkish,lcr,24,6.219002161103252e-5,0,0,lcr,618,131
hawkish,minimis,24,6.219002161103252e-5,0,0,minimise,630,853
hawkish,ncbs,24,6.219002161103252e-5,0,0,ncbs,465,133
hawkish,overlap,24,6.219002161103252e-5,0,0,overlapping,233,450
hawkish,panic,24,6.219002161103252e-5,0,0,panic,803,537
hawkish,partnership,24,6.219002161103252e-5,0,0,partnership,778,744
hawkish,pull,24,6.219002161103252e-5,0,0,pull,606,829
hawkish,relief,24,6.219002161103252e-5,0,0,relief,870,612
hawkish,seiz,24,6.219002161103252e-5,0,0,seize,288,511
hawkish,surviv,24,6.219002161103252e-5,0,0,survive,498,752
hawkish,suscept,24,6.219002161103252e-5,0,0,susceptible,403,404
hawkish,toler,24,6.219002161103252e-5,0,0,tolerance,570,801
hawkish,truth,24,6.219002161103252e-5,0,0,truth,686,576
hawkish,version,24,6.219002161103252e-5,0,0,version,1101,897
hawkish,versus,24,6.219002161103252e-5,0,0,versus,1234,870
hawkish,wall,24,6.219002161103252e-5,0,0,wall,644,579
hawkish,articul,23,5.959877071057282e-5,0,0,articulated,340,543
hawkish,attitud,23,5.959877071057282e-5,0,0,attitude,737,1021
hawkish,bust,23,5.959877071057282e-5,0,0,bust,922,672
hawkish,confus,23,5.959877071057282e-5,0,0,confusion,354,613
hawkish,corner,23,5.959877071057282e-5,0,0,corner,327,365
hawkish,culmin,23,5.959877071057282e-5,0,0,culminated,121,352
hawkish,disord,23,5.959877071057282e-5,0,0,disorderly,661,565
hawkish,equat,23,5.959877071057282e-5,0,0,equation,827,599
hawkish,famous,23,5.959877071057282e-5,0,0,famous,651,714
hawkish,greenspan,23,5.959877071057282e-5,0,0,greenspan,1240,685
hawkish,han,23,5.959877071057282e-5,0,0,hans,173,151
hawkish,indispens,23,5.959877071057282e-5,0,0,indispensable,696,592
hawkish,insid,23,5.959877071057282e-5,0,0,inside,814,779
hawkish,instant,23,5.959877071057282e-5,0,0,instant,732,337
hawkish,machin,23,5.959877071057282e-5,0,0,machine,665,592
hawkish,manoeuvr,23,5.959877071057282e-5,0,0,manoeuvre,447,366
hawkish,maxim,23,5.959877071057282e-5,0,0,maximize,307,524
hawkish,misalign,23,5.959877071057282e-5,0,0,misalignments,259,338
hawkish,mpm,23,5.959877071057282e-5,0,0,mpm,538,147
hawkish,overwhelm,23,5.959877071057282e-5,0,0,overwhelming,307,577
hawkish,rare,23,5.959877071057282e-5,0,0,rare,601,961
hawkish,reiter,23,5.959877071057282e-5,0,0,reiterate,505,705
hawkish,remitt,23,5.959877071057282e-5,0,0,remittances,547,379
hawkish,resist,23,5.959877071057282e-5,0,0,resistance,378,828
hawkish,roadmap,23,5.959877071057282e-5,0,0,roadmap,526,346
hawkish,stringent,23,5.959877071057282e-5,0,0,stringent,650,532
hawkish,supran,23,5.959877071057282e-5,0,0,supranational,394,264
hawkish,switch,23,5.959877071057282e-5,0,0,switch,756,942
hawkish,symposium,23,5.959877071057282e-5,0,0,symposium,1466,873
hawkish,tomorrow,23,5.959877071057282e-5,0,0,tomorrow,897,670
hawkish,tune,23,5.959877071057282e-5,0,0,tuning,462,708
hawkish,weaker,23,5.959877071057282e-5,0,0,weaker,2496,1692
hawkish,workshop,23,5.959877071057282e-5,0,0,workshop,726,472
hawkish,amid,22,5.700751981011314e-5,0,0,amid,1452,910
hawkish,aspir,22,5.700751981011314e-5,0,0,aspirations,240,494
hawkish,autom,22,5.700751981011314e-5,0,0,automated,579,638
hawkish,breaker,22,5.700751981011314e-5,0,0,breakers,57,37
hawkish,brief,22,5.700751981011314e-5,0,0,briefing,330,253
hawkish,cautious,22,5.700751981011314e-5,0,0,cautious,1689,1369
hawkish,cee,22,5.700751981011314e-5,0,0,cee,76,19
hawkish,charact,22,5.700751981011314e-5,0,0,character,592,505
hawkish,circl,22,5.700751981011314e-5,0,0,circle,731,838
hawkish,civil,22,5.700751981011314e-5,0,0,civil,597,476
hawkish,classic,22,5.700751981011314e-5,0,0,classic,550,674
hawkish,conserv,22,5.700751981011314e-5,0,0,conservative,667,787
hawkish,criterion,22,5.700751981011314e-5,0,0,criterion,446,327
hawkish,daniel,22,5.700751981011314e-5,0,0,daniel,709,446
hawkish,disadvantag,22,5.700751981011314e-5,0,0,disadvantages,326,674
hawkish,divis,22,5.700751981011314e-5,0,0,division,818,705
hawkish,econometr,22,5.700751981011314e-5,0,0,econometric,675,499
hawkish,embed,22,5.700751981011314e-5,0,0,embedded,1040,911
hawkish,entrepreneur,22,5.700751981011314e-5,0,0,entrepreneurs,794,483
hawkish,fora,22,5.700751981011314e-5,0,0,fora,490,371
hawkish,forex,22,5.700751981011314e-5,0,0,forex,1112,345
hawkish,illeg,22,5.700751981011314e-5,0,0,illegal,356,233
hawkish,inappropri,22,5.700751981011314e-5,0,0,inappropriate,601,582
hawkish,interchang,22,5.700751981011314e-5,0,0,interchange,535,182
hawkish,interview,22,5.700751981011314e-5,0,0,interview,254,362
hawkish,map,22,5.700751981011314e-5,0,0,map,598,635
hawkish,metric,22,5.700751981011314e-5,0,0,metrics,663,542
hawkish,neighbour,22,5.700751981011314e-5,0,0,neighbouring,249,396
hawkish,notwithstand,22,5.700751981011314e-5,0,0,notwithstanding,1273,1057
hawkish,outright,22,5.700751981011314e-5,0,0,outright,1248,769
hawkish,pragmat,22,5.700751981011314e-5,0,0,pragmatic,348,359
hawkish,prolong,22,5.700751981011314e-5,0,0,prolonged,2177,1579
hawkish,qualit,22,5.700751981011314e-5,0,0,qualitative,1358,989
hawkish,quantifi,22,5.700751981011314e-5,0,0,quantify,461,696
hawkish,rba,22,5.700751981011314e-5,0,0,rba,2639,356
hawkish,reluct,22,5.700751981011314e-5,0,0,reluctant,717,881
hawkish,rmbs,22,5.700751981011314e-5,0,0,rmbs,346,75
hawkish,rrbs,22,5.700751981011314e-5,0,0,rrbs,312,100
hawkish,seller,22,5.700751981011314e-5,0,0,sellers,366,384
hawkish,send,22,5.700751981011314e-5,0,0,send,487,671
hawkish,shop,22,5.700751981011314e-5,0,0,shopping,337,543
hawkish,softwar,22,5.700751981011314e-5,0,0,software,1107,599
hawkish,stream,22,5.700751981011314e-5,0,0,stream,410,529
hawkish,subordin,22,5.700751981011314e-5,0,0,subordinated,439,343
hawkish,summar,22,5.700751981011314e-5,0,0,summarize,496,739
hawkish,triparti,22,5.700751981011314e-5,0,0,triparty,166,61
hawkish,use,22,5.700751981011314e-5,0,0,usefulness,349,453
hawkish,wors,22,5.700751981011314e-5,0,0,worse,1515,1157
hawkish,ab,21,5.4416268909653444e-5,0,0,abs,1232,319
hawkish,abcp,21,5.4416268909653444e-5,0,0,abcp,225,101
hawkish,ant,21,5.4416268909653444e-5,0,0,ante,921,623
hawkish,app,21,5.4416268909653444e-5,0,0,app,831,302
hawkish,appeal,21,5.4416268909653444e-5,0,0,appeal,351,506
hawkish,avers,21,5.4416268909653444e-5,0,0,aversion,1068,960
hawkish,bcs,21,5.4416268909653444e-5,0,0,bcs,296,86
hawkish,bigger,21,5.4416268909653444e-5,0,0,bigger,1030,782
hawkish,blinder,21,5.4416268909653444e-5,0,0,blinder,409,165
hawkish,capita,21,5.4416268909653444e-5,0,0,capita,1729,793
hawkish,cast,21,5.4416268909653444e-5,0,0,cast,330,423
hawkish,chapter,21,5.4416268909653444e-5,0,0,chapter,890,668
hawkish,conform,21,5.4416268909653444e-5,0,0,conform,165,395
hawkish,contemporari,21,5.4416268909653444e-5,0,0,contemporary,359,323
hawkish,cornerston,21,5.4416268909653444e-5,0,0,cornerstone,304,370
hawkish,dampen,21,5.4416268909653444e-5,0,0,dampen,556,1029
hawkish,deploy,21,5.4416268909653444e-5,0,0,deployed,432,917
hawkish,durabl,21,5.4416268909653444e-5,0,0,durable,1288,1112
hawkish,error,21,5.4416268909653444e-5,0,0,errors,1119,952
hawkish,eur,21,5.4416268909653444e-5,0,0,eur,803,310
hawkish,exacerb,21,5.4416268909653444e-5,0,0,exacerbated,772,1288
hawkish,extract,21,5.4416268909653444e-5,0,0,extraction,301,591
hawkish,fdic,21,5.4416268909653444e-5,0,0,fdic,865,288
hawkish,focuss,21,5.4416268909653444e-5,0,0,focussed,494,539
hawkish,globe,21,5.4416268909653444e-5,0,0,globe,1021,813
hawkish,kyc,21,5.4416268909653444e-5,0,0,kyc,474,170
hawkish,land,21,5.4416268909653444e-5,0,0,land,1574,999
hawkish,merg,21,5.4416268909653444e-5,0,0,merged,144,278
hawkish,microeconom,21,5.4416268909653444e-5,0,0,microeconomic,483,355
hawkish,netherland,21,5.4416268909653444e-5,0,0,netherlands,926,494
hawkish,nonfinanci,21,5.4416268909653444e-5,0,0,nonfinancial,598,364
hawkish,organiz,21,5.4416268909653444e-5,0,0,organizational,508,336
hawkish,padoa,21,5.4416268909653444e-5,0,0,padoa,204,117
hawkish,peac,21,5.4416268909653444e-5,0,0,peace,490,407
hawkish,pick,21,5.4416268909653444e-5,0,0,pick,2422,2382
hawkish,rank,21,5.4416268909653444e-5,0,0,ranking,414,835
hawkish,readili,21,5.4416268909653444e-5,0,0,readily,917,753
hawkish,receipt,21,5.4416268909653444e-5,0,0,receipts,529,426
hawkish,revolut,21,5.4416268909653444e-5,0,0,revolution,1708,840
hawkish,subcommitte,21,5.4416268909653444e-5,0,0,subcommittee,292,151
hawkish,suiss,21,5.4416268909653444e-5,0,0,suisse,308,136
hawkish,territori,21,5.4416268909653444e-5,0,0,territory,1354,1061
hawkish,tighter,21,5.4416268909653444e-5,0,0,tighter,1575,1106
hawkish,unifi,21,5.4416268909653444e-5,0,0,unified,621,506
hawkish,unwind,21,5.4416268909653444e-5,0,0,unwinding,803,860
hawkish,upsid,21,5.4416268909653444e-5,0,0,upside,2253,1223
hawkish,variat,21,5.4416268909653444e-5,0,0,variation,912,977
hawkish,virtu,21,5.4416268909653444e-5,0,0,virtue,366,432
hawkish,wto,21,5.4416268909653444e-5,0,0,wto,322,194
hawkish,banca,20,5.182501800919376e-5,0,0,banca,188,114
hawkish,baselin,20,5.182501800919376e-5,0,0,baseline,1815,815
hawkish,boj,20,5.182501800919376e-5,0,0,boj,851,180
hawkish,boston,20,5.182501800919376e-5,0,0,boston,535,313
hawkish,boundari,20,5.182501800919376e-5,0,0,boundaries,507,502
hawkish,bureau,20,5.182501800919376e-5,0,0,bureau,1904,1012
hawkish,buyer,20,5.182501800919376e-5,0,0,buyers,696,611
hawkish,clean,20,5.182501800919376e-5,0,0,clean,545,529
hawkish,club,20,5.182501800919376e-5,0,0,club,990,642
hawkish,compel,20,5.182501800919376e-5,0,0,compelling,446,649
hawkish,complac,20,5.182501800919376e-5,0,0,complacency,645,812
hawkish,compos,20,5.182501800919376e-5,0,0,composed,387,377
hawkish,concert,20,5.182501800919376e-5,0,0,concerted,504,526
hawkish,conduit,20,5.182501800919376e-5,0,0,conduits,215,247
hawkish,conscious,20,5.182501800919376e-5,0,0,conscious,591,652
hawkish,contractu,20,5.182501800919376e-5,0,0,contractual,511,371
hawkish,deni,20,5.182501800919376e-5,0,0,deny,290,556
hawkish,embark,20,5.182501800919376e-5,0,0,embarked,408,691
hawkish,fill,20,5.182501800919376e-5,0,0,fill,536,814
hawkish,finalis,20,5.182501800919376e-5,0,0,finalised,286,464
hawkish,flight,20,5.182501800919376e-5,0,0,flight,605,448
hawkish,gas,20,5.182501800919376e-5,0,0,gas,1884,759
hawkish,haircut,20,5.182501800919376e-5,0,0,haircuts,571,318
hawkish,harder,20,5.182501800919376e-5,0,0,harder,1232,967
hawkish,headlin,20,5.182501800919376e-5,0,0,headline,2245,1228
hawkish,impuls,20,5.182501800919376e-5,0,0,impulses,419,574
hawkish,ingredi,20,5.182501800919376e-5,0,0,ingredient,307,469
hawkish,interfer,20,5.182501800919376e-5,0,0,interference,283,427
hawkish,kohn,20,5.182501800919376e-5,0,0,kohn,404,205
hawkish,lakh,20,5.182501800919376e-5,0,0,lakh,458,211
hawkish,luca,20,5.182501800919376e-5,0,0,lucas,422,312
hawkish,neglect,20,5.182501800919376e-5,0,0,neglect,297,533
hawkish,optimis,20,5.182501800919376e-5,0,0,optimise,138,304
hawkish,outbreak,20,5.182501800919376e-5,0,0,outbreak,864,594
hawkish,paul,20,5.182501800919376e-5,0,0,paul,1054,708
hawkish,penetr,20,5.182501800919376e-5,0,0,penetration,644,434
hawkish,politician,20,5.182501800919376e-5,0,0,politicians,667,444
hawkish,prize,20,5.182501800919376e-5,0,0,prize,464,354
hawkish,proud,20,5.182501800919376e-5,0,0,proud,468,440
hawkish,proxim,20,5.182501800919376e-5,0,0,proximity,290,359
hawkish,schioppa,20,5.182501800919376e-5,0,0,schioppa,198,115
hawkish,scrutini,20,5.182501800919376e-5,0,0,scrutiny,677,579
hawkish,secretari,20,5.182501800919376e-5,0,0,secretary,796,574
hawkish,singapor,20,5.182501800919376e-5,0,0,singapore,827,462
hawkish,site,20,5.182501800919376e-5,0,0,site,1280,819
hawkish,soft,20,5.182501800919376e-5,0,0,soft,948,714
hawkish,spot,20,5.182501800919376e-5,0,0,spot,927,698
hawkish,supplier,20,5.182501800919376e-5,0,0,suppliers,648,595
hawkish,tarullo,20,5.182501800919376e-5,0,0,tarullo,297,118
hawkish,trajectori,20,5.182501800919376e-5,0,0,trajectory,894,699
hawkish,turner,20,5.182501800919376e-5,0,0,turner,251,101
hawkish,unilater,20,5.182501800919376e-5,0,0,unilateral,170,192
hawkish,unlimit,20,5.182501800919376e-5,0,0,unlimited,665,486
hawkish,urg,20,5.182501800919376e-5,0,0,urge,439,633
hawkish,verifi,20,5.182501800919376e-5,0,0,verify,317,378
hawkish,voluntari,20,5.182501800919376e-5,0,0,voluntary,793,532
hawkish,wholli,20,5.182501800919376e-5,0,0,wholly,448,343
hawkish,william,20,5.182501800919376e-5,0,0,williams,632,620
hawkish,worst,20,5.182501800919376e-5,0,0,worst,1224,969
hawkish,assembl,19,4.923376710873407e-5,0,0,assembly,408,469
hawkish,ben,19,4.923376710873407e-5,0,0,ben,1583,891
hawkish,blockchain,19,4.923376710873407e-5,0,0,blockchain,230,99
hawkish,bulk,19,4.923376710873407e-5,0,0,bulk,833,679
hawkish,cft,19,4.923376710873407e-5,0,0,cft,166,55
hawkish,command,19,4.923376710873407e-5,0,0,command,205,275
hawkish,conjunct,19,4.923376710873407e-5,0,0,conjunction,548,501
hawkish,defenc,19,4.923376710873407e-5,0,0,defence,699,542
hawkish,detriment,19,4.923376710873407e-5,0,0,detrimental,381,502
hawkish,emiss,19,4.923376710873407e-5,0,0,emissions,1008,279
hawkish,endang,19,4.923376710873407e-5,0,0,endanger,210,353
hawkish,fallen,19,4.923376710873407e-5,0,0,fallen,4121,2304
hawkish,fals,19,4.923376710873407e-5,0,0,false,495,374
hawkish,flaw,19,4.923376710873407e-5,0,0,flaws,213,402
hawkish,harvard,19,4.923376710873407e-5,0,0,harvard,419,317
hawkish,heavi,19,4.923376710873407e-5,0,0,heavy,950,816
hawkish,interplay,19,4.923376710873407e-5,0,0,interplay,377,323
hawkish,invoic,19,4.923376710873407e-5,0,0,invoicing,318,218
hawkish,modernis,19,4.923376710873407e-5,0,0,modernisation,220,283
hawkish,msbs,19,4.923376710873407e-5,0,0,msbs,115,27
hawkish,nbfc,19,4.923376710873407e-5,0,0,nbfc,383,73
hawkish,off,19,4.923376710873407e-5,0,0,offs,869,590
hawkish,pervas,19,4.923376710873407e-5,0,0,pervasive,347,323
hawkish,piec,19,4.923376710873407e-5,0,0,piece,586,808
hawkish,pilot,19,4.923376710873407e-5,0,0,pilot,669,417
hawkish,pro,19,4.923376710873407e-5,0,0,pro,1212,753
hawkish,race,19,4.923376710873407e-5,0,0,race,582,370
hawkish,raw,19,4.923376710873407e-5,0,0,raw,768,560
hawkish,recours,19,4.923376710873407e-5,0,0,recourse,499,393
hawkish,reinvest,19,4.923376710873407e-5,0,0,reinvestment,650,527
hawkish,scarc,19,4.923376710873407e-5,0,0,scarce,480,525
hawkish,sixth,19,4.923376710873407e-5,0,0,sixth,626,518
hawkish,sofr,19,4.923376710873407e-5,0,0,sofr,91,22
hawkish,spite,19,4.923376710873407e-5,0,0,spite,553,475
hawkish,substant,19,4.923376710873407e-5,0,0,substantive,329,314
hawkish,synergi,19,4.923376710873407e-5,0,0,synergies,469,505
hawkish,tech,19,4.923376710873407e-5,0,0,tech,1127,582
hawkish,tucker,19,4.923376710873407e-5,0,0,tucker,382,156
hawkish,undu,19,4.923376710873407e-5,0,0,undue,521,465
hawkish,unfold,19,4.923376710873407e-5,0,0,unfolding,324,762
hawkish,unstabl,19,4.923376710873407e-5,0,0,unstable,698,575
hawkish,villag,19,4.923376710873407e-5,0,0,villages,449,257
hawkish,violat,19,4.923376710873407e-5,0,0,violations,185,381
hawkish,abund,18,4.664251620827438e-5,0,0,abundant,639,704
hawkish,annex,18,4.664251620827438e-5,0,0,annex,433,265
hawkish,bottom,18,4.664251620827438e-5,0,0,bottom,1446,1253
hawkish,certif,18,4.664251620827438e-5,0,0,certificates,297,438
hawkish,commensur,18,4.664251620827438e-5,0,0,commensurate,508,517
hawkish,dealt,18,4.664251620827438e-5,0,0,dealt,563,514
hawkish,discontinu,18,4.664251620827438e-5,0,0,discontinued,166,370
hawkish,door,18,4.664251620827438e-5,0,0,door,333,424
hawkish,ecosystem,18,4.664251620827438e-5,0,0,ecosystem,738,377
hawkish,elev,18,4.664251620827438e-5,0,0,elevated,2398,1629
hawkish,embrac,18,4.664251620827438e-5,0,0,embrace,341,620
hawkish,europa,18,4.664251620827438e-5,0,0,europa,109,70
hawkish,finish,18,4.664251620827438e-5,0,0,finish,378,618
hawkish,graduat,18,4.664251620827438e-5,0,0,graduates,379,547
hawkish,halt,18,4.664251620827438e-5,0,0,halt,424,507
hawkish,hurt,18,4.664251620827438e-5,0,0,hurt,334,418
hawkish,inabl,18,4.664251620827438e-5,0,0,inability,462,424
hawkish,inject,18,4.664251620827438e-5,0,0,injection,459,945
hawkish,invas,18,4.664251620827438e-5,0,0,invasion,377,238
hawkish,keen,18,4.664251620827438e-5,0,0,keen,507,587
hawkish,keyn,18,4.664251620827438e-5,0,0,keynes,673,298
hawkish,les,18,4.664251620827438e-5,0,0,les,182,93
hawkish,lira,18,4.664251620827438e-5,0,0,lira,853,232
hawkish,logist,18,4.664251620827438e-5,0,0,logistics,288,385
hawkish,lord,18,4.664251620827438e-5,0,0,lord,411,259
hawkish,mislead,18,4.664251620827438e-5,0,0,misleading,487,467
hawkish,ombudsman,18,4.664251620827438e-5,0,0,ombudsman,214,87
hawkish,phone,18,4.664251620827438e-5,0,0,phone,595,509
hawkish,pledg,18,4.664251620827438e-5,0,0,pledge,248,434
hawkish,preclud,18,4.664251620827438e-5,0,0,preclude,144,225
hawkish,precondit,18,4.664251620827438e-5,0,0,precondition,529,617
hawkish,preliminari,18,4.664251620827438e-5,0,0,preliminary,858,680
hawkish,pretti,18,4.664251620827438e-5,0,0,pretty,970,648
hawkish,problemat,18,4.664251620827438e-5,0,0,problematic,452,421
hawkish,remedi,18,4.664251620827438e-5,0,0,remedy,283,656
hawkish,remit,18,4.664251620827438e-5,0,0,remit,931,539
hawkish,sequenc,18,4.664251620827438e-5,0,0,sequence,575,704
hawkish,spur,18,4.664251620827438e-5,0,0,spur,409,783
hawkish,streamlin,18,4.664251620827438e-5,0,0,streamline,220,499
hawkish,submiss,18,4.664251620827438e-5,0,0,submission,232,265
hawkish,swing,18,4.664251620827438e-5,0,0,swings,984,887
hawkish,talent,18,4.664251620827438e-5,0,0,talent,597,428
hawkish,taught,18,4.664251620827438e-5,0,0,taught,530,452
hawkish,text,18,4.664251620827438e-5,0,0,text,1370,771
hawkish,thirti,18,4.664251620827438e-5,0,0,thirty,701,559
hawkish,upgrad,18,4.664251620827438e-5,0,0,upgrade,381,793
hawkish,volunt,18,4.664251620827438e-5,0,0,volunteering,174,59
hawkish,abandon,17,4.4051265307814694e-5,0,0,abandoned,359,584
hawkish,afternoon,17,4.4051265307814694e-5,0,0,afternoon,852,767
hawkish,ambit,17,4.4051265307814694e-5,0,0,ambition,238,391
hawkish,ampl,17,4.4051265307814694e-5,0,0,ample,1593,1062
hawkish,aros,17,4.4051265307814694e-5,0,0,arose,408,376
hawkish,asymmetri,17,4.4051265307814694e-5,0,0,asymmetry,483,538
hawkish,atlant,17,4.4051265307814694e-5,0,0,atlantic,515,366
hawkish,box,17,4.4051265307814694e-5,0,0,box,970,701
hawkish,burst,17,4.4051265307814694e-5,0,0,bursting,724,767
hawkish,career,17,4.4051265307814694e-5,0,0,career,848,606
hawkish,ccyb,17,4.4051265307814694e-5,0,0,ccyb,454,54
hawkish,clarif,17,4.4051265307814694e-5,0,0,clarification,262,261
hawkish,contempl,17,4.4051265307814694e-5,0,0,contemplated,189,490
hawkish,contin,17,4.4051265307814694e-5,0,0,continent,689,483
hawkish,controversi,17,4.4051265307814694e-5,0,0,controversial,320,460
hawkish,defend,17,4.4051265307814694e-5,0,0,defend,345,447
hawkish,demograph,17,4.4051265307814694e-5,0,0,demographic,2061,1135
hawkish,descript,17,4.4051265307814694e-5,0,0,description,907,794
hawkish,dilemma,17,4.4051265307814694e-5,0,0,dilemma,632,521
hawkish,disagr,17,4.4051265307814694e-5,0,0,disagreement,210,222
hawkish,discourag,17,4.4051265307814694e-5,0,0,discourage,435,825
hawkish,dispar,17,4.4051265307814694e-5,0,0,disparities,456,465
hawkish,disproportion,17,4.4051265307814694e-5,0,0,disproportionately,390,573
hawkish,disput,17,4.4051265307814694e-5,0,0,dispute,301,437
hawkish,distant,17,4.4051265307814694e-5,0,0,distant,486,402
hawkish,downsid,17,4.4051265307814694e-5,0,0,downside,3480,1935
hawkish,encount,17,4.4051265307814694e-5,0,0,encountered,295,543
hawkish,endeavor,17,4.4051265307814694e-5,0,0,endeavor,289,440
hawkish,forese,17,4.4051265307814694e-5,0,0,foreseeable,606,910
hawkish,frontier,17,4.4051265307814694e-5,0,0,frontier,654,467
hawkish,fsoc,17,4.4051265307814694e-5,0,0,fsoc,275,74
hawkish,fuell,17,4.4051265307814694e-5,0,0,fuelled,422,478
hawkish,hindsight,17,4.4051265307814694e-5,0,0,hindsight,592,475
hawkish,illus,17,4.4051265307814694e-5,0,0,illusion,291,265
hawkish,imfc,17,4.4051265307814694e-5,0,0,imfc,98,57
hawkish,incident,17,4.4051265307814694e-5,0,0,incidentally,364,359
hawkish,inertia,17,4.4051265307814694e-5,0,0,inertia,368,238
hawkish,intrins,17,4.4051265307814694e-5,0,0,intrinsic,371,408
hawkish,irrespect,17,4.4051265307814694e-5,0,0,irrespective,559,489
hawkish,justic,17,4.4051265307814694e-5,0,0,justice,576,442
hawkish,legislatur,17,4.4051265307814694e-5,0,0,legislature,123,123
hawkish,mere,17,4.4051265307814694e-5,0,0,mere,586,526
hawkish,mine,17,4.4051265307814694e-5,0,0,mining,1534,693
hawkish,overlook,17,4.4051265307814694e-5,0,0,overlooked,284,437
hawkish,pdf,17,4.4051265307814694e-5,0,0,pdf,1501,549
hawkish,pertain,17,4.4051265307814694e-5,0,0,pertaining,470,549
hawkish,place,17,4.4051265307814694e-5,0,0,placing,576,534
hawkish,premis,17,4.4051265307814694e-5,0,0,premise,346,471
hawkish,prepay,17,4.4051265307814694e-5,0,0,prepayment,205,144
hawkish,procycl,17,4.4051265307814694e-5,0,0,procyclicality,433,436
hawkish,protection,17,4.4051265307814694e-5,0,0,protectionism,637,376
hawkish,punish,17,4.4051265307814694e-5,0,0,punishment,91,221
hawkish,randal,17,4.4051265307814694e-5,0,0,randall,172,141
hawkish,rebuild,17,4.4051265307814694e-5,0,0,rebuilding,392,518
hawkish,rediscount,17,4.4051265307814694e-5,0,0,rediscount,85,77
hawkish,rescu,17,4.4051265307814694e-5,0,0,rescue,406,400
hawkish,reviv,17,4.4051265307814694e-5,0,0,revival,624,764
hawkish,satisfact,17,4.4051265307814694e-5,0,0,satisfaction,486,335
hawkish,season,17,4.4051265307814694e-5,0,0,seasonally,622,754
hawkish,shin,17,4.4051265307814694e-5,0,0,shin,485,232
hawkish,simpler,17,4.4051265307814694e-5,0,0,simpler,566,372
hawkish,sizeabl,17,4.4051265307814694e-5,0,0,sizeable,1065,790
hawkish,sydney,17,4.4051265307814694e-5,0,0,sydney,862,460
hawkish,tap,17,4.4051265307814694e-5,0,0,tap,401,507
hawkish,tell,17,4.4051265307814694e-5,0,0,tells,509,754
hawkish,undesir,17,4.4051265307814694e-5,0,0,undesirable,811,731
hawkish,unif,17,4.4051265307814694e-5,0,0,unification,314,196
hawkish,upsw,17,4.4051265307814694e-5,0,0,upswing,694,511
hawkish,usa,17,4.4051265307814694e-5,0,0,usa,713,432
hawkish,viabil,17,4.4051265307814694e-5,0,0,viability,732,551
hawkish,weekend,17,4.4051265307814694e-5,0,0,weekend,257,211
hawkish,wind,17,4.4051265307814694e-5,0,0,wind,835,774
hawkish,withstand,17,4.4051265307814694e-5,0,0,withstand,837,716
hawkish,zurich,17,4.4051265307814694e-5,0,0,zurich,456,288
hawkish,abrupt,16,4.146001440735501e-5,0,0,abrupt,730,832
hawkish,adult,16,4.146001440735501e-5,0,0,adults,438,357
hawkish,arrc,16,4.146001440735501e-5,0,0,arrc,76,14
hawkish,artifici,16,4.146001440735501e-5,0,0,artificial,541,557
hawkish,backstop,16,4.146001440735501e-5,0,0,backstop,780,586
hawkish,broke,16,4.146001440735501e-5,0,0,broke,350,345
hawkish,cds,16,4.146001440735501e-5,0,0,cds,869,325
hawkish,census,16,4.146001440735501e-5,0,0,census,434,246
hawkish,chancellor,16,4.146001440735501e-5,0,0,chancellor,690,378
hawkish,conceiv,16,4.146001440735501e-5,0,0,conceivable,267,588
hawkish,decept,16,4.146001440735501e-5,0,0,deceptive,171,142
hawkish,declar,16,4.146001440735501e-5,0,0,declared,324,745
hawkish,deduct,16,4.146001440735501e-5,0,0,deduction,83,234
hawkish,deshmukh,16,4.146001440735501e-5,0,0,deshmukh,77,22
hawkish,destabilis,16,4.146001440735501e-5,0,0,destabilising,318,388
hawkish,destruct,16,4.146001440735501e-5,0,0,destruction,551,539
hawkish,digitalis,16,4.146001440735501e-5,0,0,digitalisation,490,230
hawkish,disappoint,16,4.146001440735501e-5,0,0,disappointing,538,814
hawkish,display,16,4.146001440735501e-5,0,0,display,432,696
hawkish,dissent,16,4.146001440735501e-5,0,0,dissenting,114,112
hawkish,dri,16,4.146001440735501e-5,0,0,dried,226,549
hawkish,ecofin,16,4.146001440735501e-5,0,0,ecofin,372,238
hawkish,endur,16,4.146001440735501e-5,0,0,enduring,333,514
hawkish,ensu,16,4.146001440735501e-5,0,0,ensuing,477,602
hawkish,escap,16,4.146001440735501e-5,0,0,escape,451,541
hawkish,euro,16,4.146001440735501e-5,0,0,euros,647,313
hawkish,exhaust,16,4.146001440735501e-5,0,0,exhausted,295,545
hawkish,fca,16,4.146001440735501e-5,0,0,fca,565,237
hawkish,feed,16,4.146001440735501e-5,0,0,feed,769,953
hawkish,femal,16,4.146001440735501e-5,0,0,female,555,215
hawkish,floor,16,4.146001440735501e-5,0,0,floor,919,670
hawkish,forthcom,16,4.146001440735501e-5,0,0,forthcoming,1524,998
hawkish,fresh,16,4.146001440735501e-5,0,0,fresh,2062,957
hawkish,grain,16,4.146001440735501e-5,0,0,grain,251,230
hawkish,hansu,16,4.146001440735501e-5,0,0,hansueli,67,12
hawkish,heterogen,16,4.146001440735501e-5,0,0,heterogeneity,626,602
hawkish,hong,16,4.146001440735501e-5,0,0,hong,1038,463
hawkish,imparti,16,4.146001440735501e-5,0,0,impartial,111,124
hawkish,increment,16,4.146001440735501e-5,0,0,incremental,496,468
hawkish,indebted,16,4.146001440735501e-5,0,0,indebtedness,948,584
hawkish,inequ,16,4.146001440735501e-5,0,0,inequality,1702,619
hawkish,inventori,16,4.146001440735501e-5,0,0,inventory,1084,942
hawkish,journalist,16,4.146001440735501e-5,0,0,journalists,171,183
hawkish,kong,16,4.146001440735501e-5,0,0,kong,951,441
hawkish,length,16,4.146001440735501e-5,0,0,length,848,739
hawkish,licenc,16,4.146001440735501e-5,0,0,licence,232,190
hawkish,mileston,16,4.146001440735501e-5,0,0,milestone,399,530
hawkish,mode,16,4.146001440735501e-5,0,0,mode,743,576
hawkish,mumbai,16,4.146001440735501e-5,0,0,mumbai,668,490
hawkish,navig,16,4.146001440735501e-5,0,0,navigate,309,474
hawkish,neglig,16,4.146001440735501e-5,0,0,negligible,409,415
hawkish,oca,16,4.146001440735501e-5,0,0,oca,183,31
hawkish,opaqu,16,4.146001440735501e-5,0,0,opaque,450,425
hawkish,otmar,16,4.146001440735501e-5,0,0,otmar,226,166
hawkish,pariti,16,4.146001440735501e-5,0,0,parity,580,418
hawkish,park,16,4.146001440735501e-5,0,0,park,221,230
hawkish,philosophi,16,4.146001440735501e-5,0,0,philosophy,404,333
hawkish,polic,16,4.146001440735501e-5,0,0,police,224,257
hawkish,pradesh,16,4.146001440735501e-5,0,0,pradesh,233,98
hawkish,predecessor,16,4.146001440735501e-5,0,0,predecessor,256,423
hawkish,proportion,16,4.146001440735501e-5,0,0,proportionate,402,338
hawkish,quota,16,4.146001440735501e-5,0,0,quota,334,214
hawkish,raggenbass,16,4.146001440735501e-5,0,0,raggenbass,67,12
hawkish,rebalanc,16,4.146001440735501e-5,0,0,rebalancing,1255,654
hawkish,reddi,16,4.146001440735501e-5,0,0,reddy,481,223
hawkish,rulebook,16,4.146001440735501e-5,0,0,rulebook,361,197
hawkish,scientif,16,4.146001440735501e-5,0,0,scientific,652,434
hawkish,secretariat,16,4.146001440735501e-5,0,0,secretariat,222,178
hawkish,sit,16,4.146001440735501e-5,0,0,sit,357,553
hawkish,sphere,16,4.146001440735501e-5,0,0,sphere,465,479
hawkish,srm,16,4.146001440735501e-5,0,0,srm,248,77
hawkish,straightforward,16,4.146001440735501e-5,0,0,straightforward,825,739
hawkish,substanc,16,4.146001440735501e-5,0,0,substance,325,281
hawkish,tangibl,16,4.146001440735501e-5,0,0,tangible,758,599
hawkish,temporarili,16,4.146001440735501e-5,0,0,temporarily,1619,1242
hawkish,tietmey,16,4.146001440735501e-5,0,0,tietmeyer,56,22
hawkish,twin,16,4.146001440735501e-5,0,0,twin,579,433
hawkish,umpir,16,4.146001440735501e-5,0,0,umpire,25,13
hawkish,unambigu,16,4.146001440735501e-5,0,0,unambiguous,184,324
hawkish,undergo,16,4.146001440735501e-5,0,0,undergoing,461,618
hawkish,utilis,16,4.146001440735501e-5,0,0,utilisation,805,697
hawkish,van,16,4.146001440735501e-5,0,0,van,746,448
hawkish,wish,16,4.146001440735501e-5,0,0,wishes,269,555
hawkish,bold,15,3.8868763506895316e-5,0,0,bold,604,513
hawkish,cambridg,15,3.8868763506895316e-5,0,0,cambridge,1098,628
hawkish,ceas,15,3.8868763506895316e-5,0,0,cease,272,487
hawkish,chamber,15,3.8868763506895316e-5,0,0,chamber,772,604
hawkish,clearer,15,3.8868763506895316e-5,0,0,clearer,793,694
hawkish,con,15,3.8868763506895316e-5,0,0,cons,222,249
hawkish,crash,15,3.8868763506895316e-5,0,0,crash,616,454
hawkish,crore,15,3.8868763506895316e-5,0,0,crore,1023,273
hawkish,deflationari,15,3.8868763506895316e-5,0,0,deflationary,1625,788
hawkish,destin,15,3.8868763506895316e-5,0,0,destination,503,574
hawkish,devalu,15,3.8868763506895316e-5,0,0,devaluation,424,437
hawkish,discoveri,15,3.8868763506895316e-5,0,0,discovery,603,426
hawkish,dual,15,3.8868763506895316e-5,0,0,dual,1316,733
hawkish,eager,15,3.8868763506895316e-5,0,0,eager,148,224
hawkish,electr,15,3.8868763506895316e-5,0,0,electricity,1210,957
hawkish,essay,15,3.8868763506895316e-5,0,0,essays,178,215
hawkish,fare,15,3.8868763506895316e-5,0,0,fared,167,318
hawkish,fintech,15,3.8868763506895316e-5,0,0,fintech,2252,422
hawkish,foot,15,3.8868763506895316e-5,0,0,footing,417,557
hawkish,forefront,15,3.8868763506895316e-5,0,0,forefront,468,430
hawkish,goeth,15,3.8868763506895316e-5,0,0,goethe,116,73
hawkish,honest,15,3.8868763506895316e-5,0,0,honest,284,302
hawkish,horizont,15,3.8868763506895316e-5,0,0,horizontal,354,254
hawkish,ill,15,3.8868763506895316e-5,0,0,ill,360,455
hawkish,inaugur,15,3.8868763506895316e-5,0,0,inaugural,431,550
hawkish,interag,15,3.8868763506895316e-5,0,0,interagency,371,205
hawkish,lamfalussi,15,3.8868763506895316e-5,0,0,lamfalussy,328,143
hawkish,lift,15,3.8868763506895316e-5,0,0,lift,800,1064
hawkish,loui,15,3.8868763506895316e-5,0,0,louis,589,328
hawkish,metal,15,3.8868763506895316e-5,0,0,metals,371,394
hawkish,metropolitan,15,3.8868763506895316e-5,0,0,metropolitan,416,285
hawkish,mexican,15,3.8868763506895316e-5,0,0,mexican,1201,379
hawkish,motto,15,3.8868763506895316e-5,0,0,motto,254,181
hawkish,multin,15,3.8868763506895316e-5,0,0,multinational,335,291
hawkish,ncds,15,3.8868763506895316e-5,0,0,ncds,53,20
hawkish,normalis,15,3.8868763506895316e-5,0,0,normalisation,844,626
hawkish,onset,15,3.8868763506895316e-5,0,0,onset,999,785
hawkish,outsourc,15,3.8868763506895316e-5,0,0,outsourcing,487,353
hawkish,overse,15,3.8868763506895316e-5,0,0,oversee,301,495
hawkish,paramount,15,3.8868763506895316e-5,0,0,paramount,390,355
hawkish,parliamentari,15,3.8868763506895316e-5,0,0,parliamentary,325,246
hawkish,phenomena,15,3.8868763506895316e-5,0,0,phenomena,483,394
hawkish,philosoph,15,3.8868763506895316e-5,0,0,philosopher,93,177
hawkish,preparatori,15,3.8868763506895316e-5,0,0,preparatory,287,187
hawkish,princeton,15,3.8868763506895316e-5,0,0,princeton,877,509
hawkish,propon,15,3.8868763506895316e-5,0,0,proponents,245,211
hawkish,protectionist,15,3.8868763506895316e-5,0,0,protectionist,416,296
hawkish,rajan,15,3.8868763506895316e-5,0,0,rajan,560,302
hawkish,reconstruct,15,3.8868763506895316e-5,0,0,reconstruction,495,340
hawkish,resum,15,3.8868763506895316e-5,0,0,resume,455,737
hawkish,riskier,15,3.8868763506895316e-5,0,0,riskier,723,543
hawkish,robert,15,3.8868763506895316e-5,0,0,robert,1065,774
hawkish,roll,15,3.8868763506895316e-5,0,0,roll,509,965
hawkish,rome,15,3.8868763506895316e-5,0,0,rome,273,194
hawkish,rubl,15,3.8868763506895316e-5,0,0,ruble,783,160
hawkish,rupe,15,3.8868763506895316e-5,0,0,rupee,967,287
hawkish,sceptic,15,3.8868763506895316e-5,0,0,scepticism,214,401
hawkish,sea,15,3.8868763506895316e-5,0,0,sea,464,380
hawkish,span,15,3.8868763506895316e-5,0,0,span,371,583
hawkish,specialis,15,3.8868763506895316e-5,0,0,specialised,331,446
hawkish,specialist,15,3.8868763506895316e-5,0,0,specialists,263,348
hawkish,taylor,15,3.8868763506895316e-5,0,0,taylor,2072,608
hawkish,templat,15,3.8868763506895316e-5,0,0,template,111,133
hawkish,tenor,15,3.8868763506895316e-5,0,0,tenor,214,198
hawkish,termin,15,3.8868763506895316e-5,0,0,termination,219,485
hawkish,thank,15,3.8868763506895316e-5,0,0,thanking,248,479
hawkish,told,15,3.8868763506895316e-5,0,0,told,760,637
hawkish,tribe,15,3.8868763506895316e-5,0,0,tribes,45,39
hawkish,turnov,15,3.8868763506895316e-5,0,0,turnover,1141,599
hawkish,umbrella,15,3.8868763506895316e-5,0,0,umbrella,422,221
hawkish,unavoid,15,3.8868763506895316e-5,0,0,unavoidable,424,447
hawkish,utmost,15,3.8868763506895316e-5,0,0,utmost,838,729
hawkish,admir,14,3.627751260643563e-5,0,0,admiration,54,195
hawkish,advent,14,3.627751260643563e-5,0,0,advent,451,359
hawkish,alarm,14,3.627751260643563e-5,0,0,alarm,118,226
hawkish,allot,14,3.627751260643563e-5,0,0,allotment,369,301
hawkish,altogeth,14,3.627751260643563e-5,0,0,altogether,469,429
hawkish,array,14,3.627751260643563e-5,0,0,array,639,542
hawkish,autonom,14,3.627751260643563e-5,0,0,autonomous,586,391
hawkish,avenu,14,3.627751260643563e-5,0,0,avenues,308,447
hawkish,blame,14,3.627751260643563e-5,0,0,blame,276,366
hawkish,bliley,14,3.627751260643563e-5,0,0,bliley,166,78
hawkish,bop,14,3.627751260643563e-5,0,0,bop,196,76
hawkish,bought,14,3.627751260643563e-5,0,0,bought,510,399
hawkish,brazilian,14,3.627751260643563e-5,0,0,brazilian,232,118
hawkish,carbon,14,3.627751260643563e-5,0,0,carbon,1590,329
hawkish,classifi,14,3.627751260643563e-5,0,0,classified,467,500
hawkish,coal,14,3.627751260643563e-5,0,0,coal,490,292
hawkish,commission,14,3.627751260643563e-5,0,0,commissioner,192,219
hawkish,complementar,14,3.627751260643563e-5,0,0,complementarity,145,202
hawkish,compliant,14,3.627751260643563e-5,0,0,compliant,305,208
hawkish,consecut,14,3.627751260643563e-5,0,0,consecutive,807,630
hawkish,conven,14,3.627751260643563e-5,0,0,convened,135,260
hawkish,counterfeit,14,3.627751260643563e-5,0,0,counterfeiting,325,223
hawkish,crude,14,3.627751260643563e-5,0,0,crude,2040,900
hawkish,cushion,14,3.627751260643563e-5,0,0,cushion,730,829
hawkish,deleverag,14,3.627751260643563e-5,0,0,deleveraging,1199,712
hawkish,dilut,14,3.627751260643563e-5,0,0,diluted,97,269
hawkish,disregard,14,3.627751260643563e-5,0,0,disregard,115,206
hawkish,donald,14,3.627751260643563e-5,0,0,donald,292,185
hawkish,edg,14,3.627751260643563e-5,0,0,edge,809,1001
hawkish,eleven,14,3.627751260643563e-5,0,0,eleven,345,259
hawkish,even,14,3.627751260643563e-5,0,0,evening,1159,779
hawkish,exagger,14,3.627751260643563e-5,0,0,exaggerated,274,461
hawkish,facto,14,3.627751260643563e-5,0,0,facto,450,371
hawkish,fire,14,3.627751260643563e-5,0,0,fire,924,593
hawkish,fore,14,3.627751260643563e-5,0,0,fore,360,341
hawkish,foreseen,14,3.627751260643563e-5,0,0,foreseen,418,368
hawkish,fsap,14,3.627751260643563e-5,0,0,fsap,230,96
hawkish,gaug,14,3.627751260643563e-5,0,0,gauge,629,732
hawkish,immens,14,3.627751260643563e-5,0,0,immense,405,483
hawkish,impetus,14,3.627751260643563e-5,0,0,impetus,736,661
hawkish,imposit,14,3.627751260643563e-5,0,0,imposition,261,242
hawkish,inherit,14,3.627751260643563e-5,0,0,inherited,159,197
hawkish,interst,14,3.627751260643563e-5,0,0,interstate,369,159
hawkish,intraday,14,3.627751260643563e-5,0,0,intraday,323,165
hawkish,jeopardis,14,3.627751260643563e-5,0,0,jeopardise,232,386
hawkish,levi,14,3.627751260643563e-5,0,0,levy,229,318
hawkish,love,14,3.627751260643563e-5,0,0,love,163,200
hawkish,materialis,14,3.627751260643563e-5,0,0,materialise,664,855
hawkish,mechanist,14,3.627751260643563e-5,0,0,mechanistic,112,125
hawkish,misunderstand,14,3.627751260643563e-5,0,0,misunderstanding,168,262
hawkish,offshor,14,3.627751260643563e-5,0,0,offshore,609,336
hawkish,outweigh,14,3.627751260643563e-5,0,0,outweigh,401,519
hawkish,overrid,14,3.627751260643563e-5,0,0,overriding,319,324
hawkish,passag,14,3.627751260643563e-5,0,0,passage,349,298
hawkish,placement,14,3.627751260643563e-5,0,0,placement,307,227
hawkish,policyhold,14,3.627751260643563e-5,0,0,policyholders,297,115
hawkish,possess,14,3.627751260643563e-5,0,0,possess,209,360
hawkish,prejudic,14,3.627751260643563e-5,0,0,prejudice,269,234
hawkish,propag,14,3.627751260643563e-5,0,0,propagation,306,425
hawkish,prudenc,14,3.627751260643563e-5,0,0,prudence,536,438
hawkish,quo,14,3.627751260643563e-5,0,0,quo,285,252
hawkish,reconcil,14,3.627751260643563e-5,0,0,reconcile,208,365
hawkish,referenc,14,3.627751260643563e-5,0,0,referencing,134,121
hawkish,resembl,14,3.627751260643563e-5,0,0,resemble,80,221
hawkish,rock,14,3.627751260643563e-5,0,0,rock,314,228
hawkish,routin,14,3.627751260643563e-5,0,0,routine,372,499
hawkish,salari,14,3.627751260643563e-5,0,0,salaries,341,431
hawkish,san,14,3.627751260643563e-5,0,0,san,751,437
hawkish,seem,14,3.627751260643563e-5,0,0,seemingly,451,407
hawkish,setter,14,3.627751260643563e-5,0,0,setters,304,246
hawkish,simul,14,3.627751260643563e-5,0,0,simulations,578,563
hawkish,slowli,14,3.627751260643563e-5,0,0,slowly,1534,1218
hawkish,spanish,14,3.627751260643563e-5,0,0,spanish,504,271
hawkish,spill,14,3.627751260643563e-5,0,0,spill,557,652
hawkish,stephen,14,3.627751260643563e-5,0,0,stephen,527,355
hawkish,storm,14,3.627751260643563e-5,0,0,storm,372,384
hawkish,superior,14,3.627751260643563e-5,0,0,superior,439,408
hawkish,surcharg,14,3.627751260643563e-5,0,0,surcharge,368,211
hawkish,taxat,14,3.627751260643563e-5,0,0,taxation,693,466
hawkish,tbtf,14,3.627751260643563e-5,0,0,tbtf,170,51
hawkish,terror,14,3.627751260643563e-5,0,0,terrorism,322,218
hawkish,tonight,14,3.627751260643563e-5,0,0,tonight,833,504
hawkish,transitori,14,3.627751260643563e-5,0,0,transitory,770,523
hawkish,unrealist,14,3.627751260643563e-5,0,0,unrealistic,306,305
hawkish,usag,14,3.627751260643563e-5,0,0,usage,705,472
hawkish,whilst,14,3.627751260643563e-5,0,0,whilst,599,385
hawkish,winner,14,3.627751260643563e-5,0,0,winners,294,330
hawkish,wonder,14,3.627751260643563e-5,0,0,wonderful,167,394
hawkish,advertis,13,3.3686261705975944e-5,0,0,advertising,177,276
hawkish,analog,13,3.3686261705975944e-5,0,0,analogy,329,459
hawkish,arbitrari,13,3.3686261705975944e-5,0,0,arbitrary,229,226
hawkish,arguabl,13,3.3686261705975944e-5,0,0,arguably,761,636
hawkish,assert,13,3.3686261705975944e-5,0,0,assert,160,425
hawkish,authent,13,3.3686261705975944e-5,0,0,authentication,205,218
hawkish,autumn,13,3.3686261705975944e-5,0,0,autumn,1434,971
hawkish,backup,13,3.3686261705975944e-5,0,0,backup,264,150
hawkish,backward,13,3.3686261705975944e-5,0,0,backward,489,459
hawkish,benign,13,3.3686261705975944e-5,0,0,benign,1053,792
hawkish,burdensom,13,3.3686261705975944e-5,0,0,burdensome,224,186
hawkish,catastroph,13,3.3686261705975944e-5,0,0,catastrophic,197,272
hawkish,cbdcs,13,3.3686261705975944e-5,0,0,cbdcs,395,70
hawkish,cheap,13,3.3686261705975944e-5,0,0,cheap,494,429
hawkish,cheaper,13,3.3686261705975944e-5,0,0,cheaper,719,567
hawkish,cohes,13,3.3686261705975944e-5,0,0,cohesion,345,297
hawkish,confidenti,13,3.3686261705975944e-5,0,0,confidentiality,269,304
hawkish,counterproduct,13,3.3686261705975944e-5,0,0,counterproductive,270,253
hawkish,craft,13,3.3686261705975944e-5,0,0,craft,130,283
hawkish,crop,13,3.3686261705975944e-5,0,0,crops,227,275
hawkish,databas,13,3.3686261705975944e-5,0,0,database,992,646
hawkish,denmark,13,3.3686261705975944e-5,0,0,denmark,596,275
hawkish,densiti,13,3.3686261705975944e-5,0,0,density,352,186
hawkish,des,13,3.3686261705975944e-5,0,0,des,325,192
hawkish,devic,13,3.3686261705975944e-5,0,0,devices,420,554
hawkish,diagnosi,13,3.3686261705975944e-5,0,0,diagnosis,332,246
hawkish,duplic,13,3.3686261705975944e-5,0,0,duplication,85,154
hawkish,efficaci,13,3.3686261705975944e-5,0,0,efficacy,475,396
hawkish,embargo,13,3.3686261705975944e-5,0,0,embargo,164,132
hawkish,emin,13,3.3686261705975944e-5,0,0,eminent,276,326
hawkish,equit,13,3.3686261705975944e-5,0,0,equitable,361,304
hawkish,erod,13,3.3686261705975944e-5,0,0,eroded,482,887
hawkish,erupt,13,3.3686261705975944e-5,0,0,erupted,228,273
hawkish,esa,13,3.3686261705975944e-5,0,0,esas,112,62
hawkish,escrow,13,3.3686261705975944e-5,0,0,escrow,90,63
hawkish,ethic,13,3.3686261705975944e-5,0,0,ethical,450,364
hawkish,everyday,13,3.3686261705975944e-5,0,0,everyday,406,309
hawkish,excit,13,3.3686261705975944e-5,0,0,exciting,333,416
hawkish,financialis,13,3.3686261705975944e-5,0,0,financialisation,62,24
hawkish,finma,13,3.3686261705975944e-5,0,0,finma,133,62
hawkish,flourish,13,3.3686261705975944e-5,0,0,flourish,183,278
hawkish,founder,13,3.3686261705975944e-5,0,0,founder,107,191
hawkish,gramm,13,3.3686261705975944e-5,0,0,gramm,165,82
hawkish,homogen,13,3.3686261705975944e-5,0,0,homogeneous,211,319
hawkish,ich,13,3.3686261705975944e-5,0,0,ich,131,61
hawkish,incompat,13,3.3686261705975944e-5,0,0,incompatible,167,176
hawkish,interoper,13,3.3686261705975944e-5,0,0,interoperability,514,258
hawkish,invari,13,3.3686261705975944e-5,0,0,invariably,260,296
hawkish,italian,13,3.3686261705975944e-5,0,0,italian,452,251
hawkish,judici,13,3.3686261705975944e-5,0,0,judicial,308,320
hawkish,korean,13,3.3686261705975944e-5,0,0,korean,744,221
hawkish,leach,13,3.3686261705975944e-5,0,0,leach,173,85
hawkish,learnt,13,3.3686261705975944e-5,0,0,learnt,615,479
hawkish,machineri,13,3.3686261705975944e-5,0,0,machinery,897,554
hawkish,mis,13,3.3686261705975944e-5,0,0,mis,409,266
hawkish,mispric,13,3.3686261705975944e-5,0,0,mispricing,143,137
hawkish,nationwid,13,3.3686261705975944e-5,0,0,nationwide,647,432
hawkish,needless,13,3.3686261705975944e-5,0,0,needless,530,476
hawkish,nineti,13,3.3686261705975944e-5,0,0,nineties,415,316
hawkish,northern,13,3.3686261705975944e-5,0,0,northern,573,331
hawkish,paragraph,13,3.3686261705975944e-5,0,0,paragraph,271,204
hawkish,peter,13,3.3686261705975944e-5,0,0,peter,714,586
hawkish,phrase,13,3.3686261705975944e-5,0,0,phrase,404,383
hawkish,pierr,13,3.3686261705975944e-5,0,0,pierre,454,297
hawkish,pioneer,13,3.3686261705975944e-5,0,0,pioneering,196,427
hawkish,poland,13,3.3686261705975944e-5,0,0,poland,397,213
hawkish,purview,13,3.3686261705975944e-5,0,0,purview,165,144
hawkish,radic,13,3.3686261705975944e-5,0,0,radical,376,466
hawkish,reassur,13,3.3686261705975944e-5,0,0,reassuring,252,560
hawkish,reced,13,3.3686261705975944e-5,0,0,receded,292,517
hawkish,redefin,13,3.3686261705975944e-5,0,0,redefined,80,184
hawkish,registr,13,3.3686261705975944e-5,0,0,registration,360,250
hawkish,repercuss,13,3.3686261705975944e-5,0,0,repercussions,508,451
hawkish,replic,13,3.3686261705975944e-5,0,0,replicate,150,332
hawkish,reproduct,13,3.3686261705975944e-5,0,0,reproduction,168,169
hawkish,satisfactori,13,3.3686261705975944e-5,0,0,satisfactory,611,495
hawkish,shore,13,3.3686261705975944e-5,0,0,shore,240,352
hawkish,sooner,13,3.3686261705975944e-5,0,0,sooner,720,622
hawkish,style,13,3.3686261705975944e-5,0,0,style,414,387
hawkish,super,13,3.3686261705975944e-5,0,0,super,340,222
hawkish,synthet,13,3.3686261705975944e-5,0,0,synthetic,323,197
hawkish,tail,13,3.3686261705975944e-5,0,0,tail,1266,691
hawkish,tariff,13,3.3686261705975944e-5,0,0,tariffs,659,408
hawkish,till,13,3.3686261705975944e-5,0,0,till,524,401
hawkish,timet,13,3.3686261705975944e-5,0,0,timetable,227,220
hawkish,tokyo,13,3.3686261705975944e-5,0,0,tokyo,1053,587
hawkish,toll,13,3.3686261705975944e-5,0,0,toll,269,262
hawkish,transcript,13,3.3686261705975944e-5,0,0,transcript,162,171
hawkish,uneven,13,3.3686261705975944e-5,0,0,uneven,690,624
hawkish,uninsur,13,3.3686261705975944e-5,0,0,uninsured,355,174
hawkish,unwarr,13,3.3686261705975944e-5,0,0,unwarranted,329,287
hawkish,usabl,13,3.3686261705975944e-5,0,0,usable,116,124
hawkish,vibrant,13,3.3686261705975944e-5,0,0,vibrant,492,411
hawkish,worsen,13,3.3686261705975944e-5,0,0,worsening,622,1018
hawkish,yesterday,13,3.3686261705975944e-5,0,0,yesterday,655,483
hawkish,ach,12,3.109501080551626e-5,0,0,ach,275,63
hawkish,aforement,12,3.109501080551626e-5,0,0,aforementioned,507,397
hawkish,air,12,3.109501080551626e-5,0,0,air,484,432
hawkish,angl,12,3.109501080551626e-5,0,0,angle,187,264
hawkish,bailey,12,3.109501080551626e-5,0,0,bailey,492,278
hawkish,balkan,12,3.109501080551626e-5,0,0,balkans,72,44
hawkish,behav,12,3.109501080551626e-5,0,0,behave,443,654
hawkish,birth,12,3.109501080551626e-5,0,0,birth,521,376
hawkish,bottleneck,12,3.109501080551626e-5,0,0,bottlenecks,715,515
hawkish,brokerag,12,3.109501080551626e-5,0,0,brokerage,245,150
hawkish,caribbean,12,3.109501080551626e-5,0,0,caribbean,176,90
hawkish,charl,12,3.109501080551626e-5,0,0,charles,652,466
hawkish,claus,12,3.109501080551626e-5,0,0,clause,249,336
hawkish,coexist,12,3.109501080551626e-5,0,0,coexistence,136,210
hawkish,compound,12,3.109501080551626e-5,0,0,compounded,435,556
hawkish,constitu,12,3.109501080551626e-5,0,0,constituent,154,403
hawkish,contend,12,3.109501080551626e-5,0,0,contend,265,306
hawkish,coronavirus,12,3.109501080551626e-5,0,0,coronavirus,770,373
hawkish,corridor,12,3.109501080551626e-5,0,0,corridor,659,288
hawkish,counsel,12,3.109501080551626e-5,0,0,counseling,180,266
hawkish,counti,12,3.109501080551626e-5,0,0,counties,132,148
hawkish,courag,12,3.109501080551626e-5,0,0,courage,229,255
hawkish,crowd,12,3.109501080551626e-5,0,0,crowd,240,455
hawkish,cumul,12,3.109501080551626e-5,0,0,cumulative,1568,1230
hawkish,delor,12,3.109501080551626e-5,0,0,delors,110,65
hawkish,discretionari,12,3.109501080551626e-5,0,0,discretionary,842,514
hawkish,ed,12,3.109501080551626e-5,0,0,eds,873,545
hawkish,edit,12,3.109501080551626e-5,0,0,edition,510,515
hawkish,emeap,12,3.109501080551626e-5,0,0,emeap,165,59
hawkish,escal,12,3.109501080551626e-5,0,0,escalation,247,522
hawkish,espana,12,3.109501080551626e-5,0,0,espana,147,92
hawkish,evidenc,12,3.109501080551626e-5,0,0,evidenced,666,601
hawkish,exogen,12,3.109501080551626e-5,0,0,exogenous,636,453
hawkish,extraordinarili,12,3.109501080551626e-5,0,0,extraordinarily,411,367
hawkish,fabric,12,3.109501080551626e-5,0,0,fabric,146,158
hawkish,facet,12,3.109501080551626e-5,0,0,facets,139,238
hawkish,father,12,3.109501080551626e-5,0,0,father,200,253
hawkish,fifteen,12,3.109501080551626e-5,0,0,fifteen,406,312
hawkish,fscs,12,3.109501080551626e-5,0,0,fscs,52,20
hawkish,gallen,12,3.109501080551626e-5,0,0,gallen,62,35
hawkish,general,12,3.109501080551626e-5,0,0,generalized,206,311
hawkish,gertrud,12,3.109501080551626e-5,0,0,gertrude,163,163
hawkish,glass,12,3.109501080551626e-5,0,0,glass,298,191
hawkish,greec,12,3.109501080551626e-5,0,0,greece,1599,685
hawkish,hub,12,3.109501080551626e-5,0,0,hub,421,339
hawkish,influenti,12,3.109501080551626e-5,0,0,influential,379,328
hawkish,inquiri,12,3.109501080551626e-5,0,0,inquiry,342,244
hawkish,interest,12,3.109501080551626e-5,0,0,interestingly,456,376
hawkish,interfac,12,3.109501080551626e-5,0,0,interface,332,325
hawkish,interlinkag,12,3.109501080551626e-5,0,0,interlinkages,208,169
hawkish,irrevoc,12,3.109501080551626e-5,0,0,irrevocable,116,172
hawkish,kim,12,3.109501080551626e-5,0,0,kim,327,168
hawkish,ledger,12,3.109501080551626e-5,0,0,ledger,586,264
hawkish,lever,12,3.109501080551626e-5,0,0,lever,125,256
hawkish,linear,12,3.109501080551626e-5,0,0,linear,473,406
hawkish,madrid,12,3.109501080551626e-5,0,0,madrid,233,179
hawkish,manifold,12,3.109501080551626e-5,0,0,manifold,177,168
hawkish,mediterranean,12,3.109501080551626e-5,0,0,mediterranean,224,82
hawkish,michael,12,3.109501080551626e-5,0,0,michael,1154,695
hawkish,mirror,12,3.109501080551626e-5,0,0,mirror,295,537
hawkish,misus,12,3.109501080551626e-5,0,0,misuse,170,206
hawkish,monday,12,3.109501080551626e-5,0,0,monday,233,190
hawkish,mount,12,3.109501080551626e-5,0,0,mounting,337,490
hawkish,necessit,12,3.109501080551626e-5,0,0,necessitated,240,527
hawkish,neighborhood,12,3.109501080551626e-5,0,0,neighborhoods,551,246
hawkish,nobel,12,3.109501080551626e-5,0,0,nobel,376,283
hawkish,nuanc,12,3.109501080551626e-5,0,0,nuanced,183,293
hawkish,obscur,12,3.109501080551626e-5,0,0,obscure,152,259
hawkish,out,12,3.109501080551626e-5,0,0,outs,247,166
hawkish,outreach,12,3.109501080551626e-5,0,0,outreach,644,392
hawkish,paradox,12,3.109501080551626e-5,0,0,paradox,268,336
hawkish,phillip,12,3.109501080551626e-5,0,0,phillips,2326,538
hawkish,prepared,12,3.109501080551626e-5,0,0,preparedness,341,224
hawkish,profess,12,3.109501080551626e-5,0,0,profession,702,473
hawkish,reassess,12,3.109501080551626e-5,0,0,reassessment,318,577
hawkish,recipi,12,3.109501080551626e-5,0,0,recipient,304,390
hawkish,reciproc,12,3.109501080551626e-5,0,0,reciprocal,106,154
hawkish,redempt,12,3.109501080551626e-5,0,0,redemption,445,377
hawkish,remot,12,3.109501080551626e-5,0,0,remote,720,611
hawkish,restrain,12,3.109501080551626e-5,0,0,restrain,538,1014
hawkish,revisit,12,3.109501080551626e-5,0,0,revisited,240,547
hawkish,rtgs,12,3.109501080551626e-5,0,0,rtgs,1362,314
hawkish,sanit,12,3.109501080551626e-5,0,0,sanitation,119,80
hawkish,scene,12,3.109501080551626e-5,0,0,scene,361,371
hawkish,seat,12,3.109501080551626e-5,0,0,seat,131,234
hawkish,shed,12,3.109501080551626e-5,0,0,shed,468,590
hawkish,sincer,12,3.109501080551626e-5,0,0,sincere,300,437
hawkish,spent,12,3.109501080551626e-5,0,0,spent,931,758
hawkish,stearn,12,3.109501080551626e-5,0,0,stearns,268,149
hawkish,stochast,12,3.109501080551626e-5,0,0,stochastic,236,159
hawkish,subscrib,12,3.109501080551626e-5,0,0,subscribe,102,223
hawkish,subsid,12,3.109501080551626e-5,0,0,subsided,197,539
hawkish,subsidis,12,3.109501080551626e-5,0,0,subsidised,230,179
hawkish,telecommun,12,3.109501080551626e-5,0,0,telecommunications,680,567
hawkish,tempt,12,3.109501080551626e-5,0,0,tempted,267,408
hawkish,temptat,12,3.109501080551626e-5,0,0,temptation,373,347
hawkish,theo,12,3.109501080551626e-5,0,0,theo,36,14
hawkish,thrive,12,3.109501080551626e-5,0,0,thrive,323,443
hawkish,tip,12,3.109501080551626e-5,0,0,tips,287,278
hawkish,tranch,12,3.109501080551626e-5,0,0,tranches,336,254
hawkish,triniti,12,3.109501080551626e-5,0,0,trinity,194,124
hawkish,underwritten,12,3.109501080551626e-5,0,0,underwritten,107,85
hawkish,vienna,12,3.109501080551626e-5,0,0,vienna,184,134
hawkish,von,12,3.109501080551626e-5,0,0,von,353,217
hawkish,waigel,12,3.109501080551626e-5,0,0,waigel,33,13
hawkish,wos,12,3.109501080551626e-5,0,0,wos,52,13
hawkish,academia,11,2.850375990505657e-5,0,0,academia,459,343
hawkish,activist,11,2.850375990505657e-5,0,0,activist,221,166
hawkish,ae,11,2.850375990505657e-5,0,0,aes,270,67
hawkish,aggress,11,2.850375990505657e-5,0,0,aggressive,1155,1238
hawkish,akin,11,2.850375990505657e-5,0,0,akin,286,262
hawkish,alli,11,2.850375990505657e-5,0,0,allied,169,183
hawkish,alt,11,2.850375990505657e-5,0,0,alt,59,40
hawkish,apr,11,2.850375990505657e-5,0,0,apr,818,235
hawkish,argentin,11,2.850375990505657e-5,0,0,argentine,192,88
hawkish,arisen,11,2.850375990505657e-5,0,0,arisen,322,298
hawkish,auto,11,2.850375990505657e-5,0,0,auto,473,352
hawkish,breadth,11,2.850375990505657e-5,0,0,breadth,439,398
hawkish,brexit,11,2.850375990505657e-5,0,0,brexit,1489,354
hawkish,cardhold,11,2.850375990505657e-5,0,0,cardholders,85,46
hawkish,cfr,11,2.850375990505657e-5,0,0,cfr,93,33
hawkish,commenc,11,2.850375990505657e-5,0,0,commenced,238,495
hawkish,compil,11,2.850375990505657e-5,0,0,compiled,348,474
hawkish,comptrol,11,2.850375990505657e-5,0,0,comptroller,328,233
hawkish,consent,11,2.850375990505657e-5,0,0,consent,199,159
hawkish,continent,11,2.850375990505657e-5,0,0,continental,457,317
hawkish,coupon,11,2.850375990505657e-5,0,0,coupon,289,210
hawkish,cpix,11,2.850375990505657e-5,0,0,cpix,298,87
hawkish,dan,11,2.850375990505657e-5,0,0,dans,81,103
hawkish,delin,11,2.850375990505657e-5,0,0,delineated,40,131
hawkish,devast,11,2.850375990505657e-5,0,0,devastating,352,401
hawkish,diseas,11,2.850375990505657e-5,0,0,disease,356,278
hawkish,disinfl,11,2.850375990505657e-5,0,0,disinflation,1127,510
hawkish,dodg,11,2.850375990505657e-5,0,0,dodge,326,180
hawkish,dream,11,2.850375990505657e-5,0,0,dream,235,241
hawkish,drew,11,2.850375990505657e-5,0,0,drew,264,247
hawkish,eba,11,2.850375990505657e-5,0,0,eba,304,140
hawkish,eichengreen,11,2.850375990505657e-5,0,0,eichengreen,382,181
hawkish,ein,11,2.850375990505657e-5,0,0,eine,68,71
hawkish,enlighten,11,2.850375990505657e-5,0,0,enlightened,72,151
hawkish,eurogroup,11,2.850375990505657e-5,0,0,eurogroup,246,142
hawkish,evas,11,2.850375990505657e-5,0,0,evasion,111,98
hawkish,extra,11,2.850375990505657e-5,0,0,extra,1481,923
hawkish,fiduciari,11,2.850375990505657e-5,0,0,fiduciary,210,116
hawkish,flag,11,2.850375990505657e-5,0,0,flag,186,315
hawkish,fold,11,2.850375990505657e-5,0,0,fold,452,387
hawkish,forgotten,11,2.850375990505657e-5,0,0,forgotten,336,288
hawkish,formid,11,2.850375990505657e-5,0,0,formidable,353,326
hawkish,fraught,11,2.850375990505657e-5,0,0,fraught,181,170
hawkish,frontload,11,2.850375990505657e-5,0,0,frontloading,291,171
hawkish,fsf,11,2.850375990505657e-5,0,0,fsf,264,100
hawkish,glanc,11,2.850375990505657e-5,0,0,glance,229,207
hawkish,gongsheng,11,2.850375990505657e-5,0,0,gongsheng,104,20
hawkish,gratitud,11,2.850375990505657e-5,0,0,gratitude,618,551
hawkish,greek,11,2.850375990505657e-5,0,0,greek,618,271
hawkish,guess,11,2.850375990505657e-5,0,0,guess,318,360
hawkish,gugerel,11,2.850375990505657e-5,0,0,gugerell,165,160
hawkish,herd,11,2.850375990505657e-5,0,0,herd,213,240
hawkish,hidden,11,2.850375990505657e-5,0,0,hidden,357,288
hawkish,hierarchi,11,2.850375990505657e-5,0,0,hierarchy,208,156
hawkish,holist,11,2.850375990505657e-5,0,0,holistic,354,295
hawkish,impedi,11,2.850375990505657e-5,0,0,impediments,490,524
hawkish,indefinit,11,2.850375990505657e-5,0,0,indefinitely,333,359
hawkish,inhabit,11,2.850375990505657e-5,0,0,inhabitants,133,154
hawkish,internationalis,11,2.850375990505657e-5,0,0,internationalisation,339,174
hawkish,intim,11,2.850375990505657e-5,0,0,intimately,92,173
hawkish,invis,11,2.850375990505657e-5,0,0,invisible,212,178
hawkish,jump,11,2.850375990505657e-5,0,0,jump,470,604
hawkish,lagard,11,2.850375990505657e-5,0,0,lagarde,283,191
hawkish,lawyer,11,2.850375990505657e-5,0,0,lawyers,169,165
hawkish,ltcm,11,2.850375990505657e-5,0,0,ltcm,278,109
hawkish,lujiazui,11,2.850375990505657e-5,0,0,lujiazui,67,16
hawkish,madam,11,2.850375990505657e-5,0,0,madam,275,174
hawkish,manageri,11,2.850375990505657e-5,0,0,managerial,315,228
hawkish,mboweni,11,2.850375990505657e-5,0,0,mboweni,227,119
hawkish,median,11,2.850375990505657e-5,0,0,median,1688,846
hawkish,meyer,11,2.850375990505657e-5,0,0,meyer,309,196
hawkish,mfis,11,2.850375990505657e-5,0,0,mfis,441,122
hawkish,morri,11,2.850375990505657e-5,0,0,morris,139,76
hawkish,msme,11,2.850375990505657e-5,0,0,msme,632,109
hawkish,name,11,2.850375990505657e-5,0,0,names,244,400
hawkish,nascent,11,2.850375990505657e-5,0,0,nascent,234,204
hawkish,nich,11,2.850375990505657e-5,0,0,niche,213,212
hawkish,npas,11,2.850375990505657e-5,0,0,npas,638,171
hawkish,over,11,2.850375990505657e-5,0,0,overly,747,716
hawkish,overhaul,11,2.850375990505657e-5,0,0,overhaul,256,312
hawkish,payer,11,2.850375990505657e-5,0,0,payer,97,139
hawkish,personnel,11,2.850375990505657e-5,0,0,personnel,621,428
hawkish,plenti,11,2.850375990505657e-5,0,0,plenty,493,523
hawkish,precautionari,11,2.850375990505657e-5,0,0,precautionary,659,471
hawkish,provok,11,2.850375990505657e-5,0,0,provoke,105,269
hawkish,qualif,11,2.850375990505657e-5,0,0,qualifications,297,351
hawkish,quantum,11,2.850375990505657e-5,0,0,quantum,450,344
hawkish,quicker,11,2.850375990505657e-5,0,0,quicker,244,224
hawkish,reaffirm,11,2.850375990505657e-5,0,0,reaffirmed,209,328
hawkish,recapitalis,11,2.850375990505657e-5,0,0,recapitalisation,426,384
hawkish,recurr,11,2.850375990505657e-5,0,0,recurrence,203,313
hawkish,regret,11,2.850375990505657e-5,0,0,regret,152,169
hawkish,reorient,11,2.850375990505657e-5,0,0,reorientation,88,198
hawkish,repatri,11,2.850375990505657e-5,0,0,repatriation,71,99
hawkish,safest,11,2.850375990505657e-5,0,0,safest,112,102
hawkish,scholar,11,2.850375990505657e-5,0,0,scholars,305,327
hawkish,seacen,11,2.850375990505657e-5,0,0,seacen,106,39
hawkish,sentenc,11,2.850375990505657e-5,0,0,sentence,153,165
hawkish,servant,11,2.850375990505657e-5,0,0,servants,128,156
hawkish,seventh,11,2.850375990505657e-5,0,0,seventh,333,278
hawkish,shanghai,11,2.850375990505657e-5,0,0,shanghai,695,151
hawkish,shoulder,11,2.850375990505657e-5,0,0,shoulder,135,238
hawkish,signatur,11,2.850375990505657e-5,0,0,signature,193,159
hawkish,sir,11,2.850375990505657e-5,0,0,sir,626,400
hawkish,siv,11,2.850375990505657e-5,0,0,sivs,164,85
hawkish,societ,11,2.850375990505657e-5,0,0,societal,304,243
hawkish,spike,11,2.850375990505657e-5,0,0,spike,335,518
hawkish,stretch,11,2.850375990505657e-5,0,0,stretched,268,526
hawkish,timeli,11,2.850375990505657e-5,0,0,timeliness,325,273
hawkish,tough,11,2.850375990505657e-5,0,0,tough,558,447
hawkish,tumpel,11,2.850375990505657e-5,0,0,tumpel,169,164
hawkish,unclear,11,2.850375990505657e-5,0,0,unclear,586,537
hawkish,unduli,11,2.850375990505657e-5,0,0,unduly,418,385
hawkish,unknown,11,2.850375990505657e-5,0,0,unknown,484,444
hawkish,unpredict,11,2.850375990505657e-5,0,0,unpredictable,418,424
hawkish,unsound,11,2.850375990505657e-5,0,0,unsound,198,157
hawkish,vaccin,11,2.850375990505657e-5,0,0,vaccination,221,288
hawkish,verif,11,2.850375990505657e-5,0,0,verification,252,153
hawkish,vertic,11,2.850375990505657e-5,0,0,vertical,347,274
hawkish,watcher,11,2.850375990505657e-5,0,0,watchers,288,192
hawkish,workforc,11,2.850375990505657e-5,0,0,workforce,1743,893
hawkish,workplac,11,2.850375990505657e-5,0,0,workplace,277,210
hawkish,writer,11,2.850375990505657e-5,0,0,writers,98,123
hawkish,abid,10,2.591250900459688e-5,0,0,abide,101,167
hawkish,accuraci,10,2.591250900459688e-5,0,0,accuracy,410,327
hawkish,adam,10,2.591250900459688e-5,0,0,adam,422,289
hawkish,airlin,10,2.591250900459688e-5,0,0,airline,100,118
hawkish,alejandro,10,2.591250900459688e-5,0,0,alejandro,116,93
hawkish,andhra,10,2.591250900459688e-5,0,0,andhra,168,80
hawkish,augment,10,2.591250900459688e-5,0,0,augment,299,666
hawkish,bailout,10,2.591250900459688e-5,0,0,bailout,235,314
hawkish,baltimor,10,2.591250900459688e-5,0,0,baltimore,57,25
hawkish,bid,10,2.591250900459688e-5,0,0,bid,830,661
hawkish,brainard,10,2.591250900459688e-5,0,0,brainard,496,202
hawkish,britain,10,2.591250900459688e-5,0,0,britain,610,326
hawkish,broken,10,2.591250900459688e-5,0,0,broken,424,373
hawkish,calm,10,2.591250900459688e-5,0,0,calm,376,462
hawkish,capitalist,10,2.591250900459688e-5,0,0,capitalist,98,117
hawkish,captain,10,2.591250900459688e-5,0,0,captain,33,33
hawkish,chakrabarti,10,2.591250900459688e-5,0,0,chakrabarty,250,118
hawkish,champion,10,2.591250900459688e-5,0,0,champions,59,122
hawkish,children,10,2.591250900459688e-5,0,0,children,926,462
hawkish,chile,10,2.591250900459688e-5,0,0,chile,425,239
hawkish,chose,10,2.591250900459688e-5,0,0,chose,417,384
hawkish,chronic,10,2.591250900459688e-5,0,0,chronic,403,292
hawkish,church,10,2.591250900459688e-5,0,0,church,63,51
hawkish,collegi,10,2.591250900459688e-5,0,0,collegial,88,105
hawkish,communiqu,10,2.591250900459688e-5,0,0,communique,116,129
hawkish,contributor,10,2.591250900459688e-5,0,0,contributor,366,459
hawkish,copyright,10,2.591250900459688e-5,0,0,copyright,312,242
hawkish,counteract,10,2.591250900459688e-5,0,0,counteract,406,469
hawkish,criticis,10,2.591250900459688e-5,0,0,criticised,201,228
hawkish,csr,10,2.591250900459688e-5,0,0,csr,48,18
hawkish,das,10,2.591250900459688e-5,0,0,das,243,167
hawkish,depriv,10,2.591250900459688e-5,0,0,deprived,123,217
hawkish,dictum,10,2.591250900459688e-5,0,0,dictum,104,76
hawkish,dinner,10,2.591250900459688e-5,0,0,dinner,667,464
hawkish,discov,10,2.591250900459688e-5,0,0,discovered,214,390
hawkish,drastic,10,2.591250900459688e-5,0,0,drastic,408,535
hawkish,dutch,10,2.591250900459688e-5,0,0,dutch,285,172
hawkish,dwell,10,2.591250900459688e-5,0,0,dwell,369,558
hawkish,enrich,10,2.591250900459688e-5,0,0,enrich,106,308
hawkish,entrant,10,2.591250900459688e-5,0,0,entrants,407,311
hawkish,est,10,2.591250900459688e-5,0,0,est,169,153
hawkish,expedit,10,2.591250900459688e-5,0,0,expedite,95,151
hawkish,exuber,10,2.591250900459688e-5,0,0,exuberance,313,292
hawkish,fabio,10,2.591250900459688e-5,0,0,fabio,136,116
hawkish,ferguson,10,2.591250900459688e-5,0,0,ferguson,342,202
hawkish,fii,10,2.591250900459688e-5,0,0,fiis,152,96
hawkish,forbear,10,2.591250900459688e-5,0,0,forbearance,302,170
hawkish,fur,10,2.591250900459688e-5,0,0,fur,184,122
hawkish,generalis,10,2.591250900459688e-5,0,0,generalised,339,318
hawkish,generous,10,2.591250900459688e-5,0,0,generous,351,315
hawkish,georg,10,2.591250900459688e-5,0,0,george,529,398
hawkish,golden,10,2.591250900459688e-5,0,0,golden,408,250
hawkish,grandfath,10,2.591250900459688e-5,0,0,grandfather,45,51
hawkish,guardian,10,2.591250900459688e-5,0,0,guardian,95,134
hawkish,headwind,10,2.591250900459688e-5,0,0,headwinds,904,636
hawkish,heat,10,2.591250900459688e-5,0,0,heat,190,309
hawkish,heritag,10,2.591250900459688e-5,0,0,heritage,223,167
hawkish,hesit,10,2.591250900459688e-5,0,0,hesitate,286,622
hawkish,hire,10,2.591250900459688e-5,0,0,hiring,724,734
hawkish,hispan,10,2.591250900459688e-5,0,0,hispanic,218,133
hawkish,historian,10,2.591250900459688e-5,0,0,historians,148,164
hawkish,homeownership,10,2.591250900459688e-5,0,0,homeownership,458,148
hawkish,hypothesi,10,2.591250900459688e-5,0,0,hypothesis,994,547
hawkish,iba,10,2.591250900459688e-5,0,0,iba,256,125
hawkish,imag,10,2.591250900459688e-5,0,0,image,510,427
hawkish,inact,10,2.591250900459688e-5,0,0,inactivity,312,304
hawkish,incept,10,2.591250900459688e-5,0,0,inception,438,401
hawkish,inhibit,10,2.591250900459688e-5,0,0,inhibit,222,439
hawkish,intensif,10,2.591250900459688e-5,0,0,intensification,417,299
hawkish,interlink,10,2.591250900459688e-5,0,0,interlinked,143,176
hawkish,interlock,10,2.591250900459688e-5,0,0,interlocks,26,34
hawkish,invalu,10,2.591250900459688e-5,0,0,invaluable,314,293
hawkish,jacqu,10,2.591250900459688e-5,0,0,jacques,146,119
hawkish,know,10,2.591250900459688e-5,0,0,knowing,402,382
hawkish,lean,10,2.591250900459688e-5,0,0,lean,533,537
hawkish,leas,10,2.591250900459688e-5,0,0,leasing,163,241
hawkish,lesser,10,2.591250900459688e-5,0,0,lesser,653,580
hawkish,litig,10,2.591250900459688e-5,0,0,litigation,172,98
hawkish,lucern,10,2.591250900459688e-5,0,0,lucerne,55,26
hawkish,mathemat,10,2.591250900459688e-5,0,0,mathematics,241,231
hawkish,mervyn,10,2.591250900459688e-5,0,0,mervyn,413,270
hawkish,mobilis,10,2.591250900459688e-5,0,0,mobilisation,168,318
hawkish,monetis,10,2.591250900459688e-5,0,0,monetisation,168,124
hawkish,monopoli,10,2.591250900459688e-5,0,0,monopoly,367,308
hawkish,monument,10,2.591250900459688e-5,0,0,monumental,35,61
hawkish,morgan,10,2.591250900459688e-5,0,0,morgan,391,287
hawkish,narrowli,10,2.591250900459688e-5,0,0,narrowly,244,215
hawkish,nsfr,10,2.591250900459688e-5,0,0,nsfr,225,77
hawkish,odd,10,2.591250900459688e-5,0,0,odds,339,434
hawkish,onward,10,2.591250900459688e-5,0,0,onwards,649,710
hawkish,optimum,10,2.591250900459688e-5,0,0,optimum,375,251
hawkish,orphanid,10,2.591250900459688e-5,0,0,orphanides,365,144
hawkish,paint,10,2.591250900459688e-5,0,0,paint,106,242
hawkish,passion,10,2.591250900459688e-5,0,0,passion,91,126
hawkish,penal,10,2.591250900459688e-5,0,0,penal,72,116
hawkish,persuad,10,2.591250900459688e-5,0,0,persuade,128,253
hawkish,pill,10,2.591250900459688e-5,0,0,pill,159,83
hawkish,plausibl,10,2.591250900459688e-5,0,0,plausible,912,812
hawkish,pocket,10,2.591250900459688e-5,0,0,pockets,260,307
hawkish,poetri,10,2.591250900459688e-5,0,0,poetry,34,17
hawkish,pollut,10,2.591250900459688e-5,0,0,pollution,163,130
hawkish,prefectur,10,2.591250900459688e-5,0,0,prefecture,722,140
hawkish,prematur,10,2.591250900459688e-5,0,0,premature,457,480
hawkish,presum,10,2.591250900459688e-5,0,0,presume,167,324
hawkish,prioritis,10,2.591250900459688e-5,0,0,prioritise,137,269
hawkish,protocol,10,2.591250900459688e-5,0,0,protocol,249,263
hawkish,proxi,10,2.591250900459688e-5,0,0,proxy,462,453
hawkish,pwg,10,2.591250900459688e-5,0,0,pwg,63,14
hawkish,ran,10,2.591250900459688e-5,0,0,ran,357,321
hawkish,realm,10,2.591250900459688e-5,0,0,realm,299,298
hawkish,recur,10,2.591250900459688e-5,0,0,recurring,265,303
hawkish,redrado,10,2.591250900459688e-5,0,0,redrado,73,34
hawkish,refus,10,2.591250900459688e-5,0,0,refuse,110,260
hawkish,regain,10,2.591250900459688e-5,0,0,regain,458,738
hawkish,rent,10,2.591250900459688e-5,0,0,rent,646,649
hawkish,repeal,10,2.591250900459688e-5,0,0,repeal,91,131
hawkish,retir,10,2.591250900459688e-5,0,0,retirement,1765,868
hawkish,river,10,2.591250900459688e-5,0,0,river,131,114
hawkish,rush,10,2.591250900459688e-5,0,0,rush,225,282
hawkish,sampl,10,2.591250900459688e-5,0,0,sample,1530,766
hawkish,soar,10,2.591250900459688e-5,0,0,soared,252,432
hawkish,socio,10,2.591250900459688e-5,0,0,socio,331,227
hawkish,stanford,10,2.591250900459688e-5,0,0,stanford,277,164
hawkish,stark,10,2.591250900459688e-5,0,0,stark,442,454
hawkish,static,10,2.591250900459688e-5,0,0,static,262,235
hawkish,steagal,10,2.591250900459688e-5,0,0,steagall,144,67
hawkish,stick,10,2.591250900459688e-5,0,0,stick,354,392
hawkish,strip,10,2.591250900459688e-5,0,0,strips,114,220
hawkish,strongest,10,2.591250900459688e-5,0,0,strongest,482,429
hawkish,thin,10,2.591250900459688e-5,0,0,thin,234,251
hawkish,timelin,10,2.591250900459688e-5,0,0,timeline,196,233
hawkish,tone,10,2.591250900459688e-5,0,0,tone,252,229
hawkish,toolkit,10,2.591250900459688e-5,0,0,toolkit,754,502
hawkish,tourism,10,2.591250900459688e-5,0,0,tourism,979,508
hawkish,twentieth,10,2.591250900459688e-5,0,0,twentieth,408,308
hawkish,viewpoint,10,2.591250900459688e-5,0,0,viewpoint,548,485
hawkish,wallet,10,2.591250900459688e-5,0,0,wallets,226,198
hawkish,warm,10,2.591250900459688e-5,0,0,warm,290,525
hawkish,web,10,2.591250900459688e-5,0,0,web,710,461
hawkish,worthi,10,2.591250900459688e-5,0,0,worthy,293,310
hawkish,abolish,9,2.332125810413719e-5,0,0,abolished,170,280
hawkish,accentu,9,2.332125810413719e-5,0,0,accentuated,205,286
hawkish,aggrav,9,2.332125810413719e-5,0,0,aggravated,221,430
hawkish,andrea,9,2.332125810413719e-5,0,0,andrea,364,213
hawkish,anim,9,2.332125810413719e-5,0,0,animal,287,278
hawkish,arena,9,2.332125810413719e-5,0,0,arena,391,354
hawkish,artist,9,2.332125810413719e-5,0,0,artistic,78,86
hawkish,attenu,9,2.332125810413719e-5,0,0,attenuated,81,159
hawkish,auf,9,2.332125810413719e-5,0,0,auf,82,51
hawkish,await,9,2.332125810413719e-5,0,0,await,90,232
hawkish,bar,9,2.332125810413719e-5,0,0,bar,425,588
hawkish,bare,9,2.332125810413719e-5,0,0,barely,435,533
hawkish,basl,9,2.332125810413719e-5,0,0,basle,288,145
hawkish,beauti,9,2.332125810413719e-5,0,0,beautiful,260,348
hawkish,belgium,9,2.332125810413719e-5,0,0,belgium,519,293
hawkish,beneficiari,9,2.332125810413719e-5,0,0,beneficiaries,329,346
hawkish,blind,9,2.332125810413719e-5,0,0,blind,236,258
hawkish,bloomberg,9,2.332125810413719e-5,0,0,bloomberg,1279,605
hawkish,bolster,9,2.332125810413719e-5,0,0,bolster,418,658
hawkish,bosnia,9,2.332125810413719e-5,0,0,bosnia,68,27
hawkish,breakdown,9,2.332125810413719e-5,0,0,breakdown,621,574
hawkish,broadcast,9,2.332125810413719e-5,0,0,broadcast,65,91
hawkish,brook,9,2.332125810413719e-5,0,0,brookings,919,620
hawkish,brown,9,2.332125810413719e-5,0,0,brown,241,176
hawkish,car,9,2.332125810413719e-5,0,0,car,858,716
hawkish,carney,9,2.332125810413719e-5,0,0,carney,830,378
hawkish,cater,9,2.332125810413719e-5,0,0,cater,256,336
hawkish,ccar,9,2.332125810413719e-5,0,0,ccar,292,47
hawkish,ceo,9,2.332125810413719e-5,0,0,ceo,426,375
hawkish,columbia,9,2.332125810413719e-5,0,0,columbia,309,211
hawkish,commonwealth,9,2.332125810413719e-5,0,0,commonwealth,203,120
hawkish,compuls,9,2.332125810413719e-5,0,0,compulsions,114,142
hawkish,contradictori,9,2.332125810413719e-5,0,0,contradictory,136,123
hawkish,corrigan,9,2.332125810413719e-5,0,0,corrigan,37,19
hawkish,crunch,9,2.332125810413719e-5,0,0,crunch,763,512
hawkish,curios,9,2.332125810413719e-5,0,0,curiosity,90,67
hawkish,curtail,9,2.332125810413719e-5,0,0,curtailed,193,461
hawkish,deadlin,9,2.332125810413719e-5,0,0,deadline,275,285
hawkish,debentur,9,2.332125810413719e-5,0,0,debentures,170,112
hawkish,defer,9,2.332125810413719e-5,0,0,deferred,262,379
hawkish,delhi,9,2.332125810413719e-5,0,0,delhi,345,229
hawkish,development,9,2.332125810413719e-5,0,0,developmental,280,196
hawkish,discern,9,2.332125810413719e-5,0,0,discern,155,351
hawkish,discharg,9,2.332125810413719e-5,0,0,discharge,155,224
hawkish,distract,9,2.332125810413719e-5,0,0,distract,66,158
hawkish,divert,9,2.332125810413719e-5,0,0,diverted,101,227
hawkish,divin,9,2.332125810413719e-5,0,0,divine,100,73
hawkish,domingo,9,2.332125810413719e-5,0,0,domingo,106,88
hawkish,dot,9,2.332125810413719e-5,0,0,dot,244,356
hawkish,dozen,9,2.332125810413719e-5,0,0,dozen,153,196
hawkish,drift,9,2.332125810413719e-5,0,0,drift,368,405
hawkish,emi,9,2.332125810413719e-5,0,0,emi,364,92
hawkish,eurozon,9,2.332125810413719e-5,0,0,eurozone,992,366
hawkish,explos,9,2.332125810413719e-5,0,0,explosion,175,284
hawkish,fischer,9,2.332125810413719e-5,0,0,fischer,457,208
hawkish,footnot,9,2.332125810413719e-5,0,0,footnote,204,237
hawkish,forego,9,2.332125810413719e-5,0,0,foregoing,81,107
hawkish,forev,9,2.332125810413719e-5,0,0,forever,275,259
hawkish,fraction,9,2.332125810413719e-5,0,0,fraction,767,584
hawkish,freez,9,2.332125810413719e-5,0,0,freeze,132,210
hawkish,gandhi,9,2.332125810413719e-5,0,0,gandhi,192,112
hawkish,habit,9,2.332125810413719e-5,0,0,habits,280,370
hawkish,handbook,9,2.332125810413719e-5,0,0,handbook,412,310
hawkish,hemispher,9,2.332125810413719e-5,0,0,hemisphere,98,58
hawkish,herzegovina,9,2.332125810413719e-5,0,0,herzegovina,66,27
hawkish,hurdl,9,2.332125810413719e-5,0,0,hurdle,245,307
hawkish,ict,9,2.332125810413719e-5,0,0,ict,951,254
hawkish,insul,9,2.332125810413719e-5,0,0,insulate,232,445
hawkish,intersect,9,2.332125810413719e-5,0,0,intersection,119,125
hawkish,intrus,9,2.332125810413719e-5,0,0,intrusive,168,180
hawkish,keynesian,9,2.332125810413719e-5,0,0,keynesian,625,329
hawkish,kroszner,9,2.332125810413719e-5,0,0,kroszner,194,67
hawkish,label,9,2.332125810413719e-5,0,0,label,258,438
hawkish,leap,9,2.332125810413719e-5,0,0,leap,377,346
hawkish,liaison,9,2.332125810413719e-5,0,0,liaison,317,200
hawkish,liechtenstein,9,2.332125810413719e-5,0,0,liechtenstein,63,28
hawkish,linger,9,2.332125810413719e-5,0,0,lingering,269,320
hawkish,lockdown,9,2.332125810413719e-5,0,0,lockdown,371,279
hawkish,loop,9,2.332125810413719e-5,0,0,loop,641,507
hawkish,loosen,9,2.332125810413719e-5,0,0,loosening,422,555
hawkish,macroeconomi,9,2.332125810413719e-5,0,0,macroeconomy,455,334
hawkish,mainstream,9,2.332125810413719e-5,0,0,mainstream,452,317
hawkish,maiz,9,2.332125810413719e-5,0,0,maize,67,36
hawkish,manuel,9,2.332125810413719e-5,0,0,manuel,344,268
hawkish,massachusett,9,2.332125810413719e-5,0,0,massachusetts,217,191
hawkish,master,9,2.332125810413719e-5,0,0,master,290,331
hawkish,maximis,9,2.332125810413719e-5,0,0,maximise,280,410
hawkish,metaphor,9,2.332125810413719e-5,0,0,metaphor,153,165
hawkish,microfin,9,2.332125810413719e-5,0,0,microfinance,441,109
hawkish,mit,9,2.332125810413719e-5,0,0,mit,477,333
hawkish,modal,9,2.332125810413719e-5,0,0,modalities,227,275
hawkish,mora,9,2.332125810413719e-5,0,0,moraes,18,18
hawkish,msmes,9,2.332125810413719e-5,0,0,msmes,838,114
hawkish,multipli,9,2.332125810413719e-5,0,0,multiplier,360,573
hawkish,multitud,9,2.332125810413719e-5,0,0,multitude,175,167
hawkish,myth,9,2.332125810413719e-5,0,0,myth,143,140
hawkish,nabard,9,2.332125810413719e-5,0,0,nabard,255,83
hawkish,nber,9,2.332125810413719e-5,0,0,nber,1730,915
hawkish,newspap,9,2.332125810413719e-5,0,0,newspaper,199,259
hawkish,nice,9,2.332125810413719e-5,0,0,nice,293,261
hawkish,nois,9,2.332125810413719e-5,0,0,noise,398,269
hawkish,notifi,9,2.332125810413719e-5,0,0,notified,140,151
hawkish,nurtur,9,2.332125810413719e-5,0,0,nurture,173,358
hawkish,occupi,9,2.332125810413719e-5,0,0,occupied,382,526
hawkish,optimist,9,2.332125810413719e-5,0,0,optimistic,1332,1064
hawkish,overreact,9,2.332125810413719e-5,0,0,overreact,89,181
hawkish,pacif,9,2.332125810413719e-5,0,0,pacific,572,297
hawkish,pai,9,2.332125810413719e-5,0,0,pai,22,13
hawkish,passiv,9,2.332125810413719e-5,0,0,passive,294,295
hawkish,paye,9,2.332125810413719e-5,0,0,payee,62,52
hawkish,payout,9,2.332125810413719e-5,0,0,payouts,121,132
hawkish,persever,9,2.332125810413719e-5,0,0,perseverance,98,135
hawkish,persuas,9,2.332125810413719e-5,0,0,persuasive,184,248
hawkish,petrol,9,2.332125810413719e-5,0,0,petrol,347,210
hawkish,philipp,9,2.332125810413719e-5,0,0,philipp,225,185
hawkish,plumb,9,2.332125810413719e-5,0,0,plumbing,161,144
hawkish,presumpt,9,2.332125810413719e-5,0,0,presumption,277,248
hawkish,procur,9,2.332125810413719e-5,0,0,procurement,243,228
hawkish,prone,9,2.332125810413719e-5,0,0,prone,615,538
hawkish,realign,9,2.332125810413719e-5,0,0,realignment,111,181
hawkish,recip,9,2.332125810413719e-5,0,0,recipe,192,198
hawkish,red,9,2.332125810413719e-5,0,0,red,958,533
hawkish,redesign,9,2.332125810413719e-5,0,0,redesign,96,162
hawkish,rein,9,2.332125810413719e-5,0,0,rein,164,254
hawkish,requisit,9,2.332125810413719e-5,0,0,requisite,288,283
hawkish,restraint,9,2.332125810413719e-5,0,0,restraint,544,502
hawkish,rethink,9,2.332125810413719e-5,0,0,rethinking,349,440
hawkish,revolv,9,2.332125810413719e-5,0,0,revolving,106,198
hawkish,roger,9,2.332125810413719e-5,0,0,roger,324,301
hawkish,rotat,9,2.332125810413719e-5,0,0,rotation,186,180
hawkish,royal,9,2.332125810413719e-5,0,0,royal,340,253
hawkish,rwa,9,2.332125810413719e-5,0,0,rwa,98,34
hawkish,sarah,9,2.332125810413719e-5,0,0,sarah,218,154
hawkish,sebi,9,2.332125810413719e-5,0,0,sebi,295,132
hawkish,segreg,9,2.332125810413719e-5,0,0,segregation,97,138
hawkish,shortfal,9,2.332125810413719e-5,0,0,shortfall,707,675
hawkish,shrink,9,2.332125810413719e-5,0,0,shrinking,528,796
hawkish,solan,9,2.332125810413719e-5,0,0,solans,102,88
hawkish,solvent,9,2.332125810413719e-5,0,0,solvent,447,318
hawkish,spell,9,2.332125810413719e-5,0,0,spell,226,350
hawkish,steven,9,2.332125810413719e-5,0,0,stevens,421,368
hawkish,stifl,9,2.332125810413719e-5,0,0,stifle,105,208
hawkish,stockhold,9,2.332125810413719e-5,0,0,stockholders,58,75
hawkish,straight,9,2.332125810413719e-5,0,0,straight,399,347
hawkish,subbarao,9,2.332125810413719e-5,0,0,subbarao,333,151
hawkish,subdu,9,2.332125810413719e-5,0,0,subdued,1910,1285
hawkish,subtl,9,2.332125810413719e-5,0,0,subtle,232,203
hawkish,supplementari,9,2.332125810413719e-5,0,0,supplementary,403,292
hawkish,surfac,9,2.332125810413719e-5,0,0,surface,381,479
hawkish,symbol,9,2.332125810413719e-5,0,0,symbol,257,337
hawkish,synonym,9,2.332125810413719e-5,0,0,synonymous,91,106
hawkish,tem,9,2.332125810413719e-5,0,0,tem,94,23
hawkish,unconvent,9,2.332125810413719e-5,0,0,unconventional,2733,1008
hawkish,undergon,9,2.332125810413719e-5,0,0,undergone,424,389
hawkish,unjustifi,9,2.332125810413719e-5,0,0,unjustified,119,144
hawkish,unobserv,9,2.332125810413719e-5,0,0,unobservable,134,147
hawkish,unrestrict,9,2.332125810413719e-5,0,0,unrestricted,81,70
hawkish,upcom,9,2.332125810413719e-5,0,0,upcoming,655,476
hawkish,victim,9,2.332125810413719e-5,0,0,victims,129,180
hawkish,video,9,2.332125810413719e-5,0,0,video,218,187
hawkish,voluntarili,9,2.332125810413719e-5,0,0,voluntarily,251,229
hawkish,withdrawn,9,2.332125810413719e-5,0,0,withdrawn,423,374
hawkish,worthwhil,9,2.332125810413719e-5,0,0,worthwhile,372,346
hawkish,abat,8,2.0730007203677504e-5,0,0,abated,177,408
hawkish,abstract,8,2.0730007203677504e-5,0,0,abstract,311,402
hawkish,angel,8,2.0730007203677504e-5,0,0,angeles,113,118
hawkish,antitrust,8,2.0730007203677504e-5,0,0,antitrust,126,53
hawkish,archiv,8,2.0730007203677504e-5,0,0,archives,132,95
hawkish,avert,8,2.0730007203677504e-5,0,0,avert,257,395
hawkish,bank,8,2.0730007203677504e-5,0,0,banked,114,76
hawkish,banka,8,2.0730007203677504e-5,0,0,banka,69,45
hawkish,battl,8,2.0730007203677504e-5,0,0,battle,304,273
hawkish,bedrock,8,2.0730007203677504e-5,0,0,bedrock,106,105
hawkish,berlin,8,2.0730007203677504e-5,0,0,berlin,402,295
hawkish,blue,8,2.0730007203677504e-5,0,0,blue,1013,491
hawkish,blur,8,2.0730007203677504e-5,0,0,blurred,171,357
hawkish,boe,8,2.0730007203677504e-5,0,0,boe,630,183
hawkish,bordo,8,2.0730007203677504e-5,0,0,bordo,212,88
hawkish,breach,8,2.0730007203677504e-5,0,0,breach,349,508
hawkish,bucket,8,2.0730007203677504e-5,0,0,bucket,81,87
hawkish,bundl,8,2.0730007203677504e-5,0,0,bundled,70,158
hawkish,bureaucrat,8,2.0730007203677504e-5,0,0,bureaucratic,104,139
hawkish,bypass,8,2.0730007203677504e-5,0,0,bypass,56,90
hawkish,cad,8,2.0730007203677504e-5,0,0,cad,272,68
hawkish,calendar,8,2.0730007203677504e-5,0,0,calendar,461,341
hawkish,california,8,2.0730007203677504e-5,0,0,california,359,276
hawkish,cancel,8,2.0730007203677504e-5,0,0,cancelled,104,259
hawkish,chairperson,8,2.0730007203677504e-5,0,0,chairperson,109,104
hawkish,chase,8,2.0730007203677504e-5,0,0,chase,155,214
hawkish,chemic,8,2.0730007203677504e-5,0,0,chemicals,118,174
hawkish,christiano,8,2.0730007203677504e-5,0,0,christiano,182,80
hawkish,christin,8,2.0730007203677504e-5,0,0,christine,172,158
hawkish,compass,8,2.0730007203677504e-5,0,0,compass,167,126
hawkish,concomit,8,2.0730007203677504e-5,0,0,concomitant,173,210
hawkish,connected,8,2.0730007203677504e-5,0,0,connectedness,90,66
hawkish,contradict,8,2.0730007203677504e-5,0,0,contradiction,124,244
hawkish,countermeasur,8,2.0730007203677504e-5,0,0,countermeasures,81,70
hawkish,cpmi,8,2.0730007203677504e-5,0,0,cpmi,362,103
hawkish,cpss,8,2.0730007203677504e-5,0,0,cpss,209,102
hawkish,crr,8,2.0730007203677504e-5,0,0,crr,481,202
hawkish,dark,8,2.0730007203677504e-5,0,0,dark,328,267
hawkish,davi,8,2.0730007203677504e-5,0,0,davis,168,189
hawkish,debell,8,2.0730007203677504e-5,0,0,debelle,344,151
hawkish,decentr,8,2.0730007203677504e-5,0,0,decentralized,204,152
hawkish,delic,8,2.0730007203677504e-5,0,0,delicate,241,230
hawkish,delinqu,8,2.0730007203677504e-5,0,0,delinquencies,326,340
hawkish,deliver,8,2.0730007203677504e-5,0,0,deliverable,68,87
hawkish,detken,8,2.0730007203677504e-5,0,0,detken,115,46
hawkish,dispens,8,2.0730007203677504e-5,0,0,dispensation,116,222
hawkish,duvvuri,8,2.0730007203677504e-5,0,0,duvvuri,206,105
hawkish,eighti,8,2.0730007203677504e-5,0,0,eighties,244,208
hawkish,empower,8,2.0730007203677504e-5,0,0,empowerment,244,164
hawkish,endow,8,2.0730007203677504e-5,0,0,endowed,150,307
hawkish,enthusiasm,8,2.0730007203677504e-5,0,0,enthusiasm,278,242
hawkish,enunci,8,2.0730007203677504e-5,0,0,enunciated,55,79
hawkish,eros,8,2.0730007203677504e-5,0,0,erosion,545,446
hawkish,esteem,8,2.0730007203677504e-5,0,0,esteemed,273,238
hawkish,euribor,8,2.0730007203677504e-5,0,0,euribor,271,121
hawkish,expansionari,8,2.0730007203677504e-5,0,0,expansionary,1834,1061
hawkish,expediti,8,2.0730007203677504e-5,0,0,expeditiously,132,190
hawkish,fastest,8,2.0730007203677504e-5,0,0,fastest,535,469
hawkish,fenc,8,2.0730007203677504e-5,0,0,fencing,199,207
hawkish,film,8,2.0730007203677504e-5,0,0,film,100,95
hawkish,fledg,8,2.0730007203677504e-5,0,0,fledged,388,315
hawkish,freer,8,2.0730007203677504e-5,0,0,freer,116,83
hawkish,geneva,8,2.0730007203677504e-5,0,0,geneva,401,256
hawkish,gnp,8,2.0730007203677504e-5,0,0,gnp,269,99
hawkish,gonzalez,8,2.0730007203677504e-5,0,0,gonzalez,194,174
hawkish,goodhart,8,2.0730007203677504e-5,0,0,goodhart,437,227
hawkish,granular,8,2.0730007203677504e-5,0,0,granular,391,294
hawkish,group,8,2.0730007203677504e-5,0,0,groupings,103,90
hawkish,haldan,8,2.0730007203677504e-5,0,0,haldane,900,274
hawkish,hoc,8,2.0730007203677504e-5,0,0,hoc,423,284
hawkish,immun,8,2.0730007203677504e-5,0,0,immune,330,351
hawkish,impart,8,2.0730007203677504e-5,0,0,impart,198,404
hawkish,ineffect,8,2.0730007203677504e-5,0,0,ineffective,443,415
hawkish,infinit,8,2.0730007203677504e-5,0,0,infinite,78,99
hawkish,inflict,8,2.0730007203677504e-5,0,0,inflicted,105,209
hawkish,inspect,8,2.0730007203677504e-5,0,0,inspection,211,268
hawkish,instal,8,2.0730007203677504e-5,0,0,installed,111,275
hawkish,interv,8,2.0730007203677504e-5,0,0,interval,311,381
hawkish,irrat,8,2.0730007203677504e-5,0,0,irrational,298,247
hawkish,irrelev,8,2.0730007203677504e-5,0,0,irrelevant,226,224
hawkish,laureat,8,2.0730007203677504e-5,0,0,laureate,96,112
hawkish,lax,8,2.0730007203677504e-5,0,0,lax,352,289
hawkish,lebac,8,2.0730007203677504e-5,0,0,lebacs,18,12
hawkish,lengthen,8,2.0730007203677504e-5,0,0,lengthening,187,350
hawkish,liabl,8,2.0730007203677504e-5,0,0,liable,165,151
hawkish,libra,8,2.0730007203677504e-5,0,0,libra,149,31
hawkish,liscc,8,2.0730007203677504e-5,0,0,liscc,128,24
hawkish,lock,8,2.0730007203677504e-5,0,0,lock,217,358
hawkish,longstand,8,2.0730007203677504e-5,0,0,longstanding,205,180
hawkish,longterm,8,2.0730007203677504e-5,0,0,longterm,474,431
hawkish,loos,8,2.0730007203677504e-5,0,0,loose,614,573
hawkish,ltv,8,2.0730007203677504e-5,0,0,ltv,371,135
hawkish,mental,8,2.0730007203677504e-5,0,0,mental,133,175
hawkish,millennium,8,2.0730007203677504e-5,0,0,millennium,500,301
hawkish,milton,8,2.0730007203677504e-5,0,0,milton,348,232
hawkish,miner,8,2.0730007203677504e-5,0,0,minerals,114,162
hawkish,misconduct,8,2.0730007203677504e-5,0,0,misconduct,297,143
hawkish,mixtur,8,2.0730007203677504e-5,0,0,mixture,117,111
hawkish,municip,8,2.0730007203677504e-5,0,0,municipal,404,256
hawkish,norway,8,2.0730007203677504e-5,0,0,norway,453,230
hawkish,obsolet,8,2.0730007203677504e-5,0,0,obsolete,212,188
hawkish,ombudsmen,8,2.0730007203677504e-5,0,0,ombudsmen,62,24
hawkish,outlet,8,2.0730007203677504e-5,0,0,outlets,226,161
hawkish,overarch,8,2.0730007203677504e-5,0,0,overarching,265,242
hawkish,oxford,8,2.0730007203677504e-5,0,0,oxford,687,439
hawkish,passbook,8,2.0730007203677504e-5,0,0,passbook,14,20
hawkish,pend,8,2.0730007203677504e-5,0,0,pending,242,217
hawkish,perpetu,8,2.0730007203677504e-5,0,0,perpetual,88,251
hawkish,pittsburgh,8,2.0730007203677504e-5,0,0,pittsburgh,147,107
hawkish,plenari,8,2.0730007203677504e-5,0,0,plenary,209,162
hawkish,poem,8,2.0730007203677504e-5,0,0,poem,40,31
hawkish,port,8,2.0730007203677504e-5,0,0,ports,197,257
hawkish,prestigi,8,2.0730007203677504e-5,0,0,prestigious,148,143
hawkish,psycholog,8,2.0730007203677504e-5,0,0,psychological,276,312
hawkish,qua,8,2.0730007203677504e-5,0,0,qua,108,104
hawkish,quarl,8,2.0730007203677504e-5,0,0,quarles,162,76
hawkish,quiet,8,2.0730007203677504e-5,0,0,quiet,147,173
hawkish,rail,8,2.0730007203677504e-5,0,0,rail,117,139
hawkish,rebound,8,2.0730007203677504e-5,0,0,rebound,990,970
hawkish,redeem,8,2.0730007203677504e-5,0,0,redeem,145,221
hawkish,redistribut,8,2.0730007203677504e-5,0,0,redistribution,407,427
hawkish,refrain,8,2.0730007203677504e-5,0,0,refrain,221,325
hawkish,reichlin,8,2.0730007203677504e-5,0,0,reichlin,97,65
hawkish,repair,8,2.0730007203677504e-5,0,0,repair,711,671
hawkish,restaur,8,2.0730007203677504e-5,0,0,restaurants,241,233
hawkish,retent,8,2.0730007203677504e-5,0,0,retention,321,221
hawkish,ride,8,2.0730007203677504e-5,0,0,ride,174,262
hawkish,rigour,8,2.0730007203677504e-5,0,0,rigour,120,115
hawkish,rogoff,8,2.0730007203677504e-5,0,0,rogoff,666,338
hawkish,roman,8,2.0730007203677504e-5,0,0,roman,100,89
hawkish,roundtabl,8,2.0730007203677504e-5,0,0,roundtable,295,208
hawkish,rulemak,8,2.0730007203677504e-5,0,0,rulemaking,382,211
hawkish,sake,8,2.0730007203677504e-5,0,0,sake,353,331
hawkish,sarb,8,2.0730007203677504e-5,0,0,sarb,1232,177
hawkish,scandal,8,2.0730007203677504e-5,0,0,scandals,220,217
hawkish,score,8,2.0730007203677504e-5,0,0,scores,445,567
hawkish,scrutinis,8,2.0730007203677504e-5,0,0,scrutinised,58,116
hawkish,shakespear,8,2.0730007203677504e-5,0,0,shakespeare,46,24
hawkish,sifi,8,2.0730007203677504e-5,0,0,sifis,369,145
hawkish,silver,8,2.0730007203677504e-5,0,0,silver,408,233
hawkish,simplic,8,2.0730007203677504e-5,0,0,simplicity,364,272
hawkish,sine,8,2.0730007203677504e-5,0,0,sine,107,102
hawkish,sizabl,8,2.0730007203677504e-5,0,0,sizable,609,490
hawkish,spiral,8,2.0730007203677504e-5,0,0,spiral,815,742
hawkish,split,8,2.0730007203677504e-5,0,0,split,409,358
hawkish,spoken,8,2.0730007203677504e-5,0,0,spoken,365,331
hawkish,spvs,8,2.0730007203677504e-5,0,0,spvs,86,50
hawkish,standpoint,8,2.0730007203677504e-5,0,0,standpoint,336,295
hawkish,sterl,8,2.0730007203677504e-5,0,0,sterling,2616,746
hawkish,subscript,8,2.0730007203677504e-5,0,0,subscription,98,106
hawkish,tenth,8,2.0730007203677504e-5,0,0,tenth,353,316
hawkish,throw,8,2.0730007203677504e-5,0,0,throw,191,265
hawkish,tlac,8,2.0730007203677504e-5,0,0,tlac,346,65
hawkish,tradeoff,8,2.0730007203677504e-5,0,0,tradeoff,292,335
hawkish,tripl,8,2.0730007203677504e-5,0,0,tripled,204,376
hawkish,tsunami,8,2.0730007203677504e-5,0,0,tsunami,132,93
hawkish,unaccept,8,2.0730007203677504e-5,0,0,unacceptable,274,368
hawkish,unanim,8,2.0730007203677504e-5,0,0,unanimous,145,287
hawkish,unchart,8,2.0730007203677504e-5,0,0,uncharted,183,194
hawkish,underdevelop,8,2.0730007203677504e-5,0,0,underdeveloped,198,206
hawkish,underserv,8,2.0730007203677504e-5,0,0,underserved,296,161
hawkish,undertook,8,2.0730007203677504e-5,0,0,undertook,279,262
hawkish,unfortun,8,2.0730007203677504e-5,0,0,unfortunate,283,240
hawkish,uphold,8,2.0730007203677504e-5,0,0,uphold,136,180
hawkish,variant,8,2.0730007203677504e-5,0,0,variant,353,352
hawkish,vendor,8,2.0730007203677504e-5,0,0,vendors,232,172
hawkish,versa,8,2.0730007203677504e-5,0,0,versa,381,348
hawkish,vest,8,2.0730007203677504e-5,0,0,vested,230,234
hawkish,visitor,8,2.0730007203677504e-5,0,0,visitors,221,186
hawkish,vivid,8,2.0730007203677504e-5,0,0,vividly,145,222
hawkish,void,8,2.0730007203677504e-5,0,0,void,61,56
hawkish,walk,8,2.0730007203677504e-5,0,0,walk,276,374
hawkish,wane,8,2.0730007203677504e-5,0,0,waning,343,545
hawkish,wast,8,2.0730007203677504e-5,0,0,waste,226,314
hawkish,width,8,2.0730007203677504e-5,0,0,width,110,93
hawkish,won,8,2.0730007203677504e-5,0,0,won,469,356
hawkish,woodford,8,2.0730007203677504e-5,0,0,woodford,799,330
hawkish,workabl,8,2.0730007203677504e-5,0,0,workable,146,142
hawkish,wound,8,2.0730007203677504e-5,0,0,wound,158,177
hawkish,accru,7,1.8138756303217815e-5,0,0,accrue,173,352
hawkish,affirm,7,1.8138756303217815e-5,0,0,affirmative,75,246
hawkish,allianc,7,1.8138756303217815e-5,0,0,alliance,169,199
hawkish,allud,7,1.8138756303217815e-5,0,0,alluded,184,231
hawkish,ampli,7,1.8138756303217815e-5,0,0,amply,117,115
hawkish,ann,7,1.8138756303217815e-5,0,0,ann,202,192
hawkish,api,7,1.8138756303217815e-5,0,0,api,160,75
hawkish,apparatus,7,1.8138756303217815e-5,0,0,apparatus,104,91
hawkish,applaud,7,1.8138756303217815e-5,0,0,applaud,77,114
hawkish,apprais,7,1.8138756303217815e-5,0,0,appraisal,389,339
hawkish,arithmet,7,1.8138756303217815e-5,0,0,arithmetic,214,207
hawkish,atlanta,7,1.8138756303217815e-5,0,0,atlanta,345,229
hawkish,bali,7,1.8138756303217815e-5,0,0,bali,148,50
hawkish,bangalor,7,1.8138756303217815e-5,0,0,bangalore,82,57
hawkish,bcb,7,1.8138756303217815e-5,0,0,bcb,58,15
hawkish,beij,7,1.8138756303217815e-5,0,0,beijing,234,168
hawkish,bloc,7,1.8138756303217815e-5,0,0,bloc,120,145
hawkish,bloom,7,1.8138756303217815e-5,0,0,bloom,308,152
hawkish,boat,7,1.8138756303217815e-5,0,0,boat,85,89
hawkish,bok,7,1.8138756303217815e-5,0,0,bok,167,57
hawkish,breakfast,7,1.8138756303217815e-5,0,0,breakfast,114,93
hawkish,buck,7,1.8138756303217815e-5,0,0,buck,88,106
hawkish,buildup,7,1.8138756303217815e-5,0,0,buildup,508,339
hawkish,camp,7,1.8138756303217815e-5,0,0,camps,86,105
hawkish,cashflow,7,1.8138756303217815e-5,0,0,cashflow,72,61
hawkish,caught,7,1.8138756303217815e-5,0,0,caught,344,316
hawkish,cbrt,7,1.8138756303217815e-5,0,0,cbrt,1099,110
hawkish,cleveland,7,1.8138756303217815e-5,0,0,cleveland,271,141
hawkish,cmu,7,1.8138756303217815e-5,0,0,cmu,349,62
hawkish,coalit,7,1.8138756303217815e-5,0,0,coalition,194,146
hawkish,commemor,7,1.8138756303217815e-5,0,0,commemorative,142,209
hawkish,commend,7,1.8138756303217815e-5,0,0,commend,160,307
hawkish,concis,7,1.8138756303217815e-5,0,0,concise,66,81
hawkish,conclav,7,1.8138756303217815e-5,0,0,conclave,154,62
hawkish,cpc,7,1.8138756303217815e-5,0,0,cpc,296,110
hawkish,cre,7,1.8138756303217815e-5,0,0,cre,505,70
hawkish,crisil,7,1.8138756303217815e-5,0,0,crisil,33,18
hawkish,critiqu,7,1.8138756303217815e-5,0,0,critique,156,141
hawkish,crossbord,7,1.8138756303217815e-5,0,0,crossborder,239,204
hawkish,curb,7,1.8138756303217815e-5,0,0,curb,420,576
hawkish,dalla,7,1.8138756303217815e-5,0,0,dallas,224,134
hawkish,deepest,7,1.8138756303217815e-5,0,0,deepest,231,224
hawkish,defens,7,1.8138756303217815e-5,0,0,defense,377,432
hawkish,den,7,1.8138756303217815e-5,0,0,den,173,116
hawkish,dichotomi,7,1.8138756303217815e-5,0,0,dichotomy,94,82
hawkish,discomfort,7,1.8138756303217815e-5,0,0,discomfort,73,76
hawkish,district,7,1.8138756303217815e-5,0,0,district,386,355
hawkish,domicil,7,1.8138756303217815e-5,0,0,domiciled,81,84
hawkish,drag,7,1.8138756303217815e-5,0,0,drag,852,770
hawkish,drill,7,1.8138756303217815e-5,0,0,drilling,95,116
hawkish,dublin,7,1.8138756303217815e-5,0,0,dublin,105,85
hawkish,duli,7,1.8138756303217815e-5,0,0,duly,152,143
hawkish,eat,7,1.8138756303217815e-5,0,0,eating,231,232
hawkish,encumb,7,1.8138756303217815e-5,0,0,encumbered,22,28
hawkish,entrench,7,1.8138756303217815e-5,0,0,entrenched,643,611
hawkish,envis,7,1.8138756303217815e-5,0,0,envisioned,133,237
hawkish,estonian,7,1.8138756303217815e-5,0,0,estonian,26,10
hawkish,ethnic,7,1.8138756303217815e-5,0,0,ethnic,304,130
hawkish,europeen,7,1.8138756303217815e-5,0,0,europeen,37,26
hawkish,exemplari,7,1.8138756303217815e-5,0,0,exemplary,142,128
hawkish,faculti,7,1.8138756303217815e-5,0,0,faculty,292,217
hawkish,fade,7,1.8138756303217815e-5,0,0,fade,425,649
hawkish,fallout,7,1.8138756303217815e-5,0,0,fallout,379,346
hawkish,fatf,7,1.8138756303217815e-5,0,0,fatf,165,58
hawkish,flash,7,1.8138756303217815e-5,0,0,flash,349,208
hawkish,fleet,7,1.8138756303217815e-5,0,0,fleet,36,64
hawkish,flood,7,1.8138756303217815e-5,0,0,flood,217,347
hawkish,footprint,7,1.8138756303217815e-5,0,0,footprint,268,222
hawkish,formalis,7,1.8138756303217815e-5,0,0,formalised,117,178
hawkish,fraudul,7,1.8138756303217815e-5,0,0,fraudulent,184,136
hawkish,friday,7,1.8138756303217815e-5,0,0,friday,276,225
hawkish,friendship,7,1.8138756303217815e-5,0,0,friendship,89,67
hawkish,fungibl,7,1.8138756303217815e-5,0,0,fungibility,44,74
hawkish,glb,7,1.8138756303217815e-5,0,0,glb,259,21
hawkish,har,7,1.8138756303217815e-5,0,0,harness,236,339
hawkish,healthier,7,1.8138756303217815e-5,0,0,healthier,231,205
hawkish,height,7,1.8138756303217815e-5,0,0,height,370,410
hawkish,hildebrand,7,1.8138756303217815e-5,0,0,hildebrand,207,107
hawkish,hole,7,1.8138756303217815e-5,0,0,hole,894,608
hawkish,hybrid,7,1.8138756303217815e-5,0,0,hybrid,258,186
hawkish,hypothes,7,1.8138756303217815e-5,0,0,hypotheses,189,169
hawkish,inadequaci,7,1.8138756303217815e-5,0,0,inadequacy,128,181
hawkish,indebt,7,1.8138756303217815e-5,0,0,indebted,576,380
hawkish,infer,7,1.8138756303217815e-5,0,0,infer,224,465
hawkish,interrupt,7,1.8138756303217815e-5,0,0,interrupted,166,363
hawkish,jame,7,1.8138756303217815e-5,0,0,james,711,479
hawkish,janet,7,1.8138756303217815e-5,0,0,janet,356,199
hawkish,justif,7,1.8138756303217815e-5,0,0,justification,277,285
hawkish,kccs,7,1.8138756303217815e-5,0,0,kccs,40,28
hawkish,kumar,7,1.8138756303217815e-5,0,0,kumar,168,127
hawkish,lake,7,1.8138756303217815e-5,0,0,lake,88,71
hawkish,lenza,7,1.8138756303217815e-5,0,0,lenza,101,63
hawkish,loyalti,7,1.8138756303217815e-5,0,0,loyalty,157,131
hawkish,lunch,7,1.8138756303217815e-5,0,0,lunch,244,228
hawkish,macklem,7,1.8138756303217815e-5,0,0,macklem,188,108
hawkish,maechler,7,1.8138756303217815e-5,0,0,maechler,254,61
hawkish,male,7,1.8138756303217815e-5,0,0,male,281,136
hawkish,manpow,7,1.8138756303217815e-5,0,0,manpower,177,116
hawkish,mario,7,1.8138756303217815e-5,0,0,mario,378,302
hawkish,mckinsey,7,1.8138756303217815e-5,0,0,mckinsey,253,140
hawkish,midst,7,1.8138756303217815e-5,0,0,midst,519,465
hawkish,minneapoli,7,1.8138756303217815e-5,0,0,minneapolis,182,121
hawkish,mishkin,7,1.8138756303217815e-5,0,0,mishkin,513,195
hawkish,mocht,7,1.8138756303217815e-5,0,0,mochte,47,37
hawkish,moni,7,1.8138756303217815e-5,0,0,monies,75,55
hawkish,nicht,7,1.8138756303217815e-5,0,0,nicht,34,24
hawkish,nineteenth,7,1.8138756303217815e-5,0,0,nineteenth,294,189
hawkish,nonprofit,7,1.8138756303217815e-5,0,0,nonprofit,168,120
hawkish,northeast,7,1.8138756303217815e-5,0,0,northeast,74,37
hawkish,noteworthi,7,1.8138756303217815e-5,0,0,noteworthy,586,489
hawkish,nowaday,7,1.8138756303217815e-5,0,0,nowadays,363,311
hawkish,nutshel,7,1.8138756303217815e-5,0,0,nutshell,189,188
hawkish,onnemannstradf,7,1.8138756303217815e-5,0,0,onnemannstradfe,78,78
hawkish,ontario,7,1.8138756303217815e-5,0,0,ontario,468,314
hawkish,opac,7,1.8138756303217815e-5,0,0,opacity,206,166
hawkish,opec,7,1.8138756303217815e-5,0,0,opec,228,140
hawkish,orat,7,1.8138756303217815e-5,0,0,oration,36,24
hawkish,paraphras,7,1.8138756303217815e-5,0,0,paraphrase,94,112
hawkish,philadelphia,7,1.8138756303217815e-5,0,0,philadelphia,260,174
hawkish,polar,7,1.8138756303217815e-5,0,0,polarization,116,124
hawkish,poorer,7,1.8138756303217815e-5,0,0,poorer,311,240
hawkish,postul,7,1.8138756303217815e-5,0,0,postulate,38,77
hawkish,powel,7,1.8138756303217815e-5,0,0,powell,506,262
hawkish,practition,7,1.8138756303217815e-5,0,0,practitioners,449,400
hawkish,preferenti,7,1.8138756303217815e-5,0,0,preferential,281,168
hawkish,pride,7,1.8138756303217815e-5,0,0,pride,265,234
hawkish,provinc,7,1.8138756303217815e-5,0,0,provinces,333,297
hawkish,random,7,1.8138756303217815e-5,0,0,random,354,279
hawkish,realloc,7,1.8138756303217815e-5,0,0,reallocation,591,536
hawkish,reckon,7,1.8138756303217815e-5,0,0,reckoned,84,194
hawkish,redund,7,1.8138756303217815e-5,0,0,redundant,125,197
hawkish,reliant,7,1.8138756303217815e-5,0,0,reliant,391,345
hawkish,reliev,7,1.8138756303217815e-5,0,0,relieve,192,322
hawkish,repetit,7,1.8138756303217815e-5,0,0,repetition,116,157
hawkish,rhyme,7,1.8138756303217815e-5,0,0,rhyme,17,24
hawkish,richer,7,1.8138756303217815e-5,0,0,richer,309,256
hawkish,ring,7,1.8138756303217815e-5,0,0,ring,487,261
hawkish,roth,7,1.8138756303217815e-5,0,0,roth,265,163
hawkish,sacrific,7,1.8138756303217815e-5,0,0,sacrifice,224,221
hawkish,sam,7,1.8138756303217815e-5,0,0,sam,183,114
hawkish,sargent,7,1.8138756303217815e-5,0,0,sargent,189,99
hawkish,scholarship,7,1.8138756303217815e-5,0,0,scholarship,104,89
hawkish,screen,7,1.8138756303217815e-5,0,0,screen,238,351
hawkish,sdd,7,1.8138756303217815e-5,0,0,sdd,79,15
hawkish,secreci,7,1.8138756303217815e-5,0,0,secrecy,270,129
hawkish,sensibl,7,1.8138756303217815e-5,0,0,sensibly,119,123
hawkish,sheer,7,1.8138756303217815e-5,0,0,sheer,287,269
hawkish,shgs,7,1.8138756303217815e-5,0,0,shgs,187,57
hawkish,shi,7,1.8138756303217815e-5,0,0,shy,129,156
hawkish,sib,7,1.8138756303217815e-5,0,0,sibs,366,141
hawkish,sidbi,7,1.8138756303217815e-5,0,0,sidbi,75,40
hawkish,smart,7,1.8138756303217815e-5,0,0,smart,482,338
hawkish,spectacular,7,1.8138756303217815e-5,0,0,spectacular,240,257
hawkish,spoke,7,1.8138756303217815e-5,0,0,spoke,585,495
hawkish,spv,7,1.8138756303217815e-5,0,0,spv,171,46
hawkish,squeez,7,1.8138756303217815e-5,0,0,squeeze,500,597
hawkish,stagnat,7,1.8138756303217815e-5,0,0,stagnation,1094,793
hawkish,statistician,7,1.8138756303217815e-5,0,0,statisticians,208,119
hawkish,steril,7,1.8138756303217815e-5,0,0,sterilization,117,158
hawkish,storag,7,1.8138756303217815e-5,0,0,storage,396,264
hawkish,strand,7,1.8138756303217815e-5,0,0,strand,131,211
hawkish,successor,7,1.8138756303217815e-5,0,0,successor,144,183
hawkish,surpass,7,1.8138756303217815e-5,0,0,surpassed,180,328
hawkish,suspect,7,1.8138756303217815e-5,0,0,suspect,643,624
hawkish,suspend,7,1.8138756303217815e-5,0,0,suspended,245,318
hawkish,svb,7,1.8138756303217815e-5,0,0,svb,94,20
hawkish,symmetr,7,1.8138756303217815e-5,0,0,symmetric,512,539
hawkish,tempor,7,1.8138756303217815e-5,0,0,temporal,207,161
hawkish,testifi,7,1.8138756303217815e-5,0,0,testify,120,229
hawkish,textbook,7,1.8138756303217815e-5,0,0,textbook,297,354
hawkish,tfeu,7,1.8138756303217815e-5,0,0,tfeu,74,23
hawkish,thailand,7,1.8138756303217815e-5,0,0,thailand,739,395
hawkish,thick,7,1.8138756303217815e-5,0,0,thick,65,71
hawkish,thread,7,1.8138756303217815e-5,0,0,thread,85,101
hawkish,tide,7,1.8138756303217815e-5,0,0,tide,269,247
hawkish,traffic,7,1.8138756303217815e-5,0,0,traffic,271,185
hawkish,tragedi,7,1.8138756303217815e-5,0,0,tragedy,229,157
hawkish,unaffect,7,1.8138756303217815e-5,0,0,unaffected,287,248
hawkish,undeni,7,1.8138756303217815e-5,0,0,undeniable,156,200
hawkish,underli,7,1.8138756303217815e-5,0,0,underlie,152,140
hawkish,une,7,1.8138756303217815e-5,0,0,une,82,48
hawkish,unravel,7,1.8138756303217815e-5,0,0,unravelling,69,143
hawkish,unregist,7,1.8138756303217815e-5,0,0,unregistered,44,27
hawkish,unsatisfactori,7,1.8138756303217815e-5,0,0,unsatisfactory,176,155
hawkish,unwil,7,1.8138756303217815e-5,0,0,unwilling,237,208
hawkish,up,7,1.8138756303217815e-5,0,0,ups,820,533
hawkish,upper,7,1.8138756303217815e-5,0,0,upper,1207,781
hawkish,urgenc,7,1.8138756303217815e-5,0,0,urgency,380,337
hawkish,vacanc,7,1.8138756303217815e-5,0,0,vacancies,633,385
hawkish,vagu,7,1.8138756303217815e-5,0,0,vague,122,127
hawkish,var,7,1.8138756303217815e-5,0,0,var,398,184
hawkish,victoria,7,1.8138756303217815e-5,0,0,victoria,250,178
hawkish,viii,7,1.8138756303217815e-5,0,0,viii,175,152
hawkish,weakest,7,1.8138756303217815e-5,0,0,weakest,237,203
hawkish,will,7,1.8138756303217815e-5,0,0,wills,82,121
hawkish,withhold,7,1.8138756303217815e-5,0,0,withholding,98,105
hawkish,wolf,7,1.8138756303217815e-5,0,0,wolf,117,82
hawkish,year,7,1.8138756303217815e-5,0,0,yearly,299,258
hawkish,yves,7,1.8138756303217815e-5,0,0,yves,188,173
hawkish,zengin,7,1.8138756303217815e-5,0,0,zengin,54,11
hawkish,adjunct,6,1.554750540275813e-5,0,0,adjunct,35,37
hawkish,ambigu,6,1.554750540275813e-5,0,0,ambiguity,225,334
hawkish,anecdot,6,1.554750540275813e-5,0,0,anecdotal,329,381
hawkish,anonym,6,1.554750540275813e-5,0,0,anonymous,165,197
hawkish,anxieti,6,1.554750540275813e-5,0,0,anxiety,353,270
hawkish,apt,6,1.554750540275813e-5,0,0,apt,119,204
hawkish,arthur,6,1.554750540275813e-5,0,0,arthur,197,145
hawkish,ascrib,6,1.554750540275813e-5,0,0,ascribed,97,150
hawkish,asean,6,1.554750540275813e-5,0,0,asean,538,236
hawkish,auditor,6,1.554750540275813e-5,0,0,auditors,715,256
hawkish,auspic,6,1.554750540275813e-5,0,0,auspices,168,160
hawkish,barrel,6,1.554750540275813e-5,0,0,barrel,741,416
hawkish,benoit,6,1.554750540275813e-5,0,0,benoit,281,225
hawkish,blunt,6,1.554750540275813e-5,0,0,blunt,203,289
hawkish,brake,6,1.554750540275813e-5,0,0,brake,185,219
hawkish,bright,6,1.554750540275813e-5,0,0,bright,321,290
hawkish,bulgaria,6,1.554750540275813e-5,0,0,bulgaria,171,90
hawkish,buoyant,6,1.554750540275813e-5,0,0,buoyant,474,408
hawkish,buttress,6,1.554750540275813e-5,0,0,buttressed,83,164
hawkish,categor,6,1.554750540275813e-5,0,0,categorized,81,167
hawkish,causal,6,1.554750540275813e-5,0,0,causal,204,295
hawkish,caveat,6,1.554750540275813e-5,0,0,caveat,206,305
hawkish,ccp,6,1.554750540275813e-5,0,0,ccp,1020,172
hawkish,cfa,6,1.554750540275813e-5,0,0,cfa,144,80
hawkish,chequ,6,1.554750540275813e-5,0,0,cheques,339,219
hawkish,child,6,1.554750540275813e-5,0,0,child,353,215
hawkish,christian,6,1.554750540275813e-5,0,0,christian,145,148
hawkish,classif,6,1.554750540275813e-5,0,0,classification,593,394
hawkish,closur,6,1.554750540275813e-5,0,0,closure,254,310
hawkish,clue,6,1.554750540275813e-5,0,0,clues,95,136
hawkish,codifi,6,1.554750540275813e-5,0,0,codified,80,101
hawkish,coeur,6,1.554750540275813e-5,0,0,coeure,555,242
hawkish,colour,6,1.554750540275813e-5,0,0,colour,121,188
hawkish,complain,6,1.554750540275813e-5,0,0,complain,109,193
hawkish,comprehend,6,1.554750540275813e-5,0,0,comprehend,130,130
hawkish,configur,6,1.554750540275813e-5,0,0,configuration,210,252
hawkish,cook,6,1.554750540275813e-5,0,0,cook,90,83
hawkish,corrupt,6,1.554750540275813e-5,0,0,corruption,251,195
hawkish,cricket,6,1.554750540275813e-5,0,0,cricket,61,35
hawkish,crystal,6,1.554750540275813e-5,0,0,crystal,134,198
hawkish,cultiv,6,1.554750540275813e-5,0,0,cultivate,132,244
hawkish,cyprus,6,1.554750540275813e-5,0,0,cyprus,344,151
hawkish,decoupl,6,1.554750540275813e-5,0,0,decoupling,240,223
hawkish,diego,6,1.554750540275813e-5,0,0,diego,115,94
hawkish,diffus,6,1.554750540275813e-5,0,0,diffusion,635,459
hawkish,discours,6,1.554750540275813e-5,0,0,discourse,181,170
hawkish,doc,6,1.554750540275813e-5,0,0,doc,31,25
hawkish,donat,6,1.554750540275813e-5,0,0,donations,30,48
hawkish,downgrad,6,1.554750540275813e-5,0,0,downgrade,209,439
hawkish,drain,6,1.554750540275813e-5,0,0,drain,186,248
hawkish,drawback,6,1.554750540275813e-5,0,0,drawbacks,186,220
hawkish,drink,6,1.554750540275813e-5,0,0,drinking,184,161
hawkish,dsge,6,1.554750540275813e-5,0,0,dsge,292,128
hawkish,edt,6,1.554750540275813e-5,0,0,edt,156,152
hawkish,egg,6,1.554750540275813e-5,0,0,eggs,108,118
hawkish,elvira,6,1.554750540275813e-5,0,0,elvira,988,138
hawkish,emot,6,1.554750540275813e-5,0,0,emotional,90,150
hawkish,emptiv,6,1.554750540275813e-5,0,0,emptive,321,307
hawkish,emul,6,1.554750540275813e-5,0,0,emulate,53,108
hawkish,encumbr,6,1.554750540275813e-5,0,0,encumbrance,51,34
hawkish,engend,6,1.554750540275813e-5,0,0,engendered,154,324
hawkish,enron,6,1.554750540275813e-5,0,0,enron,183,95
hawkish,eugenio,6,1.554750540275813e-5,0,0,eugenio,131,118
hawkish,euphoria,6,1.554750540275813e-5,0,0,euphoria,162,132
hawkish,euroland,6,1.554750540275813e-5,0,0,euroland,187,63
hawkish,europeenn,6,1.554750540275813e-5,0,0,europeenne,40,32
hawkish,exemplifi,6,1.554750540275813e-5,0,0,exemplified,151,198
hawkish,experiment,6,1.554750540275813e-5,0,0,experimental,188,241
hawkish,explanatori,6,1.554750540275813e-5,0,0,explanatory,209,161
hawkish,fan,6,1.554750540275813e-5,0,0,fan,440,196
hawkish,farm,6,1.554750540275813e-5,0,0,farm,564,391
hawkish,fascin,6,1.554750540275813e-5,0,0,fascinating,164,184
hawkish,fatal,6,1.554750540275813e-5,0,0,fatal,81,115
hawkish,feat,6,1.554750540275813e-5,0,0,feat,54,51
hawkish,finland,6,1.554750540275813e-5,0,0,finland,596,315
hawkish,flat,6,1.554750540275813e-5,0,0,flat,1034,748
hawkish,forestal,6,1.554750540275813e-5,0,0,forestall,188,208
hawkish,formula,6,1.554750540275813e-5,0,0,formula,393,334
hawkish,forti,6,1.554750540275813e-5,0,0,forty,291,273
hawkish,fortnight,6,1.554750540275813e-5,0,0,fortnight,86,91
hawkish,francisco,6,1.554750540275813e-5,0,0,francisco,673,372
hawkish,friedrich,6,1.554750540275813e-5,0,0,friedrich,69,52
hawkish,frill,6,1.554750540275813e-5,0,0,frills,123,77
hawkish,frontlin,6,1.554750540275813e-5,0,0,frontline,98,81
hawkish,generic,6,1.554750540275813e-5,0,0,generic,138,135
hawkish,geographi,6,1.554750540275813e-5,0,0,geography,270,268
hawkish,gerardo,6,1.554750540275813e-5,0,0,gerardo,29,25
hawkish,giant,6,1.554750540275813e-5,0,0,giant,131,205
hawkish,grappl,6,1.554750540275813e-5,0,0,grappling,157,305
hawkish,groupthink,6,1.554750540275813e-5,0,0,groupthink,62,30
hawkish,hallmark,6,1.554750540275813e-5,0,0,hallmark,118,154
hawkish,harmon,6,1.554750540275813e-5,0,0,harmonization,181,291
hawkish,harmoni,6,1.554750540275813e-5,0,0,harmony,173,264
hawkish,harvest,6,1.554750540275813e-5,0,0,harvest,139,174
hawkish,harvey,6,1.554750540275813e-5,0,0,harvey,62,40
hawkish,hasten,6,1.554750540275813e-5,0,0,hasten,149,182
hawkish,haven,6,1.554750540275813e-5,0,0,haven,444,359
hawkish,hawk,6,1.554750540275813e-5,0,0,hawks,42,53
hawkish,henri,6,1.554750540275813e-5,0,0,henry,218,167
hawkish,hernandez,6,1.554750540275813e-5,0,0,hernandez,23,21
hawkish,hint,6,1.554750540275813e-5,0,0,hint,82,189
hawkish,horror,6,1.554750540275813e-5,0,0,horror,24,42
hawkish,hospit,6,1.554750540275813e-5,0,0,hospitality,237,342
hawkish,hungari,6,1.554750540275813e-5,0,0,hungary,307,172
hawkish,ice,6,1.554750540275813e-5,0,0,ice,197,120
hawkish,ideolog,6,1.554750540275813e-5,0,0,ideology,66,113
hawkish,idl,6,1.554750540275813e-5,0,0,idle,132,160
hawkish,illicit,6,1.554750540275813e-5,0,0,illicit,141,73
hawkish,improp,6,1.554750540275813e-5,0,0,improper,91,98
hawkish,inclin,6,1.554750540275813e-5,0,0,inclined,390,430
hawkish,inconveni,6,1.554750540275813e-5,0,0,inconvenience,65,120
hawkish,incorrect,6,1.554750540275813e-5,0,0,incorrect,174,199
hawkish,instinct,6,1.554750540275813e-5,0,0,instinct,48,96
hawkish,intact,6,1.554750540275813e-5,0,0,intact,223,205
hawkish,intermeet,6,1.554750540275813e-5,0,0,intermeeting,44,21
hawkish,internation,6,1.554750540275813e-5,0,0,internationalization,159,101
hawkish,intuit,6,1.554750540275813e-5,0,0,intuition,159,341
hawkish,invalid,6,1.554750540275813e-5,0,0,invalidate,18,55
hawkish,invent,6,1.554750540275813e-5,0,0,invention,170,323
hawkish,iren,6,1.554750540275813e-5,0,0,irene,29,29
hawkish,irish,6,1.554750540275813e-5,0,0,irish,241,122
hawkish,irrevers,6,1.554750540275813e-5,0,0,irreversible,201,228
hawkish,island,6,1.554750540275813e-5,0,0,island,320,320
hawkish,jose,6,1.554750540275813e-5,0,0,jose,296,244
hawkish,jun,6,1.554750540275813e-5,0,0,jun,477,153
hawkish,juri,6,1.554750540275813e-5,0,0,jury,179,137
hawkish,knightian,6,1.554750540275813e-5,0,0,knightian,103,63
hawkish,knock,6,1.554750540275813e-5,0,0,knock,277,273
hawkish,laps,6,1.554750540275813e-5,0,0,lapses,68,89
hawkish,latent,6,1.554750540275813e-5,0,0,latent,177,149
hawkish,leeway,6,1.554750540275813e-5,0,0,leeway,222,193
hawkish,lei,6,1.554750540275813e-5,0,0,lei,134,46
hawkish,lmi,6,1.554750540275813e-5,0,0,lmi,109,17
hawkish,lombard,6,1.554750540275813e-5,0,0,lombard,213,145
hawkish,mae,6,1.554750540275813e-5,0,0,mae,282,156
hawkish,matrix,6,1.554750540275813e-5,0,0,matrix,130,56
hawkish,meantim,6,1.554750540275813e-5,0,0,meantime,701,604
hawkish,mentor,6,1.554750540275813e-5,0,0,mentoring,62,96
hawkish,mifid,6,1.554750540275813e-5,0,0,mifid,69,46
hawkish,migrant,6,1.554750540275813e-5,0,0,migrant,242,162
hawkish,mile,6,1.554750540275813e-5,0,0,miles,372,324
hawkish,minus,6,1.554750540275813e-5,0,0,minus,1194,617
hawkish,miracl,6,1.554750540275813e-5,0,0,miracle,184,152
hawkish,monetar,6,1.554750540275813e-5,0,0,monetarism,101,57
hawkish,moscow,6,1.554750540275813e-5,0,0,moscow,150,105
hawkish,motion,6,1.554750540275813e-5,0,0,motion,344,296
hawkish,myriad,6,1.554750540275813e-5,0,0,myriad,227,222
hawkish,narrat,6,1.554750540275813e-5,0,0,narrative,355,300
hawkish,nederlandsch,6,1.554750540275813e-5,0,0,nederlandsche,117,82
hawkish,nelson,6,1.554750540275813e-5,0,0,nelson,374,209
hawkish,nimbl,6,1.554750540275813e-5,0,0,nimble,153,152
hawkish,nontradit,6,1.554750540275813e-5,0,0,nontraditional,253,96
hawkish,nri,6,1.554750540275813e-5,0,0,nri,82,46
hawkish,occup,6,1.554750540275813e-5,0,0,occupations,347,366
hawkish,ojk,6,1.554750540275813e-5,0,0,ojk,133,41
hawkish,outpac,6,1.554750540275813e-5,0,0,outpaced,133,262
hawkish,overseen,6,1.554750540275813e-5,0,0,overseen,115,108
hawkish,overst,6,1.554750540275813e-5,0,0,overstated,183,351
hawkish,overtaken,6,1.554750540275813e-5,0,0,overtaken,64,62
hawkish,pair,6,1.554750540275813e-5,0,0,pair,132,188
hawkish,panelist,6,1.554750540275813e-5,0,0,panelists,124,124
hawkish,papademo,6,1.554750540275813e-5,0,0,papademos,145,112
hawkish,passeng,6,1.554750540275813e-5,0,0,passenger,88,82
hawkish,pave,6,1.554750540275813e-5,0,0,pave,211,438
hawkish,payabl,6,1.554750540275813e-5,0,0,payable,98,92
hawkish,pepp,6,1.554750540275813e-5,0,0,pepp,428,90
hawkish,peripher,6,1.554750540275813e-5,0,0,peripheral,399,253
hawkish,pipelin,6,1.554750540275813e-5,0,0,pipeline,344,294
hawkish,pivot,6,1.554750540275813e-5,0,0,pivotal,336,377
hawkish,platinum,6,1.554750540275813e-5,0,0,platinum,136,79
hawkish,pos,6,1.554750540275813e-5,0,0,pos,132,66
hawkish,pound,6,1.554750540275813e-5,0,0,pound,693,404
hawkish,precious,6,1.554750540275813e-5,0,0,precious,203,158
hawkish,precipit,6,1.554750540275813e-5,0,0,precipitated,141,379
hawkish,predetermin,6,1.554750540275813e-5,0,0,predetermined,198,192
hawkish,premier,6,1.554750540275813e-5,0,0,premier,130,136
hawkish,prescient,6,1.554750540275813e-5,0,0,prescient,48,52
hawkish,preval,6,1.554750540275813e-5,0,0,prevalent,396,537
hawkish,primaci,6,1.554750540275813e-5,0,0,primacy,200,145
hawkish,prototyp,6,1.554750540275813e-5,0,0,prototype,43,61
hawkish,protract,6,1.554750540275813e-5,0,0,protracted,1057,811
hawkish,psus,6,1.554750540275813e-5,0,0,psus,42,25
hawkish,qui,6,1.554750540275813e-5,0,0,qui,57,34
hawkish,rand,6,1.554750540275813e-5,0,0,rand,1403,308
hawkish,rao,6,1.554750540275813e-5,0,0,rao,154,88
hawkish,rbs,6,1.554750540275813e-5,0,0,rbs,194,94
hawkish,realism,6,1.554750540275813e-5,0,0,realism,78,66
hawkish,recalibr,6,1.554750540275813e-5,0,0,recalibration,88,171
hawkish,recept,6,1.554750540275813e-5,0,0,reception,101,151
hawkish,redirect,6,1.554750540275813e-5,0,0,redirect,56,120
hawkish,reichsbank,6,1.554750540275813e-5,0,0,reichsbank,29,11
hawkish,remaind,6,1.554750540275813e-5,0,0,remainder,543,505
hawkish,reshap,6,1.554750540275813e-5,0,0,reshaping,146,247
hawkish,reson,6,1.554750540275813e-5,0,0,resonate,44,107
hawkish,richmond,6,1.554750540275813e-5,0,0,richmond,207,149
hawkish,riegl,6,1.554750540275813e-5,0,0,riegle,47,31
hawkish,riskless,6,1.554750540275813e-5,0,0,riskless,104,78
hawkish,rostagno,6,1.554750540275813e-5,0,0,rostagno,188,104
hawkish,row,6,1.554750540275813e-5,0,0,row,226,208
hawkish,sad,6,1.554750540275813e-5,0,0,sadly,117,156
hawkish,saron,6,1.554750540275813e-5,0,0,saron,309,36
hawkish,saskatchewan,6,1.554750540275813e-5,0,0,saskatchewan,64,24
hawkish,scratch,6,1.554750540275813e-5,0,0,scratch,85,110
hawkish,seamless,6,1.554750540275813e-5,0,0,seamless,214,279
hawkish,secret,6,1.554750540275813e-5,0,0,secret,152,187
hawkish,seizur,6,1.554750540275813e-5,0,0,seizure,64,64
hawkish,semi,6,1.554750540275813e-5,0,0,semi,491,399
hawkish,setup,6,1.554750540275813e-5,0,0,setup,147,126
hawkish,sharper,6,1.554750540275813e-5,0,0,sharper,399,349
hawkish,shatter,6,1.554750540275813e-5,0,0,shattered,54,67
hawkish,shutdown,6,1.554750540275813e-5,0,0,shutdown,113,121
hawkish,simon,6,1.554750540275813e-5,0,0,simon,291,237
hawkish,sixti,6,1.554750540275813e-5,0,0,sixty,145,155
hawkish,sluggish,6,1.554750540275813e-5,0,0,sluggish,1120,855
hawkish,slump,6,1.554750540275813e-5,0,0,slump,464,452
hawkish,smile,6,1.554750540275813e-5,0,0,smile,24,39
hawkish,specifi,6,1.554750540275813e-5,0,0,specifies,148,141
hawkish,staf,6,1.554750540275813e-5,0,0,staffing,95,112
hawkish,stall,6,1.554750540275813e-5,0,0,stalled,184,291
hawkish,star,6,1.554750540275813e-5,0,0,star,208,155
hawkish,steel,6,1.554750540275813e-5,0,0,steel,499,322
hawkish,steep,6,1.554750540275813e-5,0,0,steep,554,492
hawkish,stone,6,1.554750540275813e-5,0,0,stone,265,234
hawkish,stylis,6,1.554750540275813e-5,0,0,stylised,374,244
hawkish,suffic,6,1.554750540275813e-5,0,0,suffice,243,254
hawkish,supra,6,1.554750540275813e-5,0,0,supra,51,48
hawkish,sweep,6,1.554750540275813e-5,0,0,sweep,176,232
hawkish,tandem,6,1.554750540275813e-5,0,0,tandem,408,376
hawkish,teacher,6,1.554750540275813e-5,0,0,teachers,284,253
hawkish,telephon,6,1.554750540275813e-5,0,0,telephone,289,255
hawkish,tentat,6,1.554750540275813e-5,0,0,tentative,420,402
hawkish,tenur,6,1.554750540275813e-5,0,0,tenure,260,207
hawkish,terribl,6,1.554750540275813e-5,0,0,terrible,152,189
hawkish,thinker,6,1.554750540275813e-5,0,0,thinkers,51,64
hawkish,thrust,6,1.554750540275813e-5,0,0,thrust,323,273
hawkish,tiff,6,1.554750540275813e-5,0,0,tiff,200,112
hawkish,tilt,6,1.554750540275813e-5,0,0,tilted,264,374
hawkish,timefram,6,1.554750540275813e-5,0,0,timeframe,205,191
hawkish,tireless,6,1.554750540275813e-5,0,0,tirelessly,58,104
hawkish,toxic,6,1.554750540275813e-5,0,0,toxic,166,143
hawkish,tran,6,1.554750540275813e-5,0,0,trans,106,91
hawkish,tri,6,1.554750540275813e-5,0,0,tri,68,38
hawkish,trough,6,1.554750540275813e-5,0,0,trough,581,457
hawkish,typhoon,6,1.554750540275813e-5,0,0,typhoon,17,24
hawkish,unbias,6,1.554750540275813e-5,0,0,unbiased,98,83
hawkish,uncomfort,6,1.554750540275813e-5,0,0,uncomfortable,235,311
hawkish,unforeseen,6,1.554750540275813e-5,0,0,unforeseen,315,280
hawkish,uninterrupt,6,1.554750540275813e-5,0,0,uninterrupted,162,164
hawkish,unrel,6,1.554750540275813e-5,0,0,unrelated,292,305
hawkish,unsettl,6,1.554750540275813e-5,0,0,unsettled,129,187
hawkish,upturn,6,1.554750540275813e-5,0,0,upturn,457,384
hawkish,usc,6,1.554750540275813e-5,0,0,usc,23,11
hawkish,utah,6,1.554750540275813e-5,0,0,utah,63,28
hawkish,vacuum,6,1.554750540275813e-5,0,0,vacuum,143,132
hawkish,varianc,6,1.554750540275813e-5,0,0,variance,427,249
hawkish,vein,6,1.554750540275813e-5,0,0,vein,349,336
hawkish,veto,6,1.554750540275813e-5,0,0,veto,36,38
hawkish,vicious,6,1.554750540275813e-5,0,0,vicious,543,416
hawkish,wheat,6,1.554750540275813e-5,0,0,wheat,259,142
hawkish,willem,6,1.554750540275813e-5,0,0,willem,243,210
hawkish,xiaol,6,1.554750540275813e-5,0,0,xiaoling,39,17
hawkish,zur,6,1.554750540275813e-5,0,0,zur,56,44
hawkish,zurcher,6,1.554750540275813e-5,0,0,zurcher,23,19
hawkish,abn,5,1.295625450229844e-5,0,0,abn,52,21
hawkish,accid,5,1.295625450229844e-5,0,0,accident,197,229
hawkish,actuari,5,1.295625450229844e-5,0,0,actuarial,133,99
hawkish,adag,5,1.295625450229844e-5,0,0,adage,81,78
hawkish,adversari,5,1.295625450229844e-5,0,0,adversarial,28,37
hawkish,aegi,5,1.295625450229844e-5,0,0,aegis,148,136
hawkish,afraid,5,1.295625450229844e-5,0,0,afraid,234,217
hawkish,agil,5,1.295625450229844e-5,0,0,agile,147,173
hawkish,agustin,5,1.295625450229844e-5,0,0,agustin,137,116
hawkish,amaz,5,1.295625450229844e-5,0,0,amazing,63,106
hawkish,amidst,5,1.295625450229844e-5,0,0,amidst,340,249
hawkish,amro,5,1.295625450229844e-5,0,0,amro,70,30
hawkish,annuiti,5,1.295625450229844e-5,0,0,annuity,307,114
hawkish,anpr,5,1.295625450229844e-5,0,0,anpr,252,33
hawkish,appendix,5,1.295625450229844e-5,0,0,appendix,488,201
hawkish,aristotl,5,1.295625450229844e-5,0,0,aristotle,33,27
hawkish,asic,5,1.295625450229844e-5,0,0,asic,126,67
hawkish,assimil,5,1.295625450229844e-5,0,0,assimilate,34,79
hawkish,auch,5,1.295625450229844e-5,0,0,auch,31,27
hawkish,automobil,5,1.295625450229844e-5,0,0,automobile,322,429
hawkish,beat,5,1.295625450229844e-5,0,0,beat,94,129
hawkish,bell,5,1.295625450229844e-5,0,0,bell,207,177
hawkish,berger,5,1.295625450229844e-5,0,0,berger,122,69
hawkish,bini,5,1.295625450229844e-5,0,0,bini,170,125
hawkish,blood,5,1.295625450229844e-5,0,0,blood,96,76
hawkish,blueprint,5,1.295625450229844e-5,0,0,blueprint,255,189
hawkish,bns,5,1.295625450229844e-5,0,0,bns,73,18
hawkish,breeden,5,1.295625450229844e-5,0,0,breeden,120,82
hawkish,brick,5,1.295625450229844e-5,0,0,brick,197,172
hawkish,brrd,5,1.295625450229844e-5,0,0,brrd,167,62
hawkish,bullet,5,1.295625450229844e-5,0,0,bullet,96,99
hawkish,bund,5,1.295625450229844e-5,0,0,bund,111,88
hawkish,cabinet,5,1.295625450229844e-5,0,0,cabinet,569,302
hawkish,carlo,5,1.295625450229844e-5,0,0,carlos,100,120
hawkish,carolyn,5,1.295625450229844e-5,0,0,carolyn,154,103
hawkish,carsten,5,1.295625450229844e-5,0,0,carstens,156,141
hawkish,carv,5,1.295625450229844e-5,0,0,carve,40,80
hawkish,cell,5,1.295625450229844e-5,0,0,cell,127,104
hawkish,cemla,5,1.295625450229844e-5,0,0,cemla,68,28
hawkish,cepr,5,1.295625450229844e-5,0,0,cepr,397,285
hawkish,ceremoni,5,1.295625450229844e-5,0,0,ceremony,342,254
hawkish,cesr,5,1.295625450229844e-5,0,0,cesr,67,36
hawkish,choongsoo,5,1.295625450229844e-5,0,0,choongsoo,96,49
hawkish,clock,5,1.295625450229844e-5,0,0,clock,186,178
hawkish,cloud,5,1.295625450229844e-5,0,0,cloud,331,423
hawkish,cold,5,1.295625450229844e-5,0,0,cold,315,249
hawkish,collat,5,1.295625450229844e-5,0,0,collated,19,48
hawkish,color,5,1.295625450229844e-5,0,0,color,99,104
hawkish,commonplac,5,1.295625450229844e-5,0,0,commonplace,94,87
hawkish,compact,5,1.295625450229844e-5,0,0,compact,215,124
hawkish,concession,5,1.295625450229844e-5,0,0,concessional,121,65
hawkish,consortium,5,1.295625450229844e-5,0,0,consortium,130,92
hawkish,contenti,5,1.295625450229844e-5,0,0,contentious,138,132
hawkish,corollari,5,1.295625450229844e-5,0,0,corollary,167,164
hawkish,crack,5,1.295625450229844e-5,0,0,cracks,94,137
hawkish,crar,5,1.295625450229844e-5,0,0,crar,202,88
hawkish,custodian,5,1.295625450229844e-5,0,0,custodian,234,202
hawkish,cyberattack,5,1.295625450229844e-5,0,0,cyberattacks,83,53
hawkish,dass,5,1.295625450229844e-5,0,0,dass,34,18
hawkish,daunt,5,1.295625450229844e-5,0,0,daunting,280,270
hawkish,dead,5,1.295625450229844e-5,0,0,dead,168,165
hawkish,death,5,1.295625450229844e-5,0,0,death,351,305
hawkish,deceler,5,1.295625450229844e-5,0,0,deceleration,968,968
hawkish,deed,5,1.295625450229844e-5,0,0,deeds,114,119
hawkish,delta,5,1.295625450229844e-5,0,0,delta,201,86
hawkish,demystifi,5,1.295625450229844e-5,0,0,demystify,24,34
hawkish,denot,5,1.295625450229844e-5,0,0,denotes,132,195
hawkish,destroy,5,1.295625450229844e-5,0,0,destroyed,160,329
hawkish,disabl,5,1.295625450229844e-5,0,0,disability,180,144
hawkish,disaggreg,5,1.295625450229844e-5,0,0,disaggregated,168,175
hawkish,disburs,5,1.295625450229844e-5,0,0,disbursement,190,274
hawkish,discard,5,1.295625450229844e-5,0,0,discarded,65,96
hawkish,disloc,5,1.295625450229844e-5,0,0,dislocations,229,358
hawkish,distrust,5,1.295625450229844e-5,0,0,distrust,119,107
hawkish,doctor,5,1.295625450229844e-5,0,0,doctors,119,181
hawkish,doctrin,5,1.295625450229844e-5,0,0,doctrine,167,133
hawkish,domino,5,1.295625450229844e-5,0,0,domino,70,69
hawkish,dougla,5,1.295625450229844e-5,0,0,douglas,198,143
hawkish,drawer,5,1.295625450229844e-5,0,0,drawer,13,17
hawkish,drought,5,1.295625450229844e-5,0,0,drought,304,262
hawkish,dysfunct,5,1.295625450229844e-5,0,0,dysfunction,298,306
hawkish,earliest,5,1.295625450229844e-5,0,0,earliest,594,404
hawkish,ecbat,5,1.295625450229844e-5,0,0,ecbat,96,96
hawkish,economiqu,5,1.295625450229844e-5,0,0,economique,65,58
hawkish,ecrb,5,1.295625450229844e-5,0,0,ecrb,69,11
hawkish,efsf,5,1.295625450229844e-5,0,0,efsf,183,82
hawkish,eighteenth,5,1.295625450229844e-5,0,0,eighteenth,69,60
hawkish,eighth,5,1.295625450229844e-5,0,0,eighth,262,211
hawkish,elicit,5,1.295625450229844e-5,0,0,elicit,70,116
hawkish,emir,5,1.295625450229844e-5,0,0,emir,127,83
hawkish,enemi,5,1.295625450229844e-5,0,0,enemy,66,80
hawkish,enthusiast,5,1.295625450229844e-5,0,0,enthusiastic,109,165
hawkish,er,5,1.295625450229844e-5,0,0,erring,25,46
hawkish,erron,5,1.295625450229844e-5,0,0,erroneous,88,114
hawkish,esg,5,1.295625450229844e-5,0,0,esg,224,69
hawkish,eurostat,5,1.295625450229844e-5,0,0,eurostat,698,311
hawkish,evad,5,1.295625450229844e-5,0,0,evade,65,79
hawkish,evapor,5,1.295625450229844e-5,0,0,evaporated,73,154
hawkish,eve,5,1.295625450229844e-5,0,0,eve,175,155
hawkish,exchequ,5,1.295625450229844e-5,0,0,exchequer,143,119
hawkish,expir,5,1.295625450229844e-5,0,0,expire,130,261
hawkish,exploratori,5,1.295625450229844e-5,0,0,exploratory,149,87
hawkish,fallaci,5,1.295625450229844e-5,0,0,fallacy,118,125
hawkish,fanni,5,1.295625450229844e-5,0,0,fannie,365,158
hawkish,fate,5,1.295625450229844e-5,0,0,fate,126,158
hawkish,fema,5,1.295625450229844e-5,0,0,fema,94,40
hawkish,filter,5,1.295625450229844e-5,0,0,filter,192,229
hawkish,financier,5,1.295625450229844e-5,0,0,financiere,35,36
hawkish,flatter,5,1.295625450229844e-5,0,0,flatter,211,179
hawkish,folli,5,1.295625450229844e-5,0,0,folly,105,105
hawkish,foreclos,5,1.295625450229844e-5,0,0,foreclosed,113,90
hawkish,forg,5,1.295625450229844e-5,0,0,forged,110,244
hawkish,fossil,5,1.295625450229844e-5,0,0,fossil,272,113
hawkish,franchis,5,1.295625450229844e-5,0,0,franchise,131,110
hawkish,furnish,5,1.295625450229844e-5,0,0,furnish,45,96
hawkish,futil,5,1.295625450229844e-5,0,0,futile,58,70
hawkish,gari,5,1.295625450229844e-5,0,0,gary,104,82
hawkish,genesi,5,1.295625450229844e-5,0,0,genesis,122,105
hawkish,gilt,5,1.295625450229844e-5,0,0,gilt,762,335
hawkish,giovannini,5,1.295625450229844e-5,0,0,giovannini,90,61
hawkish,girl,5,1.295625450229844e-5,0,0,girls,51,44
hawkish,gopinath,5,1.295625450229844e-5,0,0,gopinath,196,108
hawkish,gorton,5,1.295625450229844e-5,0,0,gorton,151,80
hawkish,grand,5,1.295625450229844e-5,0,0,grand,225,197
hawkish,grasp,5,1.295625450229844e-5,0,0,grasp,286,311
hawkish,grenvill,5,1.295625450229844e-5,0,0,grenville,75,28
hawkish,gulf,5,1.295625450229844e-5,0,0,gulf,207,133
hawkish,guy,5,1.295625450229844e-5,0,0,guy,212,144
hawkish,halv,5,1.295625450229844e-5,0,0,halved,176,250
hawkish,harsh,5,1.295625450229844e-5,0,0,harsh,170,183
hawkish,hearten,5,1.295625450229844e-5,0,0,heartening,142,152
hawkish,hmt,5,1.295625450229844e-5,0,0,hmt,134,90
hawkish,hoard,5,1.295625450229844e-5,0,0,hoarding,210,261
hawkish,hogarth,5,1.295625450229844e-5,0,0,hogarth,27,15
hawkish,hot,5,1.295625450229844e-5,0,0,hot,384,324
hawkish,hover,5,1.295625450229844e-5,0,0,hovering,182,349
hawkish,humil,5,1.295625450229844e-5,0,0,humility,176,127
hawkish,hyperinfl,5,1.295625450229844e-5,0,0,hyperinflation,191,137
hawkish,hypothet,5,1.295625450229844e-5,0,0,hypothetical,384,303
hawkish,idiosyncrat,5,1.295625450229844e-5,0,0,idiosyncratic,501,372
hawkish,illustri,5,1.295625450229844e-5,0,0,illustrious,49,49
hawkish,incipi,5,1.295625450229844e-5,0,0,incipient,273,239
hawkish,inconceiv,5,1.295625450229844e-5,0,0,inconceivable,76,70
hawkish,incumb,5,1.295625450229844e-5,0,0,incumbent,210,242
hawkish,indiffer,5,1.295625450229844e-5,0,0,indifferent,123,151
hawkish,indiscrimin,5,1.295625450229844e-5,0,0,indiscriminate,40,69
hawkish,indulg,5,1.295625450229844e-5,0,0,indulge,46,96
hawkish,infanc,5,1.295625450229844e-5,0,0,infancy,156,143
hawkish,insignific,5,1.295625450229844e-5,0,0,insignificant,192,189
hawkish,institutionalis,5,1.295625450229844e-5,0,0,institutionalised,49,93
hawkish,intang,5,1.295625450229844e-5,0,0,intangible,541,199
hawkish,intergovernment,5,1.295625450229844e-5,0,0,intergovernmental,209,136
hawkish,intric,5,1.295625450229844e-5,0,0,intricate,53,78
hawkish,iron,5,1.295625450229844e-5,0,0,iron,357,447
hawkish,istanbul,5,1.295625450229844e-5,0,0,istanbul,215,114
hawkish,jackson,5,1.295625450229844e-5,0,0,jackson,917,579
hawkish,jacobsson,5,1.295625450229844e-5,0,0,jacobsson,47,28
hawkish,jan,5,1.295625450229844e-5,0,0,jan,1740,424
hawkish,jgbs,5,1.295625450229844e-5,0,0,jgbs,1222,304
hawkish,johnson,5,1.295625450229844e-5,0,0,johnson,215,150
hawkish,jon,5,1.295625450229844e-5,0,0,jon,302,204
hawkish,jonathan,5,1.295625450229844e-5,0,0,jonathan,330,269
hawkish,jone,5,1.295625450229844e-5,0,0,jones,275,193
hawkish,joseph,5,1.295625450229844e-5,0,0,joseph,353,295
hawkish,joy,5,1.295625450229844e-5,0,0,joy,51,60
hawkish,kugler,5,1.295625450229844e-5,0,0,kugler,19,11
hawkish,landmark,5,1.295625450229844e-5,0,0,landmark,139,141
hawkish,lar,5,1.295625450229844e-5,0,0,lars,147,115
hawkish,lawrenc,5,1.295625450229844e-5,0,0,lawrence,256,199
hawkish,lengthi,5,1.295625450229844e-5,0,0,lengthy,336,302
hawkish,lithuania,5,1.295625450229844e-5,0,0,lithuania,171,86
hawkish,livelihood,5,1.295625450229844e-5,0,0,livelihood,161,230
hawkish,mail,5,1.295625450229844e-5,0,0,mail,118,128
hawkish,mainstay,5,1.295625450229844e-5,0,0,mainstay,87,90
hawkish,marketbas,5,1.295625450229844e-5,0,0,marketbased,82,77
hawkish,mask,5,1.295625450229844e-5,0,0,mask,134,298
hawkish,memorandum,5,1.295625450229844e-5,0,0,memorandum,289,217
hawkish,mersch,5,1.295625450229844e-5,0,0,mersch,214,172
hawkish,microfound,5,1.295625450229844e-5,0,0,microfoundations,15,18
hawkish,midwest,5,1.295625450229844e-5,0,0,midwest,46,31
hawkish,mild,5,1.295625450229844e-5,0,0,mild,536,450
hawkish,ministeri,5,1.295625450229844e-5,0,0,ministerial,83,49
hawkish,mip,5,1.295625450229844e-5,0,0,mip,48,24
hawkish,misplac,5,1.295625450229844e-5,0,0,misplaced,144,130
hawkish,monetair,5,1.295625450229844e-5,0,0,monetaire,71,45
hawkish,monnet,5,1.295625450229844e-5,0,0,monnet,192,109
hawkish,mor,5,1.295625450229844e-5,0,0,mor,38,24
hawkish,mortar,5,1.295625450229844e-5,0,0,mortar,227,141
hawkish,multipolar,5,1.295625450229844e-5,0,0,multipolar,38,27
hawkish,music,5,1.295625450229844e-5,0,0,music,182,142
hawkish,mysteri,5,1.295625450229844e-5,0,0,mystery,78,102
hawkish,mystiqu,5,1.295625450229844e-5,0,0,mystique,44,31
hawkish,nabiullina,5,1.295625450229844e-5,0,0,nabiullina,1142,124
hawkish,nach,5,1.295625450229844e-5,0,0,nach,28,20
hawkish,nav,5,1.295625450229844e-5,0,0,nav,46,25
hawkish,neighbor,5,1.295625450229844e-5,0,0,neighboring,103,205
hawkish,neumann,5,1.295625450229844e-5,0,0,neumann,41,18
hawkish,ngos,5,1.295625450229844e-5,0,0,ngos,139,82
hawkish,night,5,1.295625450229844e-5,0,0,night,211,204
hawkish,ninth,5,1.295625450229844e-5,0,0,ninth,179,138
hawkish,nondeposit,5,1.295625450229844e-5,0,0,nondeposit,33,16
hawkish,npl,5,1.295625450229844e-5,0,0,npl,529,168
hawkish,nuclear,5,1.295625450229844e-5,0,0,nuclear,177,115
hawkish,obviat,5,1.295625450229844e-5,0,0,obviate,65,107
hawkish,offlin,5,1.295625450229844e-5,0,0,offline,76,51
hawkish,onboard,5,1.295625450229844e-5,0,0,onboarding,45,33
hawkish,oner,5,1.295625450229844e-5,0,0,onerous,162,148
hawkish,overestim,5,1.295625450229844e-5,0,0,overestimated,140,251
hawkish,overhang,5,1.295625450229844e-5,0,0,overhang,501,347
hawkish,overs,5,1.295625450229844e-5,0,0,overseers,80,103
hawkish,overvalu,5,1.295625450229844e-5,0,0,overvalued,291,334
hawkish,panellist,5,1.295625450229844e-5,0,0,panellists,71,61
hawkish,parlement,5,1.295625450229844e-5,0,0,parlement,31,18
hawkish,pathway,5,1.295625450229844e-5,0,0,pathways,96,102
hawkish,payrol,5,1.295625450229844e-5,0,0,payroll,538,396
hawkish,peculiar,5,1.295625450229844e-5,0,0,peculiar,101,172
hawkish,pennsylvania,5,1.295625450229844e-5,0,0,pennsylvania,129,101
hawkish,perez,5,1.295625450229844e-5,0,0,perez,78,53
hawkish,peripheri,5,1.295625450229844e-5,0,0,periphery,347,186
hawkish,pessimist,5,1.295625450229844e-5,0,0,pessimistic,464,416
hawkish,peydro,5,1.295625450229844e-5,0,0,peydro,135,73
hawkish,philip,5,1.295625450229844e-5,0,0,philip,478,358
hawkish,pin,5,1.295625450229844e-5,0,0,pin,195,218
hawkish,plain,5,1.295625450229844e-5,0,0,plain,284,321
hawkish,poet,5,1.295625450229844e-5,0,0,poet,54,45
hawkish,poorest,5,1.295625450229844e-5,0,0,poorest,196,149
hawkish,portugues,5,1.295625450229844e-5,0,0,portuguese,97,64
hawkish,posen,5,1.295625450229844e-5,0,0,posen,462,83
hawkish,postpon,5,1.295625450229844e-5,0,0,postponed,236,476
hawkish,postwar,5,1.295625450229844e-5,0,0,postwar,244,191
hawkish,practis,5,1.295625450229844e-5,0,0,practised,39,100
hawkish,predictor,5,1.295625450229844e-5,0,0,predictor,105,129
hawkish,presidenti,5,1.295625450229844e-5,0,0,presidential,232,175
hawkish,prolifer,5,1.295625450229844e-5,0,0,proliferation,244,295
hawkish,proprietorship,5,1.295625450229844e-5,0,0,proprietorship,13,18
hawkish,psbs,5,1.295625450229844e-5,0,0,psbs,430,68
hawkish,quantif,5,1.295625450229844e-5,0,0,quantification,176,146
hawkish,quartet,5,1.295625450229844e-5,0,0,quartet,34,19
hawkish,quest,5,1.295625450229844e-5,0,0,quest,329,261
hawkish,raghuram,5,1.295625450229844e-5,0,0,raghuram,231,150
hawkish,railway,5,1.295625450229844e-5,0,0,railways,141,166
hawkish,rain,5,1.295625450229844e-5,0,0,rain,106,102
hawkish,rangarajan,5,1.295625450229844e-5,0,0,rangarajan,155,103
hawkish,raskin,5,1.295625450229844e-5,0,0,raskin,107,75
hawkish,rationalis,5,1.295625450229844e-5,0,0,rationalisation,144,235
hawkish,rato,5,1.295625450229844e-5,0,0,rato,17,15
hawkish,rawl,5,1.295625450229844e-5,0,0,rawls,18,23
hawkish,reader,5,1.295625450229844e-5,0,0,readers,102,135
hawkish,recapit,5,1.295625450229844e-5,0,0,recapitalization,200,199
hawkish,recollect,5,1.295625450229844e-5,0,0,recollect,23,51
hawkish,refocus,5,1.295625450229844e-5,0,0,refocus,63,140
hawkish,reinhart,5,1.295625450229844e-5,0,0,reinhart,451,241
hawkish,rekindl,5,1.295625450229844e-5,0,0,rekindle,23,49
hawkish,reloc,5,1.295625450229844e-5,0,0,relocation,121,196
hawkish,rental,5,1.295625450229844e-5,0,0,rental,564,251
hawkish,repli,5,1.295625450229844e-5,0,0,reply,78,161
hawkish,reset,5,1.295625450229844e-5,0,0,reset,127,118
hawkish,residu,5,1.295625450229844e-5,0,0,residual,566,452
hawkish,resign,5,1.295625450229844e-5,0,0,resignation,46,81
hawkish,resound,5,1.295625450229844e-5,0,0,resounding,48,55
hawkish,retrench,5,1.295625450229844e-5,0,0,retrenchment,267,253
hawkish,rhetor,5,1.295625450229844e-5,0,0,rhetoric,99,111
hawkish,ripe,5,1.295625450229844e-5,0,0,ripe,91,85
hawkish,riskmanag,5,1.295625450229844e-5,0,0,riskmanagement,138,123
hawkish,rodriguez,5,1.295625450229844e-5,0,0,rodriguez,115,85
hawkish,rumor,5,1.295625450229844e-5,0,0,rumors,54,53
hawkish,sail,5,1.295625450229844e-5,0,0,sailing,61,101
hawkish,saint,5,1.295625450229844e-5,0,0,saint,123,99
hawkish,salt,5,1.295625450229844e-5,0,0,salt,76,58
hawkish,sand,5,1.295625450229844e-5,0,0,sand,64,94
hawkish,scap,5,1.295625450229844e-5,0,0,scap,167,38
hawkish,scbs,5,1.295625450229844e-5,0,0,scbs,137,71
hawkish,scrambl,5,1.295625450229844e-5,0,0,scramble,48,94
hawkish,sdds,5,1.295625450229844e-5,0,0,sdds,70,36
hawkish,seed,5,1.295625450229844e-5,0,0,seeds,323,350
hawkish,semin,5,1.295625450229844e-5,0,0,seminal,194,188
hawkish,seoul,5,1.295625450229844e-5,0,0,seoul,263,166
hawkish,setback,5,1.295625450229844e-5,0,0,setbacks,191,308
hawkish,seventi,5,1.295625450229844e-5,0,0,seventies,146,192
hawkish,shaken,5,1.295625450229844e-5,0,0,shaken,148,143
hawkish,sharpen,5,1.295625450229844e-5,0,0,sharpen,93,169
hawkish,shield,5,1.295625450229844e-5,0,0,shield,189,307
hawkish,shorten,5,1.295625450229844e-5,0,0,shortening,153,329
hawkish,shyamala,5,1.295625450229844e-5,0,0,shyamala,85,50
hawkish,simplif,5,1.295625450229844e-5,0,0,simplification,256,209
hawkish,sino,5,1.295625450229844e-5,0,0,sino,34,18
hawkish,smaghi,5,1.295625450229844e-5,0,0,smaghi,168,123
hawkish,sme,5,1.295625450229844e-5,0,0,sme,671,236
hawkish,smt,5,1.295625450229844e-5,0,0,smt,139,106
hawkish,solicit,5,1.295625450229844e-5,0,0,solicit,60,140
hawkish,spark,5,1.295625450229844e-5,0,0,sparked,179,289
hawkish,spei,5,1.295625450229844e-5,0,0,spei,66,26
hawkish,spiritu,5,1.295625450229844e-5,0,0,spiritual,42,34
hawkish,spontan,5,1.295625450229844e-5,0,0,spontaneous,65,99
hawkish,stein,5,1.295625450229844e-5,0,0,stein,406,194
hawkish,stern,5,1.295625450229844e-5,0,0,stern,120,123
hawkish,subset,5,1.295625450229844e-5,0,0,subset,166,160
hawkish,subsidiar,5,1.295625450229844e-5,0,0,subsidiarity,108,84
hawkish,supermarket,5,1.295625450229844e-5,0,0,supermarkets,81,113
hawkish,suspicion,5,1.295625450229844e-5,0,0,suspicion,134,150
hawkish,svensson,5,1.295625450229844e-5,0,0,svensson,396,155
hawkish,sweden,5,1.295625450229844e-5,0,0,sweden,993,507
hawkish,sympathet,5,1.295625450229844e-5,0,0,sympathetic,46,48
hawkish,synchronis,5,1.295625450229844e-5,0,0,synchronised,299,315
hawkish,synthesi,5,1.295625450229844e-5,0,0,synthesis,102,85
hawkish,taker,5,1.295625450229844e-5,0,0,takers,197,180
hawkish,tata,5,1.295625450229844e-5,0,0,tata,45,27
hawkish,televis,5,1.295625450229844e-5,0,0,television,148,159
hawkish,tenet,5,1.295625450229844e-5,0,0,tenets,96,131
hawkish,thou,5,1.295625450229844e-5,0,0,thou,43,14
hawkish,thumb,5,1.295625450229844e-5,0,0,thumb,170,119
hawkish,thursday,5,1.295625450229844e-5,0,0,thursday,256,195
hawkish,tiber,5,1.295625450229844e-5,0,0,tiber,38,11
hawkish,tightrop,5,1.295625450229844e-5,0,0,tightrope,30,25
hawkish,tohoku,5,1.295625450229844e-5,0,0,tohoku,51,31
hawkish,trace,5,1.295625450229844e-5,0,0,traced,230,446
hawkish,traction,5,1.295625450229844e-5,0,0,traction,286,256
hawkish,trait,5,1.295625450229844e-5,0,0,traits,56,78
hawkish,transcend,5,1.295625450229844e-5,0,0,transcend,49,109
hawkish,transnat,5,1.295625450229844e-5,0,0,transnational,41,34
hawkish,trap,5,1.295625450229844e-5,0,0,trap,572,429
hawkish,treasur,5,1.295625450229844e-5,0,0,treasurers,98,175
hawkish,tribut,5,1.295625450229844e-5,0,0,tribute,223,204
hawkish,truncat,5,1.295625450229844e-5,0,0,truncation,106,74
hawkish,trustworthi,5,1.295625450229844e-5,0,0,trustworthy,95,101
hawkish,tweak,5,1.295625450229844e-5,0,0,tweaking,21,53
hawkish,uber,5,1.295625450229844e-5,0,0,uber,58,49
hawkish,ultra,5,1.295625450229844e-5,0,0,ultra,155,124
hawkish,unanticip,5,1.295625450229844e-5,0,0,unanticipated,459,347
hawkish,unawar,5,1.295625450229844e-5,0,0,unaware,84,95
hawkish,unbank,5,1.295625450229844e-5,0,0,unbanked,458,189
hawkish,uncheck,5,1.295625450229844e-5,0,0,unchecked,152,150
hawkish,uncondit,5,1.295625450229844e-5,0,0,unconditional,183,156
hawkish,uncontrol,5,1.295625450229844e-5,0,0,uncontrolled,61,105
hawkish,unhedg,5,1.295625450229844e-5,0,0,unhedged,189,117
hawkish,unnecessarili,5,1.295625450229844e-5,0,0,unnecessarily,258,241
hawkish,unser,5,1.295625450229844e-5,0,0,unserer,10,18
hawkish,unveil,5,1.295625450229844e-5,0,0,unveiled,83,131
hawkish,unwant,5,1.295625450229844e-5,0,0,unwanted,121,111
hawkish,upfront,5,1.295625450229844e-5,0,0,upfront,160,137
hawkish,uptrend,5,1.295625450229844e-5,0,0,uptrend,376,250
hawkish,valeri,5,1.295625450229844e-5,0,0,valerie,18,29
hawkish,verdict,5,1.295625450229844e-5,0,0,verdict,71,67
hawkish,vers,5,1.295625450229844e-5,0,0,versed,26,31
hawkish,virus,5,1.295625450229844e-5,0,0,virus,568,279
hawkish,voter,5,1.295625450229844e-5,0,0,voters,116,111
hawkish,waiv,5,1.295625450229844e-5,0,0,waived,32,61
hawkish,wallac,5,1.295625450229844e-5,0,0,wallace,73,49
hawkish,werner,5,1.295625450229844e-5,0,0,werner,100,75
hawkish,whatsoev,5,1.295625450229844e-5,0,0,whatsoever,96,87
hawkish,wheel,5,1.295625450229844e-5,0,0,wheels,115,168
hawkish,wolfgang,5,1.295625450229844e-5,0,0,wolfgang,56,35
hawkish,wyplosz,5,1.295625450229844e-5,0,0,wyplosz,42,32
hawkish,zealand,5,1.295625450229844e-5,0,0,zealand,791,412
hawkish,accret,4,1.0365003601838752e-5,0,0,accretion,83,80
hawkish,accrual,4,1.0365003601838752e-5,0,0,accrual,48,48
hawkish,accus,4,1.0365003601838752e-5,0,0,accused,93,153
hawkish,adi,4,1.0365003601838752e-5,0,0,adis,116,45
hawkish,adrian,4,1.0365003601838752e-5,0,0,adrian,358,221
hawkish,adventur,4,1.0365003601838752e-5,0,0,adventure,54,83
hawkish,advisor,4,1.0365003601838752e-5,0,0,advisors,128,178
hawkish,alexand,4,1.0365003601838752e-5,0,0,alexander,202,122
hawkish,algorithm,4,1.0365003601838752e-5,0,0,algorithms,197,177
hawkish,alic,4,1.0365003601838752e-5,0,0,alice,91,79
hawkish,aliv,4,1.0365003601838752e-5,0,0,alive,297,253
hawkish,ancient,4,1.0365003601838752e-5,0,0,ancient,191,144
hawkish,apex,4,1.0365003601838752e-5,0,0,apex,105,75
hawkish,apra,4,1.0365003601838752e-5,0,0,apra,417,125
hawkish,archer,4,1.0365003601838752e-5,0,0,archer,19,16
hawkish,architect,4,1.0365003601838752e-5,0,0,architects,101,106
hawkish,arrest,4,1.0365003601838752e-5,0,0,arrest,110,175
hawkish,athanasio,4,1.0365003601838752e-5,0,0,athanasios,105,69
hawkish,attorney,4,1.0365003601838752e-5,0,0,attorney,85,76
hawkish,automot,4,1.0365003601838752e-5,0,0,automotive,165,133
hawkish,bagehot,4,1.0365003601838752e-5,0,0,bagehot,323,144
hawkish,balassa,4,1.0365003601838752e-5,0,0,balassa,118,57
hawkish,banken,4,1.0365003601838752e-5,0,0,banken,13,11
hawkish,banquet,4,1.0365003601838752e-5,0,0,banquet,75,67
hawkish,barclay,4,1.0365003601838752e-5,0,0,barclays,254,153
hawkish,bay,4,1.0365003601838752e-5,0,0,bay,101,82
hawkish,bayesian,4,1.0365003601838752e-5,0,0,bayesian,99,66
hawkish,bcsbi,4,1.0365003601838752e-5,0,0,bcsbi,163,30
hawkish,belt,4,1.0365003601838752e-5,0,0,belt,132,82
hawkish,beneath,4,1.0365003601838752e-5,0,0,beneath,119,108
hawkish,bengal,4,1.0365003601838752e-5,0,0,bengal,65,33
hawkish,bihar,4,1.0365003601838752e-5,0,0,bihar,40,30
hawkish,blank,4,1.0365003601838752e-5,0,0,blank,41,39
hawkish,bless,4,1.0365003601838752e-5,0,0,blessed,103,254
hawkish,blow,4,1.0365003601838752e-5,0,0,blow,234,270
hawkish,boca,4,1.0365003601838752e-5,0,0,boca,21,15
hawkish,bolt,4,1.0365003601838752e-5,0,0,bolts,15,29
hawkish,borio,4,1.0365003601838752e-5,0,0,borio,548,256
hawkish,bowl,4,1.0365003601838752e-5,0,0,bowl,69,68
hawkish,boy,4,1.0365003601838752e-5,0,0,boy,55,65
hawkish,bruegel,4,1.0365003601838752e-5,0,0,bruegel,91,74
hawkish,buyout,4,1.0365003601838752e-5,0,0,buyouts,38,46
hawkish,cadr,4,1.0365003601838752e-5,0,0,cadre,40,56
hawkish,cape,4,1.0365003601838752e-5,0,0,cape,191,112
hawkish,cargo,4,1.0365003601838752e-5,0,0,cargo,33,28
hawkish,cashier,4,1.0365003601838752e-5,0,0,cashier,68,63
hawkish,cautionari,4,1.0365003601838752e-5,0,0,cautionary,71,69
hawkish,cbs,4,1.0365003601838752e-5,0,0,cbs,211,85
hawkish,ccbm,4,1.0365003601838752e-5,0,0,ccbm,35,16
hawkish,cdcs,4,1.0365003601838752e-5,0,0,cdcs,42,14
hawkish,cdos,4,1.0365003601838752e-5,0,0,cdos,213,106
hawkish,ceb,4,1.0365003601838752e-5,0,0,cebs,93,35
hawkish,cement,4,1.0365003601838752e-5,0,0,cement,88,107
hawkish,centric,4,1.0365003601838752e-5,0,0,centric,192,135
hawkish,cfsa,4,1.0365003601838752e-5,0,0,cfsa,28,10
hawkish,chandigarh,4,1.0365003601838752e-5,0,0,chandigarh,21,15
hawkish,chandra,4,1.0365003601838752e-5,0,0,chandra,23,17
hawkish,chao,4,1.0365003601838752e-5,0,0,chaos,93,84
hawkish,chariti,4,1.0365003601838752e-5,0,0,charity,78,74
hawkish,chiefli,4,1.0365003601838752e-5,0,0,chiefly,83,73
hawkish,christoph,4,1.0365003601838752e-5,0,0,christopher,415,290
hawkish,circular,4,1.0365003601838752e-5,0,0,circular,134,139
hawkish,circumscrib,4,1.0365003601838752e-5,0,0,circumscribed,58,67
hawkish,citigroup,4,1.0365003601838752e-5,0,0,citigroup,138,93
hawkish,clientel,4,1.0365003601838752e-5,0,0,clientele,93,72
hawkish,closest,4,1.0365003601838752e-5,0,0,closest,162,154
hawkish,cls,4,1.0365003601838752e-5,0,0,cls,312,113
hawkish,cme,4,1.0365003601838752e-5,0,0,cme,99,38
hawkish,coast,4,1.0365003601838752e-5,0,0,coast,160,128
hawkish,colorado,4,1.0365003601838752e-5,0,0,colorado,52,35
hawkish,commentari,4,1.0365003601838752e-5,0,0,commentary,325,305
hawkish,complimentari,4,1.0365003601838752e-5,0,0,complimentary,21,18
hawkish,condemn,4,1.0365003601838752e-5,0,0,condemned,42,80
hawkish,congression,4,1.0365003601838752e-5,0,0,congressional,530,342
hawkish,contactless,4,1.0365003601838752e-5,0,0,contactless,114,71
hawkish,contest,4,1.0365003601838752e-5,0,0,contest,131,201
hawkish,copper,4,1.0365003601838752e-5,0,0,copper,138,112
hawkish,countless,4,1.0365003601838752e-5,0,0,countless,115,107
hawkish,cours,4,1.0365003601838752e-5,0,0,courses,240,195
hawkish,cps,4,1.0365003601838752e-5,0,0,cps,93,61
hawkish,crockett,4,1.0365003601838752e-5,0,0,crockett,102,58
hawkish,crystallis,4,1.0365003601838752e-5,0,0,crystallise,107,193
hawkish,csbs,4,1.0365003601838752e-5,0,0,csbs,70,23
hawkish,culprit,4,1.0365003601838752e-5,0,0,culprit,47,59
hawkish,custodi,4,1.0365003601838752e-5,0,0,custody,180,142
hawkish,customari,4,1.0365003601838752e-5,0,0,customary,89,80
hawkish,cybersecur,4,1.0365003601838752e-5,0,0,cybersecurity,258,115
hawkish,czech,4,1.0365003601838752e-5,0,0,czech,272,157
hawkish,danc,4,1.0365003601838752e-5,0,0,dance,62,54
hawkish,dare,4,1.0365003601838752e-5,0,0,dare,76,129
hawkish,debas,4,1.0365003601838752e-5,0,0,debasement,13,28
hawkish,dec,4,1.0365003601838752e-5,0,0,dec,580,204
hawkish,decarbonis,4,1.0365003601838752e-5,0,0,decarbonisation,49,39
hawkish,del,4,1.0365003601838752e-5,0,0,del,231,137
hawkish,della,4,1.0365003601838752e-5,0,0,della,41,28
hawkish,dem,4,1.0365003601838752e-5,0,0,dem,54,45
hawkish,demis,4,1.0365003601838752e-5,0,0,demise,194,180
hawkish,dens,4,1.0365003601838752e-5,0,0,dense,71,78
hawkish,departur,4,1.0365003601838752e-5,0,0,departure,299,316
hawkish,deterr,4,1.0365003601838752e-5,0,0,deterrent,101,123
hawkish,detroit,4,1.0365003601838752e-5,0,0,detroit,62,29
hawkish,diagnos,4,1.0365003601838752e-5,0,0,diagnoses,36,111
hawkish,dicgc,4,1.0365003601838752e-5,0,0,dicgc,111,26
hawkish,dictat,4,1.0365003601838752e-5,0,0,dictated,131,292
hawkish,dieser,4,1.0365003601838752e-5,0,0,dieser,15,13
hawkish,disagre,4,1.0365003601838752e-5,0,0,disagree,299,302
hawkish,disastr,4,1.0365003601838752e-5,0,0,disastrous,158,157
hawkish,disequilibria,4,1.0365003601838752e-5,0,0,disequilibria,56,51
hawkish,disincent,4,1.0365003601838752e-5,0,0,disincentives,130,170
hawkish,dismantl,4,1.0365003601838752e-5,0,0,dismantling,116,192
hawkish,dismiss,4,1.0365003601838752e-5,0,0,dismiss,114,286
hawkish,dissimilar,4,1.0365003601838752e-5,0,0,dissimilar,89,92
hawkish,divest,4,1.0365003601838752e-5,0,0,divestment,63,107
hawkish,doddfrank,4,1.0365003601838752e-5,0,0,doddfrank,38,30
hawkish,dog,4,1.0365003601838752e-5,0,0,dog,106,117
hawkish,dovetail,4,1.0365003601838752e-5,0,0,dovetail,20,51
hawkish,drove,4,1.0365003601838752e-5,0,0,drove,241,236
hawkish,drug,4,1.0365003601838752e-5,0,0,drugs,78,107
hawkish,duck,4,1.0365003601838752e-5,0,0,duck,19,26
hawkish,earner,4,1.0365003601838752e-5,0,0,earners,171,138
hawkish,echo,4,1.0365003601838752e-5,0,0,echo,108,253
hawkish,econ,4,1.0365003601838752e-5,0,0,econ,113,79
hawkish,econometrica,4,1.0365003601838752e-5,0,0,econometrica,190,164
hawkish,edific,4,1.0365003601838752e-5,0,0,edifice,54,50
hawkish,edmund,4,1.0365003601838752e-5,0,0,edmund,70,58
hawkish,efc,4,1.0365003601838752e-5,0,0,efc,34,19
hawkish,eighteen,4,1.0365003601838752e-5,0,0,eighteen,260,190
hawkish,elector,4,1.0365003601838752e-5,0,0,electoral,135,148
hawkish,elus,4,1.0365003601838752e-5,0,0,elusive,174,177
hawkish,email,4,1.0365003601838752e-5,0,0,email,67,87
hawkish,emblem,4,1.0365003601838752e-5,0,0,emblem,16,19
hawkish,endogen,4,1.0365003601838752e-5,0,0,endogenous,443,403
hawkish,endpoint,4,1.0365003601838752e-5,0,0,endpoint,41,35
hawkish,enquiri,4,1.0365003601838752e-5,0,0,enquiry,103,121
hawkish,enrol,4,1.0365003601838752e-5,0,0,enrollment,86,134
hawkish,entrepreneurship,4,1.0365003601838752e-5,0,0,entrepreneurship,557,295
hawkish,epicent,4,1.0365003601838752e-5,0,0,epicenter,76,77
hawkish,equilibria,4,1.0365003601838752e-5,0,0,equilibria,175,113
hawkish,ercel,4,1.0365003601838752e-5,0,0,ercel,70,56
hawkish,ernest,4,1.0365003601838752e-5,0,0,ernest,20,15
hawkish,err,4,1.0365003601838752e-5,0,0,err,91,81
hawkish,errat,4,1.0365003601838752e-5,0,0,erratic,140,144
hawkish,esm,4,1.0365003601838752e-5,0,0,esm,396,166
hawkish,etern,4,1.0365003601838752e-5,0,0,eternal,44,70
hawkish,etf,4,1.0365003601838752e-5,0,0,etfs,492,249
hawkish,ether,4,1.0365003601838752e-5,0,0,ether,20,17
hawkish,eurex,4,1.0365003601838752e-5,0,0,eurex,53,31
hawkish,eurois,4,1.0365003601838752e-5,0,0,euroisation,64,26
hawkish,exhort,4,1.0365003601838752e-5,0,0,exhort,14,52
hawkish,exim,4,1.0365003601838752e-5,0,0,exim,39,26
hawkish,exorbit,4,1.0365003601838752e-5,0,0,exorbitant,113,69
hawkish,exot,4,1.0365003601838752e-5,0,0,exotic,101,94
hawkish,expressli,4,1.0365003601838752e-5,0,0,expressly,87,80
hawkish,factori,4,1.0365003601838752e-5,0,0,factory,236,294
hawkish,factual,4,1.0365003601838752e-5,0,0,factual,102,94
hawkish,familiaris,4,1.0365003601838752e-5,0,0,familiarise,52,60
hawkish,feb,4,1.0365003601838752e-5,0,0,feb,483,191
hawkish,fernando,4,1.0365003601838752e-5,0,0,fernando,54,46
hawkish,ferri,4,1.0365003601838752e-5,0,0,ferry,40,39
hawkish,fertil,4,1.0365003601838752e-5,0,0,fertility,197,235
hawkish,ffiec,4,1.0365003601838752e-5,0,0,ffiec,115,43
hawkish,fiat,4,1.0365003601838752e-5,0,0,fiat,280,156
hawkish,flcs,4,1.0365003601838752e-5,0,0,flcs,37,16
hawkish,flip,4,1.0365003601838752e-5,0,0,flip,130,159
hawkish,fluid,4,1.0365003601838752e-5,0,0,fluid,82,78
hawkish,forestri,4,1.0365003601838752e-5,0,0,forestry,108,87
hawkish,francesco,4,1.0365003601838752e-5,0,0,francesco,48,38
hawkish,fratern,4,1.0365003601838752e-5,0,0,fraternity,51,56
hawkish,frb,4,1.0365003601838752e-5,0,0,frb,338,146
hawkish,freder,4,1.0365003601838752e-5,0,0,frederic,222,119
hawkish,frns,4,1.0365003601838752e-5,0,0,frns,19,11
hawkish,frozen,4,1.0365003601838752e-5,0,0,frozen,173,111
hawkish,frustrat,4,1.0365003601838752e-5,0,0,frustration,93,266
hawkish,fuller,4,1.0365003601838752e-5,0,0,fuller,247,200
hawkish,gaspar,4,1.0365003601838752e-5,0,0,gaspar,59,43
hawkish,gccs,4,1.0365003601838752e-5,0,0,gccs,33,18
hawkish,gehrig,4,1.0365003601838752e-5,0,0,gehrig,59,43
hawkish,gem,4,1.0365003601838752e-5,0,0,gem,35,26
hawkish,gentleman,4,1.0365003601838752e-5,0,0,gentleman,54,54
hawkish,georgia,4,1.0365003601838752e-5,0,0,georgia,108,87
hawkish,gerlach,4,1.0365003601838752e-5,0,0,gerlach,71,43
hawkish,gesellschaft,4,1.0365003601838752e-5,0,0,gesellschaft,55,34
hawkish,glad,4,1.0365003601838752e-5,0,0,glad,300,302
hawkish,glenn,4,1.0365003601838752e-5,0,0,glenn,401,232
hawkish,gokarn,4,1.0365003601838752e-5,0,0,gokarn,68,37
hawkish,goodwil,4,1.0365003601838752e-5,0,0,goodwill,81,68
hawkish,grave,4,1.0365003601838752e-5,0,0,grave,151,147
hawkish,greet,4,1.0365003601838752e-5,0,0,greet,48,85
hawkish,halfway,4,1.0365003601838752e-5,0,0,halfway,89,79
hawkish,hammer,4,1.0365003601838752e-5,0,0,hammer,47,51
hawkish,hardest,4,1.0365003601838752e-5,0,0,hardest,203,189
hawkish,hauser,4,1.0365003601838752e-5,0,0,hauser,205,137
hawkish,heel,4,1.0365003601838752e-5,0,0,heels,43,77
hawkish,hide,4,1.0365003601838752e-5,0,0,hide,132,191
hawkish,hing,4,1.0365003601838752e-5,0,0,hinges,163,249
hawkish,hitherto,4,1.0365003601838752e-5,0,0,hitherto,290,252
hawkish,holiday,4,1.0365003601838752e-5,0,0,holidays,268,284
hawkish,homebuy,4,1.0365003601838752e-5,0,0,homebuyers,134,109
hawkish,honore,4,1.0365003601838752e-5,0,0,honorees,13,12
hawkish,hostil,4,1.0365003601838752e-5,0,0,hostile,65,100
hawkish,hotel,4,1.0365003601838752e-5,0,0,hotels,167,262
hawkish,hyper,4,1.0365003601838752e-5,0,0,hyper,53,42
hawkish,icici,4,1.0365003601838752e-5,0,0,icici,65,34
hawkish,idiosyncrasi,4,1.0365003601838752e-5,0,0,idiosyncrasies,35,37
hawkish,iip,4,1.0365003601838752e-5,0,0,iip,49,23
hawkish,illumin,4,1.0365003601838752e-5,0,0,illuminating,52,98
hawkish,immin,4,1.0365003601838752e-5,0,0,imminent,368,360
hawkish,impract,4,1.0365003601838752e-5,0,0,impractical,47,49
hawkish,imprecis,4,1.0365003601838752e-5,0,0,imprecise,109,142
hawkish,incentiv,4,1.0365003601838752e-5,0,0,incentivize,52,87
hawkish,incred,4,1.0365003601838752e-5,0,0,incredible,93,166
hawkish,indisput,4,1.0365003601838752e-5,0,0,indisputable,51,59
hawkish,inextric,4,1.0365003601838752e-5,0,0,inextricably,91,96
hawkish,infect,4,1.0365003601838752e-5,0,0,infection,174,179
hawkish,inim,4,1.0365003601838752e-5,0,0,inimical,37,36
hawkish,inspit,4,1.0365003601838752e-5,0,0,inspite,22,20
hawkish,interf,4,1.0365003601838752e-5,0,0,interfering,70,81
hawkish,internalis,4,1.0365003601838752e-5,0,0,internalise,131,216
hawkish,intertwin,4,1.0365003601838752e-5,0,0,intertwined,243,255
hawkish,intrast,4,1.0365003601838752e-5,0,0,intrastate,20,17
hawkish,invok,4,1.0365003601838752e-5,0,0,invoked,91,159
hawkish,irda,4,1.0365003601838752e-5,0,0,irda,56,45
hawkish,irrespons,4,1.0365003601838752e-5,0,0,irresponsible,130,141
hawkish,ist,4,1.0365003601838752e-5,0,0,ist,84,50
hawkish,javier,4,1.0365003601838752e-5,0,0,javier,129,108
hawkish,jeopard,4,1.0365003601838752e-5,0,0,jeopardize,76,174
hawkish,jgb,4,1.0365003601838752e-5,0,0,jgb,1133,223
hawkish,johannesburg,4,1.0365003601838752e-5,0,0,johannesburg,255,169
hawkish,jpmorgan,4,1.0365003601838752e-5,0,0,jpmorgan,101,77
hawkish,jung,4,1.0365003601838752e-5,0,0,jung,54,45
hawkish,jurgen,4,1.0365003601838752e-5,0,0,jurgen,102,98
hawkish,karen,4,1.0365003601838752e-5,0,0,karen,84,75
hawkish,kashyap,4,1.0365003601838752e-5,0,0,kashyap,285,157
hawkish,kit,4,1.0365003601838752e-5,0,0,kit,113,116
hawkish,knight,4,1.0365003601838752e-5,0,0,knight,95,66
hawkish,krone,4,1.0365003601838752e-5,0,0,krone,37,27
hawkish,lael,4,1.0365003601838752e-5,0,0,lael,302,130
hawkish,lang,4,1.0365003601838752e-5,0,0,lang,33,32
hawkish,larosier,4,1.0365003601838752e-5,0,0,larosiere,95,62
hawkish,laurenc,4,1.0365003601838752e-5,0,0,laurence,189,149
hawkish,ldi,4,1.0365003601838752e-5,0,0,ldi,275,28
hawkish,lent,4,1.0365003601838752e-5,0,0,lent,312,267
hawkish,levin,4,1.0365003601838752e-5,0,0,levine,244,196
hawkish,lien,4,1.0365003601838752e-5,0,0,lien,110,66
hawkish,literari,4,1.0365003601838752e-5,0,0,literary,29,22
hawkish,loanperform,4,1.0365003601838752e-5,0,0,loanperformance,24,17
hawkish,log,4,1.0365003601838752e-5,0,0,log,261,132
hawkish,lomax,4,1.0365003601838752e-5,0,0,lomax,44,26
hawkish,loophol,4,1.0365003601838752e-5,0,0,loopholes,116,101
hawkish,lorenzo,4,1.0365003601838752e-5,0,0,lorenzo,130,124
hawkish,luck,4,1.0365003601838752e-5,0,0,luck,344,247
hawkish,ludwig,4,1.0365003601838752e-5,0,0,ludwig,94,48
hawkish,lui,4,1.0365003601838752e-5,0,0,luis,193,179
hawkish,luncheon,4,1.0365003601838752e-5,0,0,luncheon,187,169
hawkish,luxuri,4,1.0365003601838752e-5,0,0,luxury,125,128
hawkish,macroeconometr,4,1.0365003601838752e-5,0,0,macroeconometric,73,47
hawkish,magic,4,1.0365003601838752e-5,0,0,magic,122,131
hawkish,magnifi,4,1.0365003601838752e-5,0,0,magnified,154,265
hawkish,mai,4,1.0365003601838752e-5,0,0,mai,108,114
hawkish,malta,4,1.0365003601838752e-5,0,0,malta,157,88
hawkish,mar,4,1.0365003601838752e-5,0,0,mar,926,275
hawkish,maryland,4,1.0365003601838752e-5,0,0,maryland,66,41
hawkish,masaaki,4,1.0365003601838752e-5,0,0,masaaki,254,117
hawkish,mayor,4,1.0365003601838752e-5,0,0,mayor,240,147
hawkish,meat,4,1.0365003601838752e-5,0,0,meat,157,103
hawkish,memoir,4,1.0365003601838752e-5,0,0,memoirs,39,56
hawkish,merril,4,1.0365003601838752e-5,0,0,merrill,156,106
hawkish,mesdam,4,1.0365003601838752e-5,0,0,mesdames,35,33
hawkish,messieur,4,1.0365003601838752e-5,0,0,messieurs,36,33
hawkish,metro,4,1.0365003601838752e-5,0,0,metro,91,62
hawkish,midpoint,4,1.0365003601838752e-5,0,0,midpoint,376,250
hawkish,militari,4,1.0365003601838752e-5,0,0,military,260,177
hawkish,mimeo,4,1.0365003601838752e-5,0,0,mimeo,564,323
hawkish,misguid,4,1.0365003601838752e-5,0,0,misguided,173,160
hawkish,misl,4,1.0365003601838752e-5,0,0,misled,55,52
hawkish,mississippi,4,1.0365003601838752e-5,0,0,mississippi,44,23
hawkish,mistaken,4,1.0365003601838752e-5,0,0,mistaken,167,201
hawkish,misunderstood,4,1.0365003601838752e-5,0,0,misunderstood,114,109
hawkish,mohan,4,1.0365003601838752e-5,0,0,mohan,291,105
hawkish,monopolist,4,1.0365003601838752e-5,0,0,monopolistic,78,75
hawkish,monsieur,4,1.0365003601838752e-5,0,0,monsieur,21,15
hawkish,monti,4,1.0365003601838752e-5,0,0,monti,59,38
hawkish,mother,4,1.0365003601838752e-5,0,0,mother,155,158
hawkish,muddi,4,1.0365003601838752e-5,0,0,muddy,14,28
hawkish,multifacet,4,1.0365003601838752e-5,0,0,multifaceted,147,129
hawkish,munich,4,1.0365003601838752e-5,0,0,munich,106,73
hawkish,mute,4,1.0365003601838752e-5,0,0,muted,504,454
hawkish,nacion,4,1.0365003601838752e-5,0,0,nacional,17,17
hawkish,nafta,4,1.0365003601838752e-5,0,0,nafta,232,77
hawkish,naiv,4,1.0365003601838752e-5,0,0,naive,130,119
hawkish,nationalbank,4,1.0365003601838752e-5,0,0,nationalbank,149,104
hawkish,nationalis,4,1.0365003601838752e-5,0,0,nationalisation,143,158
hawkish,neo,4,1.0365003601838752e-5,0,0,neo,91,56
hawkish,neue,4,1.0365003601838752e-5,0,0,neue,25,16
hawkish,notif,4,1.0365003601838752e-5,0,0,notification,97,97
hawkish,notori,4,1.0365003601838752e-5,0,0,notoriously,100,130
hawkish,notr,4,1.0365003601838752e-5,0,0,notre,42,35
hawkish,noyer,4,1.0365003601838752e-5,0,0,noyer,101,86
hawkish,nudg,4,1.0365003601838752e-5,0,0,nudge,77,112
hawkish,obey,4,1.0365003601838752e-5,0,0,obey,22,37
hawkish,occurr,4,1.0365003601838752e-5,0,0,occurrence,304,300
hawkish,oesterreichisch,4,1.0365003601838752e-5,0,0,oesterreichische,99,81
hawkish,ohio,4,1.0365003601838752e-5,0,0,ohio,137,75
hawkish,oi,4,1.0365003601838752e-5,0,0,ois,448,201
hawkish,ongena,4,1.0365003601838752e-5,0,0,ongena,77,55
hawkish,ortega,4,1.0365003601838752e-5,0,0,ortega,18,11
hawkish,ottawa,4,1.0365003601838752e-5,0,0,ottawa,382,298
hawkish,outdat,4,1.0365003601838752e-5,0,0,outdated,169,148
hawkish,outsiz,4,1.0365003601838752e-5,0,0,outsized,217,194
hawkish,outstrip,4,1.0365003601838752e-5,0,0,outstripped,85,197
hawkish,outturn,4,1.0365003601838752e-5,0,0,outturns,211,177
hawkish,overshoot,4,1.0365003601838752e-5,0,0,overshooting,371,483
hawkish,oxymoron,4,1.0365003601838752e-5,0,0,oxymoron,16,14
hawkish,pac,4,1.0365003601838752e-5,0,0,pacs,67,18
hawkish,panacea,4,1.0365003601838752e-5,0,0,panacea,166,167
hawkish,paperwork,4,1.0365003601838752e-5,0,0,paperwork,76,57
hawkish,pareto,4,1.0365003601838752e-5,0,0,pareto,49,32
hawkish,patienc,4,1.0365003601838752e-5,0,0,patience,310,191
hawkish,patra,4,1.0365003601838752e-5,0,0,patra,46,30
hawkish,patrick,4,1.0365003601838752e-5,0,0,patrick,118,92
hawkish,pedro,4,1.0365003601838752e-5,0,0,pedro,27,24
hawkish,penalis,4,1.0365003601838752e-5,0,0,penalise,58,142
hawkish,peril,4,1.0365003601838752e-5,0,0,perils,71,146
hawkish,pfandbrief,4,1.0365003601838752e-5,0,0,pfandbriefe,45,30
hawkish,phelp,4,1.0365003601838752e-5,0,0,phelps,141,70
hawkish,pisani,4,1.0365003601838752e-5,0,0,pisani,49,35
hawkish,planet,4,1.0365003601838752e-5,0,0,planet,138,121
hawkish,plant,4,1.0365003601838752e-5,0,0,plant,365,421
hawkish,plot,4,1.0365003601838752e-5,0,0,plots,435,323
hawkish,plr,4,1.0365003601838752e-5,0,0,plr,87,29
hawkish,pois,4,1.0365003601838752e-5,0,0,poised,215,190
hawkish,polish,4,1.0365003601838752e-5,0,0,polish,55,47
hawkish,politicis,4,1.0365003601838752e-5,0,0,politicisation,16,30
hawkish,politico,4,1.0365003601838752e-5,0,0,politico,20,20
hawkish,poloz,4,1.0365003601838752e-5,0,0,poloz,300,155
hawkish,ponzi,4,1.0365003601838752e-5,0,0,ponzi,42,28
hawkish,portray,4,1.0365003601838752e-5,0,0,portrayed,62,117
hawkish,ppp,4,1.0365003601838752e-5,0,0,ppp,460,196
hawkish,prais,4,1.0365003601838752e-5,0,0,praise,164,224
hawkish,prasad,4,1.0365003601838752e-5,0,0,prasad,104,68
hawkish,predatori,4,1.0365003601838752e-5,0,0,predatory,272,71
hawkish,preoccup,4,1.0365003601838752e-5,0,0,preoccupation,58,74
hawkish,prerog,4,1.0365003601838752e-5,0,0,prerogative,60,84
hawkish,priori,4,1.0365003601838752e-5,0,0,priori,97,90
hawkish,privatis,4,1.0365003601838752e-5,0,0,privatisation,184,185
hawkish,promulg,4,1.0365003601838752e-5,0,0,promulgated,89,145
hawkish,pros,4,1.0365003601838752e-5,0,0,pros,206,192
hawkish,punch,4,1.0365003601838752e-5,0,0,punch,68,70
hawkish,pune,4,1.0365003601838752e-5,0,0,pune,82,65
hawkish,pyramid,4,1.0365003601838752e-5,0,0,pyramid,163,120
hawkish,quebec,4,1.0365003601838752e-5,0,0,quebec,207,113
hawkish,quintessenti,4,1.0365003601838752e-5,0,0,quintessential,30,46
hawkish,quotat,4,1.0365003601838752e-5,0,0,quotation,73,116
hawkish,ratifi,4,1.0365003601838752e-5,0,0,ratified,84,118
hawkish,raton,4,1.0365003601838752e-5,0,0,raton,21,15
hawkish,rebal,4,1.0365003601838752e-5,0,0,rebalance,287,244
hawkish,reconcili,4,1.0365003601838752e-5,0,0,reconciliation,179,125
hawkish,reconsid,4,1.0365003601838752e-5,0,0,reconsider,144,223
hawkish,recreat,4,1.0365003601838752e-5,0,0,recreation,88,143
hawkish,recruit,4,1.0365003601838752e-5,0,0,recruitment,319,318
hawkish,rectifi,4,1.0365003601838752e-5,0,0,rectify,89,138
hawkish,regress,4,1.0365003601838752e-5,0,0,regression,361,329
hawkish,regtech,4,1.0365003601838752e-5,0,0,regtech,39,20
hawkish,reinsur,4,1.0365003601838752e-5,0,0,reinsurance,238,102
hawkish,religion,4,1.0365003601838752e-5,0,0,religion,53,56
hawkish,reminisc,4,1.0365003601838752e-5,0,0,reminiscent,83,97
hawkish,reopen,4,1.0365003601838752e-5,0,0,reopening,308,298
hawkish,reorgan,4,1.0365003601838752e-5,0,0,reorganization,138,195
hawkish,repaid,4,1.0365003601838752e-5,0,0,repaid,266,238
hawkish,replenish,4,1.0365003601838752e-5,0,0,replenish,77,135
hawkish,resumpt,4,1.0365003601838752e-5,0,0,resumption,388,264
hawkish,revalu,4,1.0365003601838752e-5,0,0,revaluation,187,172
hawkish,revamp,4,1.0365003601838752e-5,0,0,revamping,80,161
hawkish,revolution,4,1.0365003601838752e-5,0,0,revolutionize,24,54
hawkish,rey,4,1.0365003601838752e-5,0,0,rey,194,99
hawkish,rodrigo,4,1.0365003601838752e-5,0,0,rodrigo,89,50
hawkish,rodrik,4,1.0365003601838752e-5,0,0,rodrik,83,37
hawkish,roe,4,1.0365003601838752e-5,0,0,roe,219,74
hawkish,rupay,4,1.0365003601838752e-5,0,0,rupay,35,18
hawkish,salmon,4,1.0365003601838752e-5,0,0,salmon,102,63
hawkish,samo,4,1.0365003601838752e-5,0,0,samos,71,25
hawkish,samuelson,4,1.0365003601838752e-5,0,0,samuelson,226,108
hawkish,sat,4,1.0365003601838752e-5,0,0,sat,69,62
hawkish,scan,4,1.0365003601838752e-5,0,0,scanning,55,94
hawkish,scarciti,4,1.0365003601838752e-5,0,0,scarcity,364,239
hawkish,schmidt,4,1.0365003601838752e-5,0,0,schmidt,246,140
hawkish,scientist,4,1.0365003601838752e-5,0,0,scientists,197,180
hawkish,scotland,4,1.0365003601838752e-5,0,0,scotland,281,116
hawkish,sct,4,1.0365003601838752e-5,0,0,sct,90,27
hawkish,seldom,4,1.0365003601838752e-5,0,0,seldom,119,112
hawkish,sermon,4,1.0365003601838752e-5,0,0,sermons,14,18
hawkish,seventeen,4,1.0365003601838752e-5,0,0,seventeen,58,55
hawkish,sfbc,4,1.0365003601838752e-5,0,0,sfbc,84,22
hawkish,shelter,4,1.0365003601838752e-5,0,0,shelter,178,198
hawkish,shg,4,1.0365003601838752e-5,0,0,shg,110,35
hawkish,shinkin,4,1.0365003601838752e-5,0,0,shinkin,30,21
hawkish,shirakawa,4,1.0365003601838752e-5,0,0,shirakawa,312,134
hawkish,shortest,4,1.0365003601838752e-5,0,0,shortest,86,79
hawkish,shot,4,1.0365003601838752e-5,0,0,shot,124,122
hawkish,sibert,4,1.0365003601838752e-5,0,0,sibert,30,17
hawkish,side,4,1.0365003601838752e-5,0,0,sided,187,152
hawkish,siebert,4,1.0365003601838752e-5,0,0,siebert,13,11
hawkish,simplest,4,1.0365003601838752e-5,0,0,simplest,177,154
hawkish,simplist,4,1.0365003601838752e-5,0,0,simplistic,143,136
hawkish,sin,4,1.0365003601838752e-5,0,0,sin,83,73
hawkish,sind,4,1.0365003601838752e-5,0,0,sind,23,20
hawkish,sixteen,4,1.0365003601838752e-5,0,0,sixteen,97,89
hawkish,skeptic,4,1.0365003601838752e-5,0,0,skeptical,159,248
hawkish,sketch,4,1.0365003601838752e-5,0,0,sketch,137,217
hawkish,skew,4,1.0365003601838752e-5,0,0,skewed,370,377
hawkish,sleep,4,1.0365003601838752e-5,0,0,sleep,56,92
hawkish,slogan,4,1.0365003601838752e-5,0,0,slogan,61,58
hawkish,slope,4,1.0365003601838752e-5,0,0,slope,527,329
hawkish,slower,4,1.0365003601838752e-5,0,0,slower,2041,1427
hawkish,smet,4,1.0365003601838752e-5,0,0,smets,249,133
hawkish,sober,4,1.0365003601838752e-5,0,0,sobering,98,144
hawkish,son,4,1.0365003601838752e-5,0,0,sons,97,158
hawkish,southern,4,1.0365003601838752e-5,0,0,southern,496,306
hawkish,spawn,4,1.0365003601838752e-5,0,0,spawned,88,106
hawkish,sponsorship,4,1.0365003601838752e-5,0,0,sponsorship,44,37
hawkish,stagger,4,1.0365003601838752e-5,0,0,staggering,97,177
hawkish,stanley,4,1.0365003601838752e-5,0,0,stanley,333,214
hawkish,starter,4,1.0365003601838752e-5,0,0,starter,30,49
hawkish,statu,4,1.0365003601838752e-5,0,0,statue,20,19
hawkish,statur,4,1.0365003601838752e-5,0,0,stature,75,67
hawkish,stave,4,1.0365003601838752e-5,0,0,stave,62,73
hawkish,stereotyp,4,1.0365003601838752e-5,0,0,stereotype,32,41
hawkish,stigma,4,1.0365003601838752e-5,0,0,stigma,207,119
hawkish,stolen,4,1.0365003601838752e-5,0,0,stolen,62,48
hawkish,straitjacket,4,1.0365003601838752e-5,0,0,straitjacket,35,22
hawkish,strang,4,1.0365003601838752e-5,0,0,strange,147,140
hawkish,stride,4,1.0365003601838752e-5,0,0,strides,260,271
hawkish,stubborn,4,1.0365003601838752e-5,0,0,stubbornly,147,179
hawkish,subramanian,4,1.0365003601838752e-5,0,0,subramanian,60,36
hawkish,suprem,4,1.0365003601838752e-5,0,0,supreme,152,116
hawkish,surrend,4,1.0365003601838752e-5,0,0,surrender,58,69
hawkish,susan,4,1.0365003601838752e-5,0,0,susan,221,138
hawkish,sweeney,4,1.0365003601838752e-5,0,0,sweeney,34,14
hawkish,symbolis,4,1.0365003601838752e-5,0,0,symbolises,27,54
hawkish,sympathi,4,1.0365003601838752e-5,0,0,sympathy,110,108
hawkish,syndic,4,1.0365003601838752e-5,0,0,syndicated,256,233
hawkish,tactic,4,1.0365003601838752e-5,0,0,tactics,89,150
hawkish,takeaway,4,1.0365003601838752e-5,0,0,takeaways,70,80
hawkish,tantamount,4,1.0365003601838752e-5,0,0,tantamount,78,75
hawkish,tast,4,1.0365003601838752e-5,0,0,tastes,59,108
hawkish,teach,4,1.0365003601838752e-5,0,0,teaching,274,428
hawkish,technocrat,4,1.0365003601838752e-5,0,0,technocrats,49,70
hawkish,teenag,4,1.0365003601838752e-5,0,0,teenagers,34,54
hawkish,temper,4,1.0365003601838752e-5,0,0,temper,95,215
hawkish,terminolog,4,1.0365003601838752e-5,0,0,terminology,163,145
hawkish,testament,4,1.0365003601838752e-5,0,0,testament,137,139
hawkish,themat,4,1.0365003601838752e-5,0,0,thematic,145,104
hawkish,threadneedl,4,1.0365003601838752e-5,0,0,threadneedle,91,82
hawkish,thrown,4,1.0365003601838752e-5,0,0,thrown,184,171
hawkish,tick,4,1.0365003601838752e-5,0,0,ticked,58,149
hawkish,tini,4,1.0365003601838752e-5,0,0,tiny,109,97
hawkish,tour,4,1.0365003601838752e-5,0,0,tour,96,127
hawkish,tracker,4,1.0365003601838752e-5,0,0,tracker,109,71
hawkish,tradabl,4,1.0365003601838752e-5,0,0,tradable,609,345
hawkish,tread,4,1.0365003601838752e-5,0,0,tread,61,88
hawkish,trip,4,1.0365003601838752e-5,0,0,trip,93,122
hawkish,turnaround,4,1.0365003601838752e-5,0,0,turnaround,399,323
hawkish,ucit,4,1.0365003601838752e-5,0,0,ucits,35,20
hawkish,udeshi,4,1.0365003601838752e-5,0,0,udeshi,29,15
hawkish,unctad,4,1.0365003601838752e-5,0,0,unctad,54,38
hawkish,underpr,4,1.0365003601838752e-5,0,0,underpricing,114,127
hawkish,unelect,4,1.0365003601838752e-5,0,0,unelected,79,60
hawkish,unencumb,4,1.0365003601838752e-5,0,0,unencumbered,65,61
hawkish,unequivoc,4,1.0365003601838752e-5,0,0,unequivocal,95,155
hawkish,unfavour,4,1.0365003601838752e-5,0,0,unfavourable,255,243
hawkish,unfett,4,1.0365003601838752e-5,0,0,unfettered,109,93
hawkish,unfinish,4,1.0365003601838752e-5,0,0,unfinished,136,102
hawkish,unfund,4,1.0365003601838752e-5,0,0,unfunded,74,48
hawkish,unincorpor,4,1.0365003601838752e-5,0,0,unincorporated,48,28
hawkish,universit,4,1.0365003601838752e-5,0,0,universite,22,19
hawkish,unleash,4,1.0365003601838752e-5,0,0,unleashed,130,264
hawkish,unorganis,4,1.0365003601838752e-5,0,0,unorganised,63,47
hawkish,unreason,4,1.0365003601838752e-5,0,0,unreasonable,160,189
hawkish,unresolv,4,1.0365003601838752e-5,0,0,unresolved,183,177
hawkish,unsuccess,4,1.0365003601838752e-5,0,0,unsuccessful,106,121
hawkish,unwav,4,1.0365003601838752e-5,0,0,unwavering,108,119
hawkish,upheav,4,1.0365003601838752e-5,0,0,upheaval,120,158
hawkish,upheld,4,1.0365003601838752e-5,0,0,upheld,47,46
hawkish,usher,4,1.0365003601838752e-5,0,0,ushered,110,206
hawkish,valedictori,4,1.0365003601838752e-5,0,0,valedictory,75,46
hawkish,vanish,4,1.0365003601838752e-5,0,0,vanish,49,119
hawkish,veas,4,1.0365003601838752e-5,0,0,vease,20,10
hawkish,veloc,4,1.0365003601838752e-5,0,0,velocity,351,185
hawkish,vernacular,4,1.0365003601838752e-5,0,0,vernacular,33,26
hawkish,vicin,4,1.0365003601838752e-5,0,0,vicinity,98,86
hawkish,vintag,4,1.0365003601838752e-5,0,0,vintage,96,113
hawkish,virtuous,4,1.0365003601838752e-5,0,0,virtuous,1096,577
hawkish,visa,4,1.0365003601838752e-5,0,0,visa,188,106
hawkish,waller,4,1.0365003601838752e-5,0,0,waller,103,50
hawkish,walsh,4,1.0365003601838752e-5,0,0,walsh,112,60
hawkish,weber,4,1.0365003601838752e-5,0,0,weber,138,83
hawkish,wife,4,1.0365003601838752e-5,0,0,wife,71,55
hawkish,wikipedia,4,1.0365003601838752e-5,0,0,wikipedia,18,14
hawkish,woman,4,1.0365003601838752e-5,0,0,woman,126,86
hawkish,worldcom,4,1.0365003601838752e-5,0,0,worldcom,42,36
hawkish,woven,4,1.0365003601838752e-5,0,0,woven,38,36
hawkish,yellen,4,1.0365003601838752e-5,0,0,yellen,488,221
hawkish,youth,4,1.0365003601838752e-5,0,0,youth,591,328
hawkish,zeit,4,1.0365003601838752e-5,0,0,zeit,16,13
hawkish,aadhaar,3,7.773752701379064e-6,0,0,aadhaar,180,67
hawkish,abnorm,3,7.773752701379064e-6,0,0,abnormal,168,208
hawkish,abolit,3,7.773752701379064e-6,0,0,abolition,164,128
hawkish,absent,3,7.773752701379064e-6,0,0,absent,498,438
hawkish,abss,3,7.773752701379064e-6,0,0,abss,226,73
hawkish,academi,3,7.773752701379064e-6,0,0,academy,156,120
hawkish,acc,3,7.773752701379064e-6,0,0,acc,22,14
hawkish,achill,3,7.773752701379064e-6,0,0,achilles,33,31
hawkish,adalid,3,7.773752701379064e-6,0,0,adalid,43,26
hawkish,adr,3,7.773752701379064e-6,0,0,adrs,15,12
hawkish,aesthet,3,7.773752701379064e-6,0,0,aesthetic,32,31
hawkish,afflict,3,7.773752701379064e-6,0,0,afflicted,66,107
hawkish,afi,3,7.773752701379064e-6,0,0,afi,16,10
hawkish,agus,3,7.773752701379064e-6,0,0,agus,67,46
hawkish,aig,3,7.773752701379064e-6,0,0,aig,399,134
hawkish,airplan,3,7.773752701379064e-6,0,0,airplane,30,33
hawkish,alberta,3,7.773752701379064e-6,0,0,alberta,212,104
hawkish,alchemi,3,7.773752701379064e-6,0,0,alchemy,53,38
hawkish,alessi,3,7.773752701379064e-6,0,0,alessi,29,18
hawkish,alexandr,3,7.773752701379064e-6,0,0,alexandre,53,40
hawkish,allen,3,7.773752701379064e-6,0,0,allen,249,169
hawkish,alphabet,3,7.773752701379064e-6,0,0,alphabet,26,36
hawkish,alumni,3,7.773752701379064e-6,0,0,alumni,79,52
hawkish,amalgam,3,7.773752701379064e-6,0,0,amalgamation,98,66
hawkish,amortis,3,7.773752701379064e-6,0,0,amortised,44,53
hawkish,amplif,3,7.773752701379064e-6,0,0,amplification,260,178
hawkish,ancillari,3,7.773752701379064e-6,0,0,ancillary,89,81
hawkish,andi,3,7.773752701379064e-6,0,0,andy,117,99
hawkish,angela,3,7.773752701379064e-6,0,0,angela,39,23
hawkish,anil,3,7.773752701379064e-6,0,0,anil,102,85
hawkish,anomali,3,7.773752701379064e-6,0,0,anomalies,100,138
hawkish,anthoni,3,7.773752701379064e-6,0,0,anthony,71,63
hawkish,apart,3,7.773752701379064e-6,0,0,apartments,121,114
hawkish,apec,3,7.773752701379064e-6,0,0,apec,28,22
hawkish,apprehend,3,7.773752701379064e-6,0,0,apprehend,8,15
hawkish,apprehens,3,7.773752701379064e-6,0,0,apprehension,68,110
hawkish,arch,3,7.773752701379064e-6,0,0,arching,20,36
hawkish,arrow,3,7.773752701379064e-6,0,0,arrow,133,85
hawkish,assidu,3,7.773752701379064e-6,0,0,assiduously,29,35
hawkish,astonish,3,7.773752701379064e-6,0,0,astonishing,88,108
hawkish,atmospher,3,7.773752701379064e-6,0,0,atmosphere,229,213
hawkish,attende,3,7.773752701379064e-6,0,0,attendees,127,89
hawkish,audac,3,7.773752701379064e-6,0,0,audacity,17,14
hawkish,auer,3,7.773752701379064e-6,0,0,auer,46,38
hawkish,austria,3,7.773752701379064e-6,0,0,austria,503,256
hawkish,austrian,3,7.773752701379064e-6,0,0,austrian,132,83
hawkish,automak,3,7.773752701379064e-6,0,0,automakers,40,37
hawkish,axi,3,7.773752701379064e-6,0,0,axis,515,219
hawkish,baldwin,3,7.773752701379064e-6,0,0,baldwin,108,66
hawkish,ball,3,7.773752701379064e-6,0,0,ball,324,229
hawkish,baltic,3,7.773752701379064e-6,0,0,baltic,125,62
hawkish,bankrupt,3,7.773752701379064e-6,0,0,bankrupt,154,127
hawkish,banner,3,7.773752701379064e-6,0,0,banner,23,25
hawkish,barri,3,7.773752701379064e-6,0,0,barry,124,98
hawkish,bcbs,3,7.773752701379064e-6,0,0,bcbs,533,254
hawkish,belat,3,7.773752701379064e-6,0,0,belatedly,33,59
hawkish,belgian,3,7.773752701379064e-6,0,0,belgian,56,53
hawkish,bernac,3,7.773752701379064e-6,0,0,bernacer,42,11
hawkish,bestow,3,7.773752701379064e-6,0,0,bestowed,83,134
hawkish,binari,3,7.773752701379064e-6,0,0,binary,62,51
hawkish,biofuel,3,7.773752701379064e-6,0,0,biofuels,21,26
hawkish,bishop,3,7.773752701379064e-6,0,0,bishop,44,33
hawkish,bitter,3,7.773752701379064e-6,0,0,bitter,101,108
hawkish,blanket,3,7.773752701379064e-6,0,0,blanket,168,103
hawkish,blend,3,7.773752701379064e-6,0,0,blend,79,121
hawkish,blown,3,7.773752701379064e-6,0,0,blown,141,136
hawkish,boil,3,7.773752701379064e-6,0,0,boils,51,92
hawkish,bomb,3,7.773752701379064e-6,0,0,bomb,38,49
hawkish,bombay,3,7.773752701379064e-6,0,0,bombay,69,41
hawkish,bona,3,7.773752701379064e-6,0,0,bona,35,26
hawkish,bonn,3,7.773752701379064e-6,0,0,bonn,35,32
hawkish,bother,3,7.773752701379064e-6,0,0,bother,28,51
hawkish,bout,3,7.773752701379064e-6,0,0,bouts,197,264
hawkish,bradford,3,7.773752701379064e-6,0,0,bradford,84,58
hawkish,brent,3,7.773752701379064e-6,0,0,brent,149,120
hawkish,brew,3,7.773752701379064e-6,0,0,brewing,54,69
hawkish,bric,3,7.773752701379064e-6,0,0,brics,331,119
hawkish,brisk,3,7.773752701379064e-6,0,0,brisk,126,159
hawkish,bueno,3,7.773752701379064e-6,0,0,buenos,95,61
hawkish,bulwark,3,7.773752701379064e-6,0,0,bulwark,57,63
hawkish,bureaucraci,3,7.773752701379064e-6,0,0,bureaucracy,74,80
hawkish,burk,3,7.773752701379064e-6,0,0,burke,20,13
hawkish,burn,3,7.773752701379064e-6,0,0,burns,79,135
hawkish,bush,3,7.773752701379064e-6,0,0,bush,92,81
hawkish,buyback,3,7.773752701379064e-6,0,0,buybacks,59,84
hawkish,cafral,3,7.773752701379064e-6,0,0,cafral,68,29
hawkish,campbel,3,7.773752701379064e-6,0,0,campbell,182,97
hawkish,carl,3,7.773752701379064e-6,0,0,carl,66,52
hawkish,cat,3,7.773752701379064e-6,0,0,cat,63,53
hawkish,cathedr,3,7.773752701379064e-6,0,0,cathedral,24,15
hawkish,causa,3,7.773752701379064e-6,0,0,causa,29,24
hawkish,cecchetti,3,7.773752701379064e-6,0,0,cecchetti,279,128
hawkish,cede,3,7.773752701379064e-6,0,0,cede,31,55
hawkish,centrifug,3,7.773752701379064e-6,0,0,centrifugal,24,17
hawkish,cereal,3,7.773752701379064e-6,0,0,cereals,96,62
hawkish,certifi,3,7.773752701379064e-6,0,0,certified,123,139
hawkish,charlott,3,7.773752701379064e-6,0,0,charlotte,146,74
hawkish,che,3,7.773752701379064e-6,0,0,che,15,11
hawkish,chiang,3,7.773752701379064e-6,0,0,chiang,87,73
hawkish,chris,3,7.773752701379064e-6,0,0,chris,286,235
hawkish,chronicl,3,7.773752701379064e-6,0,0,chronicle,17,34
hawkish,chunk,3,7.773752701379064e-6,0,0,chunk,67,68
hawkish,cii,3,7.773752701379064e-6,0,0,cii,78,36
hawkish,cio,3,7.773752701379064e-6,0,0,cios,27,16
hawkish,circumspect,3,7.773752701379064e-6,0,0,circumspect,27,35
hawkish,circumv,3,7.773752701379064e-6,0,0,circumvent,133,181
hawkish,cit,3,7.773752701379064e-6,0,0,cit,415,202
hawkish,clair,3,7.773752701379064e-6,0,0,claire,19,22
hawkish,clearest,3,7.773752701379064e-6,0,0,clearest,100,98
hawkish,clever,3,7.773752701379064e-6,0,0,clever,55,62
hawkish,clinic,3,7.773752701379064e-6,0,0,clinical,23,35
hawkish,clog,3,7.773752701379064e-6,0,0,clogged,24,40
hawkish,cognis,3,7.773752701379064e-6,0,0,cognisant,64,114
hawkish,cogniz,3,7.773752701379064e-6,0,0,cognizant,64,82
hawkish,column,3,7.773752701379064e-6,0,0,column,377,156
hawkish,communist,3,7.773752701379064e-6,0,0,communist,87,82
hawkish,conced,3,7.773752701379064e-6,0,0,concede,35,70
hawkish,concurr,3,7.773752701379064e-6,0,0,concurrent,166,269
hawkish,confess,3,7.773752701379064e-6,0,0,confess,120,124
hawkish,conservat,3,7.773752701379064e-6,0,0,conservatism,69,58
hawkish,constel,3,7.773752701379064e-6,0,0,constellation,173,164
hawkish,constru,3,7.773752701379064e-6,0,0,construed,53,57
hawkish,contemporan,3,7.773752701379064e-6,0,0,contemporaneous,134,126
hawkish,contigu,3,7.773752701379064e-6,0,0,contiguous,9,11
hawkish,copi,3,7.773752701379064e-6,0,0,copy,120,185
hawkish,cradl,3,7.773752701379064e-6,0,0,cradle,30,28
hawkish,creator,3,7.773752701379064e-6,0,0,creators,50,59
hawkish,crest,3,7.773752701379064e-6,0,0,crest,92,40
hawkish,crown,3,7.773752701379064e-6,0,0,crown,108,118
hawkish,cryptoasset,3,7.773752701379064e-6,0,0,cryptoassets,123,37
hawkish,cumbersom,3,7.773752701379064e-6,0,0,cumbersome,112,110
hawkish,cunliff,3,7.773752701379064e-6,0,0,cunliffe,236,132
hawkish,cure,3,7.773752701379064e-6,0,0,cure,176,210
hawkish,curious,3,7.773752701379064e-6,0,0,curious,71,83
hawkish,customarili,3,7.773752701379064e-6,0,0,customarily,19,19
hawkish,danish,3,7.773752701379064e-6,0,0,danish,136,72
hawkish,dean,3,7.773752701379064e-6,0,0,dean,117,112
hawkish,debreu,3,7.773752701379064e-6,0,0,debreu,43,21
hawkish,deceiv,3,7.773752701379064e-6,0,0,deceived,21,57
hawkish,decre,3,7.773752701379064e-6,0,0,decree,116,82
hawkish,deduc,3,7.773752701379064e-6,0,0,deduce,25,50
hawkish,defeat,3,7.773752701379064e-6,0,0,defeating,96,173
hawkish,defect,3,7.773752701379064e-6,0,0,defects,37,60
hawkish,defraud,3,7.773752701379064e-6,0,0,defraud,14,26
hawkish,defus,3,7.773752701379064e-6,0,0,defusing,68,74
hawkish,degrad,3,7.773752701379064e-6,0,0,degradation,111,100
hawkish,dei,3,7.773752701379064e-6,0,0,dei,33,17
hawkish,democratis,3,7.773752701379064e-6,0,0,democratisation,21,26
hawkish,deplet,3,7.773752701379064e-6,0,0,depleted,109,207
hawkish,desist,3,7.773752701379064e-6,0,0,desist,37,24
hawkish,desk,3,7.773752701379064e-6,0,0,desk,164,163
hawkish,detract,3,7.773752701379064e-6,0,0,detract,66,105
hawkish,devant,3,7.773752701379064e-6,0,0,devant,26,23
hawkish,diamond,3,7.773752701379064e-6,0,0,diamond,211,159
hawkish,diet,3,7.773752701379064e-6,0,0,diet,167,147
hawkish,dig,3,7.773752701379064e-6,0,0,dig,75,102
hawkish,digest,3,7.773752701379064e-6,0,0,digest,72,111
hawkish,digress,3,7.773752701379064e-6,0,0,digression,41,66
hawkish,dire,3,7.773752701379064e-6,0,0,dire,141,134
hawkish,disciplinari,3,7.773752701379064e-6,0,0,disciplinary,165,119
hawkish,disconnect,3,7.773752701379064e-6,0,0,disconnect,159,217
hawkish,discrep,3,7.773752701379064e-6,0,0,discrepancy,156,218
hawkish,discriminatori,3,7.773752701379064e-6,0,0,discriminatory,141,110
hawkish,disfavour,3,7.773752701379064e-6,0,0,disfavour,8,13
hawkish,disintermedi,3,7.773752701379064e-6,0,0,disintermediation,152,132
hawkish,dismay,3,7.773752701379064e-6,0,0,dismay,24,24
hawkish,dispassion,3,7.773752701379064e-6,0,0,dispassionate,24,36
hawkish,dispatch,3,7.773752701379064e-6,0,0,dispatch,25,34
hawkish,disposit,3,7.773752701379064e-6,0,0,disposition,66,68
hawkish,dissolv,3,7.773752701379064e-6,0,0,dissolved,33,47
hawkish,distil,3,7.773752701379064e-6,0,0,distil,34,104
hawkish,donor,3,7.773752701379064e-6,0,0,donor,28,43
hawkish,dormant,3,7.773752701379064e-6,0,0,dormant,59,57
hawkish,dose,3,7.773752701379064e-6,0,0,dose,106,144
hawkish,downpay,3,7.773752701379064e-6,0,0,downpayment,20,16
hawkish,drafter,3,7.773752701379064e-6,0,0,drafters,32,31
hawkish,draghi,3,7.773752701379064e-6,0,0,draghi,531,318
hawkish,dubious,3,7.773752701379064e-6,0,0,dubious,126,96
hawkish,dust,3,7.773752701379064e-6,0,0,dust,58,59
hawkish,dwarf,3,7.773752701379064e-6,0,0,dwarfed,43,99
hawkish,earnest,3,7.773752701379064e-6,0,0,earnest,147,192
hawkish,ebb,3,7.773752701379064e-6,0,0,ebb,75,94
hawkish,ebt,3,7.773752701379064e-6,0,0,ebt,48,25
hawkish,edinburgh,3,7.773752701379064e-6,0,0,edinburgh,98,59
hawkish,editor,3,7.773752701379064e-6,0,0,editors,75,117
hawkish,edward,3,7.773752701379064e-6,0,0,edward,444,364
hawkish,einer,3,7.773752701379064e-6,0,0,einer,22,18
hawkish,eiopa,3,7.773752701379064e-6,0,0,eiopa,66,41
hawkish,elaps,3,7.773752701379064e-6,0,0,elapsed,57,71
hawkish,elast,3,7.773752701379064e-6,0,0,elasticity,344,380
hawkish,eleg,3,7.773752701379064e-6,0,0,elegant,53,81
hawkish,eleventh,3,7.773752701379064e-6,0,0,eleventh,147,95
hawkish,em,3,7.773752701379064e-6,0,0,ems,158,76
hawkish,embezzl,3,7.773752701379064e-6,0,0,embezzlement,15,13
hawkish,emblemat,3,7.773752701379064e-6,0,0,emblematic,30,28
hawkish,emperor,3,7.773752701379064e-6,0,0,emperor,28,32
hawkish,empt,3,7.773752701379064e-6,0,0,empt,124,145
hawkish,encapsul,3,7.773752701379064e-6,0,0,encapsulated,52,95
hawkish,endless,3,7.773752701379064e-6,0,0,endless,90,102
hawkish,enjoin,3,7.773752701379064e-6,0,0,enjoined,23,47
hawkish,entireti,3,7.773752701379064e-6,0,0,entirety,87,83
hawkish,entrepreneuri,3,7.773752701379064e-6,0,0,entrepreneurial,447,285
hawkish,enumer,3,7.773752701379064e-6,0,0,enumerated,37,80
hawkish,eonia,3,7.773752701379064e-6,0,0,eonia,320,150
hawkish,epidem,3,7.773752701379064e-6,0,0,epidemic,290,91
hawkish,equilibr,3,7.773752701379064e-6,0,0,equilibrating,78,101
hawkish,erhard,3,7.773752701379064e-6,0,0,erhard,69,24
hawkish,eric,3,7.773752701379064e-6,0,0,eric,212,170
hawkish,ernesto,3,7.773752701379064e-6,0,0,ernesto,24,21
hawkish,eschew,3,7.773752701379064e-6,0,0,eschew,42,92
hawkish,esoter,3,7.773752701379064e-6,0,0,esoteric,45,41
hawkish,eurofi,3,7.773752701379064e-6,0,0,eurofi,57,46
hawkish,europol,3,7.773752701379064e-6,0,0,europol,30,23
hawkish,evacu,3,7.773752701379064e-6,0,0,evacuation,10,26
hawkish,evan,3,7.773752701379064e-6,0,0,evans,259,173
hawkish,evolutionari,3,7.773752701379064e-6,0,0,evolutionary,212,139
hawkish,excerpt,3,7.773752701379064e-6,0,0,excerpts,34,48
hawkish,excus,3,7.773752701379064e-6,0,0,excuse,137,165
hawkish,exig,3,7.773752701379064e-6,0,0,exigent,57,62
hawkish,expiri,3,7.773752701379064e-6,0,0,expiry,74,48
hawkish,exponenti,3,7.773752701379064e-6,0,0,exponential,91,153
hawkish,extant,3,7.773752701379064e-6,0,0,extant,132,108
hawkish,extrapol,3,7.773752701379064e-6,0,0,extrapolate,72,221
hawkish,fad,3,7.773752701379064e-6,0,0,fads,29,39
hawkish,falter,3,7.773752701379064e-6,0,0,faltering,87,190
hawkish,fathom,3,7.773752701379064e-6,0,0,fathom,28,28
hawkish,fault,3,7.773752701379064e-6,0,0,fault,277,243
hawkish,faust,3,7.773752701379064e-6,0,0,faust,80,51
hawkish,fedwir,3,7.773752701379064e-6,0,0,fedwire,132,74
hawkish,fertilis,3,7.773752701379064e-6,0,0,fertiliser,39,71
hawkish,festiv,3,7.773752701379064e-6,0,0,festival,117,97
hawkish,fiasco,3,7.773752701379064e-6,0,0,fiasco,11,11
hawkish,fide,3,7.773752701379064e-6,0,0,fide,33,30
hawkish,fifth,3,7.773752701379064e-6,0,0,fifths,126,160
hawkish,fillip,3,7.773752701379064e-6,0,0,fillip,82,70
hawkish,fimmda,3,7.773752701379064e-6,0,0,fimmda,211,54
hawkish,firmer,3,7.773752701379064e-6,0,0,firmer,150,133
hawkish,fis,3,7.773752701379064e-6,0,0,fis,169,79
hawkish,fixat,3,7.773752701379064e-6,0,0,fixation,61,60
hawkish,flavour,3,7.773752701379064e-6,0,0,flavour,93,96
hawkish,fli,3,7.773752701379064e-6,0,0,fly,84,134
hawkish,florida,3,7.773752701379064e-6,0,0,florida,160,99
hawkish,fond,3,7.773752701379064e-6,0,0,fond,43,71
hawkish,fondat,3,7.773752701379064e-6,0,0,fondation,15,11
hawkish,foolish,3,7.773752701379064e-6,0,0,foolish,68,67
hawkish,fourteen,3,7.773752701379064e-6,0,0,fourteen,79,69
hawkish,freddi,3,7.773752701379064e-6,0,0,freddie,361,153
hawkish,freed,3,7.773752701379064e-6,0,0,freed,137,126
hawkish,friendli,3,7.773752701379064e-6,0,0,friendliness,24,21
hawkish,fullest,3,7.773752701379064e-6,0,0,fullest,95,91
hawkish,galbraith,3,7.773752701379064e-6,0,0,galbraith,57,31
hawkish,gambacorta,3,7.773752701379064e-6,0,0,gambacorta,79,50
hawkish,gambl,3,7.773752701379064e-6,0,0,gamble,81,118
hawkish,garden,3,7.773752701379064e-6,0,0,garden,37,61
hawkish,gate,3,7.773752701379064e-6,0,0,gates,73,114
hawkish,gateway,3,7.773752701379064e-6,0,0,gateway,129,130
hawkish,geld,3,7.773752701379064e-6,0,0,geld,13,12
hawkish,generi,3,7.773752701379064e-6,0,0,generis,19,15
hawkish,gentl,3,7.773752701379064e-6,0,0,gentle,60,99
hawkish,georgetown,3,7.773752701379064e-6,0,0,georgetown,28,25
hawkish,ghost,3,7.773752701379064e-6,0,0,ghost,27,27
hawkish,glean,3,7.773752701379064e-6,0,0,gleaned,77,101
hawkish,gloss,3,7.773752701379064e-6,0,0,gloss,20,36
hawkish,god,3,7.773752701379064e-6,0,0,god,310,220
hawkish,goldman,3,7.773752701379064e-6,0,0,goldman,186,131
hawkish,gordon,3,7.773752701379064e-6,0,0,gordon,574,321
hawkish,gradualist,3,7.773752701379064e-6,0,0,gradualist,126,81
hawkish,grass,3,7.773752701379064e-6,0,0,grass,78,64
hawkish,greed,3,7.773752701379064e-6,0,0,greed,92,68
hawkish,groundwork,3,7.773752701379064e-6,0,0,groundwork,164,158
hawkish,guidepost,3,7.773752701379064e-6,0,0,guideposts,46,68
hawkish,guindo,3,7.773752701379064e-6,0,0,guindos,121,101
hawkish,guiso,3,7.773752701379064e-6,0,0,guiso,36,19
hawkish,gujarat,3,7.773752701379064e-6,0,0,gujarat,65,38
hawkish,guma,3,7.773752701379064e-6,0,0,guma,40,20
hawkish,haa,3,7.773752701379064e-6,0,0,haas,43,40
hawkish,hail,3,7.773752701379064e-6,0,0,hailed,21,44
hawkish,hall,3,7.773752701379064e-6,0,0,hall,361,263
hawkish,handicap,3,7.773752701379064e-6,0,0,handicapped,44,93
hawkish,hang,3,7.773752701379064e-6,0,0,hanging,85,146
hawkish,hansen,3,7.773752701379064e-6,0,0,hansen,87,46
hawkish,harbor,3,7.773752701379064e-6,0,0,harbor,42,61
hawkish,harmless,3,7.773752701379064e-6,0,0,harmless,21,20
hawkish,harri,3,7.773752701379064e-6,0,0,harry,71,101
hawkish,haryana,3,7.773752701379064e-6,0,0,haryana,23,18
hawkish,hat,3,7.773752701379064e-6,0,0,hat,92,93
hawkish,hatzius,3,7.773752701379064e-6,0,0,hatzius,31,24
hawkish,hayek,3,7.773752701379064e-6,0,0,hayek,227,56
hawkish,heal,3,7.773752701379064e-6,0,0,healing,112,150
hawkish,healthcar,3,7.773752701379064e-6,0,0,healthcare,210,149
hawkish,hermann,3,7.773752701379064e-6,0,0,hermann,14,12
hawkish,hhi,3,7.773752701379064e-6,0,0,hhi,45,13
hawkish,hoepa,3,7.773752701379064e-6,0,0,hoepa,225,36
hawkish,holi,3,7.773752701379064e-6,0,0,holy,215,106
hawkish,hone,3,7.773752701379064e-6,0,0,hone,36,62
hawkish,honesti,3,7.773752701379064e-6,0,0,honesty,72,60
hawkish,honori,3,7.773752701379064e-6,0,0,honoris,23,17
hawkish,houghton,3,7.773752701379064e-6,0,0,houghton,28,25
hawkish,houston,3,7.773752701379064e-6,0,0,houston,47,16
hawkish,hsbc,3,7.773752701379064e-6,0,0,hsbc,125,79
hawkish,humbl,3,7.773752701379064e-6,0,0,humble,130,175
hawkish,hume,3,7.773752701379064e-6,0,0,hume,137,42
hawkish,hype,3,7.773752701379064e-6,0,0,hype,40,37
hawkish,iain,3,7.773752701379064e-6,0,0,iain,53,47
hawkish,ian,3,7.773752701379064e-6,0,0,ian,149,110
hawkish,ibid,3,7.773752701379064e-6,0,0,ibid,223,130
hawkish,iceberg,3,7.773752701379064e-6,0,0,iceberg,52,34
hawkish,idbi,3,7.773752701379064e-6,0,0,idbi,84,38
hawkish,ifi,3,7.773752701379064e-6,0,0,ifis,45,28
hawkish,ifo,3,7.773752701379064e-6,0,0,ifo,42,25
hawkish,iim,3,7.773752701379064e-6,0,0,iim,35,22
hawkish,illinoi,3,7.773752701379064e-6,0,0,illinois,120,104
hawkish,imbalanc,3,7.773752701379064e-6,0,0,imbalanced,33,28
hawkish,imping,3,7.773752701379064e-6,0,0,impinge,118,180
hawkish,improvis,3,7.773752701379064e-6,0,0,improvised,18,39
hawkish,imprud,3,7.773752701379064e-6,0,0,imprudent,181,195
hawkish,inconclus,3,7.773752701379064e-6,0,0,inconclusive,62,63
hawkish,industrialist,3,7.773752701379064e-6,0,0,industrialists,41,38
hawkish,inexpens,3,7.773752701379064e-6,0,0,inexpensive,86,86
hawkish,influenza,3,7.773752701379064e-6,0,0,influenza,65,27
hawkish,informat,3,7.773752701379064e-6,0,0,informatics,16,14
hawkish,ingrain,3,7.773752701379064e-6,0,0,ingrained,73,69
hawkish,inroad,3,7.773752701379064e-6,0,0,inroads,87,83
hawkish,insert,3,7.773752701379064e-6,0,0,insert,29,62
hawkish,inspector,3,7.773752701379064e-6,0,0,inspector,22,32
hawkish,institution,3,7.773752701379064e-6,0,0,institutionalized,56,91
hawkish,insurmount,3,7.773752701379064e-6,0,0,insurmountable,94,91
hawkish,interrel,3,7.773752701379064e-6,0,0,interrelated,243,283
hawkish,interrelationship,3,7.773752701379064e-6,0,0,interrelationships,63,73
hawkish,inth,3,7.773752701379064e-6,0,0,inthe,38,33
hawkish,intoler,3,7.773752701379064e-6,0,0,intolerable,26,55
hawkish,intract,3,7.773752701379064e-6,0,0,intractable,51,51
hawkish,io,3,7.773752701379064e-6,0,0,ios,18,14
hawkish,irrig,3,7.773752701379064e-6,0,0,irrigation,100,66
hawkish,jaim,3,7.773752701379064e-6,0,0,jaime,85,70
hawkish,jerom,3,7.773752701379064e-6,0,0,jerome,364,214
hawkish,joke,3,7.773752701379064e-6,0,0,joke,53,67
hawkish,jude,3,7.773752701379064e-6,0,0,jude,22,22
hawkish,jure,3,7.773752701379064e-6,0,0,jure,74,63
hawkish,kcc,3,7.773752701379064e-6,0,0,kcc,69,39
hawkish,kelley,3,7.773752701379064e-6,0,0,kelley,49,33
hawkish,ken,3,7.773752701379064e-6,0,0,ken,133,84
hawkish,kent,3,7.773752701379064e-6,0,0,kent,209,109
hawkish,kerala,3,7.773752701379064e-6,0,0,kerala,67,40
hawkish,kiel,3,7.773752701379064e-6,0,0,kiel,38,21
hawkish,kill,3,7.773752701379064e-6,0,0,kill,49,100
hawkish,kisan,3,7.773752701379064e-6,0,0,kisan,66,46
hawkish,kitchen,3,7.773752701379064e-6,0,0,kitchen,21,29
hawkish,klaus,3,7.773752701379064e-6,0,0,klaus,60,49
hawkish,kok,3,7.773752701379064e-6,0,0,kok,106,66
hawkish,kosovo,3,7.773752701379064e-6,0,0,kosovo,40,26
hawkish,krugman,3,7.773752701379064e-6,0,0,krugman,348,173
hawkish,kydland,3,7.773752701379064e-6,0,0,kydland,127,75
hawkish,larri,3,7.773752701379064e-6,0,0,larry,123,108
hawkish,latvia,3,7.773752701379064e-6,0,0,latvia,219,94
hawkish,lee,3,7.773752701379064e-6,0,0,lee,365,232
hawkish,leeladhar,3,7.773752701379064e-6,0,0,leeladhar,52,28
hawkish,len,3,7.773752701379064e-6,0,0,lens,245,175
hawkish,lessen,3,7.773752701379064e-6,0,0,lessen,243,453
hawkish,librari,3,7.773752701379064e-6,0,0,library,113,102
hawkish,lifeblood,3,7.773752701379064e-6,0,0,lifeblood,58,56
hawkish,lifetim,3,7.773752701379064e-6,0,0,lifetime,329,294
hawkish,lighter,3,7.773752701379064e-6,0,0,lighter,71,62
hawkish,like,3,7.773752701379064e-6,0,0,likes,65,72
hawkish,liken,3,7.773752701379064e-6,0,0,likened,46,62
hawkish,linguist,3,7.773752701379064e-6,0,0,linguistic,55,40
hawkish,liter,3,7.773752701379064e-6,0,0,literally,257,344
hawkish,litmus,3,7.773752701379064e-6,0,0,litmus,30,28
hawkish,localis,3,7.773752701379064e-6,0,0,localised,105,95
hawkish,lofti,3,7.773752701379064e-6,0,0,lofty,37,36
hawkish,lolr,3,7.773752701379064e-6,0,0,lolr,169,42
hawkish,los,3,7.773752701379064e-6,0,0,los,170,99
hawkish,loser,3,7.773752701379064e-6,0,0,losers,177,146
hawkish,lossabsorb,3,7.773752701379064e-6,0,0,lossabsorbing,34,32
hawkish,lucid,3,7.773752701379064e-6,0,0,lucid,44,65
hawkish,lynch,3,7.773752701379064e-6,0,0,lynch,176,124
hawkish,mac,3,7.773752701379064e-6,0,0,mac,264,156
hawkish,macedonia,3,7.773752701379064e-6,0,0,macedonia,29,22
hawkish,macmillan,3,7.773752701379064e-6,0,0,macmillan,222,171
hawkish,macroeconomist,3,7.773752701379064e-6,0,0,macroeconomists,98,99
hawkish,maddaloni,3,7.773752701379064e-6,0,0,maddaloni,81,51
hawkish,magazin,3,7.773752701379064e-6,0,0,magazine,121,112
hawkish,magnific,3,7.773752701379064e-6,0,0,magnificent,55,51
hawkish,mainland,3,7.773752701379064e-6,0,0,mainland,155,56
hawkish,malfunct,3,7.773752701379064e-6,0,0,malfunctioning,140,163
hawkish,manila,3,7.773752701379064e-6,0,0,manila,25,14
hawkish,mansion,3,7.773752701379064e-6,0,0,mansion,148,105
hawkish,manual,3,7.773752701379064e-6,0,0,manual,354,281
hawkish,marginalis,3,7.773752701379064e-6,0,0,marginalised,26,38
hawkish,maria,3,7.773752701379064e-6,0,0,maria,91,77
hawkish,martowardojo,3,7.773752701379064e-6,0,0,martowardojo,60,41
hawkish,maynard,3,7.773752701379064e-6,0,0,maynard,137,116
hawkish,mediat,3,7.773752701379064e-6,0,0,mediation,56,110
hawkish,medic,3,7.773752701379064e-6,0,0,medical,780,431
hawkish,mediumterm,3,7.773752701379064e-6,0,0,mediumterm,138,128
hawkish,mein,3,7.773752701379064e-6,0,0,meine,24,22
hawkish,melbourn,3,7.773752701379064e-6,0,0,melbourne,376,184
hawkish,michel,3,7.773752701379064e-6,0,0,michel,75,107
hawkish,microenterpris,3,7.773752701379064e-6,0,0,microenterprise,45,26
hawkish,mide,3,7.773752701379064e-6,0,0,mide,63,23
hawkish,midyear,3,7.773752701379064e-6,0,0,midyear,44,38
hawkish,mint,3,7.773752701379064e-6,0,0,mint,154,131
hawkish,mir,3,7.773752701379064e-6,0,0,mir,104,56
hawkish,miscalcul,3,7.773752701379064e-6,0,0,miscalculations,14,31
hawkish,misconcept,3,7.773752701379064e-6,0,0,misconceptions,79,113
hawkish,misinterpret,3,7.773752701379064e-6,0,0,misinterpreted,62,123
hawkish,misjudg,3,7.773752701379064e-6,0,0,misjudged,36,104
hawkish,mismeasur,3,7.773752701379064e-6,0,0,mismeasurement,106,81
hawkish,mistrust,3,7.773752701379064e-6,0,0,mistrust,69,65
hawkish,modigliani,3,7.773752701379064e-6,0,0,modigliani,176,74
hawkish,monetarist,3,7.773752701379064e-6,0,0,monetarist,162,110
hawkish,monnai,3,7.773752701379064e-6,0,0,monnaie,24,20
hawkish,monsoon,3,7.773752701379064e-6,0,0,monsoon,159,108
hawkish,moot,3,7.773752701379064e-6,0,0,mooted,44,82
hawkish,mouth,3,7.773752701379064e-6,0,0,mouth,96,95
hawkish,mover,3,7.773752701379064e-6,0,0,mover,80,99
hawkish,multicultur,3,7.773752701379064e-6,0,0,multicultural,21,21
hawkish,multivari,3,7.773752701379064e-6,0,0,multivariate,57,40
hawkish,museum,3,7.773752701379064e-6,0,0,museum,225,129
hawkish,mushroom,3,7.773752701379064e-6,0,0,mushroomed,16,33
hawkish,myopic,3,7.773752701379064e-6,0,0,myopic,75,61
hawkish,nachiket,3,7.773752701379064e-6,0,0,nachiket,34,23
hawkish,namaskar,3,7.773752701379064e-6,0,0,namaskar,17,16
hawkish,napoleon,3,7.773752701379064e-6,0,0,napoleonic,36,36
hawkish,nasdaq,3,7.773752701379064e-6,0,0,nasdaq,79,55
hawkish,neal,3,7.773752701379064e-6,0,0,neal,71,55
hawkish,nearbi,3,7.773752701379064e-6,0,0,nearby,66,64
hawkish,neat,3,7.773752701379064e-6,0,0,neatly,69,109
hawkish,nelli,3,7.773752701379064e-6,0,0,nellie,67,59
hawkish,newton,3,7.773752701379064e-6,0,0,newton,42,29
hawkish,ngeu,3,7.773752701379064e-6,0,0,ngeu,85,24
hawkish,ngfs,3,7.773752701379064e-6,0,0,ngfs,428,105
hawkish,ngo,3,7.773752701379064e-6,0,0,ngo,29,24
hawkish,nibm,3,7.773752701379064e-6,0,0,nibm,62,25
hawkish,nihon,3,7.773752701379064e-6,0,0,nihon,57,35
hawkish,nikkei,3,7.773752701379064e-6,0,0,nikkei,127,95
hawkish,nixon,3,7.773752701379064e-6,0,0,nixon,46,33
hawkish,nobl,3,7.773752701379064e-6,0,0,noble,54,52
hawkish,node,3,7.773752701379064e-6,0,0,nodes,110,70
hawkish,nonlinear,3,7.773752701379064e-6,0,0,nonlinear,117,105
hawkish,nonresidenti,3,7.773752701379064e-6,0,0,nonresidential,127,98
hawkish,nonstandard,3,7.773752701379064e-6,0,0,nonstandard,76,68
hawkish,normalci,3,7.773752701379064e-6,0,0,normalcy,58,51
hawkish,nous,3,7.773752701379064e-6,0,0,nous,52,29
hawkish,nov,3,7.773752701379064e-6,0,0,nov,427,188
hawkish,novelti,3,7.773752701379064e-6,0,0,novelty,97,85
hawkish,novo,3,7.773752701379064e-6,0,0,novo,212,42
hawkish,npa,3,7.773752701379064e-6,0,0,npa,378,118
hawkish,npls,3,7.773752701379064e-6,0,0,npls,835,185
hawkish,nsso,3,7.773752701379064e-6,0,0,nsso,31,20
hawkish,nutrit,3,7.773752701379064e-6,0,0,nutrition,51,49
hawkish,nyu,3,7.773752701379064e-6,0,0,nyu,36,26
hawkish,obstfeld,3,7.773752701379064e-6,0,0,obstfeld,211,104
hawkish,oenb,3,7.773752701379064e-6,0,0,oenb,23,16
hawkish,olson,3,7.773752701379064e-6,0,0,olson,111,64
hawkish,operationalis,3,7.773752701379064e-6,0,0,operationalised,86,196
hawkish,opin,3,7.773752701379064e-6,0,0,opined,26,44
hawkish,oppon,3,7.773752701379064e-6,0,0,opponents,60,58
hawkish,ordinarili,3,7.773752701379064e-6,0,0,ordinarily,75,70
hawkish,ore,3,7.773752701379064e-6,0,0,ore,221,144
hawkish,orissa,3,7.773752701379064e-6,0,0,orissa,35,16
hawkish,outbound,3,7.773752701379064e-6,0,0,outbound,59,53
hawkish,overdraft,3,7.773752701379064e-6,0,0,overdraft,219,197
hawkish,overload,3,7.773752701379064e-6,0,0,overload,36,48
hawkish,overreli,3,7.773752701379064e-6,0,0,overreliance,35,36
hawkish,overshadow,3,7.773752701379064e-6,0,0,overshadowed,63,88
hawkish,oversimplifi,3,7.773752701379064e-6,0,0,oversimplify,15,48
hawkish,overton,3,7.773752701379064e-6,0,0,overton,5,10
hawkish,pack,3,7.773752701379064e-6,0,0,pack,183,169
hawkish,pad,3,7.773752701379064e-6,0,0,pad,14,18
hawkish,palpabl,3,7.773752701379064e-6,0,0,palpable,51,55
hawkish,paramo,3,7.773752701379064e-6,0,0,paramo,114,106
hawkish,parcel,3,7.773752701379064e-6,0,0,parcel,66,73
hawkish,participatori,3,7.773752701379064e-6,0,0,participatory,31,26
hawkish,particular,3,7.773752701379064e-6,0,0,particulars,39,59
hawkish,pas,3,7.773752701379064e-6,0,0,pas,36,26
hawkish,password,3,7.773752701379064e-6,0,0,passwords,50,48
hawkish,patent,3,7.773752701379064e-6,0,0,patent,105,129
hawkish,patient,3,7.773752701379064e-6,0,0,patient,394,392
hawkish,paus,3,7.773752701379064e-6,0,0,pause,370,376
hawkish,payoff,3,7.773752701379064e-6,0,0,payoff,163,191
hawkish,percol,3,7.773752701379064e-6,0,0,percolate,41,65
hawkish,pessim,3,7.773752701379064e-6,0,0,pessimism,306,242
hawkish,petersburg,3,7.773752701379064e-6,0,0,petersburg,45,34
hawkish,petroleum,3,7.773752701379064e-6,0,0,petroleum,404,284
hawkish,philanthropi,3,7.773752701379064e-6,0,0,philanthropy,17,14
hawkish,philippin,3,7.773752701379064e-6,0,0,philippines,361,209
hawkish,pitfal,3,7.773752701379064e-6,0,0,pitfalls,186,179
hawkish,plagu,3,7.773752701379064e-6,0,0,plagued,103,164
hawkish,plane,3,7.773752701379064e-6,0,0,plane,68,77
hawkish,plank,3,7.773752701379064e-6,0,0,plank,60,72
hawkish,plastic,3,7.773752701379064e-6,0,0,plastic,68,69
hawkish,plc,3,7.773752701379064e-6,0,0,plc,50,27
hawkish,plural,3,7.773752701379064e-6,0,0,plurality,47,65
hawkish,point,3,7.773752701379064e-6,0,0,pointedly,16,14
hawkish,politi,3,7.773752701379064e-6,0,0,polity,36,38
hawkish,popov,3,7.773752701379064e-6,0,0,popov,108,56
hawkish,pour,3,7.773752701379064e-6,0,0,pour,103,104
hawkish,preambl,3,7.773752701379064e-6,0,0,preamble,115,90
hawkish,preempt,3,7.773752701379064e-6,0,0,preempt,73,79
hawkish,preexist,3,7.773752701379064e-6,0,0,preexisting,25,24
hawkish,prescott,3,7.773752701379064e-6,0,0,prescott,198,121
hawkish,princ,3,7.773752701379064e-6,0,0,prince,113,80
hawkish,processor,3,7.773752701379064e-6,0,0,processors,42,39
hawkish,prognosi,3,7.773752701379064e-6,0,0,prognosis,60,50
hawkish,protest,3,7.773752701379064e-6,0,0,protests,65,87
hawkish,proverbi,3,7.773752701379064e-6,0,0,proverbial,69,70
hawkish,provinci,3,7.773752701379064e-6,0,0,provincial,394,229
hawkish,provision,3,7.773752701379064e-6,0,0,provisional,168,160
hawkish,pullback,3,7.773752701379064e-6,0,0,pullback,113,108
hawkish,puls,3,7.773752701379064e-6,0,0,pulse,99,111
hawkish,puzzl,3,7.773752701379064e-6,0,0,puzzle,640,515
hawkish,queue,3,7.773752701379064e-6,0,0,queue,42,56
hawkish,quiescent,3,7.773752701379064e-6,0,0,quiescent,32,33
hawkish,rachel,3,7.773752701379064e-6,0,0,rachel,193,113
hawkish,racial,3,7.773752701379064e-6,0,0,racial,220,107
hawkish,radar,3,7.773752701379064e-6,0,0,radar,76,69
hawkish,radhakrishna,3,7.773752701379064e-6,0,0,radhakrishna,19,14
hawkish,raison,3,7.773752701379064e-6,0,0,raison,78,87
hawkish,ratif,3,7.773752701379064e-6,0,0,ratification,58,54
hawkish,readabl,3,7.773752701379064e-6,0,0,readable,36,45
hawkish,readjust,3,7.773752701379064e-6,0,0,readjustment,39,77
hawkish,recit,3,7.773752701379064e-6,0,0,recital,22,39
hawkish,recount,3,7.773752701379064e-6,0,0,recount,61,104
hawkish,recoup,3,7.773752701379064e-6,0,0,recoup,61,110
hawkish,rector,3,7.773752701379064e-6,0,0,rector,35,26
hawkish,referendum,3,7.773752701379064e-6,0,0,referendum,614,255
hawkish,reimburs,3,7.773752701379064e-6,0,0,reimbursement,29,53
hawkish,reintegr,3,7.773752701379064e-6,0,0,reintegration,39,61
hawkish,reinterpret,3,7.773752701379064e-6,0,0,reinterpretation,12,30
hawkish,reinvent,3,7.773752701379064e-6,0,0,reinventing,50,105
hawkish,reinvigor,3,7.773752701379064e-6,0,0,reinvigorate,44,66
hawkish,relentless,3,7.773752701379064e-6,0,0,relentless,89,120
hawkish,relinquish,3,7.773752701379064e-6,0,0,relinquish,19,42
hawkish,renam,3,7.773752701379064e-6,0,0,renamed,90,48
hawkish,renminbi,3,7.773752701379064e-6,0,0,renminbi,457,147
hawkish,repress,3,7.773752701379064e-6,0,0,repression,137,107
hawkish,repric,3,7.773752701379064e-6,0,0,repricing,248,212
hawkish,res,3,7.773752701379064e-6,0,0,res,50,26
hawkish,reschedul,3,7.773752701379064e-6,0,0,rescheduling,79,71
hawkish,restat,3,7.773752701379064e-6,0,0,restate,34,107
hawkish,resurg,3,7.773752701379064e-6,0,0,resurgence,315,271
hawkish,retard,3,7.773752701379064e-6,0,0,retard,29,61
hawkish,retire,3,7.773752701379064e-6,0,0,retirees,245,136
hawkish,retreat,3,7.773752701379064e-6,0,0,retreat,194,248
hawkish,retrospect,3,7.773752701379064e-6,0,0,retrospect,358,416
hawkish,reuter,3,7.773752701379064e-6,0,0,reuters,497,273
hawkish,revel,3,7.773752701379064e-6,0,0,revelations,48,83
hawkish,revert,3,7.773752701379064e-6,0,0,revert,214,315
hawkish,revitalis,3,7.773752701379064e-6,0,0,revitalising,43,101
hawkish,rhee,3,7.773752701379064e-6,0,0,rhee,40,20
hawkish,rid,3,7.773752701379064e-6,0,0,rid,88,86
hawkish,ridden,3,7.773752701379064e-6,0,0,ridden,35,34
hawkish,rider,3,7.773752701379064e-6,0,0,rider,19,32
hawkish,riksbank,3,7.773752701379064e-6,0,0,riksbank,269,163
hawkish,rival,3,7.773752701379064e-6,0,0,rival,90,151
hawkish,robo,3,7.773752701379064e-6,0,0,robo,34,25
hawkish,sach,3,7.773752701379064e-6,0,0,sachs,269,173
hawkish,sack,3,7.773752701379064e-6,0,0,sack,179,109
hawkish,saharan,3,7.773752701379064e-6,0,0,saharan,213,85
hawkish,salient,3,7.773752701379064e-6,0,0,salient,290,251
hawkish,salutari,3,7.773752701379064e-6,0,0,salutary,73,71
hawkish,sanchez,3,7.773752701379064e-6,0,0,sanchez,159,103
hawkish,sandi,3,7.773752701379064e-6,0,0,sandy,25,24
hawkish,santand,3,7.773752701379064e-6,0,0,santander,54,35
hawkish,saporta,3,7.773752701379064e-6,0,0,saporta,82,56
hawkish,sate,3,7.773752701379064e-6,0,0,sates,17,21
hawkish,satur,3,7.773752701379064e-6,0,0,saturated,20,39
hawkish,scalabl,3,7.773752701379064e-6,0,0,scalable,68,105
hawkish,scandinavian,3,7.773752701379064e-6,0,0,scandinavian,107,91
hawkish,scar,3,7.773752701379064e-6,0,0,scarring,312,257
hawkish,scf,3,7.773752701379064e-6,0,0,scf,136,29
hawkish,schill,3,7.773752701379064e-6,0,0,schilling,27,23
hawkish,sdr,3,7.773752701379064e-6,0,0,sdr,232,85
hawkish,seal,3,7.773752701379064e-6,0,0,seal,32,59
hawkish,secular,3,7.773752701379064e-6,0,0,secular,934,439
hawkish,semest,3,7.773752701379064e-6,0,0,semester,126,88
hawkish,semiannu,3,7.773752701379064e-6,0,0,semiannual,357,239
hawkish,sensor,3,7.773752701379064e-6,0,0,sensors,22,23
hawkish,sequenti,3,7.773752701379064e-6,0,0,sequential,81,92
hawkish,sgp,3,7.773752701379064e-6,0,0,sgp,137,52
hawkish,shaktikanta,3,7.773752701379064e-6,0,0,shaktikanta,118,72
hawkish,shine,3,7.773752701379064e-6,0,0,shining,60,102
hawkish,shirt,3,7.773752701379064e-6,0,0,shirt,10,14
hawkish,shortterm,3,7.773752701379064e-6,0,0,shortterm,381,357
hawkish,shrunk,3,7.773752701379064e-6,0,0,shrunk,187,170
hawkish,shut,3,7.773752701379064e-6,0,0,shut,214,225
hawkish,sibl,3,7.773752701379064e-6,0,0,sibling,8,14
hawkish,signpost,3,7.773752701379064e-6,0,0,signposts,23,36
hawkish,sikkim,3,7.773752701379064e-6,0,0,sikkim,29,20
hawkish,silenc,3,7.773752701379064e-6,0,0,silence,45,45
hawkish,silent,3,7.773752701379064e-6,0,0,silent,132,122
hawkish,siphon,3,7.773752701379064e-6,0,0,siphon,12,33
hawkish,sis,3,7.773752701379064e-6,0,0,sis,80,29
hawkish,sister,3,7.773752701379064e-6,0,0,sister,64,74
hawkish,sky,3,7.773752701379064e-6,0,0,sky,102,108
hawkish,slave,3,7.773752701379064e-6,0,0,slaves,23,33
hawkish,slightest,3,7.773752701379064e-6,0,0,slightest,42,41
hawkish,slr,3,7.773752701379064e-6,0,0,slr,448,172
hawkish,smartphon,3,7.773752701379064e-6,0,0,smartphones,165,162
hawkish,smoother,3,7.773752701379064e-6,0,0,smoother,167,156
hawkish,snapshot,3,7.773752701379064e-6,0,0,snapshot,112,121
hawkish,socal,3,7.773752701379064e-6,0,0,socalled,129,126
hawkish,socioeconom,3,7.773752701379064e-6,0,0,socioeconomic,97,67
hawkish,soldier,3,7.773752701379064e-6,0,0,soldiers,42,38
hawkish,soul,3,7.773752701379064e-6,0,0,soul,59,64
hawkish,soviet,3,7.773752701379064e-6,0,0,soviet,204,139
hawkish,spare,3,7.773752701379064e-6,0,0,spare,1262,616
hawkish,specialti,3,7.773752701379064e-6,0,0,specialty,27,40
hawkish,speedi,3,7.773752701379064e-6,0,0,speedy,135,127
hawkish,speedili,3,7.773752701379064e-6,0,0,speedily,42,40
hawkish,spelt,3,7.773752701379064e-6,0,0,spelt,69,64
hawkish,spotlight,3,7.773752701379064e-6,0,0,spotlight,148,144
hawkish,squar,3,7.773752701379064e-6,0,0,square,261,448
hawkish,srep,3,7.773752701379064e-6,0,0,srep,121,31
hawkish,standalon,3,7.773752701379064e-6,0,0,standalone,91,70
hawkish,staunch,3,7.773752701379064e-6,0,0,staunch,22,27
hawkish,steadfast,3,7.773752701379064e-6,0,0,steadfast,66,102
hawkish,stiftung,3,7.773752701379064e-6,0,0,stiftung,21,17
hawkish,stoke,3,7.773752701379064e-6,0,0,stoke,35,84
hawkish,straw,3,7.773752701379064e-6,0,0,straw,27,35
hawkish,stray,3,7.773752701379064e-6,0,0,stray,34,74
hawkish,string,3,7.773752701379064e-6,0,0,string,120,133
hawkish,stulz,3,7.773752701379064e-6,0,0,stulz,41,23
hawkish,subir,3,7.773752701379064e-6,0,0,subir,64,36
hawkish,sublim,3,7.773752701379064e-6,0,0,sublime,11,11
hawkish,sugar,3,7.773752701379064e-6,0,0,sugar,85,61
hawkish,sui,3,7.773752701379064e-6,0,0,sui,22,25
hawkish,sun,3,7.773752701379064e-6,0,0,sun,219,136
hawkish,sunday,3,7.773752701379064e-6,0,0,sunday,69,62
hawkish,superflu,3,7.773752701379064e-6,0,0,superfluous,55,51
hawkish,superintend,3,7.773752701379064e-6,0,0,superintendent,92,77
hawkish,sur,3,7.773752701379064e-6,0,0,sur,76,42
hawkish,suspici,3,7.773752701379064e-6,0,0,suspicious,193,109
hawkish,swan,3,7.773752701379064e-6,0,0,swan,95,66
hawkish,swim,3,7.773752701379064e-6,0,0,swimming,22,26
hawkish,symptomat,3,7.773752701379064e-6,0,0,symptomatic,50,48
hawkish,synchron,3,7.773752701379064e-6,0,0,synchronized,122,271
hawkish,synthes,3,7.773752701379064e-6,0,0,synthesized,9,25
hawkish,tag,3,7.773752701379064e-6,0,0,tag,27,51
hawkish,takeov,3,7.773752701379064e-6,0,0,takeover,81,93
hawkish,talf,3,7.773752701379064e-6,0,0,talf,176,51
hawkish,tall,3,7.773752701379064e-6,0,0,tall,45,44
hawkish,talli,3,7.773752701379064e-6,0,0,tally,24,28
hawkish,tame,3,7.773752701379064e-6,0,0,tame,91,150
hawkish,tamil,3,7.773752701379064e-6,0,0,tamil,58,37
hawkish,tape,3,7.773752701379064e-6,0,0,tape,91,94
hawkish,taskforc,3,7.773752701379064e-6,0,0,taskforce,84,61
hawkish,teamwork,3,7.773752701379064e-6,0,0,teamwork,27,23
hawkish,tear,3,7.773752701379064e-6,0,0,tear,56,92
hawkish,technician,3,7.773752701379064e-6,0,0,technicians,46,45
hawkish,teeth,3,7.773752701379064e-6,0,0,teeth,74,82
hawkish,teleconfer,3,7.773752701379064e-6,0,0,teleconference,35,25
hawkish,tequila,3,7.773752701379064e-6,0,0,tequila,24,20
hawkish,textil,3,7.773752701379064e-6,0,0,textiles,127,160
hawkish,thatcher,3,7.773752701379064e-6,0,0,thatcher,26,24
hawkish,thereof,3,7.773752701379064e-6,0,0,thereof,187,174
hawkish,threefold,3,7.773752701379064e-6,0,0,threefold,96,94
hawkish,thwart,3,7.773752701379064e-6,0,0,thwart,52,89
hawkish,ton,3,7.773752701379064e-6,0,0,tons,48,56
hawkish,tougher,3,7.773752701379064e-6,0,0,tougher,224,197
hawkish,tourist,3,7.773752701379064e-6,0,0,tourists,160,195
hawkish,tout,3,7.773752701379064e-6,0,0,touted,19,41
hawkish,trademark,3,7.773752701379064e-6,0,0,trademark,17,23
hawkish,tragic,3,7.773752701379064e-6,0,0,tragic,191,185
hawkish,trail,3,7.773752701379064e-6,0,0,trail,58,121
hawkish,transatlant,3,7.773752701379064e-6,0,0,transatlantic,83,57
hawkish,transmitt,3,7.773752701379064e-6,0,0,transmitter,15,23
hawkish,trial,3,7.773752701379064e-6,0,0,trial,140,167
hawkish,triennial,3,7.773752701379064e-6,0,0,triennial,100,88
hawkish,tripartit,3,7.773752701379064e-6,0,0,tripartite,81,56
hawkish,trivial,3,7.773752701379064e-6,0,0,trivial,187,186
hawkish,tunnel,3,7.773752701379064e-6,0,0,tunnel,55,56
hawkish,twain,3,7.773752701379064e-6,0,0,twain,43,37
hawkish,twist,3,7.773752701379064e-6,0,0,twist,137,152
hawkish,ucla,3,7.773752701379064e-6,0,0,ucla,13,12
hawkish,udel,3,7.773752701379064e-6,0,0,udell,25,17
hawkish,unafford,3,7.773752701379064e-6,0,0,unaffordable,50,53
hawkish,unauthoris,3,7.773752701379064e-6,0,0,unauthorised,56,36
hawkish,unbalanc,3,7.773752701379064e-6,0,0,unbalanced,143,129
hawkish,uncov,3,7.773752701379064e-6,0,0,uncovered,166,233
hawkish,underst,3,7.773752701379064e-6,0,0,understate,92,194
hawkish,undo,3,7.773752701379064e-6,0,0,undo,62,94
hawkish,unearth,3,7.773752701379064e-6,0,0,unearthed,23,40
hawkish,uneconom,3,7.773752701379064e-6,0,0,uneconomic,34,43
hawkish,unfavor,3,7.773752701379064e-6,0,0,unfavorable,317,241
hawkish,unforese,3,7.773752701379064e-6,0,0,unforeseeable,53,52
hawkish,unhealthi,3,7.773752701379064e-6,0,0,unhealthy,119,99
hawkish,unheard,3,7.773752701379064e-6,0,0,unheard,27,25
hawkish,unimagin,3,7.773752701379064e-6,0,0,unimaginable,63,80
hawkish,uniniti,3,7.773752701379064e-6,0,0,uninitiated,16,16
hawkish,unknow,3,7.773752701379064e-6,0,0,unknowable,57,49
hawkish,unlist,3,7.773752701379064e-6,0,0,unlisted,70,41
hawkish,unlock,3,7.773752701379064e-6,0,0,unlock,136,205
hawkish,unnot,3,7.773752701379064e-6,0,0,unnoticed,80,76
hawkish,unplan,3,7.773752701379064e-6,0,0,unplanned,35,29
hawkish,unpleas,3,7.773752701379064e-6,0,0,unpleasant,107,100
hawkish,unrest,3,7.773752701379064e-6,0,0,unrest,166,129
hawkish,unskil,3,7.773752701379064e-6,0,0,unskilled,201,113
hawkish,unsophist,3,7.773752701379064e-6,0,0,unsophisticated,45,39
hawkish,unsuit,3,7.773752701379064e-6,0,0,unsuitable,45,55
hawkish,unsur,3,7.773752701379064e-6,0,0,unsure,74,70
hawkish,unwilling,3,7.773752701379064e-6,0,0,unwillingness,70,68
hawkish,unwis,3,7.773752701379064e-6,0,0,unwise,139,140
hawkish,unwound,3,7.773752701379064e-6,0,0,unwound,242,208
hawkish,upshot,3,7.773752701379064e-6,0,0,upshot,91,89
hawkish,upto,3,7.773752701379064e-6,0,0,upto,156,94
hawkish,usuri,3,7.773752701379064e-6,0,0,usurious,38,53
hawkish,vacant,3,7.773752701379064e-6,0,0,vacant,266,105
hawkish,vagari,3,7.773752701379064e-6,0,0,vagaries,76,72
hawkish,valley,3,7.773752701379064e-6,0,0,valley,215,168
hawkish,vector,3,7.773752701379064e-6,0,0,vector,104,90
hawkish,veil,3,7.773752701379064e-6,0,0,veil,61,62
hawkish,venu,3,7.773752701379064e-6,0,0,venue,156,216
hawkish,verlag,3,7.773752701379064e-6,0,0,verlag,25,22
hawkish,visionari,3,7.773752701379064e-6,0,0,visionary,85,87
hawkish,visual,3,7.773752701379064e-6,0,0,visual,121,164
hawkish,vogu,3,7.773752701379064e-6,0,0,vogue,42,42
hawkish,volkswirtschaftlich,3,7.773752701379064e-6,0,0,volkswirtschaftliche,37,17
hawkish,votr,3,7.773752701379064e-6,0,0,votre,35,31
hawkish,voucher,3,7.773752701379064e-6,0,0,vouchers,21,23
hawkish,ward,3,7.773752701379064e-6,0,0,ward,117,126
hawkish,wari,3,7.773752701379064e-6,0,0,wary,224,218
hawkish,wash,3,7.773752701379064e-6,0,0,wash,39,78
hawkish,waterfal,3,7.773752701379064e-6,0,0,waterfall,40,27
hawkish,watson,3,7.773752701379064e-6,0,0,watson,202,101
hawkish,weapon,3,7.773752701379064e-6,0,0,weapon,56,91
hawkish,wear,3,7.773752701379064e-6,0,0,wear,96,134
hawkish,weav,3,7.773752701379064e-6,0,0,weave,22,40
hawkish,weighti,3,7.773752701379064e-6,0,0,weighty,29,29
hawkish,werd,3,7.773752701379064e-6,0,0,werde,26,22
hawkish,whale,3,7.773752701379064e-6,0,0,whale,10,10
hawkish,widest,3,7.773752701379064e-6,0,0,widest,76,76
hawkish,wir,3,7.773752701379064e-6,0,0,wir,35,25
hawkish,withheld,3,7.773752701379064e-6,0,0,withheld,19,18
hawkish,workflow,3,7.773752701379064e-6,0,0,workflows,12,20
hawkish,wreak,3,7.773752701379064e-6,0,0,wreaked,19,36
hawkish,xiaochuan,3,7.773752701379064e-6,0,0,xiaochuan,139,67
hawkish,yale,3,7.773752701379064e-6,0,0,yale,151,124
hawkish,yate,3,7.773752701379064e-6,0,0,yates,65,44
hawkish,zeitung,3,7.773752701379064e-6,0,0,zeitung,37,32
hawkish,zhou,3,7.773752701379064e-6,0,0,zhou,220,109
hawkish,aadhar,2,5.182501800919376e-6,0,0,aadhar,36,26
hawkish,abound,2,5.182501800919376e-6,0,0,abound,57,73
hawkish,abreast,2,5.182501800919376e-6,0,0,abreast,95,86
hawkish,absolv,2,5.182501800919376e-6,0,0,absolve,26,36
hawkish,academician,2,5.182501800919376e-6,0,0,academicians,74,77
hawkish,accustom,2,5.182501800919376e-6,0,0,accustomed,217,201
hawkish,acharya,2,5.182501800919376e-6,0,0,acharya,148,83
hawkish,aci,2,5.182501800919376e-6,0,0,aci,116,48
hawkish,adb,2,5.182501800919376e-6,0,0,adb,111,63
hawkish,addresse,2,5.182501800919376e-6,0,0,addressees,17,17
hawkish,affluent,2,5.182501800919376e-6,0,0,affluent,65,54
hawkish,afonso,2,5.182501800919376e-6,0,0,afonso,23,19
hawkish,afoul,2,5.182501800919376e-6,0,0,afoul,11,11
hawkish,aghion,2,5.182501800919376e-6,0,0,aghion,125,72
hawkish,agm,2,5.182501800919376e-6,0,0,agm,35,30
hawkish,agreeabl,2,5.182501800919376e-6,0,0,agreeable,18,19
hawkish,aifi,2,5.182501800919376e-6,0,0,aifis,15,11
hawkish,alcald,2,5.182501800919376e-6,0,0,alcalde,15,10
hawkish,alessandri,2,5.182501800919376e-6,0,0,alessandri,30,16
hawkish,ali,2,5.182501800919376e-6,0,0,ali,75,58
hawkish,alien,2,5.182501800919376e-6,0,0,alien,32,42
hawkish,allay,2,5.182501800919376e-6,0,0,allay,35,54
hawkish,alleg,2,5.182501800919376e-6,0,0,alleged,149,224
hawkish,alm,2,5.182501800919376e-6,0,0,alm,93,66
hawkish,altavilla,2,5.182501800919376e-6,0,0,altavilla,154,65
hawkish,amelior,2,5.182501800919376e-6,0,0,ameliorate,59,108
hawkish,amen,2,5.182501800919376e-6,0,0,amenable,84,121
hawkish,amiss,2,5.182501800919376e-6,0,0,amiss,12,12
hawkish,amsterdam,2,5.182501800919376e-6,0,0,amsterdam,290,209
hawkish,anachron,2,5.182501800919376e-6,0,0,anachronism,12,12
hawkish,analogu,2,5.182501800919376e-6,0,0,analogue,44,45
hawkish,anand,2,5.182501800919376e-6,0,0,anand,85,57
hawkish,anatomi,2,5.182501800919376e-6,0,0,anatomy,42,38
hawkish,andr,2,5.182501800919376e-6,0,0,andre,47,68
hawkish,anglia,2,5.182501800919376e-6,0,0,anglia,26,17
hawkish,ankara,2,5.182501800919376e-6,0,0,ankara,139,118
hawkish,anna,2,5.182501800919376e-6,0,0,anna,153,117
hawkish,annualis,2,5.182501800919376e-6,0,0,annualised,499,325
hawkish,anteced,2,5.182501800919376e-6,0,0,antecedents,23,25
hawkish,antonio,2,5.182501800919376e-6,0,0,antonio,90,75
hawkish,anymor,2,5.182501800919376e-6,0,0,anymore,87,79
hawkish,apolit,2,5.182501800919376e-6,0,0,apolitical,18,15
hawkish,appel,2,5.182501800919376e-6,0,0,appellate,27,20
hawkish,arcan,2,5.182501800919376e-6,0,0,arcane,57,51
hawkish,arduous,2,5.182501800919376e-6,0,0,arduous,82,78
hawkish,arkansa,2,5.182501800919376e-6,0,0,arkansas,27,17
hawkish,armour,2,5.182501800919376e-6,0,0,armour,21,14
hawkish,arous,2,5.182501800919376e-6,0,0,aroused,29,62
hawkish,arrear,2,5.182501800919376e-6,0,0,arrears,344,155
hawkish,assault,2,5.182501800919376e-6,0,0,assault,15,18
hawkish,asx,2,5.182501800919376e-6,0,0,asx,42,28
hawkish,athen,2,5.182501800919376e-6,0,0,athens,97,73
hawkish,atom,2,5.182501800919376e-6,0,0,atomic,41,43
hawkish,attun,2,5.182501800919376e-6,0,0,attuned,79,81
hawkish,aud,2,5.182501800919376e-6,0,0,aud,25,19
hawkish,aus,2,5.182501800919376e-6,0,0,aus,45,33
hawkish,authorit,2,5.182501800919376e-6,0,0,authoritative,56,48
hawkish,authoritarian,2,5.182501800919376e-6,0,0,authoritarian,23,16
hawkish,autoregress,2,5.182501800919376e-6,0,0,autoregressive,37,69
hawkish,averi,2,5.182501800919376e-6,0,0,avery,43,24
hawkish,avi,2,5.182501800919376e-6,0,0,avis,26,29
hawkish,awri,2,5.182501800919376e-6,0,0,awry,10,10
hawkish,ayhan,2,5.182501800919376e-6,0,0,ayhan,17,17
hawkish,backbon,2,5.182501800919376e-6,0,0,backbone,202,187
hawkish,bag,2,5.182501800919376e-6,0,0,bag,33,45
hawkish,banerje,2,5.182501800919376e-6,0,0,banerjee,75,46
hawkish,bankabl,2,5.182501800919376e-6,0,0,bankable,52,45
hawkish,barbiero,2,5.182501800919376e-6,0,0,barbiero,18,14
hawkish,barcelona,2,5.182501800919376e-6,0,0,barcelona,100,75
hawkish,barton,2,5.182501800919376e-6,0,0,barton,21,12
hawkish,bcp,2,5.182501800919376e-6,0,0,bcp,42,20
hawkish,beacon,2,5.182501800919376e-6,0,0,beacon,37,36
hawkish,bee,2,5.182501800919376e-6,0,0,bee,9,13
hawkish,befit,2,5.182501800919376e-6,0,0,befitting,34,53
hawkish,beggar,2,5.182501800919376e-6,0,0,beggar,73,64
hawkish,bequeath,2,5.182501800919376e-6,0,0,bequeathed,23,31
hawkish,ber,2,5.182501800919376e-6,0,0,ber,48,30
hawkish,beset,2,5.182501800919376e-6,0,0,beset,78,86
hawkish,bet,2,5.182501800919376e-6,0,0,bet,144,208
hawkish,bewar,2,5.182501800919376e-6,0,0,beware,52,44
hawkish,bhaskar,2,5.182501800919376e-6,0,0,bhaskar,18,12
hawkish,bie,2,5.182501800919376e-6,0,0,bies,161,87
hawkish,bingley,2,5.182501800919376e-6,0,0,bingley,22,17
hawkish,bio,2,5.182501800919376e-6,0,0,bio,83,61
hawkish,biotechnolog,2,5.182501800919376e-6,0,0,biotechnology,46,42
hawkish,bipolar,2,5.182501800919376e-6,0,0,bipolar,22,19
hawkish,bird,2,5.182501800919376e-6,0,0,birds,44,56
hawkish,birthday,2,5.182501800919376e-6,0,0,birthday,114,90
hawkish,blackwel,2,5.182501800919376e-6,0,0,blackwell,33,30
hawkish,bocconi,2,5.182501800919376e-6,0,0,bocconi,52,36
hawkish,bode,2,5.182501800919376e-6,0,0,bode,53,96
hawkish,bolder,2,5.182501800919376e-6,0,0,bolder,38,37
hawkish,bologna,2,5.182501800919376e-6,0,0,bologna,24,15
hawkish,bondhold,2,5.182501800919376e-6,0,0,bondholders,143,95
hawkish,bonus,2,5.182501800919376e-6,0,0,bonuses,398,440
hawkish,bookkeep,2,5.182501800919376e-6,0,0,bookkeeping,34,24
hawkish,booklet,2,5.182501800919376e-6,0,0,booklet,62,38
hawkish,bore,2,5.182501800919376e-6,0,0,boring,143,150
hawkish,boss,2,5.182501800919376e-6,0,0,boss,33,38
hawkish,bottl,2,5.182501800919376e-6,0,0,bottle,45,63
hawkish,boucinha,2,5.182501800919376e-6,0,0,boucinha,39,28
hawkish,bounc,2,5.182501800919376e-6,0,0,bounce,176,276
hawkish,bowman,2,5.182501800919376e-6,0,0,bowman,200,99
hawkish,bracket,2,5.182501800919376e-6,0,0,brackets,134,147
hawkish,brave,2,5.182501800919376e-6,0,0,brave,79,77
hawkish,bread,2,5.182501800919376e-6,0,0,bread,114,65
hawkish,breakthrough,2,5.182501800919376e-6,0,0,breakthroughs,125,192
hawkish,breakup,2,5.182501800919376e-6,0,0,breakup,40,40
hawkish,breviti,2,5.182501800919376e-6,0,0,brevity,37,37
hawkish,brightest,2,5.182501800919376e-6,0,0,brightest,45,43
hawkish,brimmer,2,5.182501800919376e-6,0,0,brimmer,25,10
hawkish,brisban,2,5.182501800919376e-6,0,0,brisbane,121,77
hawkish,broadband,2,5.182501800919376e-6,0,0,broadband,55,32
hawkish,broadest,2,5.182501800919376e-6,0,0,broadest,128,125
hawkish,brokerdeal,2,5.182501800919376e-6,0,0,brokerdealers,13,17
hawkish,bronz,2,5.182501800919376e-6,0,0,bronze,30,20
hawkish,brunnermei,2,5.182501800919376e-6,0,0,brunnermeier,282,157
hawkish,bud,2,5.182501800919376e-6,0,0,budding,34,67
hawkish,buffet,2,5.182501800919376e-6,0,0,buffeted,113,158
hawkish,builder,2,5.182501800919376e-6,0,0,builders,95,95
hawkish,buiter,2,5.182501800919376e-6,0,0,buiter,132,76
hawkish,bull,2,5.182501800919376e-6,0,0,bull,91,73
hawkish,bullard,2,5.182501800919376e-6,0,0,bullard,69,38
hawkish,bullish,2,5.182501800919376e-6,0,0,bullish,80,68
hawkish,bump,2,5.182501800919376e-6,0,0,bumps,84,88
hawkish,bumpi,2,5.182501800919376e-6,0,0,bumpy,121,121
hawkish,burgeon,2,5.182501800919376e-6,0,0,burgeoning,143,138
hawkish,burlon,2,5.182501800919376e-6,0,0,burlon,36,21
hawkish,bussier,2,5.182501800919376e-6,0,0,bussiere,21,13
hawkish,button,2,5.182501800919376e-6,0,0,button,53,44
hawkish,byproduct,2,5.182501800919376e-6,0,0,byproduct,57,61
hawkish,cagr,2,5.182501800919376e-6,0,0,cagr,33,19
hawkish,cake,2,5.182501800919376e-6,0,0,cake,56,47
hawkish,calam,2,5.182501800919376e-6,0,0,calamity,44,72
hawkish,calculus,2,5.182501800919376e-6,0,0,calculus,85,67
hawkish,calomiri,2,5.182501800919376e-6,0,0,calomiris,71,36
hawkish,calvo,2,5.182501800919376e-6,0,0,calvo,73,47
hawkish,camba,2,5.182501800919376e-6,0,0,camba,30,18
hawkish,campo,2,5.182501800919376e-6,0,0,campos,35,29
hawkish,canari,2,5.182501800919376e-6,0,0,canary,16,14
hawkish,canberra,2,5.182501800919376e-6,0,0,canberra,126,99
hawkish,cann,2,5.182501800919376e-6,0,0,cannes,35,27
hawkish,cao,2,5.182501800919376e-6,0,0,cao,27,21
hawkish,carolina,2,5.182501800919376e-6,0,0,carolina,154,89
hawkish,carpent,2,5.182501800919376e-6,0,0,carpenter,33,22
hawkish,cart,2,5.182501800919376e-6,0,0,cart,22,36
hawkish,cartel,2,5.182501800919376e-6,0,0,cartel,21,31
hawkish,caruana,2,5.182501800919376e-6,0,0,caruana,71,52
hawkish,cascad,2,5.182501800919376e-6,0,0,cascading,73,145
hawkish,caspar,2,5.182501800919376e-6,0,0,caspar,13,13
hawkish,catalyt,2,5.182501800919376e-6,0,0,catalytic,88,76
hawkish,catalyz,2,5.182501800919376e-6,0,0,catalyze,25,39
hawkish,catchword,2,5.182501800919376e-6,0,0,catchword,7,11
hawkish,categoris,2,5.182501800919376e-6,0,0,categorised,47,90
hawkish,cato,2,5.182501800919376e-6,0,0,cato,71,60
hawkish,cattl,2,5.182501800919376e-6,0,0,cattle,47,37
hawkish,causat,2,5.182501800919376e-6,0,0,causation,103,89
hawkish,cblo,2,5.182501800919376e-6,0,0,cblo,68,32
hawkish,ceaseless,2,5.182501800919376e-6,0,0,ceaseless,9,11
hawkish,cellular,2,5.182501800919376e-6,0,0,cellular,63,41
hawkish,centenari,2,5.182501800919376e-6,0,0,centenary,117,70
hawkish,centim,2,5.182501800919376e-6,0,0,centimes,12,11
hawkish,centripet,2,5.182501800919376e-6,0,0,centripetal,19,13
hawkish,ces,2,5.182501800919376e-6,0,0,ces,53,31
hawkish,cess,2,5.182501800919376e-6,0,0,cess,19,14
hawkish,cfm,2,5.182501800919376e-6,0,0,cfm,19,16
hawkish,cfpb,2,5.182501800919376e-6,0,0,cfpb,64,21
hawkish,cfs,2,5.182501800919376e-6,0,0,cfs,86,45
hawkish,cgfs,2,5.182501800919376e-6,0,0,cgfs,199,96
hawkish,chairmanship,2,5.182501800919376e-6,0,0,chairmanship,187,151
hawkish,chambr,2,5.182501800919376e-6,0,0,chambre,14,13
hawkish,charm,2,5.182501800919376e-6,0,0,charm,17,27
hawkish,cheapli,2,5.182501800919376e-6,0,0,cheaply,151,142
hawkish,checklist,2,5.182501800919376e-6,0,0,checklist,46,38
hawkish,chintaman,2,5.182501800919376e-6,0,0,chintaman,26,12
hawkish,chip,2,5.182501800919376e-6,0,0,chip,347,260
hawkish,christma,2,5.182501800919376e-6,0,0,christmas,125,95
hawkish,churchil,2,5.182501800919376e-6,0,0,churchill,95,57
hawkish,civic,2,5.182501800919376e-6,0,0,civic,98,82
hawkish,clark,2,5.182501800919376e-6,0,0,clark,166,98
hawkish,clash,2,5.182501800919376e-6,0,0,clash,42,60
hawkish,clearanc,2,5.182501800919376e-6,0,0,clearance,80,93
hawkish,cleland,2,5.182501800919376e-6,0,0,cleland,70,52
hawkish,clf,2,5.182501800919376e-6,0,0,clf,185,23
hawkish,climb,2,5.182501800919376e-6,0,0,climbed,181,357
hawkish,cloth,2,5.182501800919376e-6,0,0,clothing,238,245
hawkish,clout,2,5.182501800919376e-6,0,0,clout,37,36
hawkish,coach,2,5.182501800919376e-6,0,0,coaching,33,42
hawkish,coalesc,2,5.182501800919376e-6,0,0,coalesce,16,36
hawkish,codif,2,5.182501800919376e-6,0,0,codification,19,16
hawkish,coeffici,2,5.182501800919376e-6,0,0,coefficient,542,342
hawkish,coercion,2,5.182501800919376e-6,0,0,coercion,20,20
hawkish,coffe,2,5.182501800919376e-6,0,0,coffee,119,71
hawkish,cohort,2,5.182501800919376e-6,0,0,cohorts,153,145
hawkish,coloni,2,5.182501800919376e-6,0,0,colonial,74,93
hawkish,comm,2,5.182501800919376e-6,0,0,comme,24,26
hawkish,comov,2,5.182501800919376e-6,0,0,comovement,101,28
hawkish,companion,2,5.182501800919376e-6,0,0,companion,54,59
hawkish,compliment,2,5.182501800919376e-6,0,0,compliment,80,111
hawkish,compulsori,2,5.182501800919376e-6,0,0,compulsory,201,159
hawkish,concess,2,5.182501800919376e-6,0,0,concessions,100,107
hawkish,concur,2,5.182501800919376e-6,0,0,concur,61,92
hawkish,conferr,2,5.182501800919376e-6,0,0,conferral,21,20
hawkish,confluenc,2,5.182501800919376e-6,0,0,confluence,124,106
hawkish,congeni,2,5.182501800919376e-6,0,0,congenial,31,28
hawkish,conjectur,2,5.182501800919376e-6,0,0,conjecture,105,156
hawkish,connolli,2,5.182501800919376e-6,0,0,connolly,51,45
hawkish,connot,2,5.182501800919376e-6,0,0,connotation,41,74
hawkish,conscienti,2,5.182501800919376e-6,0,0,conscientiously,20,31
hawkish,consequenti,2,5.182501800919376e-6,0,0,consequential,153,142
hawkish,consign,2,5.182501800919376e-6,0,0,consigned,16,28
hawkish,conson,2,5.182501800919376e-6,0,0,consonance,62,68
hawkish,contagi,2,5.182501800919376e-6,0,0,contagious,135,107
hawkish,contamin,2,5.182501800919376e-6,0,0,contamination,52,101
hawkish,continuum,2,5.182501800919376e-6,0,0,continuum,76,63
hawkish,contour,2,5.182501800919376e-6,0,0,contours,236,215
hawkish,convolut,2,5.182501800919376e-6,0,0,convoluted,12,14
hawkish,cool,2,5.182501800919376e-6,0,0,cooling,180,324
hawkish,coomb,2,5.182501800919376e-6,0,0,coombs,36,11
hawkish,cordial,2,5.182501800919376e-6,0,0,cordial,16,22
hawkish,costello,2,5.182501800919376e-6,0,0,costello,12,12
hawkish,councillor,2,5.182501800919376e-6,0,0,councillors,102,86
hawkish,counselor,2,5.182501800919376e-6,0,0,counselors,48,40
hawkish,countervail,2,5.182501800919376e-6,0,0,countervailing,113,100
hawkish,counterweight,2,5.182501800919376e-6,0,0,counterweight,50,48
hawkish,countrysid,2,5.182501800919376e-6,0,0,countryside,44,32
hawkish,creatur,2,5.182501800919376e-6,0,0,creatures,15,24
hawkish,credenti,2,5.182501800919376e-6,0,0,credentials,104,90
hawkish,cruis,2,5.182501800919376e-6,0,0,cruising,29,32
hawkish,crumbl,2,5.182501800919376e-6,0,0,crumble,12,33
hawkish,cukierman,2,5.182501800919376e-6,0,0,cukierman,92,46
hawkish,curriculum,2,5.182501800919376e-6,0,0,curriculum,150,111
hawkish,curs,2,5.182501800919376e-6,0,0,curse,69,58
hawkish,cybercrim,2,5.182501800919376e-6,0,0,cybercrime,39,31
hawkish,cynic,2,5.182501800919376e-6,0,0,cynical,18,32
hawkish,damp,2,5.182501800919376e-6,0,0,damp,152,236
hawkish,dani,2,5.182501800919376e-6,0,0,dani,34,30
hawkish,danthin,2,5.182501800919376e-6,0,0,danthine,112,61
hawkish,darracq,2,5.182501800919376e-6,0,0,darracq,47,23
hawkish,dash,2,5.182501800919376e-6,0,0,dashed,267,248
hawkish,dataset,2,5.182501800919376e-6,0,0,dataset,219,190
hawkish,dave,2,5.182501800919376e-6,0,0,dave,107,93
hawkish,dawn,2,5.182501800919376e-6,0,0,dawn,104,113
hawkish,dcm,2,5.182501800919376e-6,0,0,dcm,19,16
hawkish,debabrata,2,5.182501800919376e-6,0,0,debabrata,22,13
hawkish,debilit,2,5.182501800919376e-6,0,0,debilitating,61,62
hawkish,decent,2,5.182501800919376e-6,0,0,decent,128,116
hawkish,decim,2,5.182501800919376e-6,0,0,decimal,50,61
hawkish,deciph,2,5.182501800919376e-6,0,0,deciphering,28,42
hawkish,decompos,2,5.182501800919376e-6,0,0,decomposed,75,183
hawkish,decomposit,2,5.182501800919376e-6,0,0,decomposition,394,214
hawkish,deepak,2,5.182501800919376e-6,0,0,deepak,133,68
hawkish,delv,2,5.182501800919376e-6,0,0,delve,111,155
hawkish,demon,2,5.182501800919376e-6,0,0,demons,4,12
hawkish,denationalis,2,5.182501800919376e-6,0,0,denationalisation,22,17
hawkish,denial,2,5.182501800919376e-6,0,0,denial,108,84
hawkish,dent,2,5.182501800919376e-6,0,0,dent,103,172
hawkish,depict,2,5.182501800919376e-6,0,0,depicted,114,236
hawkish,depoliticis,2,5.182501800919376e-6,0,0,depoliticisation,11,23
hawkish,derog,2,5.182501800919376e-6,0,0,derogation,35,35
hawkish,desert,2,5.182501800919376e-6,0,0,desert,26,49
hawkish,despair,2,5.182501800919376e-6,0,0,despair,65,64
hawkish,destini,2,5.182501800919376e-6,0,0,destiny,153,140
hawkish,detach,2,5.182501800919376e-6,0,0,detached,101,95
hawkish,devoid,2,5.182501800919376e-6,0,0,devoid,27,27
hawkish,devolv,2,5.182501800919376e-6,0,0,devolve,20,50
hawkish,dfis,2,5.182501800919376e-6,0,0,dfis,177,31
hawkish,dictionari,2,5.182501800919376e-6,0,0,dictionary,99,85
hawkish,digniti,2,5.182501800919376e-6,0,0,dignity,92,77
hawkish,dimension,2,5.182501800919376e-6,0,0,dimensional,92,88
hawkish,dip,2,5.182501800919376e-6,0,0,dip,193,284
hawkish,diseconomi,2,5.182501800919376e-6,0,0,diseconomies,29,17
hawkish,disequilibrium,2,5.182501800919376e-6,0,0,disequilibrium,79,64
hawkish,disinflationari,2,5.182501800919376e-6,0,0,disinflationary,819,430
hawkish,disintegr,2,5.182501800919376e-6,0,0,disintegration,35,45
hawkish,disinvest,2,5.182501800919376e-6,0,0,disinvestment,102,53
hawkish,disproport,2,5.182501800919376e-6,0,0,disproportionally,17,27
hawkish,dissect,2,5.182501800919376e-6,0,0,dissecting,13,33
hawkish,dna,2,5.182501800919376e-6,0,0,dna,57,44
hawkish,doha,2,5.182501800919376e-6,0,0,doha,80,65
hawkish,don,2,5.182501800919376e-6,0,0,don,153,104
hawkish,doom,2,5.182501800919376e-6,0,0,doom,91,114
hawkish,downplay,2,5.182501800919376e-6,0,0,downplay,50,99
hawkish,downsw,2,5.182501800919376e-6,0,0,downswing,98,102
hawkish,doyen,2,5.182501800919376e-6,0,0,doyen,12,13
hawkish,draconian,2,5.182501800919376e-6,0,0,draconian,30,27
hawkish,drainag,2,5.182501800919376e-6,0,0,drainage,15,11
hawkish,dti,2,5.182501800919376e-6,0,0,dti,100,45
hawkish,duke,2,5.182501800919376e-6,0,0,duke,166,89
hawkish,durlauf,2,5.182501800919376e-6,0,0,durlauf,45,37
hawkish,earmark,2,5.182501800919376e-6,0,0,earmarked,57,73
hawkish,earth,2,5.182501800919376e-6,0,0,earth,138,125
hawkish,eaten,2,5.182501800919376e-6,0,0,eaten,25,24
hawkish,eclect,2,5.182501800919376e-6,0,0,eclectic,88,78
hawkish,eclips,2,5.182501800919376e-6,0,0,eclipse,22,32
hawkish,ecu,2,5.182501800919376e-6,0,0,ecu,37,24
hawkish,editori,2,5.182501800919376e-6,0,0,editorial,51,53
hawkish,eefc,2,5.182501800919376e-6,0,0,eefc,16,13
hawkish,efma,2,5.182501800919376e-6,0,0,efma,11,10
hawkish,eijffing,2,5.182501800919376e-6,0,0,eijffinger,34,17
hawkish,einen,2,5.182501800919376e-6,0,0,einen,12,11
hawkish,elder,2,5.182501800919376e-6,0,0,elderly,570,304
hawkish,elderson,2,5.182501800919376e-6,0,0,elderson,59,40
hawkish,elementari,2,5.182501800919376e-6,0,0,elementary,137,94
hawkish,eli,2,5.182501800919376e-6,0,0,ely,26,23
hawkish,elit,2,5.182501800919376e-6,0,0,elite,67,77
hawkish,ell,2,5.182501800919376e-6,0,0,elle,13,19
hawkish,elli,2,5.182501800919376e-6,0,0,ellis,138,95
hawkish,eloqu,2,5.182501800919376e-6,0,0,eloquently,49,93
hawkish,embryon,2,5.182501800919376e-6,0,0,embryonic,30,30
hawkish,empathi,2,5.182501800919376e-6,0,0,empathy,54,45
hawkish,empti,2,5.182501800919376e-6,0,0,empty,91,80
hawkish,endgam,2,5.182501800919376e-6,0,0,endgame,37,29
hawkish,endnot,2,5.182501800919376e-6,0,0,endnotes,138,143
hawkish,engulf,2,5.182501800919376e-6,0,0,engulfed,55,73
hawkish,entic,2,5.182501800919376e-6,0,0,entice,24,56
hawkish,entr,2,5.182501800919376e-6,0,0,entre,18,17
hawkish,envelop,2,5.182501800919376e-6,0,0,envelope,120,107
hawkish,enviabl,2,5.182501800919376e-6,0,0,enviable,38,40
hawkish,epicentr,2,5.182501800919376e-6,0,0,epicentre,82,82
hawkish,epitomis,2,5.182501800919376e-6,0,0,epitomised,23,38
hawkish,eras,2,5.182501800919376e-6,0,0,erase,22,51
hawkish,erect,2,5.182501800919376e-6,0,0,erected,34,65
hawkish,erwin,2,5.182501800919376e-6,0,0,erwin,18,15
hawkish,esma,2,5.182501800919376e-6,0,0,esma,81,49
hawkish,espous,2,5.182501800919376e-6,0,0,espoused,30,48
hawkish,eswar,2,5.182501800919376e-6,0,0,eswar,26,23
hawkish,eucken,2,5.182501800919376e-6,0,0,eucken,89,19
hawkish,euromoney,2,5.182501800919376e-6,0,0,euromoney,74,50
hawkish,evil,2,5.182501800919376e-6,0,0,evil,65,75
hawkish,excis,2,5.182501800919376e-6,0,0,excise,88,65
hawkish,existenti,2,5.182501800919376e-6,0,0,existential,78,68
hawkish,expedi,2,5.182501800919376e-6,0,0,expedient,51,88
hawkish,explod,2,5.182501800919376e-6,0,0,exploded,63,95
hawkish,exposit,2,5.182501800919376e-6,0,0,exposition,110,121
hawkish,extran,2,5.182501800919376e-6,0,0,extraneous,12,12
hawkish,facebook,2,5.182501800919376e-6,0,0,facebook,108,77
hawkish,fairer,2,5.182501800919376e-6,0,0,fairer,117,84
hawkish,fake,2,5.182501800919376e-6,0,0,fake,72,53
hawkish,fantasi,2,5.182501800919376e-6,0,0,fantasy,16,20
hawkish,farmland,2,5.182501800919376e-6,0,0,farmland,18,18
hawkish,favourit,2,5.182501800919376e-6,0,0,favourite,68,71
hawkish,feebl,2,5.182501800919376e-6,0,0,feeble,27,28
hawkish,feet,2,5.182501800919376e-6,0,0,feet,171,140
hawkish,feldman,2,5.182501800919376e-6,0,0,feldman,24,18
hawkish,fellowship,2,5.182501800919376e-6,0,0,fellowship,43,31
hawkish,fend,2,5.182501800919376e-6,0,0,fend,43,64
hawkish,fernandez,2,5.182501800919376e-6,0,0,fernandez,83,69
hawkish,fetch,2,5.182501800919376e-6,0,0,fetched,24,36
hawkish,fha,2,5.182501800919376e-6,0,0,fha,136,37
hawkish,ficc,2,5.182501800919376e-6,0,0,ficc,154,35
hawkish,ficci,2,5.182501800919376e-6,0,0,ficci,113,61
hawkish,fierc,2,5.182501800919376e-6,0,0,fierce,161,187
hawkish,financiero,2,5.182501800919376e-6,0,0,financiero,28,24
hawkish,finest,2,5.182501800919376e-6,0,0,finest,42,42
hawkish,finit,2,5.182501800919376e-6,0,0,finite,80,75
hawkish,fip,2,5.182501800919376e-6,0,0,fips,87,48
hawkish,fivefold,2,5.182501800919376e-6,0,0,fivefold,35,35
hawkish,flee,2,5.182501800919376e-6,0,0,flee,23,38
hawkish,flighti,2,5.182501800919376e-6,0,0,flighty,22,19
hawkish,flux,2,5.182501800919376e-6,0,0,flux,68,65
hawkish,focal,2,5.182501800919376e-6,0,0,focal,164,131
hawkish,foothold,2,5.182501800919376e-6,0,0,foothold,40,39
hawkish,foreshadow,2,5.182501800919376e-6,0,0,foreshadowed,23,57
hawkish,foresight,2,5.182501800919376e-6,0,0,foresight,176,157
hawkish,fortifi,2,5.182501800919376e-6,0,0,fortify,38,80
hawkish,fortiori,2,5.182501800919376e-6,0,0,fortiori,17,16
hawkish,fought,2,5.182501800919376e-6,0,0,fought,91,81
hawkish,fourfold,2,5.182501800919376e-6,0,0,fourfold,42,41
hawkish,fourteenth,2,5.182501800919376e-6,0,0,fourteenth,33,32
hawkish,fractur,2,5.182501800919376e-6,0,0,fractures,27,58
hawkish,francoi,2,5.182501800919376e-6,0,0,francois,123,95
hawkish,frankel,2,5.182501800919376e-6,0,0,frankel,86,51
hawkish,fratzscher,2,5.182501800919376e-6,0,0,fratzscher,141,68
hawkish,fslrc,2,5.182501800919376e-6,0,0,fslrc,50,17
hawkish,fsma,2,5.182501800919376e-6,0,0,fsma,23,12
hawkish,fuent,2,5.182501800919376e-6,0,0,fuentes,21,22
hawkish,fujiwara,2,5.182501800919376e-6,0,0,fujiwara,34,18
hawkish,fukushima,2,5.182501800919376e-6,0,0,fukushima,46,22
hawkish,fulcrum,2,5.182501800919376e-6,0,0,fulcrum,25,22
hawkish,functionari,2,5.182501800919376e-6,0,0,functionaries,60,49
hawkish,funnel,2,5.182501800919376e-6,0,0,funnel,7,16
hawkish,gabriel,2,5.182501800919376e-6,0,0,gabriel,39,41
hawkish,gali,2,5.182501800919376e-6,0,0,gali,256,123
hawkish,gang,2,5.182501800919376e-6,0,0,gang,202,66
hawkish,ganguli,2,5.182501800919376e-6,0,0,ganguly,28,19
hawkish,gareth,2,5.182501800919376e-6,0,0,gareth,46,41
hawkish,garner,2,5.182501800919376e-6,0,0,garner,54,114
hawkish,gatekeep,2,5.182501800919376e-6,0,0,gatekeepers,15,20
hawkish,gatt,2,5.182501800919376e-6,0,0,gatt,55,38
hawkish,gazi,2,5.182501800919376e-6,0,0,gazi,46,45
hawkish,gdps,2,5.182501800919376e-6,0,0,gdps,25,24
hawkish,gerald,2,5.182501800919376e-6,0,0,gerald,54,45
hawkish,gertler,2,5.182501800919376e-6,0,0,gertler,477,190
hawkish,gestur,2,5.182501800919376e-6,0,0,gesture,19,25
hawkish,gfd,2,5.182501800919376e-6,0,0,gfd,72,28
hawkish,giannon,2,5.182501800919376e-6,0,0,giannone,75,54
hawkish,giev,2,5.182501800919376e-6,0,0,gieve,66,36
hawkish,gift,2,5.182501800919376e-6,0,0,gift,121,138
hawkish,ginni,2,5.182501800919376e-6,0,0,ginnie,43,23
hawkish,giovanni,2,5.182501800919376e-6,0,0,giovanni,95,86
hawkish,giscard,2,5.182501800919376e-6,0,0,giscard,18,15
hawkish,glamor,2,5.182501800919376e-6,0,0,glamorous,16,16
hawkish,glitch,2,5.182501800919376e-6,0,0,glitches,38,45
hawkish,glori,2,5.182501800919376e-6,0,0,glory,33,33
hawkish,glossari,2,5.182501800919376e-6,0,0,glossary,23,13
hawkish,glut,2,5.182501800919376e-6,0,0,glut,337,197
hawkish,gomez,2,5.182501800919376e-6,0,0,gomez,100,46
hawkish,gopalakrishna,2,5.182501800919376e-6,0,0,gopalakrishna,20,14
hawkish,grab,2,5.182501800919376e-6,0,0,grab,47,65
hawkish,grade,2,5.182501800919376e-6,0,0,grade,832,520
hawkish,graham,2,5.182501800919376e-6,0,0,graham,53,55
hawkish,gratifi,2,5.182501800919376e-6,0,0,gratifying,92,104
hawkish,graviti,2,5.182501800919376e-6,0,0,gravity,164,138
hawkish,greenback,2,5.182501800919376e-6,0,0,greenback,17,23
hawkish,gregori,2,5.182501800919376e-6,0,0,gregory,110,79
hawkish,grid,2,5.182501800919376e-6,0,0,grid,91,69
hawkish,grip,2,5.182501800919376e-6,0,0,grips,61,159
hawkish,groceri,2,5.182501800919376e-6,0,0,groceries,67,101
hawkish,grupo,2,5.182501800919376e-6,0,0,grupo,24,10
hawkish,guarantor,2,5.182501800919376e-6,0,0,guarantor,53,82
hawkish,hagen,2,5.182501800919376e-6,0,0,hagen,33,24
hawkish,hamalainen,2,5.182501800919376e-6,0,0,hamalainen,46,45
hawkish,hamburg,2,5.182501800919376e-6,0,0,hamburg,74,51
hawkish,hampshir,2,5.182501800919376e-6,0,0,hampshire,20,20
hawkish,harass,2,5.182501800919376e-6,0,0,harassment,28,25
hawkish,harbour,2,5.182501800919376e-6,0,0,harbour,58,69
hawkish,hardship,2,5.182501800919376e-6,0,0,hardship,261,318
hawkish,hardwar,2,5.182501800919376e-6,0,0,hardware,183,128
hawkish,havoc,2,5.182501800919376e-6,0,0,havoc,63,61
hawkish,hayami,2,5.182501800919376e-6,0,0,hayami,65,33
hawkish,headway,2,5.182501800919376e-6,0,0,headway,67,67
hawkish,healthili,2,5.182501800919376e-6,0,0,healthily,20,19
hawkish,heartfelt,2,5.182501800919376e-6,0,0,heartfelt,86,86
hawkish,hearti,2,5.182501800919376e-6,0,0,hearty,56,50
hawkish,heed,2,5.182501800919376e-6,0,0,heed,88,129
hawkish,heisei,2,5.182501800919376e-6,0,0,heisei,38,14
hawkish,helm,2,5.182501800919376e-6,0,0,helm,32,33
hawkish,helmut,2,5.182501800919376e-6,0,0,helmut,37,29
hawkish,henriqu,2,5.182501800919376e-6,0,0,henrique,18,17
hawkish,herald,2,5.182501800919376e-6,0,0,heralded,54,124
hawkish,hero,2,5.182501800919376e-6,0,0,heroes,49,61
hawkish,hofmann,2,5.182501800919376e-6,0,0,hofmann,75,51
hawkish,holland,2,5.182501800919376e-6,0,0,holland,119,108
hawkish,hollow,2,5.182501800919376e-6,0,0,hollowing,102,47
hawkish,holthausen,2,5.182501800919376e-6,0,0,holthausen,44,31
hawkish,homeland,2,5.182501800919376e-6,0,0,homeland,62,56
hawkish,homeless,2,5.182501800919376e-6,0,0,homeless,31,28
hawkish,hook,2,5.182501800919376e-6,0,0,hook,30,38
hawkish,hopkin,2,5.182501800919376e-6,0,0,hopkins,35,29
hawkish,howard,2,5.182501800919376e-6,0,0,howard,94,65
hawkish,hqla,2,5.182501800919376e-6,0,0,hqla,240,45
hawkish,hugo,2,5.182501800919376e-6,0,0,hugo,33,28
hawkish,hungri,2,5.182501800919376e-6,0,0,hungry,35,33
hawkish,hunt,2,5.182501800919376e-6,0,0,hunt,78,86
hawkish,huw,2,5.182501800919376e-6,0,0,huw,86,65
hawkish,hyun,2,5.182501800919376e-6,0,0,hyun,139,97
hawkish,icb,2,5.182501800919376e-6,0,0,icb,23,14
hawkish,iceland,2,5.182501800919376e-6,0,0,iceland,139,103
hawkish,idaho,2,5.182501800919376e-6,0,0,idaho,11,10
hawkish,iea,2,5.182501800919376e-6,0,0,iea,75,40
hawkish,ieo,2,5.182501800919376e-6,0,0,ieo,55,20
hawkish,ifc,2,5.182501800919376e-6,0,0,ifc,85,54
hawkish,ifci,2,5.182501800919376e-6,0,0,ifci,15,12
hawkish,igidr,2,5.182501800919376e-6,0,0,igidr,31,18
hawkish,illegitim,2,5.182501800919376e-6,0,0,illegitimate,14,14
hawkish,illiter,2,5.182501800919376e-6,0,0,illiterate,50,38
hawkish,imbu,2,5.182501800919376e-6,0,0,imbued,29,42
hawkish,imit,2,5.182501800919376e-6,0,0,imitation,27,66
hawkish,immediaci,2,5.182501800919376e-6,0,0,immediacy,54,43
hawkish,immers,2,5.182501800919376e-6,0,0,immersed,40,50
hawkish,immigr,2,5.182501800919376e-6,0,0,immigration,535,319
hawkish,immobl,2,5.182501800919376e-6,0,0,immobility,24,24
hawkish,impati,2,5.182501800919376e-6,0,0,impatient,57,45
hawkish,impend,2,5.182501800919376e-6,0,0,impending,202,175
hawkish,imponder,2,5.182501800919376e-6,0,0,imponderables,23,27
hawkish,inaccur,2,5.182501800919376e-6,0,0,inaccurate,102,97
hawkish,inadvis,2,5.182501800919376e-6,0,0,inadvisable,21,20
hawkish,inattent,2,5.182501800919376e-6,0,0,inattention,58,51
hawkish,inculc,2,5.182501800919376e-6,0,0,inculcate,27,61
hawkish,indigen,2,5.182501800919376e-6,0,0,indigenous,299,79
hawkish,individualist,2,5.182501800919376e-6,0,0,individualistic,32,19
hawkish,indonesian,2,5.182501800919376e-6,0,0,indonesian,669,168
hawkish,inelig,2,5.182501800919376e-6,0,0,ineligible,27,28
hawkish,inexperienc,2,5.182501800919376e-6,0,0,inexperienced,28,23
hawkish,inexplic,2,5.182501800919376e-6,0,0,inexplicable,24,30
hawkish,infus,2,5.182501800919376e-6,0,0,infusion,93,157
hawkish,ingenu,2,5.182501800919376e-6,0,0,ingenuity,104,92
hawkish,injustic,2,5.182501800919376e-6,0,0,injustice,23,27
hawkish,insati,2,5.182501800919376e-6,0,0,insatiable,16,17
hawkish,insecur,2,5.182501800919376e-6,0,0,insecurity,210,162
hawkish,insensit,2,5.182501800919376e-6,0,0,insensitive,102,102
hawkish,intellect,2,5.182501800919376e-6,0,0,intellect,38,34
hawkish,intergener,2,5.182501800919376e-6,0,0,intergenerational,111,63
hawkish,international,2,5.182501800919376e-6,0,0,internationale,16,32
hawkish,interpol,2,5.182501800919376e-6,0,0,interpolated,38,55
hawkish,intertempor,2,5.182501800919376e-6,0,0,intertemporal,200,138
hawkish,interwar,2,5.182501800919376e-6,0,0,interwar,45,40
hawkish,introspect,2,5.182501800919376e-6,0,0,introspection,55,75
hawkish,invers,2,5.182501800919376e-6,0,0,inverse,155,184
hawkish,iraq,2,5.182501800919376e-6,0,0,iraq,290,152
hawkish,irb,2,5.182501800919376e-6,0,0,irb,385,74
hawkish,ironi,2,5.182501800919376e-6,0,0,irony,51,50
hawkish,irreconcil,2,5.182501800919376e-6,0,0,irreconcilable,13,12
hawkish,isda,2,5.182501800919376e-6,0,0,isda,193,61
hawkish,iso,2,5.182501800919376e-6,0,0,iso,233,81
hawkish,israel,2,5.182501800919376e-6,0,0,israel,239,142
hawkish,jacob,2,5.182501800919376e-6,0,0,jacob,62,84
hawkish,jagdish,2,5.182501800919376e-6,0,0,jagdish,37,30
hawkish,jain,2,5.182501800919376e-6,0,0,jain,59,45
hawkish,jakarta,2,5.182501800919376e-6,0,0,jakarta,234,141
hawkish,jalan,2,5.182501800919376e-6,0,0,jalan,109,68
hawkish,jargon,2,5.182501800919376e-6,0,0,jargon,195,182
hawkish,jay,2,5.182501800919376e-6,0,0,jay,29,25
hawkish,jenkin,2,5.182501800919376e-6,0,0,jenkins,62,40
hawkish,jet,2,5.182501800919376e-6,0,0,jet,46,40
hawkish,jettison,2,5.182501800919376e-6,0,0,jettisoned,8,13
hawkish,jimenez,2,5.182501800919376e-6,0,0,jimenez,73,51
hawkish,joann,2,5.182501800919376e-6,0,0,joanne,25,27
hawkish,joanna,2,5.182501800919376e-6,0,0,joanna,16,15
hawkish,jobless,2,5.182501800919376e-6,0,0,jobless,359,178
hawkish,johann,2,5.182501800919376e-6,0,0,johann,25,39
hawkish,jubile,2,5.182501800919376e-6,0,0,jubilee,142,82
hawkish,junior,2,5.182501800919376e-6,0,0,junior,124,87
hawkish,kane,2,5.182501800919376e-6,0,0,kane,23,15
hawkish,kansa,2,5.182501800919376e-6,0,0,kansas,1072,611
hawkish,kant,2,5.182501800919376e-6,0,0,kant,25,19
hawkish,karl,2,5.182501800919376e-6,0,0,karl,133,88
hawkish,karnataka,2,5.182501800919376e-6,0,0,karnataka,93,38
hawkish,keizai,2,5.182501800919376e-6,0,0,keizai,113,56
hawkish,kenneth,2,5.182501800919376e-6,0,0,kenneth,303,237
hawkish,kevin,2,5.182501800919376e-6,0,0,kevin,227,142
hawkish,keyword,2,5.182501800919376e-6,0,0,keywords,40,50
hawkish,khan,2,5.182501800919376e-6,0,0,khan,172,102
hawkish,kick,2,5.182501800919376e-6,0,0,kick,169,245
hawkish,kilometr,2,5.182501800919376e-6,0,0,kilometres,25,27
hawkish,kishori,2,5.182501800919376e-6,0,0,kishori,21,10
hawkish,kiyohiko,2,5.182501800919376e-6,0,0,kiyohiko,97,50
hawkish,knowhow,2,5.182501800919376e-6,0,0,knowhow,20,19
hawkish,kose,2,5.182501800919376e-6,0,0,kose,69,46
hawkish,ksenia,2,5.182501800919376e-6,0,0,ksenia,16,11
hawkish,kuster,2,5.182501800919376e-6,0,0,kuster,30,30
hawkish,lab,2,5.182501800919376e-6,0,0,lab,69,83
hawkish,laboratori,2,5.182501800919376e-6,0,0,laboratory,69,70
hawkish,labori,2,5.182501800919376e-6,0,0,laborious,27,30
hawkish,labrador,2,5.182501800919376e-6,0,0,labrador,20,18
hawkish,ladder,2,5.182501800919376e-6,0,0,ladder,196,112
hawkish,laissez,2,5.182501800919376e-6,0,0,laissez,58,42
hawkish,lane,2,5.182501800919376e-6,0,0,lane,438,227
hawkish,lanka,2,5.182501800919376e-6,0,0,lanka,127,62
hawkish,lap,2,5.182501800919376e-6,0,0,lap,10,16
hawkish,las,2,5.182501800919376e-6,0,0,las,51,39
hawkish,latitud,2,5.182501800919376e-6,0,0,latitude,142,139
hawkish,laurel,2,5.182501800919376e-6,0,0,laurels,58,58
hawkish,lch,2,5.182501800919376e-6,0,0,lch,52,31
hawkish,leagu,2,5.182501800919376e-6,0,0,league,164,119
hawkish,leakag,2,5.182501800919376e-6,0,0,leakage,74,91
hawkish,leg,2,5.182501800919376e-6,0,0,leg,227,213
hawkish,lemk,2,5.182501800919376e-6,0,0,lemke,67,42
hawkish,lenient,2,5.182501800919376e-6,0,0,lenient,36,36
hawkish,leon,2,5.182501800919376e-6,0,0,leon,111,97
hawkish,let,2,5.182501800919376e-6,0,0,letting,216,203
hawkish,lexicon,2,5.182501800919376e-6,0,0,lexicon,37,32
hawkish,liais,2,5.182501800919376e-6,0,0,liaise,17,32
hawkish,liang,2,5.182501800919376e-6,0,0,liang,114,79
hawkish,liberti,2,5.182501800919376e-6,0,0,liberty,125,110
hawkish,lieu,2,5.182501800919376e-6,0,0,lieu,68,62
hawkish,lifecycl,2,5.182501800919376e-6,0,0,lifecycle,45,38
hawkish,lifespan,2,5.182501800919376e-6,0,0,lifespan,38,41
hawkish,lighten,2,5.182501800919376e-6,0,0,lighten,19,40
hawkish,liikanen,2,5.182501800919376e-6,0,0,liikanen,40,27
hawkish,lili,2,5.182501800919376e-6,0,0,lily,17,15
hawkish,ljubljana,2,5.182501800919376e-6,0,0,ljubljana,18,14
hawkish,lloyd,2,5.182501800919376e-6,0,0,lloyds,75,75
hawkish,lodg,2,5.182501800919376e-6,0,0,lodge,22,55
hawkish,longerterm,2,5.182501800919376e-6,0,0,longerterm,160,152
hawkish,longev,2,5.182501800919376e-6,0,0,longevity,439,178
hawkish,longtim,2,5.182501800919376e-6,0,0,longtime,13,13
hawkish,loom,2,5.182501800919376e-6,0,0,looming,147,249
hawkish,lopez,2,5.182501800919376e-6,0,0,lopez,252,146
hawkish,louder,2,5.182501800919376e-6,0,0,louder,52,48
hawkish,ltros,2,5.182501800919376e-6,0,0,ltros,203,104
hawkish,luigi,2,5.182501800919376e-6,0,0,luigi,46,31
hawkish,lull,2,5.182501800919376e-6,0,0,lull,57,105
hawkish,lumber,2,5.182501800919376e-6,0,0,lumber,55,38
hawkish,luxemburg,2,5.182501800919376e-6,0,0,luxemburg,21,17
hawkish,macdonald,2,5.182501800919376e-6,0,0,macdonald,24,14
hawkish,mad,2,5.182501800919376e-6,0,0,madness,36,40
hawkish,maharashtra,2,5.182501800919376e-6,0,0,maharashtra,81,51
hawkish,malaysia,2,5.182501800919376e-6,0,0,malaysia,538,308
hawkish,malfeas,2,5.182501800919376e-6,0,0,malfeasance,47,32
hawkish,malici,2,5.182501800919376e-6,0,0,malicious,45,36
hawkish,malwar,2,5.182501800919376e-6,0,0,malware,28,18
hawkish,manchest,2,5.182501800919376e-6,0,0,manchester,125,74
hawkish,maneuv,2,5.182501800919376e-6,0,0,maneuver,70,82
hawkish,maneuver,2,5.182501800919376e-6,0,0,maneuverability,25,21
hawkish,manmohan,2,5.182501800919376e-6,0,0,manmohan,46,35
hawkish,mantra,2,5.182501800919376e-6,0,0,mantra,63,59
hawkish,mari,2,5.182501800919376e-6,0,0,mary,136,135
hawkish,marketis,2,5.182501800919376e-6,0,0,marketisation,27,23
hawkish,marktwirtschaft,2,5.182501800919376e-6,0,0,marktwirtschaft,12,10
hawkish,marshal,2,5.182501800919376e-6,0,0,marshall,88,116
hawkish,mas,2,5.182501800919376e-6,0,0,mas,58,39
hawkish,masaru,2,5.182501800919376e-6,0,0,masaru,50,29
hawkish,mastercard,2,5.182501800919376e-6,0,0,mastercard,111,60
hawkish,mauritius,2,5.182501800919376e-6,0,0,mauritius,50,18
hawkish,mauro,2,5.182501800919376e-6,0,0,mauro,115,81
hawkish,mccarthi,2,5.182501800919376e-6,0,0,mccarthy,42,30
hawkish,mediums,2,5.182501800919376e-6,0,0,mediumsized,48,48
hawkish,meirell,2,5.182501800919376e-6,0,0,meirelles,18,10
hawkish,meltzer,2,5.182501800919376e-6,0,0,meltzer,102,58
hawkish,meme,2,5.182501800919376e-6,0,0,meme,23,16
hawkish,mendez,2,5.182501800919376e-6,0,0,mendez,33,23
hawkish,mendoza,2,5.182501800919376e-6,0,0,mendoza,46,29
hawkish,menu,2,5.182501800919376e-6,0,0,menu,212,177
hawkish,mercantil,2,5.182501800919376e-6,0,0,mercantile,55,57
hawkish,merci,2,5.182501800919376e-6,0,0,mercy,69,84
hawkish,mess,2,5.182501800919376e-6,0,0,mess,75,71
hawkish,mfi,2,5.182501800919376e-6,0,0,mfi,178,77
hawkish,mfs,2,5.182501800919376e-6,0,0,mfs,34,20
hawkish,miami,2,5.182501800919376e-6,0,0,miami,57,33
hawkish,mica,2,5.182501800919376e-6,0,0,mica,22,17
hawkish,michell,2,5.182501800919376e-6,0,0,michelle,190,111
hawkish,michigan,2,5.182501800919376e-6,0,0,michigan,199,128
hawkish,microstructur,2,5.182501800919376e-6,0,0,microstructure,95,64
hawkish,mill,2,5.182501800919376e-6,0,0,mills,103,108
hawkish,mindset,2,5.182501800919376e-6,0,0,mindset,530,319
hawkish,mini,2,5.182501800919376e-6,0,0,mini,78,63
hawkish,minnesota,2,5.182501800919376e-6,0,0,minnesota,53,37
hawkish,minski,2,5.182501800919376e-6,0,0,minsky,206,106
hawkish,misalloc,2,5.182501800919376e-6,0,0,misallocation,258,250
hawkish,misbehaviour,2,5.182501800919376e-6,0,0,misbehaviour,15,14
hawkish,missouri,2,5.182501800919376e-6,0,0,missouri,98,85
hawkish,modus,2,5.182501800919376e-6,0,0,modus,51,46
hawkish,mohanti,2,5.182501800919376e-6,0,0,mohanty,175,90
hawkish,moi,2,5.182501800919376e-6,0,0,moi,29,21
hawkish,momentarili,2,5.182501800919376e-6,0,0,momentarily,25,24
hawkish,mon,2,5.182501800919376e-6,0,0,mon,32,30
hawkish,monet,2,5.182501800919376e-6,0,0,monetization,138,123
hawkish,moneta,2,5.182501800919376e-6,0,0,moneta,15,16
hawkish,mongelli,2,5.182501800919376e-6,0,0,mongelli,39,26
hawkish,monster,2,5.182501800919376e-6,0,0,monster,9,11
hawkish,montreal,2,5.182501800919376e-6,0,0,montreal,239,114
hawkish,mood,2,5.182501800919376e-6,0,0,mood,210,185
hawkish,mortal,2,5.182501800919376e-6,0,0,mortality,167,115
hawkish,mortgageback,2,5.182501800919376e-6,0,0,mortgagebacked,40,40
hawkish,motor,2,5.182501800919376e-6,0,0,motor,501,348
hawkish,mould,2,5.182501800919376e-6,0,0,mould,27,36
hawkish,movi,2,5.182501800919376e-6,0,0,movie,64,62
hawkish,mra,2,5.182501800919376e-6,0,0,mra,44,18
hawkish,msa,2,5.182501800919376e-6,0,0,msa,23,11
hawkish,msas,2,5.182501800919376e-6,0,0,msas,19,14
hawkish,muir,2,5.182501800919376e-6,0,0,muir,22,15
hawkish,multibank,2,5.182501800919376e-6,0,0,multibank,19,14
hawkish,multidimension,2,5.182501800919376e-6,0,0,multidimensional,79,68
hawkish,multilingu,2,5.182501800919376e-6,0,0,multilingual,22,23
hawkish,multiyear,2,5.182501800919376e-6,0,0,multiyear,38,38
hawkish,mundan,2,5.182501800919376e-6,0,0,mundane,23,21
hawkish,mundel,2,5.182501800919376e-6,0,0,mundell,191,98
hawkish,mundra,2,5.182501800919376e-6,0,0,mundra,71,39
hawkish,murray,2,5.182501800919376e-6,0,0,murray,108,60
hawkish,muto,2,5.182501800919376e-6,0,0,muto,30,18
hawkish,nadu,2,5.182501800919376e-6,0,0,nadu,57,36
hawkish,nagel,2,5.182501800919376e-6,0,0,nagel,38,26
hawkish,nagoya,2,5.182501800919376e-6,0,0,nagoya,76,36
hawkish,narasimham,2,5.182501800919376e-6,0,0,narasimham,160,78
hawkish,nasti,2,5.182501800919376e-6,0,0,nasty,64,49
hawkish,national,2,5.182501800919376e-6,0,0,nationale,18,12
hawkish,nationalist,2,5.182501800919376e-6,0,0,nationalist,19,34
hawkish,nayak,2,5.182501800919376e-6,0,0,nayak,26,19
hawkish,ncb,2,5.182501800919376e-6,0,0,ncb,74,46
hawkish,nearest,2,5.182501800919376e-6,0,0,nearest,43,39
hawkish,nebul,2,5.182501800919376e-6,0,0,nebulous,17,15
hawkish,needi,2,5.182501800919376e-6,0,0,needy,38,34
hawkish,neighborwork,2,5.182501800919376e-6,0,0,neighborworks,115,32
hawkish,neighbourhood,2,5.182501800919376e-6,0,0,neighbourhood,63,68
hawkish,neoclass,2,5.182501800919376e-6,0,0,neoclassical,95,64
hawkish,nervous,2,5.182501800919376e-6,0,0,nervousness,121,199
hawkish,ness,2,5.182501800919376e-6,0,0,ness,20,14
hawkish,nest,2,5.182501800919376e-6,0,0,nested,20,40
hawkish,nevada,2,5.182501800919376e-6,0,0,nevada,26,23
hawkish,newcom,2,5.182501800919376e-6,0,0,newcomers,81,63
hawkish,newfoundland,2,5.182501800919376e-6,0,0,newfoundland,24,20
hawkish,nfib,2,5.182501800919376e-6,0,0,nfib,49,18
hawkish,nichola,2,5.182501800919376e-6,0,0,nicholas,134,88
hawkish,nicola,2,5.182501800919376e-6,0,0,nicolas,44,69
hawkish,nicoletti,2,5.182501800919376e-6,0,0,nicoletti,81,41
hawkish,nil,2,5.182501800919376e-6,0,0,nil,61,69
hawkish,nim,2,5.182501800919376e-6,0,0,nims,49,36
hawkish,nishimura,2,5.182501800919376e-6,0,0,nishimura,183,55
hawkish,nod,2,5.182501800919376e-6,0,0,nod,9,13
hawkish,noneuro,2,5.182501800919376e-6,0,0,noneuro,11,10
hawkish,nonexist,2,5.182501800919376e-6,0,0,nonexistent,31,35
hawkish,nonfarm,2,5.182501800919376e-6,0,0,nonfarm,220,161
hawkish,noninflationari,2,5.182501800919376e-6,0,0,noninflationary,60,52
hawkish,noninterest,2,5.182501800919376e-6,0,0,noninterest,51,43
hawkish,nonmarket,2,5.182501800919376e-6,0,0,nonmarket,32,28
hawkish,nonperform,2,5.182501800919376e-6,0,0,nonperforming,494,287
hawkish,norg,2,5.182501800919376e-6,0,0,norges,60,39
hawkish,norman,2,5.182501800919376e-6,0,0,norman,110,78
hawkish,nowcast,2,5.182501800919376e-6,0,0,nowcasting,43,40
hawkish,npp,2,5.182501800919376e-6,0,0,npp,182,21
hawkish,nrc,2,5.182501800919376e-6,0,0,nrc,53,13
hawkish,number,2,5.182501800919376e-6,0,0,numbering,35,55
hawkish,nut,2,5.182501800919376e-6,0,0,nuts,47,24
hawkish,obligatori,2,5.182501800919376e-6,0,0,obligatory,42,40
hawkish,oblivi,2,5.182501800919376e-6,0,0,oblivious,28,29
hawkish,obstruct,2,5.182501800919376e-6,0,0,obstruct,40,85
hawkish,occ,2,5.182501800919376e-6,0,0,occ,172,87
hawkish,oceania,2,5.182501800919376e-6,0,0,oceania,19,12
hawkish,oct,2,5.182501800919376e-6,0,0,oct,665,223
hawkish,offenc,2,5.182501800919376e-6,0,0,offence,25,40
hawkish,ofth,2,5.182501800919376e-6,0,0,ofthe,74,40
hawkish,oligopolist,2,5.182501800919376e-6,0,0,oligopolistic,38,33
hawkish,omb,2,5.182501800919376e-6,0,0,omb,30,15
hawkish,omiss,2,5.182501800919376e-6,0,0,omissions,49,85
hawkish,omit,2,5.182501800919376e-6,0,0,omitted,68,116
hawkish,omnibus,2,5.182501800919376e-6,0,0,omnibus,31,24
hawkish,omo,2,5.182501800919376e-6,0,0,omos,209,94
hawkish,omt,2,5.182501800919376e-6,0,0,omts,355,149
hawkish,on,2,5.182501800919376e-6,0,0,ons,2108,420
hawkish,onetari,2,5.182501800919376e-6,0,0,onetary,13,10
hawkish,onion,2,5.182501800919376e-6,0,0,onion,38,26
hawkish,onshor,2,5.182501800919376e-6,0,0,onshore,153,87
hawkish,onslaught,2,5.182501800919376e-6,0,0,onslaught,35,37
hawkish,onus,2,5.182501800919376e-6,0,0,onus,132,105
hawkish,opera,2,5.182501800919376e-6,0,0,opera,20,14
hawkish,operandi,2,5.182501800919376e-6,0,0,operandi,50,44
hawkish,oral,2,5.182501800919376e-6,0,0,oral,61,45
hawkish,orderli,2,5.182501800919376e-6,0,0,orderliness,22,22
hawkish,orlean,2,5.182501800919376e-6,0,0,orleans,22,18
hawkish,ortiz,2,5.182501800919376e-6,0,0,ortiz,34,25
hawkish,osaka,2,5.182501800919376e-6,0,0,osaka,110,58
hawkish,osfi,2,5.182501800919376e-6,0,0,osfi,64,33
hawkish,outdoor,2,5.182501800919376e-6,0,0,outdoor,26,28
hawkish,outlay,2,5.182501800919376e-6,0,0,outlays,400,246
hawkish,outlier,2,5.182501800919376e-6,0,0,outlier,99,130
hawkish,outperform,2,5.182501800919376e-6,0,0,outperformed,98,203
hawkish,outsid,2,5.182501800919376e-6,0,0,outsiders,124,140
hawkish,overburden,2,5.182501800919376e-6,0,0,overburdened,50,80
hawkish,overcam,2,5.182501800919376e-6,0,0,overcame,54,50
hawkish,overextend,2,5.182501800919376e-6,0,0,overextended,52,58
hawkish,oversuppli,2,5.182501800919376e-6,0,0,oversupply,48,50
hawkish,overweight,2,5.182501800919376e-6,0,0,overweight,30,30
hawkish,oxley,2,5.182501800919376e-6,0,0,oxley,127,53
hawkish,pakistan,2,5.182501800919376e-6,0,0,pakistan,111,60
hawkish,pant,2,5.182501800919376e-6,0,0,pant,41,38
hawkish,paolo,2,5.182501800919376e-6,0,0,paolo,62,53
hawkish,para,2,5.182501800919376e-6,0,0,para,76,59
hawkish,paradis,2,5.182501800919376e-6,0,0,paradise,39,30
hawkish,paralyz,2,5.182501800919376e-6,0,0,paralyzed,18,34
hawkish,pariba,2,5.182501800919376e-6,0,0,paribas,76,55
hawkish,parkinson,2,5.182501800919376e-6,0,0,parkinson,16,12
hawkish,pars,2,5.182501800919376e-6,0,0,parsing,17,28
hawkish,partit,2,5.182501800919376e-6,0,0,partition,18,28
hawkish,passport,2,5.182501800919376e-6,0,0,passport,68,70
hawkish,patholog,2,5.182501800919376e-6,0,0,pathological,12,19
hawkish,patriot,2,5.182501800919376e-6,0,0,patriot,25,40
hawkish,paulo,2,5.182501800919376e-6,0,0,paulo,34,24
hawkish,payday,2,5.182501800919376e-6,0,0,payday,33,25
hawkish,pca,2,5.182501800919376e-6,0,0,pca,140,26
hawkish,pdai,2,5.182501800919376e-6,0,0,pdai,104,28
hawkish,peacetim,2,5.182501800919376e-6,0,0,peacetime,97,68
hawkish,peek,2,5.182501800919376e-6,0,0,peek,38,23
hawkish,penni,2,5.182501800919376e-6,0,0,penny,72,53
hawkish,perenni,2,5.182501800919376e-6,0,0,perennial,60,64
hawkish,permeat,2,5.182501800919376e-6,0,0,permeate,105,161
hawkish,permissionless,2,5.182501800919376e-6,0,0,permissionless,12,11
hawkish,pernici,2,5.182501800919376e-6,0,0,pernicious,93,89
hawkish,perplex,2,5.182501800919376e-6,0,0,perplexed,13,27
hawkish,perri,2,5.182501800919376e-6,0,0,perry,93,67
hawkish,peru,2,5.182501800919376e-6,0,0,peru,139,95
hawkish,pervad,2,5.182501800919376e-6,0,0,pervades,17,39
hawkish,peseta,2,5.182501800919376e-6,0,0,peseta,122,27
hawkish,petit,2,5.182501800919376e-6,0,0,petition,10,19
hawkish,petra,2,5.182501800919376e-6,0,0,petra,25,25
hawkish,petti,2,5.182501800919376e-6,0,0,petty,15,15
hawkish,pharmaceut,2,5.182501800919376e-6,0,0,pharmaceuticals,90,119
hawkish,phenomen,2,5.182501800919376e-6,0,0,phenomenal,126,115
hawkish,philanthrop,2,5.182501800919376e-6,0,0,philanthropic,20,17
hawkish,pickup,2,5.182501800919376e-6,0,0,pickup,725,480
hawkish,pile,2,5.182501800919376e-6,0,0,pile,61,112
hawkish,pipe,2,5.182501800919376e-6,0,0,pipes,45,75
hawkish,planner,2,5.182501800919376e-6,0,0,planners,57,63
hawkish,plate,2,5.182501800919376e-6,0,0,plate,37,69
hawkish,plateau,2,5.182501800919376e-6,0,0,plateau,30,52
hawkish,plead,2,5.182501800919376e-6,0,0,plead,15,29
hawkish,plug,2,5.182501800919376e-6,0,0,plug,81,111
hawkish,plummet,2,5.182501800919376e-6,0,0,plummeted,156,214
hawkish,plung,2,5.182501800919376e-6,0,0,plunge,266,404
hawkish,politiqu,2,5.182501800919376e-6,0,0,politique,36,42
hawkish,populac,2,5.182501800919376e-6,0,0,populace,57,47
hawkish,pore,2,5.182501800919376e-6,0,0,poring,9,15
hawkish,porter,2,5.182501800919376e-6,0,0,porter,108,40
hawkish,postal,2,5.182501800919376e-6,0,0,postal,126,89
hawkish,poster,2,5.182501800919376e-6,0,0,posters,25,43
hawkish,postfin,2,5.182501800919376e-6,0,0,postfinance,10,10
hawkish,postur,2,5.182501800919376e-6,0,0,posture,113,99
hawkish,powerless,2,5.182501800919376e-6,0,0,powerless,65,66
hawkish,pragu,2,5.182501800919376e-6,0,0,prague,34,19
hawkish,prc,2,5.182501800919376e-6,0,0,prc,82,42
hawkish,precept,2,5.182501800919376e-6,0,0,precepts,28,35
hawkish,precrisi,2,5.182501800919376e-6,0,0,precrisis,84,76
hawkish,precursor,2,5.182501800919376e-6,0,0,precursor,85,103
hawkish,predefin,2,5.182501800919376e-6,0,0,predefined,38,38
hawkish,predica,2,5.182501800919376e-6,0,0,predicament,60,61
hawkish,preemptiv,2,5.182501800919376e-6,0,0,preemptive,223,195
hawkish,prelud,2,5.182501800919376e-6,0,0,prelude,48,47
hawkish,pretend,2,5.182501800919376e-6,0,0,pretend,125,156
hawkish,pretoria,2,5.182501800919376e-6,0,0,pretoria,175,120
hawkish,pricewaterhousecoop,2,5.182501800919376e-6,0,0,pricewaterhousecoopers,22,17
hawkish,probe,2,5.182501800919376e-6,0,0,probe,58,81
hawkish,prod,2,5.182501800919376e-6,0,0,prod,15,26
hawkish,prong,2,5.182501800919376e-6,0,0,pronged,165,161
hawkish,propel,2,5.182501800919376e-6,0,0,propelled,114,186
hawkish,propens,2,5.182501800919376e-6,0,0,propensity,420,363
hawkish,propiti,2,5.182501800919376e-6,0,0,propitious,35,40
hawkish,prospectus,2,5.182501800919376e-6,0,0,prospectus,29,37
hawkish,publicis,2,5.182501800919376e-6,0,0,publicised,32,47
hawkish,pud,2,5.182501800919376e-6,0,0,pudding,28,21
hawkish,punctuat,2,5.182501800919376e-6,0,0,punctuated,30,33
hawkish,punjab,2,5.182501800919376e-6,0,0,punjab,54,38
hawkish,purport,2,5.182501800919376e-6,0,0,purported,36,85
hawkish,purs,2,5.182501800919376e-6,0,0,purse,69,78
hawkish,quadrupl,2,5.182501800919376e-6,0,0,quadrupled,75,89
hawkish,quak,2,5.182501800919376e-6,0,0,quake,44,21
hawkish,quarantin,2,5.182501800919376e-6,0,0,quarantine,37,36
hawkish,questionnair,2,5.182501800919376e-6,0,0,questionnaire,85,82
hawkish,quicken,2,5.182501800919376e-6,0,0,quickened,47,79
hawkish,railroad,2,5.182501800919376e-6,0,0,railroads,73,73
hawkish,rajasthan,2,5.182501800919376e-6,0,0,rajasthan,27,18
hawkish,rajeev,2,5.182501800919376e-6,0,0,rajeev,20,20
hawkish,rakesh,2,5.182501800919376e-6,0,0,rakesh,183,92
hawkish,ramif,2,5.182501800919376e-6,0,0,ramifications,194,179
hawkish,ramp,2,5.182501800919376e-6,0,0,ramp,111,143
hawkish,rampant,2,5.182501800919376e-6,0,0,rampant,66,60
hawkish,ranjan,2,5.182501800919376e-6,0,0,ranjan,17,16
hawkish,readier,2,5.182501800919376e-6,0,0,readier,11,10
hawkish,realtim,2,5.182501800919376e-6,0,0,realtime,60,46
hawkish,receivership,2,5.182501800919376e-6,0,0,receivership,53,35
hawkish,recessionari,2,5.182501800919376e-6,0,0,recessionary,216,175
hawkish,reconfigur,2,5.182501800919376e-6,0,0,reconfigure,21,53
hawkish,reconfirm,2,5.182501800919376e-6,0,0,reconfirmed,52,77
hawkish,redefinit,2,5.182501800919376e-6,0,0,redefinition,29,27
hawkish,redraw,2,5.182501800919376e-6,0,0,redraw,54,42
hawkish,reel,2,5.182501800919376e-6,0,0,reeling,17,26
hawkish,reemerg,2,5.182501800919376e-6,0,0,reemergence,31,68
hawkish,reemphas,2,5.182501800919376e-6,0,0,reemphasize,28,46
hawkish,reestablish,2,5.182501800919376e-6,0,0,reestablish,28,72
hawkish,reflex,2,5.182501800919376e-6,0,0,reflex,15,32
hawkish,refresh,2,5.182501800919376e-6,0,0,refreshing,34,80
hawkish,refug,2,5.182501800919376e-6,0,0,refuge,39,40
hawkish,regrett,2,5.182501800919376e-6,0,0,regrettably,112,161
hawkish,rehears,2,5.182501800919376e-6,0,0,rehearse,14,35
hawkish,reintermedi,2,5.182501800919376e-6,0,0,reintermediation,18,20
hawkish,rejoin,2,5.182501800919376e-6,0,0,rejoin,15,30
hawkish,rejuven,2,5.182501800919376e-6,0,0,rejuvenation,24,56
hawkish,relish,2,5.182501800919376e-6,0,0,relish,7,10
hawkish,renounc,2,5.182501800919376e-6,0,0,renounce,18,43
hawkish,renov,2,5.182501800919376e-6,0,0,renovation,78,108
hawkish,reorganis,2,5.182501800919376e-6,0,0,reorganisation,72,108
hawkish,replet,2,5.182501800919376e-6,0,0,replete,39,39
hawkish,repos,2,5.182501800919376e-6,0,0,reposed,16,33
hawkish,reprint,2,5.182501800919376e-6,0,0,reprinted,46,55
hawkish,reshor,2,5.182501800919376e-6,0,0,reshoring,35,23
hawkish,reunif,2,5.182501800919376e-6,0,0,reunification,105,84
hawkish,revit,2,5.182501800919376e-6,0,0,revitalization,287,265
hawkish,revolt,2,5.182501800919376e-6,0,0,revolt,11,11
hawkish,revolutionari,2,5.182501800919376e-6,0,0,revolutionary,185,151
hawkish,richter,2,5.182501800919376e-6,0,0,richter,12,10
hawkish,ridicul,2,5.182501800919376e-6,0,0,ridiculous,8,17
hawkish,riot,2,5.182501800919376e-6,0,0,riots,22,20
hawkish,rippl,2,5.182501800919376e-6,0,0,ripple,102,116
hawkish,riskbas,2,5.182501800919376e-6,0,0,riskbased,37,30
hawkish,risktak,2,5.182501800919376e-6,0,0,risktaking,82,74
hawkish,rita,2,5.182501800919376e-6,0,0,rita,65,45
hawkish,rivalri,2,5.182501800919376e-6,0,0,rivalry,25,30
hawkish,roberto,2,5.182501800919376e-6,0,0,roberto,101,81
hawkish,robertson,2,5.182501800919376e-6,0,0,robertson,26,24
hawkish,rochest,2,5.182501800919376e-6,0,0,rochester,128,95
hawkish,romania,2,5.182501800919376e-6,0,0,romania,175,112
hawkish,rompuy,2,5.182501800919376e-6,0,0,rompuy,66,53
hawkish,ron,2,5.182501800919376e-6,0,0,ron,63,57
hawkish,roof,2,5.182501800919376e-6,0,0,roof,133,117
hawkish,rosengren,2,5.182501800919376e-6,0,0,rosengren,70,47
hawkish,rosi,2,5.182501800919376e-6,0,0,rosy,52,52
hawkish,routledg,2,5.182501800919376e-6,0,0,routledge,58,52
hawkish,royalti,2,5.182501800919376e-6,0,0,royalties,18,25
hawkish,rueff,2,5.182501800919376e-6,0,0,rueff,13,10
hawkish,ruin,2,5.182501800919376e-6,0,0,ruin,45,66
hawkish,ruth,2,5.182501800919376e-6,0,0,ruth,35,17
hawkish,ruthless,2,5.182501800919376e-6,0,0,ruthless,22,29
hawkish,sacrif,2,5.182501800919376e-6,0,0,sacrificing,89,116
hawkish,salido,2,5.182501800919376e-6,0,0,salido,173,87
hawkish,salleo,2,5.182501800919376e-6,0,0,salleo,16,10
hawkish,salon,2,5.182501800919376e-6,0,0,salone,8,15
hawkish,saniti,2,5.182501800919376e-6,0,0,sanity,12,11
hawkish,santi,2,5.182501800919376e-6,0,0,santis,42,32
hawkish,sao,2,5.182501800919376e-6,0,0,sao,30,21
hawkish,sarban,2,5.182501800919376e-6,0,0,sarbanes,135,60
hawkish,sarkar,2,5.182501800919376e-6,0,0,sarkar,19,13
hawkish,satellit,2,5.182501800919376e-6,0,0,satellite,183,145
hawkish,saturday,2,5.182501800919376e-6,0,0,saturday,68,61
hawkish,saurina,2,5.182501800919376e-6,0,0,saurina,47,31
hawkish,sba,2,5.182501800919376e-6,0,0,sba,83,28
hawkish,sbi,2,5.182501800919376e-6,0,0,sbi,246,76
hawkish,scapegoat,2,5.182501800919376e-6,0,0,scapegoat,36,36
hawkish,schiller,2,5.182501800919376e-6,0,0,schiller,24,18
hawkish,schumer,2,5.182501800919376e-6,0,0,schumer,32,11
hawkish,scottish,2,5.182501800919376e-6,0,0,scottish,159,76
hawkish,scriptur,2,5.182501800919376e-6,0,0,scriptural,14,16
hawkish,scrupul,2,5.182501800919376e-6,0,0,scrupulous,29,41
hawkish,scrutin,2,5.182501800919376e-6,0,0,scrutinize,39,85
hawkish,sculptur,2,5.182501800919376e-6,0,0,sculpture,20,17
hawkish,seeker,2,5.182501800919376e-6,0,0,seekers,91,85
hawkish,seigniorag,2,5.182501800919376e-6,0,0,seigniorage,134,64
hawkish,selfemploy,2,5.182501800919376e-6,0,0,selfemployed,43,24
hawkish,selfish,2,5.182501800919376e-6,0,0,selfish,8,14
hawkish,sender,2,5.182501800919376e-6,0,0,sender,37,30
hawkish,sensat,2,5.182501800919376e-6,0,0,sensational,13,20
hawkish,sensitis,2,5.182501800919376e-6,0,0,sensitising,26,56
hawkish,serbia,2,5.182501800919376e-6,0,0,serbia,75,20
hawkish,sergey,2,5.182501800919376e-6,0,0,sergey,15,11
hawkish,sew,2,5.182501800919376e-6,0,0,sewing,10,10
hawkish,sfr,2,5.182501800919376e-6,0,0,sfr,77,22
hawkish,shame,2,5.182501800919376e-6,0,0,shame,26,35
hawkish,sharma,2,5.182501800919376e-6,0,0,sharma,77,59
hawkish,shenzhen,2,5.182501800919376e-6,0,0,shenzhen,45,28
hawkish,shoot,2,5.182501800919376e-6,0,0,shoots,66,108
hawkish,shrank,2,5.182501800919376e-6,0,0,shrank,114,109
hawkish,shroud,2,5.182501800919376e-6,0,0,shrouded,19,26
hawkish,shun,2,5.182501800919376e-6,0,0,shun,24,54
hawkish,sick,2,5.182501800919376e-6,0,0,sick,181,146
hawkish,signifi,2,5.182501800919376e-6,0,0,signifies,61,140
hawkish,sii,2,5.182501800919376e-6,0,0,siis,27,21
hawkish,silicon,2,5.182501800919376e-6,0,0,silicon,157,107
hawkish,silo,2,5.182501800919376e-6,0,0,silos,88,93
hawkish,sim,2,5.182501800919376e-6,0,0,sims,86,89
hawkish,singer,2,5.182501800919376e-6,0,0,singer,22,16
hawkish,singh,2,5.182501800919376e-6,0,0,singh,176,125
hawkish,sinha,2,5.182501800919376e-6,0,0,sinha,73,44
hawkish,sink,2,5.182501800919376e-6,0,0,sinking,68,84
hawkish,siren,2,5.182501800919376e-6,0,0,siren,25,31
hawkish,skin,2,5.182501800919376e-6,0,0,skin,85,71
hawkish,slate,2,5.182501800919376e-6,0,0,slated,41,65
hawkish,slovakia,2,5.182501800919376e-6,0,0,slovakia,234,99
hawkish,smith,2,5.182501800919376e-6,0,0,smith,633,353
hawkish,smoothen,2,5.182501800919376e-6,0,0,smoothen,72,95
hawkish,sms,2,5.182501800919376e-6,0,0,sms,42,27
hawkish,snowbal,2,5.182501800919376e-6,0,0,snowball,20,34
hawkish,soak,2,5.182501800919376e-6,0,0,soak,8,15
hawkish,soften,2,5.182501800919376e-6,0,0,softening,290,434
hawkish,solemn,2,5.182501800919376e-6,0,0,solemn,18,27
hawkish,song,2,5.182501800919376e-6,0,0,song,183,151
hawkish,sousa,2,5.182501800919376e-6,0,0,sousa,20,16
hawkish,southeast,2,5.182501800919376e-6,0,0,southeast,172,100
hawkish,spaniard,2,5.182501800919376e-6,0,0,spaniards,15,12
hawkish,spi,2,5.182501800919376e-6,0,0,spi,25,16
hawkish,spice,2,5.182501800919376e-6,0,0,spice,11,16
hawkish,spillback,2,5.182501800919376e-6,0,0,spillbacks,26,23
hawkish,sport,2,5.182501800919376e-6,0,0,sports,90,130
hawkish,springer,2,5.182501800919376e-6,0,0,springer,35,33
hawkish,sprung,2,5.182501800919376e-6,0,0,sprung,22,22
hawkish,sri,2,5.182501800919376e-6,0,0,sri,175,85
hawkish,sros,2,5.182501800919376e-6,0,0,sros,83,22
hawkish,stabilit,2,5.182501800919376e-6,0,0,stabilite,16,12
hawkish,stadium,2,5.182501800919376e-6,0,0,stadium,27,23
hawkish,stagnant,2,5.182501800919376e-6,0,0,stagnant,320,261
hawkish,stal,2,5.182501800919376e-6,0,0,stals,92,44
hawkish,stamp,2,5.182501800919376e-6,0,0,stamp,204,160
hawkish,standbi,2,5.182501800919376e-6,0,0,standby,64,39
hawkish,standstil,2,5.182501800919376e-6,0,0,standstill,172,137
hawkish,stateown,2,5.182501800919376e-6,0,0,stateowned,21,20
hawkish,station,2,5.182501800919376e-6,0,0,stations,67,113
hawkish,statutorili,2,5.182501800919376e-6,0,0,statutorily,59,58
hawkish,std,2,5.182501800919376e-6,0,0,std,20,10
hawkish,steal,2,5.182501800919376e-6,0,0,steal,32,45
hawkish,steam,2,5.182501800919376e-6,0,0,steam,238,189
hawkish,steepen,2,5.182501800919376e-6,0,0,steepening,95,134
hawkish,stellar,2,5.182501800919376e-6,0,0,stellar,45,44
hawkish,sticki,2,5.182501800919376e-6,0,0,sticky,391,321
hawkish,stiglitz,2,5.182501800919376e-6,0,0,stiglitz,188,101
hawkish,stimuli,2,5.182501800919376e-6,0,0,stimuli,147,108
hawkish,stir,2,5.182501800919376e-6,0,0,stir,25,78
hawkish,stockbrok,2,5.182501800919376e-6,0,0,stockbrokers,17,27
hawkish,stocktak,2,5.182501800919376e-6,0,0,stocktake,47,69
hawkish,stoxx,2,5.182501800919376e-6,0,0,stoxx,42,36
hawkish,straddl,2,5.182501800919376e-6,0,0,straddle,18,39
hawkish,strasbourg,2,5.182501800919376e-6,0,0,strasbourg,56,49
hawkish,strata,2,5.182501800919376e-6,0,0,strata,45,35
hawkish,strenuous,2,5.182501800919376e-6,0,0,strenuous,75,76
hawkish,strictest,2,5.182501800919376e-6,0,0,strictest,24,24
hawkish,strictur,2,5.182501800919376e-6,0,0,strictures,23,24
hawkish,striven,2,5.182501800919376e-6,0,0,striven,24,23
hawkish,stuck,2,5.182501800919376e-6,0,0,stuck,270,223
hawkish,stumbl,2,5.182501800919376e-6,0,0,stumbling,42,63
hawkish,subcompon,2,5.182501800919376e-6,0,0,subcomponents,43,28
hawkish,suboptim,2,5.182501800919376e-6,0,0,suboptimal,115,101
hawkish,substandard,2,5.182501800919376e-6,0,0,substandard,24,24
hawkish,succinct,2,5.182501800919376e-6,0,0,succinctly,48,64
hawkish,succumb,2,5.182501800919376e-6,0,0,succumb,40,78
hawkish,superfici,2,5.182501800919376e-6,0,0,superficial,62,87
hawkish,superpow,2,5.182501800919376e-6,0,0,superpower,21,17
hawkish,suppress,2,5.182501800919376e-6,0,0,suppress,138,302
hawkish,supremaci,2,5.182501800919376e-6,0,0,supremacy,18,16
hawkish,surgeri,2,5.182501800919376e-6,0,0,surgery,35,29
hawkish,surmount,2,5.182501800919376e-6,0,0,surmount,22,45
hawkish,sverig,2,5.182501800919376e-6,0,0,sveriges,116,81
hawkish,swept,2,5.182501800919376e-6,0,0,swept,80,76
hawkish,systemwid,2,5.182501800919376e-6,0,0,systemwide,95,70
hawkish,taint,2,5.182501800919376e-6,0,0,tainted,23,31
hawkish,tale,2,5.182501800919376e-6,0,0,tale,163,160
hawkish,tallinn,2,5.182501800919376e-6,0,0,tallinn,24,21
hawkish,tankan,2,5.182501800919376e-6,0,0,tankan,732,284
hawkish,tarapor,2,5.182501800919376e-6,0,0,tarapore,45,37
hawkish,taxabl,2,5.182501800919376e-6,0,0,taxable,72,49
hawkish,taxonomi,2,5.182501800919376e-6,0,0,taxonomy,176,113
hawkish,teen,2,5.182501800919376e-6,0,0,teens,11,15
hawkish,teller,2,5.182501800919376e-6,0,0,teller,120,104
hawkish,tenant,2,5.182501800919376e-6,0,0,tenants,50,55
hawkish,tenfold,2,5.182501800919376e-6,0,0,tenfold,70,65
hawkish,teresa,2,5.182501800919376e-6,0,0,teresa,15,13
hawkish,termism,2,5.182501800919376e-6,0,0,termism,174,91
hawkish,tertiari,2,5.182501800919376e-6,0,0,tertiary,203,115
hawkish,tetlow,2,5.182501800919376e-6,0,0,tetlow,88,48
hawkish,texa,2,5.182501800919376e-6,0,0,texas,235,123
hawkish,theatr,2,5.182501800919376e-6,0,0,theatre,28,30
hawkish,theodor,2,5.182501800919376e-6,0,0,theodore,7,10
hawkish,theresa,2,5.182501800919376e-6,0,0,theresa,22,20
hawkish,thereto,2,5.182501800919376e-6,0,0,thereto,29,27
hawkish,thermal,2,5.182501800919376e-6,0,0,thermal,34,29
hawkish,these,2,5.182501800919376e-6,0,0,theses,21,17
hawkish,thi,2,5.182501800919376e-6,0,0,thy,73,66
hawkish,thirteen,2,5.182501800919376e-6,0,0,thirteen,104,90
hawkish,thought,2,5.182501800919376e-6,0,0,thoughtful,173,192
hawkish,ticket,2,5.182501800919376e-6,0,0,ticket,156,160
hawkish,tim,2,5.182501800919376e-6,0,0,tim,153,119
hawkish,timothi,2,5.182501800919376e-6,0,0,timothy,132,101
hawkish,tion,2,5.182501800919376e-6,0,0,tion,23,21
hawkish,tom,2,5.182501800919376e-6,0,0,tom,196,159
hawkish,toronto,2,5.182501800919376e-6,0,0,toronto,395,230
hawkish,toshiro,2,5.182501800919376e-6,0,0,toshiro,28,16
hawkish,toth,2,5.182501800919376e-6,0,0,tothe,16,20
hawkish,tract,2,5.182501800919376e-6,0,0,tracts,67,48
hawkish,trai,2,5.182501800919376e-6,0,0,trai,19,13
hawkish,tranquil,2,5.182501800919376e-6,0,0,tranquil,60,94
hawkish,transient,2,5.182501800919376e-6,0,0,transient,122,98
hawkish,trepid,2,5.182501800919376e-6,0,0,trepidation,31,31
hawkish,tricki,2,5.182501800919376e-6,0,0,tricky,110,103
hawkish,trickl,2,5.182501800919376e-6,0,0,trickle,44,44
hawkish,triffin,2,5.182501800919376e-6,0,0,triffin,63,25
hawkish,trim,2,5.182501800919376e-6,0,0,trimmed,180,185
hawkish,trove,2,5.182501800919376e-6,0,0,trove,12,13
hawkish,truste,2,5.182501800919376e-6,0,0,trustees,145,120
hawkish,tsc,2,5.182501800919376e-6,0,0,tsc,35,13
hawkish,tuesday,2,5.182501800919376e-6,0,0,tuesday,190,153
hawkish,turf,2,5.182501800919376e-6,0,0,turf,25,20
hawkish,twelfth,2,5.182501800919376e-6,0,0,twelfth,110,72
hawkish,twofold,2,5.182501800919376e-6,0,0,twofold,153,150
hawkish,ucb,2,5.182501800919376e-6,0,0,ucbs,629,61
hawkish,un,2,5.182501800919376e-6,0,0,uns,20,14
hawkish,unattend,2,5.182501800919376e-6,0,0,unattended,29,29
hawkish,unattract,2,5.182501800919376e-6,0,0,unattractive,98,98
hawkish,unavail,2,5.182501800919376e-6,0,0,unavailable,166,186
hawkish,uncommon,2,5.182501800919376e-6,0,0,uncommon,115,113
hawkish,undercut,2,5.182501800919376e-6,0,0,undercut,32,57
hawkish,undivid,2,5.182501800919376e-6,0,0,undivided,25,25
hawkish,undon,2,5.182501800919376e-6,0,0,undone,31,30
hawkish,unequ,2,5.182501800919376e-6,0,0,unequal,154,148
hawkish,unesco,2,5.182501800919376e-6,0,0,unesco,20,16
hawkish,uneth,2,5.182501800919376e-6,0,0,unethical,68,50
hawkish,unfamiliar,2,5.182501800919376e-6,0,0,unfamiliar,103,100
hawkish,unfound,2,5.182501800919376e-6,0,0,unfounded,157,141
hawkish,unintent,2,5.182501800919376e-6,0,0,unintentionally,43,60
hawkish,unison,2,5.182501800919376e-6,0,0,unison,28,24
hawkish,unitari,2,5.182501800919376e-6,0,0,unitary,70,48
hawkish,unpaid,2,5.182501800919376e-6,0,0,unpaid,69,51
hawkish,unparallel,2,5.182501800919376e-6,0,0,unparalleled,73,73
hawkish,unproblemat,2,5.182501800919376e-6,0,0,unproblematic,19,18
hawkish,unproduct,2,5.182501800919376e-6,0,0,unproductive,130,118
hawkish,unprofit,2,5.182501800919376e-6,0,0,unprofitable,126,106
hawkish,unpublish,2,5.182501800919376e-6,0,0,unpublished,182,125
hawkish,unqualifi,2,5.182501800919376e-6,0,0,unqualified,35,33
hawkish,unquestion,2,5.182501800919376e-6,0,0,unquestionably,78,100
hawkish,unquot,2,5.182501800919376e-6,0,0,unquote,9,13
hawkish,unrealis,2,5.182501800919376e-6,0,0,unrealised,69,42
hawkish,unreli,2,5.182501800919376e-6,0,0,unreliable,117,126
hawkish,unsaf,2,5.182501800919376e-6,0,0,unsafe,61,48
hawkish,unscrupul,2,5.182501800919376e-6,0,0,unscrupulous,86,66
hawkish,unseen,2,5.182501800919376e-6,0,0,unseen,44,41
hawkish,unserv,2,5.182501800919376e-6,0,0,unserved,31,25
hawkish,unsurpris,2,5.182501800919376e-6,0,0,unsurprisingly,141,186
hawkish,unswerv,2,5.182501800919376e-6,0,0,unswervingly,35,17
hawkish,untap,2,5.182501800919376e-6,0,0,untapped,92,75
hawkish,unthink,2,5.182501800919376e-6,0,0,unthinkable,138,139
hawkish,untouch,2,5.182501800919376e-6,0,0,untouched,47,50
hawkish,unweight,2,5.182501800919376e-6,0,0,unweighted,130,83
hawkish,unwelcom,2,5.182501800919376e-6,0,0,unwelcome,203,184
hawkish,unwit,2,5.182501800919376e-6,0,0,unwittingly,27,29
hawkish,unwork,2,5.182501800919376e-6,0,0,unworkable,19,19
hawkish,upend,2,5.182501800919376e-6,0,0,upended,30,38
hawkish,uphil,2,5.182501800919376e-6,0,0,uphill,52,44
hawkish,uplift,2,5.182501800919376e-6,0,0,uplift,43,67
hawkish,upsurg,2,5.182501800919376e-6,0,0,upsurge,114,99
hawkish,uruguay,2,5.182501800919376e-6,0,0,uruguay,42,36
hawkish,useless,2,5.182501800919376e-6,0,0,useless,85,83
hawkish,uttar,2,5.182501800919376e-6,0,0,uttar,40,22
hawkish,utter,2,5.182501800919376e-6,0,0,utterly,36,86
hawkish,vacat,2,5.182501800919376e-6,0,0,vacation,35,63
hawkish,vain,2,5.182501800919376e-6,0,0,vain,46,45
hawkish,valor,2,5.182501800919376e-6,0,0,valor,12,14
hawkish,vancouv,2,5.182501800919376e-6,0,0,vancouver,175,91
hawkish,vanilla,2,5.182501800919376e-6,0,0,vanilla,116,94
hawkish,vantag,2,5.182501800919376e-6,0,0,vantage,87,83
hawkish,vega,2,5.182501800919376e-6,0,0,vega,26,36
hawkish,ver,2,5.182501800919376e-6,0,0,ver,32,13
hawkish,verac,2,5.182501800919376e-6,0,0,veracity,24,20
hawkish,verbal,2,5.182501800919376e-6,0,0,verbal,49,46
hawkish,vestin,2,5.182501800919376e-6,0,0,vestin,39,20
hawkish,vet,2,5.182501800919376e-6,0,0,vetting,27,47
hawkish,vicker,2,5.182501800919376e-6,0,0,vickers,103,66
hawkish,victori,2,5.182501800919376e-6,0,0,victory,136,132
hawkish,vijaya,2,5.182501800919376e-6,0,0,vijaya,19,13
hawkish,violenc,2,5.182501800919376e-6,0,0,violence,80,58
hawkish,virginia,2,5.182501800919376e-6,0,0,virginia,189,128
hawkish,vitor,2,5.182501800919376e-6,0,0,vitor,204,145
hawkish,vix,2,5.182501800919376e-6,0,0,vix,120,72
hawkish,volker,2,5.182501800919376e-6,0,0,volker,39,32
hawkish,voltair,2,5.182501800919376e-6,0,0,voltaire,13,10
hawkish,vous,2,5.182501800919376e-6,0,0,vous,53,37
hawkish,voyag,2,5.182501800919376e-6,0,0,voyage,44,38
hawkish,walker,2,5.182501800919376e-6,0,0,walker,61,51
hawkish,walter,2,5.182501800919376e-6,0,0,walter,217,160
hawkish,warehous,2,5.182501800919376e-6,0,0,warehouse,132,135
hawkish,warmest,2,5.182501800919376e-6,0,0,warmest,60,48
hawkish,warp,2,5.182501800919376e-6,0,0,warp,10,12
hawkish,warsaw,2,5.182501800919376e-6,0,0,warsaw,25,21
hawkish,watersh,2,5.182501800919376e-6,0,0,watershed,95,94
hawkish,wean,2,5.182501800919376e-6,0,0,wean,18,25
hawkish,webcast,2,5.182501800919376e-6,0,0,webcast,260,178
hawkish,wed,2,5.182501800919376e-6,0,0,wedded,12,30
hawkish,wellknown,2,5.182501800919376e-6,0,0,wellknown,24,24
hawkish,weo,2,5.182501800919376e-6,0,0,weo,266,161
hawkish,weymarn,2,5.182501800919376e-6,0,0,weymarn,45,45
hawkish,wharf,2,5.182501800919376e-6,0,0,wharf,14,12
hawkish,whim,2,5.182501800919376e-6,0,0,whims,17,27
hawkish,wholeheart,2,5.182501800919376e-6,0,0,wholeheartedly,45,57
hawkish,wick,2,5.182501800919376e-6,0,0,wicked,31,20
hawkish,wie,2,5.182501800919376e-6,0,0,wie,41,32
hawkish,wieland,2,5.182501800919376e-6,0,0,wieland,72,39
hawkish,wield,2,5.182501800919376e-6,0,0,wield,12,26
hawkish,wild,2,5.182501800919376e-6,0,0,wild,92,117
hawkish,wiley,2,5.182501800919376e-6,0,0,wiley,101,85
hawkish,wilson,2,5.182501800919376e-6,0,0,wilson,217,124
hawkish,wim,2,5.182501800919376e-6,0,0,wim,84,54
hawkish,windfal,2,5.182501800919376e-6,0,0,windfall,101,92
hawkish,winkler,2,5.182501800919376e-6,0,0,winkler,35,29
hawkish,winter,2,5.182501800919376e-6,0,0,winter,561,449
hawkish,wipe,2,5.182501800919376e-6,0,0,wiped,88,136
hawkish,wirtschaft,2,5.182501800919376e-6,0,0,wirtschaft,16,22
hawkish,withdrew,2,5.182501800919376e-6,0,0,withdrew,115,104
hawkish,wma,2,5.182501800919376e-6,0,0,wma,79,19
hawkish,work,2,5.182501800919376e-6,0,0,workings,166,155
hawkish,workout,2,5.182501800919376e-6,0,0,workouts,156,99
hawkish,workplan,2,5.182501800919376e-6,0,0,workplan,23,11
hawkish,wpi,2,5.182501800919376e-6,0,0,wpi,427,124
hawkish,wrap,2,5.182501800919376e-6,0,0,wrap,115,155
hawkish,wreck,2,5.182501800919376e-6,0,0,wreck,16,17
hawkish,wright,2,5.182501800919376e-6,0,0,wright,213,120
hawkish,writedown,2,5.182501800919376e-6,0,0,writedowns,62,40
hawkish,wyom,2,5.182501800919376e-6,0,0,wyoming,249,202
hawkish,xxi,2,5.182501800919376e-6,0,0,xxi,38,29
hawkish,yangtz,2,5.182501800919376e-6,0,0,yangtze,16,11
hawkish,yard,2,5.182501800919376e-6,0,0,yards,21,29
hawkish,yellow,2,5.182501800919376e-6,0,0,yellow,148,116
hawkish,yong,2,5.182501800919376e-6,0,0,yong,40,29
hawkish,zealous,2,5.182501800919376e-6,0,0,zealous,20,26
hawkish,zero,2,5.182501800919376e-6,0,0,zeros,43,35
hawkish,zingal,2,5.182501800919376e-6,0,0,zingales,108,60
hawkish,zum,2,5.182501800919376e-6,0,0,zum,35,34
hawkish,aaa,1,2.591250900459688e-6,0,0,aaa,262,178
hawkish,abc,1,2.591250900459688e-6,0,0,abc,26,20
hawkish,abdic,1,2.591250900459688e-6,0,0,abdication,12,18
hawkish,abdullah,1,2.591250900459688e-6,0,0,abdullah,48,23
hawkish,aberr,1,2.591250900459688e-6,0,0,aberration,45,67
hawkish,abf,1,2.591250900459688e-6,0,0,abf,46,26
hawkish,abli,1,2.591250900459688e-6,0,0,ably,49,46
hawkish,abmi,1,2.591250900459688e-6,0,0,abmi,33,19
hawkish,aboard,1,2.591250900459688e-6,0,0,aboard,12,12
hawkish,abovement,1,2.591250900459688e-6,0,0,abovementioned,26,23
hawkish,abstain,1,2.591250900459688e-6,0,0,abstain,25,35
hawkish,absurd,1,2.591250900459688e-6,0,0,absurd,48,59
hawkish,accident,1,2.591250900459688e-6,0,0,accidental,25,42
hawkish,acclaim,1,2.591250900459688e-6,0,0,acclaimed,26,34
hawkish,accredit,1,2.591250900459688e-6,0,0,accredited,48,65
hawkish,acquaint,1,2.591250900459688e-6,0,0,acquainted,37,63
hawkish,acqui,1,2.591250900459688e-6,0,0,acquis,70,53
hawkish,acquiesc,1,2.591250900459688e-6,0,0,acquiesce,11,31
hawkish,acr,1,2.591250900459688e-6,0,0,acre,28,22
hawkish,adair,1,2.591250900459688e-6,0,0,adair,31,17
hawkish,adduc,1,2.591250900459688e-6,0,0,adduced,11,13
hawkish,adept,1,2.591250900459688e-6,0,0,adept,43,43
hawkish,adjud,1,2.591250900459688e-6,0,0,adjudication,22,41
hawkish,admiss,1,2.591250900459688e-6,0,0,admission,80,92
hawkish,advocaci,1,2.591250900459688e-6,0,0,advocacy,83,69
hawkish,aea,1,2.591250900459688e-6,0,0,aea,49,40
hawkish,affin,1,2.591250900459688e-6,0,0,affinity,25,46
hawkish,afield,1,2.591250900459688e-6,0,0,afield,32,31
hawkish,afloat,1,2.591250900459688e-6,0,0,afloat,56,54
hawkish,afm,1,2.591250900459688e-6,0,0,afme,21,21
hawkish,afterward,1,2.591250900459688e-6,0,0,afterward,38,37
hawkish,agglomer,1,2.591250900459688e-6,0,0,agglomeration,63,40
hawkish,aggriev,1,2.591250900459688e-6,0,0,aggrieved,14,13
hawkish,aifmd,1,2.591250900459688e-6,0,0,aifmd,17,11
hawkish,aikman,1,2.591250900459688e-6,0,0,aikman,140,57
hawkish,ail,1,2.591250900459688e-6,0,0,ailing,92,92
hawkish,aircraft,1,2.591250900459688e-6,0,0,aircraft,102,82
hawkish,aizenman,1,2.591250900459688e-6,0,0,aizenman,15,11
hawkish,alamsyah,1,2.591250900459688e-6,0,0,alamsyah,30,20
hawkish,alaska,1,2.591250900459688e-6,0,0,alaska,26,13
hawkish,alastair,1,2.591250900459688e-6,0,0,alastair,34,27
hawkish,albert,1,2.591250900459688e-6,0,0,albert,105,58
hawkish,alemania,1,2.591250900459688e-6,0,0,alemania,38,37
hawkish,alfr,1,2.591250900459688e-6,0,0,alfred,57,49
hawkish,alison,1,2.591250900459688e-6,0,0,alison,26,26
hawkish,allemagn,1,2.591250900459688e-6,0,0,allemagne,13,13
hawkish,allgemein,1,2.591250900459688e-6,0,0,allgemeine,16,17
hawkish,allur,1,2.591250900459688e-6,0,0,allure,14,23
hawkish,alma,1,2.591250900459688e-6,0,0,alma,32,27
hawkish,altitud,1,2.591250900459688e-6,0,0,altitude,20,14
hawkish,altruism,1,2.591250900459688e-6,0,0,altruism,14,14
hawkish,aluminium,1,2.591250900459688e-6,0,0,aluminium,34,30
hawkish,alvarez,1,2.591250900459688e-6,0,0,alvarez,36,29
hawkish,amanda,1,2.591250900459688e-6,0,0,amanda,32,22
hawkish,amaranth,1,2.591250900459688e-6,0,0,amaranth,21,13
hawkish,amc,1,2.591250900459688e-6,0,0,amcs,38,17
hawkish,ammunit,1,2.591250900459688e-6,0,0,ammunition,53,44
hawkish,amor,1,2.591250900459688e-6,0,0,amore,6,13
hawkish,amort,1,2.591250900459688e-6,0,0,amortization,105,117
hawkish,amplitud,1,2.591250900459688e-6,0,0,amplitude,130,114
hawkish,amus,1,2.591250900459688e-6,0,0,amusement,23,33
hawkish,anbc,1,2.591250900459688e-6,0,0,anbc,21,12
hawkish,ancestor,1,2.591250900459688e-6,0,0,ancestors,27,25
hawkish,angeloni,1,2.591250900459688e-6,0,0,angeloni,75,47
hawkish,anglo,1,2.591250900459688e-6,0,0,anglo,135,100
hawkish,anika,1,2.591250900459688e-6,0,0,anika,82,29
hawkish,annal,1,2.591250900459688e-6,0,0,annals,27,29
hawkish,annul,1,2.591250900459688e-6,0,0,annul,6,14
hawkish,anomal,1,2.591250900459688e-6,0,0,anomalous,36,35
hawkish,anonymis,1,2.591250900459688e-6,0,0,anonymised,28,24
hawkish,anthropolog,1,2.591250900459688e-6,0,0,anthropology,22,19
hawkish,anticipatori,1,2.591250900459688e-6,0,0,anticipatory,51,39
hawkish,antidot,1,2.591250900459688e-6,0,0,antidote,46,48
hawkish,aofm,1,2.591250900459688e-6,0,0,aofm,52,19
hawkish,aphor,1,2.591250900459688e-6,0,0,aphorism,12,13
hawkish,apolog,1,2.591250900459688e-6,0,0,apologies,25,61
hawkish,apparel,1,2.591250900459688e-6,0,0,apparel,43,45
hawkish,appl,1,2.591250900459688e-6,0,0,apple,118,110
hawkish,applaus,1,2.591250900459688e-6,0,0,applause,31,28
hawkish,applianc,1,2.591250900459688e-6,0,0,appliances,227,185
hawkish,appointe,1,2.591250900459688e-6,0,0,appointees,22,19
hawkish,apport,1,2.591250900459688e-6,0,0,apportion,11,28
hawkish,ara,1,2.591250900459688e-6,0,0,ara,26,16
hawkish,arabian,1,2.591250900459688e-6,0,0,arabian,93,57
hawkish,arabl,1,2.591250900459688e-6,0,0,arable,12,11
hawkish,arbit,1,2.591250900459688e-6,0,0,arbiter,23,28
hawkish,arbitr,1,2.591250900459688e-6,0,0,arbitration,42,48
hawkish,arbitrarili,1,2.591250900459688e-6,0,0,arbitrarily,43,42
hawkish,archego,1,2.591250900459688e-6,0,0,archegos,38,18
hawkish,argentinean,1,2.591250900459688e-6,0,0,argentinean,10,15
hawkish,argentinian,1,2.591250900459688e-6,0,0,argentinian,20,26
hawkish,arif,1,2.591250900459688e-6,0,0,arif,22,22
hawkish,arizona,1,2.591250900459688e-6,0,0,arizona,34,30
hawkish,arlington,1,2.591250900459688e-6,0,0,arlington,36,35
hawkish,armi,1,2.591250900459688e-6,0,0,army,103,77
hawkish,armouri,1,2.591250900459688e-6,0,0,armoury,39,41
hawkish,arvind,1,2.591250900459688e-6,0,0,arvind,73,50
hawkish,ascend,1,2.591250900459688e-6,0,0,ascending,25,65
hawkish,ash,1,2.591250900459688e-6,0,0,ashe,30,40
hawkish,ashcraft,1,2.591250900459688e-6,0,0,ashcraft,28,22
hawkish,ass,1,2.591250900459688e-6,0,0,asse,8,14
hawkish,assam,1,2.591250900459688e-6,0,0,assam,33,13
hawkish,assenmach,1,2.591250900459688e-6,0,0,assenmacher,29,18
hawkish,assetback,1,2.591250900459688e-6,0,0,assetbacked,52,51
hawkish,assocham,1,2.591250900459688e-6,0,0,assocham,78,27
hawkish,assuag,1,2.591250900459688e-6,0,0,assuage,20,38
hawkish,astray,1,2.591250900459688e-6,0,0,astray,46,45
hawkish,astronomi,1,2.591250900459688e-6,0,0,astronomy,13,10
hawkish,ate,1,2.591250900459688e-6,0,0,ate,28,31
hawkish,atomist,1,2.591250900459688e-6,0,0,atomistic,22,20
hawkish,atrophi,1,2.591250900459688e-6,0,0,atrophy,30,32
hawkish,attest,1,2.591250900459688e-6,0,0,attest,75,168
hawkish,atyp,1,2.591250900459688e-6,0,0,atypical,65,83
hawkish,augur,1,2.591250900459688e-6,0,0,augurs,36,63
hawkish,auster,1,2.591250900459688e-6,0,0,austerity,267,174
hawkish,australasia,1,2.591250900459688e-6,0,0,australasia,27,22
hawkish,autobiographi,1,2.591250900459688e-6,0,0,autobiography,12,11
hawkish,autopilot,1,2.591250900459688e-6,0,0,autopilot,37,34
hawkish,autorit,1,2.591250900459688e-6,0,0,autorite,17,17
hawkish,avalanch,1,2.591250900459688e-6,0,0,avalanche,38,29
hawkish,avec,1,2.591250900459688e-6,0,0,avec,31,23
hawkish,aviat,1,2.591250900459688e-6,0,0,aviation,61,50
hawkish,awe,1,2.591250900459688e-6,0,0,awe,209,76
hawkish,awkward,1,2.591250900459688e-6,0,0,awkward,42,44
hawkish,axel,1,2.591250900459688e-6,0,0,axel,38,23
hawkish,babi,1,2.591250900459688e-6,0,0,baby,424,271
hawkish,backlash,1,2.591250900459688e-6,0,0,backlash,61,60
hawkish,backlog,1,2.591250900459688e-6,0,0,backlogs,99,141
hawkish,badg,1,2.591250900459688e-6,0,0,badge,7,12
hawkish,bahama,1,2.591250900459688e-6,0,0,bahamas,10,10
hawkish,baili,1,2.591250900459688e-6,0,0,baily,37,25
hawkish,ballot,1,2.591250900459688e-6,0,0,ballot,22,19
hawkish,bame,1,2.591250900459688e-6,0,0,bame,64,14
hawkish,bancair,1,2.591250900459688e-6,0,0,bancaires,13,18
hawkish,bandwagon,1,2.591250900459688e-6,0,0,bandwagon,23,24
hawkish,bang,1,2.591250900459688e-6,0,0,bang,124,105
hawkish,banish,1,2.591250900459688e-6,0,0,banish,11,17
hawkish,baptism,1,2.591250900459688e-6,0,0,baptism,10,10
hawkish,barbara,1,2.591250900459688e-6,0,0,barbara,51,42
hawkish,bard,1,2.591250900459688e-6,0,0,bard,28,25
hawkish,bargain,1,2.591250900459688e-6,0,0,bargaining,504,360
hawkish,baromet,1,2.591250900459688e-6,0,0,barometer,81,77
hawkish,barr,1,2.591250900459688e-6,0,0,barr,61,32
hawkish,barter,1,2.591250900459688e-6,0,0,barter,62,46
hawkish,bas,1,2.591250900459688e-6,0,0,bas,17,10
hawkish,bask,1,2.591250900459688e-6,0,0,bask,5,12
hawkish,bath,1,2.591250900459688e-6,0,0,bath,21,22
hawkish,baton,1,2.591250900459688e-6,0,0,baton,33,31
hawkish,bazaar,1,2.591250900459688e-6,0,0,bazaar,14,11
hawkish,bbps,1,2.591250900459688e-6,0,0,bbps,19,14
hawkish,bbva,1,2.591250900459688e-6,0,0,bbva,19,15
hawkish,bcci,1,2.591250900459688e-6,0,0,bcci,40,30
hawkish,bean,1,2.591250900459688e-6,0,0,bean,490,239
hawkish,bearer,1,2.591250900459688e-6,0,0,bearer,40,61
hawkish,beck,1,2.591250900459688e-6,0,0,beck,75,46
hawkish,beef,1,2.591250900459688e-6,0,0,beef,65,66
hawkish,beg,1,2.591250900459688e-6,0,0,begs,91,133
hawkish,beget,1,2.591250900459688e-6,0,0,begets,18,27
hawkish,bei,1,2.591250900459688e-6,0,0,bei,49,33
hawkish,beli,1,2.591250900459688e-6,0,0,belied,18,41
hawkish,bench,1,2.591250900459688e-6,0,0,bench,19,21
hawkish,benelux,1,2.591250900459688e-6,0,0,benelux,16,15
hawkish,berkeley,1,2.591250900459688e-6,0,0,berkeley,76,51
hawkish,bespok,1,2.591250900459688e-6,0,0,bespoke,91,74
hawkish,better,1,2.591250900459688e-6,0,0,betterment,33,44
hawkish,beveridg,1,2.591250900459688e-6,0,0,beveridge,193,47
hawkish,bewild,1,2.591250900459688e-6,0,0,bewildering,22,32
hawkish,beyer,1,2.591250900459688e-6,0,0,beyer,24,19
hawkish,bfs,1,2.591250900459688e-6,0,0,bfs,76,41
hawkish,bhagwati,1,2.591250900459688e-6,0,0,bhagwati,43,25
hawkish,bharat,1,2.591250900459688e-6,0,0,bharat,55,42
hawkish,bhc,1,2.591250900459688e-6,0,0,bhc,108,26
hawkish,bibliographi,1,2.591250900459688e-6,0,0,bibliography,61,60
hawkish,bidder,1,2.591250900459688e-6,0,0,bidders,72,50
hawkish,biennial,1,2.591250900459688e-6,0,0,biennial,124,101
hawkish,bimal,1,2.591250900459688e-6,0,0,bimal,58,48
hawkish,bindseil,1,2.591250900459688e-6,0,0,bindseil,49,32
hawkish,bing,1,2.591250900459688e-6,0,0,binge,21,29
hawkish,biographi,1,2.591250900459688e-6,0,0,biography,20,21
hawkish,biolog,1,2.591250900459688e-6,0,0,biological,61,51
hawkish,bipartisan,1,2.591250900459688e-6,0,0,bipartisan,55,48
hawkish,birmingham,1,2.591250900459688e-6,0,0,birmingham,111,56
hawkish,bizarr,1,2.591250900459688e-6,0,0,bizarre,17,17
hawkish,blackout,1,2.591250900459688e-6,0,0,blackout,24,30
hawkish,blanchard,1,2.591250900459688e-6,0,0,blanchard,498,250
hawkish,bliss,1,2.591250900459688e-6,0,0,bliss,41,29
hawkish,blockag,1,2.591250900459688e-6,0,0,blockages,23,29
hawkish,blog,1,2.591250900459688e-6,0,0,blog,260,190
hawkish,blossom,1,2.591250900459688e-6,0,0,blossom,14,35
hawkish,bnp,1,2.591250900459688e-6,0,0,bnp,66,52
hawkish,boardroom,1,2.591250900459688e-6,0,0,boardroom,16,20
hawkish,boeski,1,2.591250900459688e-6,0,0,boesky,14,13
hawkish,bog,1,2.591250900459688e-6,0,0,bogged,16,23
hawkish,bolivia,1,2.591250900459688e-6,0,0,bolivia,21,17
hawkish,boot,1,2.591250900459688e-6,0,0,boot,13,23
hawkish,booth,1,2.591250900459688e-6,0,0,booth,109,86
hawkish,borderless,1,2.591250900459688e-6,0,0,borderless,35,30
hawkish,bos,1,2.591250900459688e-6,0,0,bos,36,18
hawkish,bose,1,2.591250900459688e-6,0,0,bose,34,30
hawkish,bouey,1,2.591250900459688e-6,0,0,bouey,29,24
hawkish,bounceback,1,2.591250900459688e-6,0,0,bounceback,37,36
hawkish,boundless,1,2.591250900459688e-6,0,0,boundless,11,11
hawkish,bps,1,2.591250900459688e-6,0,0,bps,411,166
hawkish,brace,1,2.591250900459688e-6,0,0,brace,25,44
hawkish,brain,1,2.591250900459688e-6,0,0,brain,125,77
hawkish,brainstorm,1,2.591250900459688e-6,0,0,brainstorm,11,21
hawkish,brasil,1,2.591250900459688e-6,0,0,brasil,47,29
hawkish,brasilia,1,2.591250900459688e-6,0,0,brasilia,23,22
hawkish,breath,1,2.591250900459688e-6,0,0,breathing,54,110
hawkish,breed,1,2.591250900459688e-6,0,0,breed,66,124
hawkish,brighter,1,2.591250900459688e-6,0,0,brighter,143,136
hawkish,brilliant,1,2.591250900459688e-6,0,0,brilliant,117,118
hawkish,britannia,1,2.591250900459688e-6,0,0,britannia,13,10
hawkish,broadbas,1,2.591250900459688e-6,0,0,broadbased,38,46
hawkish,broadbent,1,2.591250900459688e-6,0,0,broadbent,442,193
hawkish,brochur,1,2.591250900459688e-6,0,0,brochures,29,38
hawkish,brows,1,2.591250900459688e-6,0,0,browsing,4,10
hawkish,bruce,1,2.591250900459688e-6,0,0,bruce,71,68
hawkish,bruis,1,2.591250900459688e-6,0,0,bruised,10,14
hawkish,bruno,1,2.591250900459688e-6,0,0,bruno,131,89
hawkish,brunt,1,2.591250900459688e-6,0,0,brunt,107,103
hawkish,brutal,1,2.591250900459688e-6,0,0,brutal,53,79
hawkish,bse,1,2.591250900459688e-6,0,0,bse,58,46
hawkish,bsi,1,2.591250900459688e-6,0,0,bsi,36,14
hawkish,budapest,1,2.591250900459688e-6,0,0,budapest,33,24
hawkish,bulgarian,1,2.591250900459688e-6,0,0,bulgarian,57,11
hawkish,bullion,1,2.591250900459688e-6,0,0,bullion,65,27
hawkish,bullock,1,2.591250900459688e-6,0,0,bullock,44,33
hawkish,bumpier,1,2.591250900459688e-6,0,0,bumpier,17,17
hawkish,buoy,1,2.591250900459688e-6,0,0,buoyed,86,115
hawkish,burhanuddin,1,2.591250900459688e-6,0,0,burhanuddin,20,12
hawkish,burnham,1,2.591250900459688e-6,0,0,burnham,10,10
hawkish,businessmen,1,2.591250900459688e-6,0,0,businessmen,72,62
hawkish,businesspeopl,1,2.591250900459688e-6,0,0,businesspeople,31,26
hawkish,caballero,1,2.591250900459688e-6,0,0,caballero,191,100
hawkish,calamit,1,2.591250900459688e-6,0,0,calamitous,17,17
hawkish,camera,1,2.591250900459688e-6,0,0,camera,17,31
hawkish,cameron,1,2.591250900459688e-6,0,0,cameron,39,30
hawkish,camouflag,1,2.591250900459688e-6,0,0,camouflage,17,23
hawkish,campus,1,2.591250900459688e-6,0,0,campus,66,62
hawkish,candour,1,2.591250900459688e-6,0,0,candour,13,13
hawkish,canon,1,2.591250900459688e-6,0,0,canonical,62,62
hawkish,canva,1,2.591250900459688e-6,0,0,canvas,43,41
hawkish,capex,1,2.591250900459688e-6,0,0,capex,34,20
hawkish,capoor,1,2.591250900459688e-6,0,0,capoor,19,14
hawkish,caprici,1,2.591250900459688e-6,0,0,capricious,29,27
hawkish,captiv,1,2.591250900459688e-6,0,0,captive,82,83
hawkish,careless,1,2.591250900459688e-6,0,0,careless,19,36
hawkish,caricatur,1,2.591250900459688e-6,0,0,caricature,33,35
hawkish,carmassi,1,2.591250900459688e-6,0,0,carmassi,13,10
hawkish,carmen,1,2.591250900459688e-6,0,0,carmen,124,87
hawkish,carnegi,1,2.591250900459688e-6,0,0,carnegie,120,103
hawkish,carolin,1,2.591250900459688e-6,0,0,caroline,24,33
hawkish,carrier,1,2.591250900459688e-6,0,0,carriers,51,59
hawkish,casey,1,2.591250900459688e-6,0,0,casey,23,13
hawkish,casino,1,2.591250900459688e-6,0,0,casino,30,25
hawkish,cass,1,2.591250900459688e-6,0,0,cass,42,37
hawkish,cassandra,1,2.591250900459688e-6,0,0,cassandra,10,13
hawkish,castl,1,2.591250900459688e-6,0,0,castle,50,51
hawkish,casual,1,2.591250900459688e-6,0,0,casual,66,68
hawkish,cataclysm,1,2.591250900459688e-6,0,0,cataclysmic,15,25
hawkish,catalog,1,2.591250900459688e-6,0,0,catalog,11,14
hawkish,catapult,1,2.591250900459688e-6,0,0,catapult,10,21
hawkish,cbi,1,2.591250900459688e-6,0,0,cbi,551,176
hawkish,cbrc,1,2.591250900459688e-6,0,0,cbrc,26,14
hawkish,ccbs,1,2.591250900459688e-6,0,0,ccbs,33,16
hawkish,cdo,1,2.591250900459688e-6,0,0,cdo,126,59
hawkish,cdss,1,2.591250900459688e-6,0,0,cdss,69,28
hawkish,cdt,1,2.591250900459688e-6,0,0,cdt,21,21
hawkish,censor,1,2.591250900459688e-6,0,0,censor,6,11
hawkish,centrepiec,1,2.591250900459688e-6,0,0,centrepiece,54,48
hawkish,cepii,1,2.591250900459688e-6,0,0,cepii,21,19
hawkish,cervant,1,2.591250900459688e-6,0,0,cervantes,16,10
hawkish,cesair,1,2.591250900459688e-6,0,0,cesaire,10,10
hawkish,cesifo,1,2.591250900459688e-6,0,0,cesifo,56,44
hawkish,cessat,1,2.591250900459688e-6,0,0,cessation,109,79
hawkish,chaebol,1,2.591250900459688e-6,0,0,chaebols,12,11
hawkish,chairmen,1,2.591250900459688e-6,0,0,chairmen,73,59
hawkish,chalk,1,2.591250900459688e-6,0,0,chalk,22,35
hawkish,chan,1,2.591250900459688e-6,0,0,chan,31,26
hawkish,changeabl,1,2.591250900459688e-6,0,0,changeable,21,21
hawkish,changer,1,2.591250900459688e-6,0,0,changer,75,91
hawkish,chaotic,1,2.591250900459688e-6,0,0,chaotic,38,38
hawkish,charit,1,2.591250900459688e-6,0,0,charitable,85,46
hawkish,charlemagn,1,2.591250900459688e-6,0,0,charlemagne,32,24
hawkish,chat,1,2.591250900459688e-6,0,0,chat,31,33
hawkish,chatham,1,2.591250900459688e-6,0,0,chatham,41,37
hawkish,cheat,1,2.591250900459688e-6,0,0,cheat,26,32
hawkish,chemistri,1,2.591250900459688e-6,0,0,chemistry,27,24
hawkish,cheng,1,2.591250900459688e-6,0,0,cheng,12,10
hawkish,chennai,1,2.591250900459688e-6,0,0,chennai,76,63
hawkish,cherish,1,2.591250900459688e-6,0,0,cherished,37,62
hawkish,chest,1,2.591250900459688e-6,0,0,chest,31,40
hawkish,chiara,1,2.591250900459688e-6,0,0,chiara,44,43
hawkish,chicken,1,2.591250900459688e-6,0,0,chicken,39,46
hawkish,chilean,1,2.591250900459688e-6,0,0,chilean,58,40
hawkish,chill,1,2.591250900459688e-6,0,0,chilling,17,28
hawkish,chord,1,2.591250900459688e-6,0,0,chord,13,14
hawkish,chubu,1,2.591250900459688e-6,0,0,chubu,26,18
hawkish,chuck,1,2.591250900459688e-6,0,0,chuck,23,16
hawkish,ciampi,1,2.591250900459688e-6,0,0,ciampi,30,12
hawkish,cigarett,1,2.591250900459688e-6,0,0,cigarette,17,22
hawkish,circumvent,1,2.591250900459688e-6,0,0,circumvention,32,28
hawkish,cis,1,2.591250900459688e-6,0,0,cis,42,26
hawkish,citizenri,1,2.591250900459688e-6,0,0,citizenry,28,22
hawkish,civilis,1,2.591250900459688e-6,0,0,civilisation,37,54
hawkish,claessen,1,2.591250900459688e-6,0,0,claessens,123,78
hawkish,clamour,1,2.591250900459688e-6,0,0,clamour,16,21
hawkish,clamp,1,2.591250900459688e-6,0,0,clamp,22,21
hawkish,clarida,1,2.591250900459688e-6,0,0,clarida,303,115
hawkish,claudia,1,2.591250900459688e-6,0,0,claudia,51,45
hawkish,clawback,1,2.591250900459688e-6,0,0,clawback,26,22
hawkish,clay,1,2.591250900459688e-6,0,0,clay,29,21
hawkish,cleaner,1,2.591250900459688e-6,0,0,cleaner,80,66
hawkish,clearinghous,1,2.591250900459688e-6,0,0,clearinghouse,117,84
hawkish,clich,1,2.591250900459688e-6,0,0,cliche,40,59
hawkish,cliff,1,2.591250900459688e-6,0,0,cliff,271,197
hawkish,climax,1,2.591250900459688e-6,0,0,climax,23,22
hawkish,cloak,1,2.591250900459688e-6,0,0,cloaked,8,15
hawkish,clone,1,2.591250900459688e-6,0,0,cloning,7,13
hawkish,cmbs,1,2.591250900459688e-6,0,0,cmbs,99,37
hawkish,cnbc,1,2.591250900459688e-6,0,0,cnbc,21,14
hawkish,coaster,1,2.591250900459688e-6,0,0,coaster,24,24
hawkish,coat,1,2.591250900459688e-6,0,0,coat,24,31
hawkish,coauthor,1,2.591250900459688e-6,0,0,coauthors,24,32
hawkish,cochran,1,2.591250900459688e-6,0,0,cochrane,59,38
hawkish,cocktail,1,2.591250900459688e-6,0,0,cocktail,74,44
hawkish,coco,1,2.591250900459688e-6,0,0,cocos,123,35
hawkish,coffer,1,2.591250900459688e-6,0,0,coffers,21,22
hawkish,cogent,1,2.591250900459688e-6,0,0,cogent,17,19
hawkish,coincident,1,2.591250900459688e-6,0,0,coincidentally,41,60
hawkish,collin,1,2.591250900459688e-6,0,0,collins,87,60
hawkish,colloquium,1,2.591250900459688e-6,0,0,colloquium,106,73
hawkish,collud,1,2.591250900459688e-6,0,0,collude,9,14
hawkish,collus,1,2.591250900459688e-6,0,0,collusion,45,44
hawkish,colombia,1,2.591250900459688e-6,0,0,colombia,131,96
hawkish,coloss,1,2.591250900459688e-6,0,0,colossal,20,20
hawkish,comeback,1,2.591250900459688e-6,0,0,comeback,36,34
hawkish,commercialis,1,2.591250900459688e-6,0,0,commercialisation,25,29
hawkish,commoditis,1,2.591250900459688e-6,0,0,commoditised,8,11
hawkish,communautair,1,2.591250900459688e-6,0,0,communautaire,49,44
hawkish,compartmentalis,1,2.591250900459688e-6,0,0,compartmentalisation,8,12
hawkish,compendium,1,2.591250900459688e-6,0,0,compendium,27,24
hawkish,compensatori,1,2.591250900459688e-6,0,0,compensatory,29,28
hawkish,compress,1,2.591250900459688e-6,0,0,compression,303,498
hawkish,computer,1,2.591250900459688e-6,0,0,computerization,46,63
hawkish,computeris,1,2.591250900459688e-6,0,0,computerisation,98,77
hawkish,conceal,1,2.591250900459688e-6,0,0,conceal,71,139
hawkish,concili,1,2.591250900459688e-6,0,0,conciliation,12,13
hawkish,condens,1,2.591250900459688e-6,0,0,condensed,26,36
hawkish,condol,1,2.591250900459688e-6,0,0,condolences,41,41
hawkish,conferenc,1,2.591250900459688e-6,0,0,conferencing,14,12
hawkish,confisc,1,2.591250900459688e-6,0,0,confiscation,12,26
hawkish,conflagr,1,2.591250900459688e-6,0,0,conflagration,11,14
hawkish,conflat,1,2.591250900459688e-6,0,0,conflated,13,34
hawkish,confound,1,2.591250900459688e-6,0,0,confounded,26,62
hawkish,congreg,1,2.591250900459688e-6,0,0,congregate,10,25
hawkish,congruenc,1,2.591250900459688e-6,0,0,congruence,24,27
hawkish,congruent,1,2.591250900459688e-6,0,0,congruent,44,41
hawkish,conjunctur,1,2.591250900459688e-6,0,0,conjuncture,272,253
hawkish,conjur,1,2.591250900459688e-6,0,0,conjure,14,28
hawkish,connecticut,1,2.591250900459688e-6,0,0,connecticut,33,28
hawkish,conquer,1,2.591250900459688e-6,0,0,conquer,23,53
hawkish,conquest,1,2.591250900459688e-6,0,0,conquest,58,39
hawkish,conscienc,1,2.591250900459688e-6,0,0,conscience,37,34
hawkish,consensu,1,2.591250900459688e-6,0,0,consensual,43,41
hawkish,conservatorship,1,2.591250900459688e-6,0,0,conservatorship,41,30
hawkish,consol,1,2.591250900459688e-6,0,0,consols,14,37
hawkish,consortia,1,2.591250900459688e-6,0,0,consortia,22,15
hawkish,conspir,1,2.591250900459688e-6,0,0,conspired,8,16
hawkish,constanc,1,2.591250900459688e-6,0,0,constancy,15,20
hawkish,constancio,1,2.591250900459688e-6,0,0,constancio,310,152
hawkish,constrict,1,2.591250900459688e-6,0,0,constrict,11,39
hawkish,contextu,1,2.591250900459688e-6,0,0,contextual,84,101
hawkish,contractionari,1,2.591250900459688e-6,0,0,contractionary,352,265
hawkish,contrarian,1,2.591250900459688e-6,0,0,contrarian,24,19
hawkish,contravent,1,2.591250900459688e-6,0,0,contravention,13,10
hawkish,convoy,1,2.591250900459688e-6,0,0,convoy,11,10
hawkish,cooler,1,2.591250900459688e-6,0,0,cooler,14,12
hawkish,corpus,1,2.591250900459688e-6,0,0,corpus,34,30
hawkish,corrobor,1,2.591250900459688e-6,0,0,corroborated,61,140
hawkish,costless,1,2.591250900459688e-6,0,0,costless,113,111
hawkish,cote,1,2.591250900459688e-6,0,0,cote,30,20
hawkish,cotton,1,2.591250900459688e-6,0,0,cotton,85,69
hawkish,countdown,1,2.591250900459688e-6,0,0,countdown,21,19
hawkish,counterbal,1,2.591250900459688e-6,0,0,counterbalance,53,56
hawkish,counterbalanc,1,2.591250900459688e-6,0,0,counterbalanced,42,56
hawkish,counterfactu,1,2.591250900459688e-6,0,0,counterfactual,344,204
hawkish,cour,1,2.591250900459688e-6,0,0,cours,14,16
hawkish,coven,1,2.591250900459688e-6,0,0,covenants,118,113
hawkish,covert,1,2.591250900459688e-6,0,0,covert,21,20
hawkish,cow,1,2.591250900459688e-6,0,0,cow,15,22
hawkish,cras,1,2.591250900459688e-6,0,0,cras,119,13
hawkish,crave,1,2.591250900459688e-6,0,0,crave,9,20
hawkish,crawl,1,2.591250900459688e-6,0,0,crawling,44,43
hawkish,crd,1,2.591250900459688e-6,0,0,crd,145,83
hawkish,credenc,1,2.591250900459688e-6,0,0,credence,41,40
hawkish,crew,1,2.591250900459688e-6,0,0,crew,23,24
hawkish,cri,1,2.591250900459688e-6,0,0,cry,54,84
hawkish,crippl,1,2.591250900459688e-6,0,0,crippling,21,44
hawkish,crmpg,1,2.591250900459688e-6,0,0,crmpg,20,12
hawkish,croatia,1,2.591250900459688e-6,0,0,croatia,85,34
hawkish,crosscountri,1,2.591250900459688e-6,0,0,crosscountry,48,47
hawkish,crossov,1,2.591250900459688e-6,0,0,crossover,21,14
hawkish,crossroad,1,2.591250900459688e-6,0,0,crossroads,97,83
hawkish,crowdfund,1,2.591250900459688e-6,0,0,crowdfunding,54,30
hawkish,cruel,1,2.591250900459688e-6,0,0,cruel,13,12
hawkish,crux,1,2.591250900459688e-6,0,0,crux,54,42
hawkish,cryptograph,1,2.591250900459688e-6,0,0,cryptographic,23,20
hawkish,cryptographi,1,2.591250900459688e-6,0,0,cryptography,40,31
hawkish,csd,1,2.591250900459688e-6,0,0,csd,87,37
hawkish,cso,1,2.591250900459688e-6,0,0,cso,36,22
hawkish,csrc,1,2.591250900459688e-6,0,0,csrc,26,19
hawkish,cue,1,2.591250900459688e-6,0,0,cue,37,44
hawkish,culpabl,1,2.591250900459688e-6,0,0,culpability,7,12
hawkish,cusp,1,2.591250900459688e-6,0,0,cusp,52,50
hawkish,cutback,1,2.591250900459688e-6,0,0,cutbacks,104,121
hawkish,cyclon,1,2.591250900459688e-6,0,0,cyclone,34,39
hawkish,dai,1,2.591250900459688e-6,0,0,dai,37,33
hawkish,dam,1,2.591250900459688e-6,0,0,dam,43,38
hawkish,damodaran,1,2.591250900459688e-6,0,0,damodaran,19,17
hawkish,dana,1,2.591250900459688e-6,0,0,dana,17,14
hawkish,danni,1,2.591250900459688e-6,0,0,danny,29,29
hawkish,dario,1,2.591250900459688e-6,0,0,dario,12,11
hawkish,darkest,1,2.591250900459688e-6,0,0,darkest,61,58
hawkish,darwin,1,2.591250900459688e-6,0,0,darwin,32,18
hawkish,deadlock,1,2.591250900459688e-6,0,0,deadlock,21,24
hawkish,deaf,1,2.591250900459688e-6,0,0,deaf,17,17
hawkish,debtto,1,2.591250900459688e-6,0,0,debtto,16,15
hawkish,deck,1,2.591250900459688e-6,0,0,deck,23,18
hawkish,deepali,1,2.591250900459688e-6,0,0,deepali,37,20
hawkish,defi,1,2.591250900459688e-6,0,0,defi,69,82
hawkish,defianc,1,2.591250900459688e-6,0,0,defiance,10,10
hawkish,defunct,1,2.591250900459688e-6,0,0,defunct,31,27
hawkish,deglobalis,1,2.591250900459688e-6,0,0,deglobalisation,43,32
hawkish,deja,1,2.591250900459688e-6,0,0,deja,21,21
hawkish,delet,1,2.591250900459688e-6,0,0,deleted,77,49
hawkish,deleteri,1,2.591250900459688e-6,0,0,deleterious,52,49
hawkish,delink,1,2.591250900459688e-6,0,0,delinking,15,30
hawkish,delud,1,2.591250900459688e-6,0,0,delude,9,24
hawkish,delug,1,2.591250900459688e-6,0,0,deluge,28,23
hawkish,delus,1,2.591250900459688e-6,0,0,delusion,13,22
hawkish,demarc,1,2.591250900459688e-6,0,0,demarcation,42,48
hawkish,denni,1,2.591250900459688e-6,0,0,dennis,45,41
hawkish,department,1,2.591250900459688e-6,0,0,departmental,51,47
hawkish,deplor,1,2.591250900459688e-6,0,0,deplorable,5,11
hawkish,deput,1,2.591250900459688e-6,0,0,deputation,7,14
hawkish,derail,1,2.591250900459688e-6,0,0,derail,96,153
hawkish,deregulatori,1,2.591250900459688e-6,0,0,deregulatory,20,18
hawkish,desktop,1,2.591250900459688e-6,0,0,desktop,17,18
hawkish,desper,1,2.591250900459688e-6,0,0,desperate,52,83
hawkish,destitut,1,2.591250900459688e-6,0,0,destitute,6,12
hawkish,determinist,1,2.591250900459688e-6,0,0,deterministic,39,28
hawkish,dev,1,2.591250900459688e-6,0,0,dev,22,14
hawkish,devour,1,2.591250900459688e-6,0,0,devoured,6,17
hawkish,dia,1,2.591250900459688e-6,0,0,dia,26,33
hawkish,diagnost,1,2.591250900459688e-6,0,0,diagnostic,83,79
hawkish,diagram,1,2.591250900459688e-6,0,0,diagram,127,69
hawkish,dialog,1,2.591250900459688e-6,0,0,dialog,18,18
hawkish,diametr,1,2.591250900459688e-6,0,0,diametrically,18,17
hawkish,diari,1,2.591250900459688e-6,0,0,diary,38,50
hawkish,diaz,1,2.591250900459688e-6,0,0,diaz,98,83
hawkish,didact,1,2.591250900459688e-6,0,0,didactic,11,12
hawkish,digitis,1,2.591250900459688e-6,0,0,digitisation,79,84
hawkish,dine,1,2.591250900459688e-6,0,0,dining,89,65
hawkish,diploma,1,2.591250900459688e-6,0,0,diploma,58,47
hawkish,diplomaci,1,2.591250900459688e-6,0,0,diplomacy,33,29
hawkish,disallow,1,2.591250900459688e-6,0,0,disallow,10,24
hawkish,disapprov,1,2.591250900459688e-6,0,0,disapproval,9,27
hawkish,disassoci,1,2.591250900459688e-6,0,0,disassociated,5,10
hawkish,disconcert,1,2.591250900459688e-6,0,0,disconcerting,24,29
hawkish,discont,1,2.591250900459688e-6,0,0,discontent,38,48
hawkish,discreet,1,2.591250900459688e-6,0,0,discreet,16,19
hawkish,disentangl,1,2.591250900459688e-6,0,0,disentangle,146,197
hawkish,disguis,1,2.591250900459688e-6,0,0,disguised,52,104
hawkish,dishonest,1,2.591250900459688e-6,0,0,dishonest,30,26
hawkish,disillusion,1,2.591250900459688e-6,0,0,disillusionment,29,28
hawkish,disinterest,1,2.591250900459688e-6,0,0,disinterested,19,19
hawkish,dispel,1,2.591250900459688e-6,0,0,dispelled,132,223
hawkish,displac,1,2.591250900459688e-6,0,0,displaced,207,276
hawkish,dissatisfi,1,2.591250900459688e-6,0,0,dissatisfied,25,18
hawkish,dissert,1,2.591250900459688e-6,0,0,dissertation,33,29
hawkish,dissip,1,2.591250900459688e-6,0,0,dissipate,317,539
hawkish,dissolut,1,2.591250900459688e-6,0,0,dissolution,36,33
hawkish,disson,1,2.591250900459688e-6,0,0,dissonance,26,18
hawkish,dissuad,1,2.591250900459688e-6,0,0,dissuade,17,40
hawkish,distributor,1,2.591250900459688e-6,0,0,distributors,55,48
hawkish,divorc,1,2.591250900459688e-6,0,0,divorced,42,63
hawkish,dixit,1,2.591250900459688e-6,0,0,dixit,48,28
hawkish,dizzi,1,2.591250900459688e-6,0,0,dizzying,15,20
hawkish,dmitri,1,2.591250900459688e-6,0,0,dmitry,14,13
hawkish,dnb,1,2.591250900459688e-6,0,0,dnb,47,37
hawkish,docket,1,2.591250900459688e-6,0,0,docket,28,17
hawkish,doctrinair,1,2.591250900459688e-6,0,0,doctrinaire,19,17
hawkish,dogmat,1,2.591250900459688e-6,0,0,dogmatic,33,41
hawkish,doll,1,2.591250900459688e-6,0,0,dolls,9,10
hawkish,dollaris,1,2.591250900459688e-6,0,0,dollarisation,73,42
hawkish,doorstep,1,2.591250900459688e-6,0,0,doorstep,66,67
hawkish,dornbusch,1,2.591250900459688e-6,0,0,dornbusch,74,50
hawkish,dorrucci,1,2.591250900459688e-6,0,0,dorrucci,30,23
hawkish,dos,1,2.591250900459688e-6,0,0,dos,29,20
hawkish,dotcom,1,2.591250900459688e-6,0,0,dotcom,67,58
hawkish,doubli,1,2.591250900459688e-6,0,0,doubly,48,48
hawkish,doubter,1,2.591250900459688e-6,0,0,doubters,10,10
hawkish,doubtless,1,2.591250900459688e-6,0,0,doubtless,257,200
hawkish,dove,1,2.591250900459688e-6,0,0,doves,38,45
hawkish,dow,1,2.591250900459688e-6,0,0,dow,114,81
hawkish,downsiz,1,2.591250900459688e-6,0,0,downsizing,97,128
hawkish,downstream,1,2.591250900459688e-6,0,0,downstream,117,100
hawkish,downtim,1,2.591250900459688e-6,0,0,downtime,17,15
hawkish,drachma,1,2.591250900459688e-6,0,0,drachma,28,21
hawkish,drama,1,2.591250900459688e-6,0,0,drama,54,47
hawkish,drawdown,1,2.591250900459688e-6,0,0,drawdown,58,56
hawkish,dread,1,2.591250900459688e-6,0,0,dread,30,30
hawkish,dress,1,2.591250900459688e-6,0,0,dress,27,57
hawkish,drucker,1,2.591250900459688e-6,0,0,drucker,18,16
hawkish,dualiti,1,2.591250900459688e-6,0,0,duality,37,29
hawkish,dub,1,2.591250900459688e-6,0,0,dubbed,101,102
hawkish,dubai,1,2.591250900459688e-6,0,0,dubai,46,45
hawkish,duffi,1,2.591250900459688e-6,0,0,duffie,76,53
hawkish,duma,1,2.591250900459688e-6,0,0,duma,156,71
hawkish,dump,1,2.591250900459688e-6,0,0,dumping,44,63
hawkish,durban,1,2.591250900459688e-6,0,0,durban,37,27
hawkish,dvp,1,2.591250900459688e-6,0,0,dvp,171,82
hawkish,dweller,1,2.591250900459688e-6,0,0,dwellers,13,11
hawkish,dwelt,1,2.591250900459688e-6,0,0,dwelt,30,30
hawkish,dwyer,1,2.591250900459688e-6,0,0,dwyer,16,12
hawkish,dynan,1,2.591250900459688e-6,0,0,dynan,49,32
hawkish,dynasti,1,2.591250900459688e-6,0,0,dynasty,10,13
hawkish,ear,1,2.591250900459688e-6,0,0,ears,71,88
hawkish,eb,1,2.591250900459688e-6,0,0,ebbing,34,69
hawkish,ecbconfer,1,2.591250900459688e-6,0,0,ecbconference,11,11
hawkish,echelon,1,2.591250900459688e-6,0,0,echelons,14,14
hawkish,economia,1,2.591250900459688e-6,0,0,economia,55,47
hawkish,economica,1,2.591250900459688e-6,0,0,economica,82,76
hawkish,ecuador,1,2.591250900459688e-6,0,0,ecuador,31,25
hawkish,eden,1,2.591250900459688e-6,0,0,eden,16,13
hawkish,edi,1,2.591250900459688e-6,0,0,edis,92,45
hawkish,eduardo,1,2.591250900459688e-6,0,0,eduardo,30,22
hawkish,edwin,1,2.591250900459688e-6,0,0,edwin,27,24
hawkish,eea,1,2.591250900459688e-6,0,0,eea,93,48
hawkish,effectu,1,2.591250900459688e-6,0,0,effectuate,7,14
hawkish,effortless,1,2.591250900459688e-6,0,0,effortless,11,16
hawkish,eftpo,1,2.591250900459688e-6,0,0,eftpos,86,25
hawkish,egon,1,2.591250900459688e-6,0,0,egon,31,24
hawkish,egregi,1,2.591250900459688e-6,0,0,egregious,38,37
hawkish,egypt,1,2.591250900459688e-6,0,0,egypt,70,49
hawkish,elena,1,2.591250900459688e-6,0,0,elena,26,24
hawkish,elia,1,2.591250900459688e-6,0,0,elias,14,10
hawkish,elsevi,1,2.591250900459688e-6,0,0,elsevier,174,132
hawkish,elucid,1,2.591250900459688e-6,0,0,elucidate,30,55
hawkish,elud,1,2.591250900459688e-6,0,0,eluded,21,39
hawkish,emancip,1,2.591250900459688e-6,0,0,emancipation,9,14
hawkish,emb,1,2.591250900459688e-6,0,0,embed,176,184
hawkish,embroil,1,2.591250900459688e-6,0,0,embroiled,17,17
hawkish,emigr,1,2.591250900459688e-6,0,0,emigration,33,53
hawkish,emphat,1,2.591250900459688e-6,0,0,emphatically,52,63
hawkish,emption,1,2.591250900459688e-6,0,0,emptions,56,83
hawkish,emptor,1,2.591250900459688e-6,0,0,emptor,37,29
hawkish,emv,1,2.591250900459688e-6,0,0,emv,44,28
hawkish,encor,1,2.591250900459688e-6,0,0,encore,17,17
hawkish,encroach,1,2.591250900459688e-6,0,0,encroach,11,30
hawkish,encrypt,1,2.591250900459688e-6,0,0,encryption,50,54
hawkish,endem,1,2.591250900459688e-6,0,0,endemic,40,38
hawkish,endmarch,1,2.591250900459688e-6,0,0,endmarch,21,19
hawkish,energet,1,2.591250900459688e-6,0,0,energetic,41,47
hawkish,enquir,1,2.591250900459688e-6,0,0,enquiring,11,18
hawkish,enriqu,1,2.591250900459688e-6,0,0,enrique,49,40
hawkish,ensuit,1,2.591250900459688e-6,0,0,ensuite,15,14
hawkish,entangl,1,2.591250900459688e-6,0,0,entangled,13,25
hawkish,enterprisewid,1,2.591250900459688e-6,0,0,enterprisewide,25,14
hawkish,entertain,1,2.591250900459688e-6,0,0,entertainment,100,187
hawkish,entranc,1,2.591250900459688e-6,0,0,entrance,45,41
hawkish,entwicklung,1,2.591250900459688e-6,0,0,entwicklung,10,10
hawkish,entwicklungen,1,2.591250900459688e-6,0,0,entwicklungen,12,12
hawkish,ephemer,1,2.591250900459688e-6,0,0,ephemeral,52,47
hawkish,epidemiolog,1,2.591250900459688e-6,0,0,epidemiological,46,39
hawkish,erdem,1,2.591250900459688e-6,0,0,erdem,67,49
hawkish,eri,1,2.591250900459688e-6,0,0,eri,66,47
hawkish,erich,1,2.591250900459688e-6,0,0,erich,14,11
hawkish,erpb,1,2.591250900459688e-6,0,0,erpb,91,21
hawkish,erstwhil,1,2.591250900459688e-6,0,0,erstwhile,57,47
hawkish,eskom,1,2.591250900459688e-6,0,0,eskom,30,25
hawkish,eth,1,2.591250900459688e-6,0,0,eth,56,21
hawkish,ethanol,1,2.591250900459688e-6,0,0,ethanol,15,10
hawkish,euphemist,1,2.591250900459688e-6,0,0,euphemistically,11,11
hawkish,euphor,1,2.591250900459688e-6,0,0,euphoric,21,21
hawkish,eurobaromet,1,2.591250900459688e-6,0,0,eurobarometer,155,85
hawkish,eurodenomin,1,2.591250900459688e-6,0,0,eurodenominated,37,31
hawkish,eurodollar,1,2.591250900459688e-6,0,0,eurodollar,79,42
hawkish,europaischen,1,2.591250900459688e-6,0,0,europaischen,28,20
hawkish,evict,1,2.591250900459688e-6,0,0,eviction,15,17
hawkish,exam,1,2.591250900459688e-6,0,0,exam,77,95
hawkish,excurs,1,2.591250900459688e-6,0,0,excursions,6,10
hawkish,expend,1,2.591250900459688e-6,0,0,expended,38,63
hawkish,expound,1,2.591250900459688e-6,0,0,expounded,21,35
hawkish,expropri,1,2.591250900459688e-6,0,0,expropriation,28,24
hawkish,extinguish,1,2.591250900459688e-6,0,0,extinguish,15,37
hawkish,extremi,1,2.591250900459688e-6,0,0,extremis,41,39
hawkish,ezb,1,2.591250900459688e-6,0,0,ezb,46,32
hawkish,fabrizio,1,2.591250900459688e-6,0,0,fabrizio,45,44
hawkish,faci,1,2.591250900459688e-6,0,0,facie,67,63
hawkish,factsheet,1,2.591250900459688e-6,0,0,factsheet,9,11
hawkish,faint,1,2.591250900459688e-6,0,0,faint,25,26
hawkish,fairi,1,2.591250900459688e-6,0,0,fairy,22,19
hawkish,fallback,1,2.591250900459688e-6,0,0,fallback,130,47
hawkish,falsifi,1,2.591250900459688e-6,0,0,falsified,22,29
hawkish,fantast,1,2.591250900459688e-6,0,0,fantastic,60,55
hawkish,fargo,1,2.591250900459688e-6,0,0,fargo,38,28
hawkish,farsight,1,2.591250900459688e-6,0,0,farsighted,10,10
hawkish,fasb,1,2.591250900459688e-6,0,0,fasb,104,39
hawkish,fat,1,2.591250900459688e-6,0,0,fat,141,67
hawkish,fatigu,1,2.591250900459688e-6,0,0,fatigue,68,56
hawkish,favorit,1,2.591250900459688e-6,0,0,favorite,33,37
hawkish,fccbs,1,2.591250900459688e-6,0,0,fccbs,22,12
hawkish,fearless,1,2.591250900459688e-6,0,0,fearless,11,15
hawkish,fedai,1,2.591250900459688e-6,0,0,fedai,136,27
hawkish,federalist,1,2.591250900459688e-6,0,0,federalist,17,15
hawkish,fednow,1,2.591250900459688e-6,0,0,fednow,124,28
hawkish,fedspeak,1,2.591250900459688e-6,0,0,fedspeak,17,14
hawkish,fergal,1,2.591250900459688e-6,0,0,fergal,47,45
hawkish,feroci,1,2.591250900459688e-6,0,0,ferocious,11,18
hawkish,fervent,1,2.591250900459688e-6,0,0,fervent,16,23
hawkish,fiction,1,2.591250900459688e-6,0,0,fiction,66,61
hawkish,fictiti,1,2.591250900459688e-6,0,0,fictitious,33,21
hawkish,fin,1,2.591250900459688e-6,0,0,fin,75,37
hawkish,finan,1,2.591250900459688e-6,0,0,finan,14,15
hawkish,finer,1,2.591250900459688e-6,0,0,finer,51,47
hawkish,finger,1,2.591250900459688e-6,0,0,finger,51,73
hawkish,finn,1,2.591250900459688e-6,0,0,finn,37,33
hawkish,finsia,1,2.591250900459688e-6,0,0,finsia,20,16
hawkish,firesal,1,2.591250900459688e-6,0,0,firesales,13,14
hawkish,firsthand,1,2.591250900459688e-6,0,0,firsthand,56,54
hawkish,fittest,1,2.591250900459688e-6,0,0,fittest,17,17
hawkish,flatten,1,2.591250900459688e-6,0,0,flattening,316,379
hawkish,flavor,1,2.591250900459688e-6,0,0,flavor,27,31
hawkish,fledgl,1,2.591250900459688e-6,0,0,fledgling,49,44
hawkish,fleme,1,2.591250900459688e-6,0,0,fleming,76,43
hawkish,flock,1,2.591250900459688e-6,0,0,flock,10,18
hawkish,flour,1,2.591250900459688e-6,0,0,flour,18,11
hawkish,flower,1,2.591250900459688e-6,0,0,flowers,28,37
hawkish,flown,1,2.591250900459688e-6,0,0,flown,27,26
hawkish,foi,1,2.591250900459688e-6,0,0,fois,15,13
hawkish,folk,1,2.591250900459688e-6,0,0,folk,30,41
hawkish,foment,1,2.591250900459688e-6,0,0,fomenting,4,10
hawkish,fondo,1,2.591250900459688e-6,0,0,fondo,11,10
hawkish,fool,1,2.591250900459688e-6,0,0,fool,48,74
hawkish,foolproof,1,2.591250900459688e-6,0,0,foolproof,31,25
hawkish,footbal,1,2.591250900459688e-6,0,0,football,94,56
hawkish,footstep,1,2.591250900459688e-6,0,0,footsteps,40,40
hawkish,foray,1,2.591250900459688e-6,0,0,foray,20,31
hawkish,forbid,1,2.591250900459688e-6,0,0,forbid,17,34
hawkish,forbidden,1,2.591250900459688e-6,0,0,forbidden,37,31
hawkish,fordham,1,2.591250900459688e-6,0,0,fordham,15,15
hawkish,forebear,1,2.591250900459688e-6,0,0,forebears,25,24
hawkish,foregon,1,2.591250900459688e-6,0,0,foregone,85,79
hawkish,forerunn,1,2.591250900459688e-6,0,0,forerunner,57,68
hawkish,forest,1,2.591250900459688e-6,0,0,forest,108,102
hawkish,forfeit,1,2.591250900459688e-6,0,0,forfeited,15,31
hawkish,forrest,1,2.591250900459688e-6,0,0,forrest,15,23
hawkish,fortitud,1,2.591250900459688e-6,0,0,fortitude,12,10
hawkish,fortress,1,2.591250900459688e-6,0,0,fortress,44,35
hawkish,forwardlook,1,2.591250900459688e-6,0,0,forwardlooking,79,76
hawkish,foulger,1,2.591250900459688e-6,0,0,foulger,21,20
hawkish,fps,1,2.591250900459688e-6,0,0,fps,60,26
hawkish,franci,1,2.591250900459688e-6,0,0,francis,103,79
hawkish,franco,1,2.591250900459688e-6,0,0,franco,89,53
hawkish,franklin,1,2.591250900459688e-6,0,0,franklin,133,101
hawkish,franz,1,2.591250900459688e-6,0,0,franz,22,14
hawkish,fraudster,1,2.591250900459688e-6,0,0,fraudsters,72,41
hawkish,freedman,1,2.591250900459688e-6,0,0,freedman,37,20
hawkish,freier,1,2.591250900459688e-6,0,0,freier,17,14
hawkish,frenet,1,2.591250900459688e-6,0,0,frenetic,37,36
hawkish,frenzi,1,2.591250900459688e-6,0,0,frenzy,42,39
hawkish,freund,1,2.591250900459688e-6,0,0,freund,22,21
hawkish,fri,1,2.591250900459688e-6,0,0,fry,26,30
hawkish,frictionless,1,2.591250900459688e-6,0,0,frictionless,74,64
hawkish,frighten,1,2.591250900459688e-6,0,0,frightening,31,44
hawkish,frown,1,2.591250900459688e-6,0,0,frowned,22,29
hawkish,fructifi,1,2.591250900459688e-6,0,0,fructify,13,17
hawkish,fsdc,1,2.591250900459688e-6,0,0,fsdc,151,59
hawkish,fsi,1,2.591250900459688e-6,0,0,fsi,44,27
hawkish,fudg,1,2.591250900459688e-6,0,0,fudged,5,11
hawkish,fujita,1,2.591250900459688e-6,0,0,fujita,17,11
hawkish,fun,1,2.591250900459688e-6,0,0,fun,67,60
hawkish,furlough,1,2.591250900459688e-6,0,0,furlough,291,61
hawkish,furnitur,1,2.591250900459688e-6,0,0,furniture,143,122
hawkish,furthest,1,2.591250900459688e-6,0,0,furthest,24,24
hawkish,fuse,1,2.591250900459688e-6,0,0,fuse,10,14
hawkish,futurist,1,2.591250900459688e-6,0,0,futuristic,24,24
hawkish,fuzzi,1,2.591250900459688e-6,0,0,fuzzy,31,33
hawkish,gaap,1,2.591250900459688e-6,0,0,gaap,104,51
hawkish,gadget,1,2.591250900459688e-6,0,0,gadgets,12,12
hawkish,galaxi,1,2.591250900459688e-6,0,0,galaxy,21,18
hawkish,gamut,1,2.591250900459688e-6,0,0,gamut,87,83
hawkish,ganesh,1,2.591250900459688e-6,0,0,ganesh,11,10
hawkish,garcia,1,2.591250900459688e-6,0,0,garcia,136,99
hawkish,gaze,1,2.591250900459688e-6,0,0,gaze,21,33
hawkish,gdr,1,2.591250900459688e-6,0,0,gdr,23,13
hawkish,geithner,1,2.591250900459688e-6,0,0,geithner,42,28
hawkish,geldpolitik,1,2.591250900459688e-6,0,0,geldpolitik,26,20
hawkish,gene,1,2.591250900459688e-6,0,0,gene,42,27
hawkish,geni,1,2.591250900459688e-6,0,0,genie,26,27
hawkish,genius,1,2.591250900459688e-6,0,0,genius,49,43
hawkish,geoff,1,2.591250900459688e-6,0,0,geoff,36,29
hawkish,gerken,1,2.591250900459688e-6,0,0,gerken,48,26
hawkish,gestat,1,2.591250900459688e-6,0,0,gestation,56,51
hawkish,gestion,1,2.591250900459688e-6,0,0,gestion,12,11
hawkish,gfc,1,2.591250900459688e-6,0,0,gfc,685,175
hawkish,ghosh,1,2.591250900459688e-6,0,0,ghosh,97,67
hawkish,gibson,1,2.591250900459688e-6,0,0,gibson,34,22
hawkish,gil,1,2.591250900459688e-6,0,0,gil,15,13
hawkish,gilbert,1,2.591250900459688e-6,0,0,gilbert,15,15
hawkish,giro,1,2.591250900459688e-6,0,0,giro,25,22
hawkish,giuzio,1,2.591250900459688e-6,0,0,giuzio,20,13
hawkish,glasgow,1,2.591250900459688e-6,0,0,glasgow,97,63
hawkish,glide,1,2.591250900459688e-6,0,0,glide,26,26
hawkish,gloom,1,2.591250900459688e-6,0,0,gloom,80,74
hawkish,gloomi,1,2.591250900459688e-6,0,0,gloomy,138,120
hawkish,glorious,1,2.591250900459688e-6,0,0,glorious,41,36
hawkish,gnpa,1,2.591250900459688e-6,0,0,gnpa,29,20
hawkish,goa,1,2.591250900459688e-6,0,0,goa,72,28
hawkish,goi,1,2.591250900459688e-6,0,0,goi,99,52
hawkish,goldilock,1,2.591250900459688e-6,0,0,goldilocks,53,32
hawkish,goldstein,1,2.591250900459688e-6,0,0,goldstein,47,26
hawkish,gome,1,2.591250900459688e-6,0,0,gomes,25,19
hawkish,gong,1,2.591250900459688e-6,0,0,gong,15,13
hawkish,goodfriend,1,2.591250900459688e-6,0,0,goodfriend,135,75
hawkish,googl,1,2.591250900459688e-6,0,0,google,213,115
hawkish,goos,1,2.591250900459688e-6,0,0,goose,22,19
hawkish,gould,1,2.591250900459688e-6,0,0,gould,14,20
hawkish,govt,1,2.591250900459688e-6,0,0,govt,72,43
hawkish,gps,1,2.591250900459688e-6,0,0,gps,11,10
hawkish,grad,1,2.591250900459688e-6,0,0,grad,6,11
hawkish,gram,1,2.591250900459688e-6,0,0,grams,26,29
hawkish,graphic,1,2.591250900459688e-6,0,0,graphic,51,114
hawkish,gravit,1,2.591250900459688e-6,0,0,gravitate,35,81
hawkish,gray,1,2.591250900459688e-6,0,0,gray,82,57
hawkish,greas,1,2.591250900459688e-6,0,0,grease,33,34
hawkish,greener,1,2.591250900459688e-6,0,0,greener,140,89
hawkish,greenwash,1,2.591250900459688e-6,0,0,greenwashing,36,23
hawkish,grey,1,2.591250900459688e-6,0,0,grey,156,122
hawkish,gridlock,1,2.591250900459688e-6,0,0,gridlock,52,48
hawkish,griffith,1,2.591250900459688e-6,0,0,griffith,19,20
hawkish,grim,1,2.591250900459688e-6,0,0,grim,45,45
hawkish,grind,1,2.591250900459688e-6,0,0,grind,21,43
hawkish,grossman,1,2.591250900459688e-6,0,0,grossman,42,21
hawkish,groundbreak,1,2.591250900459688e-6,0,0,groundbreaking,27,25
hawkish,grudg,1,2.591250900459688e-6,0,0,grudging,7,13
hawkish,guangdong,1,2.591250900459688e-6,0,0,guangdong,28,14
hawkish,guild,1,2.591250900459688e-6,0,0,guild,25,28
hawkish,guilder,1,2.591250900459688e-6,0,0,guilder,27,28
hawkish,guildhal,1,2.591250900459688e-6,0,0,guildhall,20,16
hawkish,guis,1,2.591250900459688e-6,0,0,guise,41,59
hawkish,gullibl,1,2.591250900459688e-6,0,0,gullible,18,17
hawkish,gun,1,2.591250900459688e-6,0,0,gun,22,36
hawkish,gunnella,1,2.591250900459688e-6,0,0,gunnella,18,13
hawkish,guo,1,2.591250900459688e-6,0,0,guo,64,31
hawkish,gut,1,2.591250900459688e-6,0,0,gut,19,25
hawkish,haan,1,2.591250900459688e-6,0,0,haan,60,38
hawkish,haben,1,2.591250900459688e-6,0,0,haben,23,16
hawkish,habitat,1,2.591250900459688e-6,0,0,habitat,101,68
hawkish,hacker,1,2.591250900459688e-6,0,0,hackers,39,37
hawkish,hagu,1,2.591250900459688e-6,0,0,hague,14,13
hawkish,hahn,1,2.591250900459688e-6,0,0,hahn,46,28
hawkish,hale,1,2.591250900459688e-6,0,0,hale,21,17
hawkish,halifax,1,2.591250900459688e-6,0,0,halifax,146,79
hawkish,halim,1,2.591250900459688e-6,0,0,halim,30,20
hawkish,haltiwang,1,2.591250900459688e-6,0,0,haltiwanger,82,57
hawkish,hamilton,1,2.591250900459688e-6,0,0,hamilton,211,110
hawkish,handhold,1,2.591250900459688e-6,0,0,handholding,29,28
hawkish,handset,1,2.591250900459688e-6,0,0,handsets,13,19
hawkish,handsom,1,2.591250900459688e-6,0,0,handsomely,22,28
hawkish,hank,1,2.591250900459688e-6,0,0,hank,48,28
hawkish,hardwir,1,2.591250900459688e-6,0,0,hardwired,20,26
hawkish,hash,1,2.591250900459688e-6,0,0,hash,9,12
hawkish,hassl,1,2.591250900459688e-6,0,0,hassle,54,53
hawkish,hastili,1,2.591250900459688e-6,0,0,hastily,36,35
hawkish,hatr,1,2.591250900459688e-6,0,0,hatred,17,15
hawkish,haul,1,2.591250900459688e-6,0,0,haul,72,60
hawkish,haver,1,2.591250900459688e-6,0,0,haver,191,106
hawkish,hawkish,1,2.591250900459688e-6,0,0,hawkish,33,26
hawkish,heartili,1,2.591250900459688e-6,0,0,heartily,12,12
hawkish,hector,1,2.591250900459688e-6,0,0,hector,33,21
hawkish,hefti,1,2.591250900459688e-6,0,0,hefty,36,35
hawkish,hegemoni,1,2.591250900459688e-6,0,0,hegemony,17,14
hawkish,heider,1,2.591250900459688e-6,0,0,heider,86,53
hawkish,heinz,1,2.591250900459688e-6,0,0,heinz,28,25
hawkish,helen,1,2.591250900459688e-6,0,0,helene,55,73
hawkish,hell,1,2.591250900459688e-6,0,0,hell,28,24
hawkish,helsinki,1,2.591250900459688e-6,0,0,helsinki,89,66
hawkish,hen,1,2.591250900459688e-6,0,0,hen,10,25
hawkish,henceforth,1,2.591250900459688e-6,0,0,henceforth,84,78
hawkish,hensarl,1,2.591250900459688e-6,0,0,hensarling,10,10
hawkish,herb,1,2.591250900459688e-6,0,0,herb,25,16
hawkish,herbert,1,2.591250900459688e-6,0,0,herbert,55,42
hawkish,heretofor,1,2.591250900459688e-6,0,0,heretofore,27,26
hawkish,herfindahl,1,2.591250900459688e-6,0,0,herfindahl,24,21
hawkish,herman,1,2.591250900459688e-6,0,0,herman,31,28
hawkish,herr,1,2.591250900459688e-6,0,0,herr,24,15
hawkish,hess,1,2.591250900459688e-6,0,0,hess,39,42
hawkish,heurist,1,2.591250900459688e-6,0,0,heuristics,57,45
hawkish,heyday,1,2.591250900459688e-6,0,0,heyday,32,35
hawkish,hfcs,1,2.591250900459688e-6,0,0,hfcs,84,40
hawkish,highqual,1,2.591250900459688e-6,0,0,highquality,51,49
hawkish,highway,1,2.591250900459688e-6,0,0,highways,64,74
hawkish,hill,1,2.591250900459688e-6,0,0,hills,125,160
hawkish,hindi,1,2.591250900459688e-6,0,0,hindi,20,15
hawkish,hiroshi,1,2.591250900459688e-6,0,0,hiroshi,107,66
hawkish,hirschman,1,2.591250900459688e-6,0,0,hirschman,31,22
hawkish,hiv,1,2.591250900459688e-6,0,0,hiv,44,20
hawkish,hkma,1,2.591250900459688e-6,0,0,hkma,29,19
hawkish,hmda,1,2.591250900459688e-6,0,0,hmda,308,52
hawkish,hoerova,1,2.591250900459688e-6,0,0,hoerova,61,39
hawkish,holm,1,2.591250900459688e-6,0,0,holm,45,54
hawkish,homer,1,2.591250900459688e-6,0,0,homer,40,31
hawkish,hometown,1,2.591250900459688e-6,0,0,hometown,24,23
hawkish,hopeless,1,2.591250900459688e-6,0,0,hopeless,28,36
hawkish,horribl,1,2.591250900459688e-6,0,0,horrible,11,21
hawkish,hors,1,2.591250900459688e-6,0,0,horse,93,79
hawkish,horst,1,2.591250900459688e-6,0,0,horst,19,17
hawkish,howitt,1,2.591250900459688e-6,0,0,howitt,27,17
hawkish,htm,1,2.591250900459688e-6,0,0,htm,94,43
hawkish,huang,1,2.591250900459688e-6,0,0,huang,52,37
hawkish,hubbard,1,2.591250900459688e-6,0,0,hubbard,30,23
hawkish,hubert,1,2.591250900459688e-6,0,0,hubert,12,11
hawkish,hubri,1,2.591250900459688e-6,0,0,hubris,59,44
hawkish,hugh,1,2.591250900459688e-6,0,0,hughes,48,69
hawkish,hungarian,1,2.591250900459688e-6,0,0,hungarian,43,26
hawkish,hunger,1,2.591250900459688e-6,0,0,hunger,19,18
hawkish,hurrican,1,2.591250900459688e-6,0,0,hurricanes,156,117
hawkish,husband,1,2.591250900459688e-6,0,0,husband,39,37
hawkish,hyderabad,1,2.591250900459688e-6,0,0,hyderabad,157,104
hawkish,hydrocarbon,1,2.591250900459688e-6,0,0,hydrocarbons,13,16
hawkish,hyperbol,1,2.591250900459688e-6,0,0,hyperbolic,28,18
hawkish,iadi,1,2.591250900459688e-6,0,0,iadi,16,10
hawkish,iai,1,2.591250900459688e-6,0,0,iais,155,50
hawkish,iasb,1,2.591250900459688e-6,0,0,iasb,152,58
hawkish,icai,1,2.591250900459688e-6,0,0,icai,65,29
hawkish,idealis,1,2.591250900459688e-6,0,0,idealised,24,20
hawkish,idrbt,1,2.591250900459688e-6,0,0,idrbt,204,58
hawkish,ifr,1,2.591250900459688e-6,0,0,ifrs,295,107
hawkish,ignazio,1,2.591250900459688e-6,0,0,ignazio,18,18
hawkish,ignit,1,2.591250900459688e-6,0,0,ignited,41,98
hawkish,iib,1,2.591250900459688e-6,0,0,iibs,23,12
hawkish,iit,1,2.591250900459688e-6,0,0,iit,28,25
hawkish,illiteraci,1,2.591250900459688e-6,0,0,illiteracy,70,42
hawkish,illusori,1,2.591250900459688e-6,0,0,illusory,71,66
hawkish,imageri,1,2.591250900459688e-6,0,0,imagery,18,17
hawkish,imaginari,1,2.591250900459688e-6,0,0,imaginary,26,23
hawkish,imbib,1,2.591250900459688e-6,0,0,imbibed,17,36
hawkish,immobil,1,2.591250900459688e-6,0,0,immobile,13,30
hawkish,immor,1,2.591250900459688e-6,0,0,immoral,16,15
hawkish,immunis,1,2.591250900459688e-6,0,0,immunised,4,11
hawkish,immut,1,2.591250900459688e-6,0,0,immutable,47,45
hawkish,impecc,1,2.591250900459688e-6,0,0,impeccable,25,25
hawkish,imperi,1,2.591250900459688e-6,0,0,imperial,103,80
hawkish,imperil,1,2.591250900459688e-6,0,0,imperil,31,46
hawkish,imperson,1,2.591250900459688e-6,0,0,impersonal,18,23
hawkish,impervi,1,2.591250900459688e-6,0,0,impervious,29,31
hawkish,implod,1,2.591250900459688e-6,0,0,implode,12,25
hawkish,impoverish,1,2.591250900459688e-6,0,0,impoverished,26,43
hawkish,impregn,1,2.591250900459688e-6,0,0,impregnable,7,11
hawkish,imprison,1,2.591250900459688e-6,0,0,imprisonment,10,17
hawkish,in,1,2.591250900459688e-6,0,0,ins,75,55
hawkish,inaccess,1,2.591250900459688e-6,0,0,inaccessible,30,34
hawkish,inal,1,2.591250900459688e-6,0,0,inally,7,14
hawkish,inbuilt,1,2.591250900459688e-6,0,0,inbuilt,33,32
hawkish,incalcul,1,2.591250900459688e-6,0,0,incalculable,20,21
hawkish,incap,1,2.591250900459688e-6,0,0,incapable,68,73
hawkish,incapac,1,2.591250900459688e-6,0,0,incapacity,27,16
hawkish,incarcer,1,2.591250900459688e-6,0,0,incarcerated,6,10
hawkish,incarn,1,2.591250900459688e-6,0,0,incarnation,29,40
hawkish,incentivis,1,2.591250900459688e-6,0,0,incentivise,191,300
hawkish,incl,1,2.591250900459688e-6,0,0,incl,21,17
hawkish,incoher,1,2.591250900459688e-6,0,0,incoherence,14,26
hawkish,incompar,1,2.591250900459688e-6,0,0,incomparable,17,26
hawkish,incomprehens,1,2.591250900459688e-6,0,0,incomprehensible,14,21
hawkish,incongru,1,2.591250900459688e-6,0,0,incongruous,7,16
hawkish,inconsequenti,1,2.591250900459688e-6,0,0,inconsequential,25,25
hawkish,inconsider,1,2.591250900459688e-6,0,0,inconsiderable,12,12
hawkish,incub,1,2.591250900459688e-6,0,0,incubators,17,48
hawkish,ind,1,2.591250900459688e-6,0,0,ind,36,27
hawkish,indel,1,2.591250900459688e-6,0,0,indelible,14,16
hawkish,indetermin,1,2.591250900459688e-6,0,0,indeterminate,16,17
hawkish,indict,1,2.591250900459688e-6,0,0,indictment,6,10
hawkish,indictor,1,2.591250900459688e-6,0,0,indictors,10,12
hawkish,indisciplin,1,2.591250900459688e-6,0,0,indiscipline,18,16
hawkish,induct,1,2.591250900459688e-6,0,0,induction,47,63
hawkish,inelast,1,2.591250900459688e-6,0,0,inelastic,76,64
hawkish,inescap,1,2.591250900459688e-6,0,0,inescapable,64,73
hawkish,infal,1,2.591250900459688e-6,0,0,infallible,34,34
hawkish,infam,1,2.591250900459688e-6,0,0,infamous,53,53
hawkish,infeas,1,2.591250900459688e-6,0,0,infeasible,39,39
hawkish,infecti,1,2.591250900459688e-6,0,0,infectious,66,43
hawkish,infirm,1,2.591250900459688e-6,0,0,infirmities,29,29
hawkish,inflect,1,2.591250900459688e-6,0,0,inflection,57,48
hawkish,influx,1,2.591250900459688e-6,0,0,influx,95,79
hawkish,infra,1,2.591250900459688e-6,0,0,infra,31,24
hawkish,infrequ,1,2.591250900459688e-6,0,0,infrequent,74,125
hawkish,ing,1,2.591250900459688e-6,0,0,ing,75,54
hawkish,ingeni,1,2.591250900459688e-6,0,0,ingenious,32,30
hawkish,inhous,1,2.591250900459688e-6,0,0,inhouse,14,15
hawkish,injunct,1,2.591250900459688e-6,0,0,injunction,11,13
hawkish,injur,1,2.591250900459688e-6,0,0,injured,17,15
hawkish,injuri,1,2.591250900459688e-6,0,0,injury,28,40
hawkish,ink,1,2.591250900459688e-6,0,0,ink,57,48
hawkish,inland,1,2.591250900459688e-6,0,0,inland,44,32
hawkish,innat,1,2.591250900459688e-6,0,0,innate,46,48
hawkish,innocu,1,2.591250900459688e-6,0,0,innocuous,20,21
hawkish,inocul,1,2.591250900459688e-6,0,0,inoculate,5,13
hawkish,inordin,1,2.591250900459688e-6,0,0,inordinate,26,42
hawkish,inorgan,1,2.591250900459688e-6,0,0,inorganic,15,13
hawkish,inquir,1,2.591250900459688e-6,0,0,inquire,13,24
hawkish,inscrib,1,2.591250900459688e-6,0,0,inscribed,24,24
hawkish,insepar,1,2.591250900459688e-6,0,0,inseparable,75,70
hawkish,insidi,1,2.591250900459688e-6,0,0,insidious,22,29
hawkish,instantan,1,2.591250900459688e-6,0,0,instantaneous,150,199
hawkish,instig,1,2.591250900459688e-6,0,0,instigated,11,27
hawkish,instil,1,2.591250900459688e-6,0,0,instil,47,138
hawkish,instituto,1,2.591250900459688e-6,0,0,instituto,26,19
hawkish,intel,1,2.591250900459688e-6,0,0,intel,18,11
hawkish,interpos,1,2.591250900459688e-6,0,0,interposing,7,14
hawkish,interprovinci,1,2.591250900459688e-6,0,0,interprovincial,48,29
hawkish,interrog,1,2.591250900459688e-6,0,0,interrogate,13,25
hawkish,interventionist,1,2.591250900459688e-6,0,0,interventionist,33,31
hawkish,interwoven,1,2.591250900459688e-6,0,0,interwoven,32,32
hawkish,intimid,1,2.591250900459688e-6,0,0,intimidating,9,22
hawkish,intraregion,1,2.591250900459688e-6,0,0,intraregional,34,23
hawkish,intricaci,1,2.591250900459688e-6,0,0,intricacies,42,41
hawkish,intrigu,1,2.591250900459688e-6,0,0,intriguing,99,118
hawkish,intrud,1,2.591250900459688e-6,0,0,intrude,18,26
hawkish,invert,1,2.591250900459688e-6,0,0,inverted,156,135
hawkish,invigor,1,2.591250900459688e-6,0,0,invigorate,42,60
hawkish,invite,1,2.591250900459688e-6,0,0,invitees,92,83
hawkish,invoc,1,2.591250900459688e-6,0,0,invocation,13,11
hawkish,inward,1,2.591250900459688e-6,0,0,inwards,36,40
hawkish,ipcc,1,2.591250900459688e-6,0,0,ipcc,69,33
hawkish,iran,1,2.591250900459688e-6,0,0,iran,68,31
hawkish,irreduc,1,2.591250900459688e-6,0,0,irreducible,38,27
hawkish,irrepar,1,2.591250900459688e-6,0,0,irreparable,6,12
hawkish,irreplac,1,2.591250900459688e-6,0,0,irreplaceable,16,16
hawkish,irresist,1,2.591250900459688e-6,0,0,irresistible,22,23
hawkish,irrit,1,2.591250900459688e-6,0,0,irritants,9,30
hawkish,irst,1,2.591250900459688e-6,0,0,irst,30,29
hawkish,irwin,1,2.591250900459688e-6,0,0,irwin,41,31
hawkish,isaac,1,2.591250900459688e-6,0,0,isaac,24,21
hawkish,islam,1,2.591250900459688e-6,0,0,islamic,1283,92
hawkish,ism,1,2.591250900459688e-6,0,0,ism,30,19
hawkish,isra,1,2.591250900459688e-6,0,0,israeli,24,16
hawkish,issb,1,2.591250900459688e-6,0,0,issb,34,20
hawkish,iter,1,2.591250900459688e-6,0,0,iterative,38,81
hawkish,ito,1,2.591250900459688e-6,0,0,ito,65,42
hawkish,itskhoki,1,2.591250900459688e-6,0,0,itskhoki,20,17
hawkish,ivori,1,2.591250900459688e-6,0,0,ivory,35,31
hawkish,iza,1,2.591250900459688e-6,0,0,iza,56,44
hawkish,jacket,1,2.591250900459688e-6,0,0,jacket,17,22
hawkish,jacquelin,1,2.591250900459688e-6,0,0,jacqueline,18,11
hawkish,jahr,1,2.591250900459688e-6,0,0,jahre,16,20
hawkish,jail,1,2.591250900459688e-6,0,0,jail,11,10
hawkish,jaipur,1,2.591250900459688e-6,0,0,jaipur,22,14
hawkish,jamal,1,2.591250900459688e-6,0,0,jamal,14,14
hawkish,jamet,1,2.591250900459688e-6,0,0,jamet,25,23
hawkish,jammu,1,2.591250900459688e-6,0,0,jammu,14,12
hawkish,jappelli,1,2.591250900459688e-6,0,0,jappelli,24,21
hawkish,jarmin,1,2.591250900459688e-6,0,0,jarmin,28,26
hawkish,jeff,1,2.591250900459688e-6,0,0,jeff,32,26
hawkish,jeffrey,1,2.591250900459688e-6,0,0,jeffrey,148,119
hawkish,jen,1,2.591250900459688e-6,0,0,jens,34,41
hawkish,jeopardi,1,2.591250900459688e-6,0,0,jeopardy,59,57
hawkish,jessica,1,2.591250900459688e-6,0,0,jessica,23,21
hawkish,jesus,1,2.591250900459688e-6,0,0,jesus,25,25
hawkish,jim,1,2.591250900459688e-6,0,0,jim,61,51
hawkish,joao,1,2.591250900459688e-6,0,0,joao,13,10
hawkish,joe,1,2.591250900459688e-6,0,0,joe,45,39
hawkish,joel,1,2.591250900459688e-6,0,0,joel,32,26
hawkish,jong,1,2.591250900459688e-6,0,0,jong,15,14
hawkish,joshi,1,2.591250900459688e-6,0,0,joshi,61,33
hawkish,joshua,1,2.591250900459688e-6,0,0,joshua,60,56
hawkish,joyc,1,2.591250900459688e-6,0,0,joyce,188,109
hawkish,jse,1,2.591250900459688e-6,0,0,jse,145,55
hawkish,juan,1,2.591250900459688e-6,0,0,juan,83,64
hawkish,judiciari,1,2.591250900459688e-6,0,0,judiciary,93,68
hawkish,junk,1,2.591250900459688e-6,0,0,junk,91,70
hawkish,jurist,1,2.591250900459688e-6,0,0,jurist,13,16
hawkish,juxtapos,1,2.591250900459688e-6,0,0,juxtaposed,40,50
hawkish,kai,1,2.591250900459688e-6,0,0,kai,94,56
hawkish,kanganew,1,2.591250900459688e-6,0,0,kanganews,34,22
hawkish,kanungo,1,2.591250900459688e-6,0,0,kanungo,21,10
hawkish,kashmir,1,2.591250900459688e-6,0,0,kashmir,15,13
hawkish,katherin,1,2.591250900459688e-6,0,0,katherine,23,22
hawkish,kati,1,2.591250900459688e-6,0,0,katie,42,40
hawkish,katrina,1,2.591250900459688e-6,0,0,katrina,62,33
hawkish,kaufman,1,2.591250900459688e-6,0,0,kaufman,45,35
hawkish,kaufmann,1,2.591250900459688e-6,0,0,kaufmann,32,17
hawkish,keel,1,2.591250900459688e-6,0,0,keel,49,45
hawkish,kei,1,2.591250900459688e-6,0,0,kei,17,13
hawkish,kellogg,1,2.591250900459688e-6,0,0,kellogg,15,10
hawkish,kennedi,1,2.591250900459688e-6,0,0,kennedy,106,75
hawkish,khandelw,1,2.591250900459688e-6,0,0,khandelwal,15,12
hawkish,kilomet,1,2.591250900459688e-6,0,0,kilometers,16,19
hawkish,kindl,1,2.591250900459688e-6,0,0,kindled,10,19
hawkish,kindleberg,1,2.591250900459688e-6,0,0,kindleberger,80,45
hawkish,kiosk,1,2.591250900459688e-6,0,0,kiosks,24,26
hawkish,klein,1,2.591250900459688e-6,0,0,klein,43,26
hawkish,knife,1,2.591250900459688e-6,0,0,knife,30,23
hawkish,kohl,1,2.591250900459688e-6,0,0,kohl,20,16
hawkish,krueger,1,2.591250900459688e-6,0,0,krueger,134,66
hawkish,kuala,1,2.591250900459688e-6,0,0,kuala,34,26
hawkish,kumamoto,1,2.591250900459688e-6,0,0,kumamoto,43,18
hawkish,kuribrena,1,2.591250900459688e-6,0,0,kuribrena,11,11
hawkish,laf,1,2.591250900459688e-6,0,0,laf,389,92
hawkish,lalond,1,2.591250900459688e-6,0,0,lalonde,19,12
hawkish,lambert,1,2.591250900459688e-6,0,0,lambert,42,34
hawkish,lament,1,2.591250900459688e-6,0,0,lamented,17,44
hawkish,lancast,1,2.591250900459688e-6,0,0,lancaster,22,20
hawkish,laptop,1,2.591250900459688e-6,0,0,laptop,12,22
hawkish,largescal,1,2.591250900459688e-6,0,0,largescale,68,67
hawkish,larsen,1,2.591250900459688e-6,0,0,larsen,25,19
hawkish,later,1,2.591250900459688e-6,0,0,lateral,58,53
hawkish,laudabl,1,2.591250900459688e-6,0,0,laudable,62,61
hawkish,laugh,1,2.591250900459688e-6,0,0,laugh,9,17
hawkish,lauri,1,2.591250900459688e-6,0,0,laurie,13,13
hawkish,lautenschlag,1,2.591250900459688e-6,0,0,lautenschlager,100,82
hawkish,layoff,1,2.591250900459688e-6,0,0,layoffs,158,118
hawkish,lea,1,2.591250900459688e-6,0,0,lea,13,11
hawkish,leaflet,1,2.591250900459688e-6,0,0,leaflet,17,22
hawkish,learner,1,2.591250900459688e-6,0,0,learners,69,19
hawkish,leather,1,2.591250900459688e-6,0,0,leather,31,24
hawkish,lectio,1,2.591250900459688e-6,0,0,lectio,16,15
hawkish,legend,1,2.591250900459688e-6,0,0,legend,47,48
hawkish,legendari,1,2.591250900459688e-6,0,0,legendary,41,40
hawkish,legion,1,2.591250900459688e-6,0,0,legion,22,33
hawkish,legitimis,1,2.591250900459688e-6,0,0,legitimised,35,42
hawkish,leonard,1,2.591250900459688e-6,0,0,leonard,33,24
hawkish,leonardo,1,2.591250900459688e-6,0,0,leonardo,38,32
hawkish,lian,1,2.591250900459688e-6,0,0,lian,15,11
hawkish,libya,1,2.591250900459688e-6,0,0,libya,28,20
hawkish,lifelin,1,2.591250900459688e-6,0,0,lifeline,29,36
hawkish,lifelong,1,2.591250900459688e-6,0,0,lifelong,119,101
hawkish,lifestyl,1,2.591250900459688e-6,0,0,lifestyle,84,111
hawkish,limitless,1,2.591250900459688e-6,0,0,limitless,41,40
hawkish,limpopo,1,2.591250900459688e-6,0,0,limpopo,22,11
hawkish,lin,1,2.591250900459688e-6,0,0,lin,22,17
hawkish,linchpin,1,2.591250900459688e-6,0,0,linchpin,22,23
hawkish,lindner,1,2.591250900459688e-6,0,0,lindner,36,30
hawkish,lindsay,1,2.591250900459688e-6,0,0,lindsay,19,18
hawkish,lingual,1,2.591250900459688e-6,0,0,lingual,11,11
hawkish,lire,1,2.591250900459688e-6,0,0,lire,18,10
hawkish,lis,1,2.591250900459688e-6,0,0,lis,31,26
hawkish,lisa,1,2.591250900459688e-6,0,0,lisa,78,49
hawkish,litr,1,2.591250900459688e-6,0,0,litre,27,19
hawkish,llp,1,2.591250900459688e-6,0,0,llp,11,10
hawkish,load,1,2.591250900459688e-6,0,0,loaded,305,398
hawkish,loanto,1,2.591250900459688e-6,0,0,loanto,16,16
hawkish,lobbi,1,2.591250900459688e-6,0,0,lobbying,70,94
hawkish,lober,1,2.591250900459688e-6,0,0,lober,12,12
hawkish,looser,1,2.591250900459688e-6,0,0,looser,277,204
hawkish,lopsid,1,2.591250900459688e-6,0,0,lopsided,17,17
hawkish,lotteri,1,2.591250900459688e-6,0,0,lottery,32,27
hawkish,loud,1,2.591250900459688e-6,0,0,loud,56,72
hawkish,louisiana,1,2.591250900459688e-6,0,0,louisiana,19,13
hawkish,lowand,1,2.591250900459688e-6,0,0,lowand,18,17
hawkish,lowli,1,2.591250900459688e-6,0,0,lowly,9,10
hawkish,loyal,1,2.591250900459688e-6,0,0,loyal,44,45
hawkish,lpg,1,2.591250900459688e-6,0,0,lpg,15,11
hawkish,lti,1,2.591250900459688e-6,0,0,lti,104,34
hawkish,luci,1,2.591250900459688e-6,0,0,luci,27,30
hawkish,lucki,1,2.591250900459688e-6,0,0,lucky,127,110
hawkish,lucrat,1,2.591250900459688e-6,0,0,lucrative,54,53
hawkish,lucrezia,1,2.591250900459688e-6,0,0,lucrezia,15,14
hawkish,lukewarm,1,2.591250900459688e-6,0,0,lukewarm,15,15
hawkish,lumpi,1,2.591250900459688e-6,0,0,lumpy,59,52
hawkish,lumpur,1,2.591250900459688e-6,0,0,lumpur,35,27
hawkish,lure,1,2.591250900459688e-6,0,0,lure,34,60
hawkish,lurk,1,2.591250900459688e-6,0,0,lurking,38,61
hawkish,macao,1,2.591250900459688e-6,0,0,macao,53,17
hawkish,macfarlan,1,2.591250900459688e-6,0,0,macfarlane,186,93
hawkish,madhavan,1,2.591250900459688e-6,0,0,madhavan,13,12
hawkish,maestro,1,2.591250900459688e-6,0,0,maestro,29,23
hawkish,magnet,1,2.591250900459688e-6,0,0,magnetic,59,60
hawkish,mahalanobi,1,2.591250900459688e-6,0,0,mahalanobis,65,19
hawkish,mahatma,1,2.591250900459688e-6,0,0,mahatma,47,37
hawkish,maiden,1,2.591250900459688e-6,0,0,maiden,34,24
hawkish,majesti,1,2.591250900459688e-6,0,0,majesty,27,22
hawkish,malegam,1,2.591250900459688e-6,0,0,malegam,39,19
hawkish,mall,1,2.591250900459688e-6,0,0,mall,19,36
hawkish,mandatorili,1,2.591250900459688e-6,0,0,mandatorily,12,12
hawkish,mandela,1,2.591250900459688e-6,0,0,mandela,43,24
hawkish,mania,1,2.591250900459688e-6,0,0,manias,50,65
hawkish,manifesto,1,2.591250900459688e-6,0,0,manifesto,16,18
hawkish,mankind,1,2.591250900459688e-6,0,0,mankind,56,52
hawkish,marathon,1,2.591250900459688e-6,0,0,marathon,45,20
hawkish,marc,1,2.591250900459688e-6,0,0,marc,87,77
hawkish,marcel,1,2.591250900459688e-6,0,0,marcel,62,42
hawkish,marco,1,2.591250900459688e-6,0,0,marco,110,115
hawkish,marcus,1,2.591250900459688e-6,0,0,marcus,122,73
hawkish,margaret,1,2.591250900459688e-6,0,0,margaret,21,19
hawkish,marker,1,2.591250900459688e-6,0,0,marker,22,33
hawkish,marketwid,1,2.591250900459688e-6,0,0,marketwide,35,29
hawkish,marqu,1,2.591250900459688e-6,0,0,marques,61,43
hawkish,marri,1,2.591250900459688e-6,0,0,married,67,76
hawkish,marriag,1,2.591250900459688e-6,0,0,marriage,81,61
hawkish,mart,1,2.591250900459688e-6,0,0,mart,37,24
hawkish,marvel,1,2.591250900459688e-6,0,0,marvel,18,38
hawkish,massimo,1,2.591250900459688e-6,0,0,massimo,28,27
hawkish,masson,1,2.591250900459688e-6,0,0,masson,22,19
hawkish,masteri,1,2.591250900459688e-6,0,0,mastery,21,20
hawkish,masuch,1,2.591250900459688e-6,0,0,masuch,29,21
hawkish,mater,1,2.591250900459688e-6,0,0,mater,27,26
hawkish,matthia,1,2.591250900459688e-6,0,0,matthias,37,35
hawkish,mauric,1,2.591250900459688e-6,0,0,maurice,56,47
hawkish,mayer,1,2.591250900459688e-6,0,0,mayer,44,29
hawkish,maze,1,2.591250900459688e-6,0,0,mazelis,14,23
hawkish,mccallum,1,2.591250900459688e-6,0,0,mccallum,116,52
hawkish,mccolough,1,2.591250900459688e-6,0,0,mccolough,21,20
hawkish,mcdonough,1,2.591250900459688e-6,0,0,mcdonough,41,38
hawkish,mcgraw,1,2.591250900459688e-6,0,0,mcgraw,32,31
hawkish,mckinnon,1,2.591250900459688e-6,0,0,mckinnon,51,32
hawkish,mclaren,1,2.591250900459688e-6,0,0,mclaren,48,43
hawkish,mead,1,2.591250900459688e-6,0,0,meade,107,62
hawkish,meager,1,2.591250900459688e-6,0,0,meager,22,22
hawkish,meagr,1,2.591250900459688e-6,0,0,meagre,53,51
hawkish,meal,1,2.591250900459688e-6,0,0,meals,33,53
hawkish,meaningless,1,2.591250900459688e-6,0,0,meaningless,43,40
hawkish,meddl,1,2.591250900459688e-6,0,0,meddling,7,14
hawkish,medicar,1,2.591250900459688e-6,0,0,medicare,256,64
hawkish,medicin,1,2.591250900459688e-6,0,0,medicine,230,207
hawkish,mega,1,2.591250900459688e-6,0,0,mega,126,93
hawkish,meh,1,2.591250900459688e-6,0,0,meh,61,30
hawkish,mehta,1,2.591250900459688e-6,0,0,mehta,22,21
hawkish,melt,1,2.591250900459688e-6,0,0,melt,32,56
hawkish,meltdown,1,2.591250900459688e-6,0,0,meltdown,211,199
hawkish,menac,1,2.591250900459688e-6,0,0,menace,38,39
hawkish,mend,1,2.591250900459688e-6,0,0,mendes,54,82
hawkish,ment,1,2.591250900459688e-6,0,0,ment,19,18
hawkish,mep,1,2.591250900459688e-6,0,0,mep,27,23
hawkish,mercado,1,2.591250900459688e-6,0,0,mercado,16,20
hawkish,merchandis,1,2.591250900459688e-6,0,0,merchandise,288,188
hawkish,mes,1,2.591250900459688e-6,0,0,mes,15,13
hawkish,messr,1,2.591250900459688e-6,0,0,messrs,18,15
hawkish,metallurgi,1,2.591250900459688e-6,0,0,metallurgy,14,13
hawkish,metamorphos,1,2.591250900459688e-6,0,0,metamorphosed,7,13
hawkish,metamorphosi,1,2.591250900459688e-6,0,0,metamorphosis,27,23
hawkish,mich,1,2.591250900459688e-6,0,0,mich,42,33
hawkish,michaela,1,2.591250900459688e-6,0,0,michaela,12,12
hawkish,microcosm,1,2.591250900459688e-6,0,0,microcosm,14,14
hawkish,microdata,1,2.591250900459688e-6,0,0,microdata,66,43
hawkish,microregul,1,2.591250900459688e-6,0,0,microregulation,10,13
hawkish,microsoft,1,2.591250900459688e-6,0,0,microsoft,36,31
hawkish,mifflin,1,2.591250900459688e-6,0,0,mifflin,27,25
hawkish,milit,1,2.591250900459688e-6,0,0,militate,24,39
hawkish,milk,1,2.591250900459688e-6,0,0,milk,117,62
hawkish,millennia,1,2.591250900459688e-6,0,0,millennia,44,34
hawkish,miller,1,2.591250900459688e-6,0,0,miller,209,121
hawkish,mimic,1,2.591250900459688e-6,0,0,mimic,52,63
hawkish,minded,1,2.591250900459688e-6,0,0,mindedness,13,13
hawkish,minehan,1,2.591250900459688e-6,0,0,minehan,11,11
hawkish,minima,1,2.591250900459688e-6,0,0,minima,62,47
hawkish,minimalist,1,2.591250900459688e-6,0,0,minimalist,44,31
hawkish,minutia,1,2.591250900459688e-6,0,0,minutiae,11,13
hawkish,mira,1,2.591250900459688e-6,0,0,mira,6,10
hawkish,miranda,1,2.591250900459688e-6,0,0,miranda,85,59
hawkish,mire,1,2.591250900459688e-6,0,0,mired,57,58
hawkish,mise,1,2.591250900459688e-6,0,0,mises,10,11
hawkish,miseri,1,2.591250900459688e-6,0,0,misery,56,39
hawkish,mishap,1,2.591250900459688e-6,0,0,mishaps,13,19
hawkish,mismanag,1,2.591250900459688e-6,0,0,mismanagement,68,74
hawkish,mispercept,1,2.591250900459688e-6,0,0,misperceptions,90,115
hawkish,misread,1,2.591250900459688e-6,0,0,misreading,20,25
hawkish,missel,1,2.591250900459688e-6,0,0,misselling,22,18
hawkish,misspecifi,1,2.591250900459688e-6,0,0,misspecified,13,11
hawkish,misstep,1,2.591250900459688e-6,0,0,missteps,11,14
hawkish,mmfs,1,2.591250900459688e-6,0,0,mmfs,191,53
hawkish,mncs,1,2.591250900459688e-6,0,0,mncs,27,18
hawkish,mnyand,1,2.591250900459688e-6,0,0,mnyande,15,14
hawkish,modelbas,1,2.591250900459688e-6,0,0,modelbased,14,14
hawkish,moderateincom,1,2.591250900459688e-6,0,0,moderateincome,28,22
hawkish,modul,1,2.591250900459688e-6,0,0,modules,52,139
hawkish,mohr,1,2.591250900459688e-6,0,0,mohr,15,15
hawkish,mond,1,2.591250900459688e-6,0,0,monde,33,30
hawkish,monetarili,1,2.591250900459688e-6,0,0,monetarily,13,11
hawkish,moneylend,1,2.591250900459688e-6,0,0,moneylenders,36,34
hawkish,monk,1,2.591250900459688e-6,0,0,monks,9,13
hawkish,montagu,1,2.591250900459688e-6,0,0,montagu,44,36
hawkish,moon,1,2.591250900459688e-6,0,0,moon,55,42
hawkish,mop,1,2.591250900459688e-6,0,0,mopping,63,82
hawkish,moran,1,2.591250900459688e-6,0,0,moran,29,19
hawkish,moreno,1,2.591250900459688e-6,0,0,moreno,24,20
hawkish,moritz,1,2.591250900459688e-6,0,0,moritz,30,26
hawkish,morocco,1,2.591250900459688e-6,0,0,morocco,41,30
hawkish,morph,1,2.591250900459688e-6,0,0,morphed,51,95
hawkish,mountain,1,2.591250900459688e-6,0,0,mountain,136,127
hawkish,moussavi,1,2.591250900459688e-6,0,0,moussavi,18,18
hawkish,mpr,1,2.591250900459688e-6,0,0,mpr,783,200
hawkish,mps,1,2.591250900459688e-6,0,0,mps,50,23
hawkish,muhammad,1,2.591250900459688e-6,0,0,muhammad,57,44
hawkish,mull,1,2.591250900459688e-6,0,0,mull,6,13
hawkish,muller,1,2.591250900459688e-6,0,0,muller,31,22
hawkish,multidecad,1,2.591250900459688e-6,0,0,multidecade,11,11
hawkish,mumbl,1,2.591250900459688e-6,0,0,mumble,7,10
hawkish,muscl,1,2.591250900459688e-6,0,0,muscle,24,19
hawkish,muslim,1,2.591250900459688e-6,0,0,muslim,72,34
hawkish,mutat,1,2.591250900459688e-6,0,0,mutation,26,80
hawkish,nab,1,2.591250900459688e-6,0,0,nab,47,34
hawkish,nag,1,2.591250900459688e-6,0,0,nagging,15,20
hawkish,nairu,1,2.591250900459688e-6,0,0,nairu,1032,166
hawkish,nake,1,2.591250900459688e-6,0,0,naked,26,22
hawkish,nashvill,1,2.591250900459688e-6,0,0,nashville,19,15
hawkish,nassim,1,2.591250900459688e-6,0,0,nassim,16,14
hawkish,ndtl,1,2.591250900459688e-6,0,0,ndtl,73,44
hawkish,near,1,2.591250900459688e-6,0,0,nearing,117,137
hawkish,nearer,1,2.591250900459688e-6,0,0,nearer,76,73
hawkish,neck,1,2.591250900459688e-6,0,0,neck,22,25
hawkish,ned,1,2.591250900459688e-6,0,0,ned,17,18
hawkish,needl,1,2.591250900459688e-6,0,0,needle,36,33
hawkish,neft,1,2.591250900459688e-6,0,0,neft,134,57
hawkish,neil,1,2.591250900459688e-6,0,0,neil,90,81
hawkish,nepal,1,2.591250900459688e-6,0,0,nepal,77,28
hawkish,nerlich,1,2.591250900459688e-6,0,0,nerlich,15,13
hawkish,nerv,1,2.591250900459688e-6,0,0,nerve,27,38
hawkish,networth,1,2.591250900459688e-6,0,0,networth,14,11
hawkish,newyork,1,2.591250900459688e-6,0,0,newyork,41,25
hawkish,nexus,1,2.591250900459688e-6,0,0,nexus,314,234
hawkish,nhb,1,2.591250900459688e-6,0,0,nhb,55,26
hawkish,nick,1,2.591250900459688e-6,0,0,nick,153,127
hawkish,nickel,1,2.591250900459688e-6,0,0,nickell,330,143
hawkish,nicknam,1,2.591250900459688e-6,0,0,nickname,12,15
hawkish,nigeria,1,2.591250900459688e-6,0,0,nigeria,82,63
hawkish,niigata,1,2.591250900459688e-6,0,0,niigata,49,14
hawkish,nip,1,2.591250900459688e-6,0,0,nip,22,36
hawkish,nirvana,1,2.591250900459688e-6,0,0,nirvana,13,13
hawkish,nodal,1,2.591250900459688e-6,0,0,nodal,33,23
hawkish,nomenclatur,1,2.591250900459688e-6,0,0,nomenclature,17,20
hawkish,nomura,1,2.591250900459688e-6,0,0,nomura,17,15
hawkish,nonclear,1,2.591250900459688e-6,0,0,noncleared,16,11
hawkish,nongovernment,1,2.591250900459688e-6,0,0,nongovernmental,15,15
hawkish,nonpartisan,1,2.591250900459688e-6,0,0,nonpartisan,15,14
hawkish,nonpubl,1,2.591250900459688e-6,0,0,nonpublic,34,16
hawkish,nontranspar,1,2.591250900459688e-6,0,0,nontransparent,14,15
hawkish,nook,1,2.591250900459688e-6,0,0,nook,12,14
hawkish,nordic,1,2.591250900459688e-6,0,0,nordic,125,80
hawkish,normat,1,2.591250900459688e-6,0,0,normative,118,96
hawkish,northwestern,1,2.591250900459688e-6,0,0,northwestern,48,44
hawkish,norton,1,2.591250900459688e-6,0,0,norton,71,65
hawkish,norwegian,1,2.591250900459688e-6,0,0,norwegian,21,17
hawkish,nos,1,2.591250900459688e-6,0,0,nos,40,32
hawkish,nose,1,2.591250900459688e-6,0,0,nose,13,19
hawkish,nostalg,1,2.591250900459688e-6,0,0,nostalgic,12,13
hawkish,nostalgia,1,2.591250900459688e-6,0,0,nostalgia,24,20
hawkish,novat,1,2.591250900459688e-6,0,0,novation,19,19
hawkish,nris,1,2.591250900459688e-6,0,0,nris,68,26
hawkish,nuisanc,1,2.591250900459688e-6,0,0,nuisance,17,17
hawkish,numerair,1,2.591250900459688e-6,0,0,numeraire,21,13
hawkish,obfusc,1,2.591250900459688e-6,0,0,obfuscate,11,28
hawkish,objection,1,2.591250900459688e-6,0,0,objectionable,12,12
hawkish,obligor,1,2.591250900459688e-6,0,0,obligor,12,17
hawkish,obsolesc,1,2.591250900459688e-6,0,0,obsolescence,86,93
hawkish,offend,1,2.591250900459688e-6,0,0,offending,11,27
hawkish,officio,1,2.591250900459688e-6,0,0,officio,18,14
hawkish,offload,1,2.591250900459688e-6,0,0,offload,21,32
hawkish,offshoot,1,2.591250900459688e-6,0,0,offshoot,11,19
hawkish,offspr,1,2.591250900459688e-6,0,0,offspring,17,17
hawkish,oft,1,2.591250900459688e-6,0,0,oft,88,79
hawkish,oliv,1,2.591250900459688e-6,0,0,oliver,100,91
hawkish,olivi,1,2.591250900459688e-6,0,0,olivier,191,151
hawkish,omaha,1,2.591250900459688e-6,0,0,omaha,20,12
hawkish,omfif,1,2.591250900459688e-6,0,0,omfif,49,41
hawkish,omin,1,2.591250900459688e-6,0,0,ominous,24,31
hawkish,omnipres,1,2.591250900459688e-6,0,0,omnipresent,15,16
hawkish,oneself,1,2.591250900459688e-6,0,0,oneself,54,53
hawkish,onsit,1,2.591250900459688e-6,0,0,onsite,45,43
hawkish,ont,1,2.591250900459688e-6,0,0,ont,19,15
hawkish,onyear,1,2.591250900459688e-6,0,0,onyear,80,76
hawkish,operation,1,2.591250900459688e-6,0,0,operationalize,15,46
hawkish,opportunist,1,2.591250900459688e-6,0,0,opportunistic,72,76
hawkish,orang,1,2.591250900459688e-6,0,0,orange,112,83
hawkish,orchestr,1,2.591250900459688e-6,0,0,orchestrated,14,36
hawkish,oregon,1,2.591250900459688e-6,0,0,oregon,22,16
hawkish,orthodoxi,1,2.591250900459688e-6,0,0,orthodoxy,96,76
hawkish,oscar,1,2.591250900459688e-6,0,0,oscar,43,37
hawkish,otto,1,2.591250900459688e-6,0,0,otto,28,26
hawkish,ounc,1,2.591250900459688e-6,0,0,ounce,57,45
hawkish,outag,1,2.591250900459688e-6,0,0,outage,77,72
hawkish,outburst,1,2.591250900459688e-6,0,0,outburst,9,11
hawkish,outfit,1,2.591250900459688e-6,0,0,outfits,8,16
hawkish,outliv,1,2.591250900459688e-6,0,0,outlived,13,21
hawkish,outnumb,1,2.591250900459688e-6,0,0,outnumbered,13,27
hawkish,overboard,1,2.591250900459688e-6,0,0,overboard,13,12
hawkish,overconfid,1,2.591250900459688e-6,0,0,overconfidence,49,45
hawkish,overdu,1,2.591250900459688e-6,0,0,overdue,149,144
hawkish,overemphas,1,2.591250900459688e-6,0,0,overemphasized,41,59
hawkish,overemphasis,1,2.591250900459688e-6,0,0,overemphasised,26,36
hawkish,overexpos,1,2.591250900459688e-6,0,0,overexposed,8,12
hawkish,overheat,1,2.591250900459688e-6,0,0,overheat,56,58
hawkish,overindebt,1,2.591250900459688e-6,0,0,overindebted,11,10
hawkish,overkil,1,2.591250900459688e-6,0,0,overkill,26,19
hawkish,overlay,1,2.591250900459688e-6,0,0,overlay,81,66
hawkish,overreach,1,2.591250900459688e-6,0,0,overreach,12,17
hawkish,overstretch,1,2.591250900459688e-6,0,0,overstretched,28,43
hawkish,oversubscrib,1,2.591250900459688e-6,0,0,oversubscribed,13,13
hawkish,overtak,1,2.591250900459688e-6,0,0,overtake,48,57
hawkish,overth,1,2.591250900459688e-6,0,0,overthe,17,17
hawkish,overtim,1,2.591250900459688e-6,0,0,overtime,83,76
hawkish,overtook,1,2.591250900459688e-6,0,0,overtook,25,22
hawkish,overturn,1,2.591250900459688e-6,0,0,overturned,25,51
hawkish,oxygen,1,2.591250900459688e-6,0,0,oxygen,29,22
hawkish,pablo,1,2.591250900459688e-6,0,0,pablo,41,30
hawkish,padma,1,2.591250900459688e-6,0,0,padma,11,10
hawkish,padmanabhan,1,2.591250900459688e-6,0,0,padmanabhan,73,43
hawkish,padula,1,2.591250900459688e-6,0,0,padula,13,10
hawkish,pagano,1,2.591250900459688e-6,0,0,pagano,53,38
hawkish,painless,1,2.591250900459688e-6,0,0,painless,33,45
hawkish,painstak,1,2.591250900459688e-6,0,0,painstaking,43,71
hawkish,painter,1,2.591250900459688e-6,0,0,painter,13,14
hawkish,palat,1,2.591250900459688e-6,0,0,palatable,20,21
hawkish,pale,1,2.591250900459688e-6,0,0,pale,43,58
hawkish,palgrav,1,2.591250900459688e-6,0,0,palgrave,85,75
hawkish,pandit,1,2.591250900459688e-6,0,0,pandit,20,18
hawkish,paneuropean,1,2.591250900459688e-6,0,0,paneuropean,36,35
hawkish,panicki,1,2.591250900459688e-6,0,0,panicky,18,14
hawkish,panopli,1,2.591250900459688e-6,0,0,panoply,32,32
hawkish,paralysi,1,2.591250900459688e-6,0,0,paralysis,65,55
hawkish,parlanc,1,2.591250900459688e-6,0,0,parlance,69,68
hawkish,parsimoni,1,2.591250900459688e-6,0,0,parsimonious,19,28
hawkish,partak,1,2.591250900459688e-6,0,0,partake,10,12
hawkish,partisan,1,2.591250900459688e-6,0,0,partisan,24,24
hawkish,pastor,1,2.591250900459688e-6,0,0,pastor,18,17
hawkish,patch,1,2.591250900459688e-6,0,0,patch,98,92
hawkish,patchi,1,2.591250900459688e-6,0,0,patchy,48,42
hawkish,patchwork,1,2.591250900459688e-6,0,0,patchwork,68,59
hawkish,paterson,1,2.591250900459688e-6,0,0,paterson,20,12
hawkish,patron,1,2.591250900459688e-6,0,0,patron,14,20
hawkish,paulson,1,2.591250900459688e-6,0,0,paulson,33,29
hawkish,payback,1,2.591250900459688e-6,0,0,payback,42,31
hawkish,paycheck,1,2.591250900459688e-6,0,0,paycheck,96,79
hawkish,pds,1,2.591250900459688e-6,0,0,pds,508,79
hawkish,pedagog,1,2.591250900459688e-6,0,0,pedagogical,13,19
hawkish,pedal,1,2.591250900459688e-6,0,0,pedal,13,14
hawkish,pedersen,1,2.591250900459688e-6,0,0,pedersen,75,47
hawkish,pen,1,2.591250900459688e-6,0,0,pen,35,48
hawkish,pencil,1,2.591250900459688e-6,0,0,pencil,6,16
hawkish,pendulum,1,2.591250900459688e-6,0,0,pendulum,90,66
hawkish,penguin,1,2.591250900459688e-6,0,0,penguin,83,72
hawkish,penn,1,2.591250900459688e-6,0,0,penn,67,34
hawkish,pepper,1,2.591250900459688e-6,0,0,pepper,11,18
hawkish,pereira,1,2.591250900459688e-6,0,0,pereira,26,14
hawkish,perpetr,1,2.591250900459688e-6,0,0,perpetrators,32,49
hawkish,personalis,1,2.591250900459688e-6,0,0,personalised,66,34
hawkish,perth,1,2.591250900459688e-6,0,0,perth,78,46
hawkish,perus,1,2.591250900459688e-6,0,0,perusal,8,13
hawkish,pervers,1,2.591250900459688e-6,0,0,perverse,245,241
hawkish,petersberg,1,2.591250900459688e-6,0,0,petersberger,12,13
hawkish,peterson,1,2.591250900459688e-6,0,0,peterson,251,199
hawkish,peut,1,2.591250900459688e-6,0,0,peut,15,13
hawkish,pew,1,2.591250900459688e-6,0,0,pew,62,35
hawkish,pfrda,1,2.591250900459688e-6,0,0,pfrda,32,29
hawkish,phd,1,2.591250900459688e-6,0,0,phd,84,62
hawkish,phil,1,2.591250900459688e-6,0,0,phil,54,47
hawkish,phish,1,2.591250900459688e-6,0,0,phishing,48,38
hawkish,physiolog,1,2.591250900459688e-6,0,0,physiological,24,19
hawkish,piecem,1,2.591250900459688e-6,0,0,piecemeal,68,65
hawkish,pierc,1,2.591250900459688e-6,0,0,pierce,20,16
hawkish,pinch,1,2.591250900459688e-6,0,0,pinch,34,36
hawkish,pisa,1,2.591250900459688e-6,0,0,pisa,33,27
hawkish,pit,1,2.591250900459688e-6,0,0,pit,17,33
hawkish,plantat,1,2.591250900459688e-6,0,0,plantation,26,23
hawkish,plaza,1,2.591250900459688e-6,0,0,plaza,66,53
hawkish,plea,1,2.591250900459688e-6,0,0,plea,30,37
hawkish,pleasant,1,2.591250900459688e-6,0,0,pleasant,111,111
hawkish,plethora,1,2.591250900459688e-6,0,0,plethora,94,90
hawkish,pli,1,2.591250900459688e-6,0,0,pli,11,13
hawkish,plough,1,2.591250900459688e-6,0,0,ploughed,12,14
hawkish,plumber,1,2.591250900459688e-6,0,0,plumbers,15,19
hawkish,pointer,1,2.591250900459688e-6,0,0,pointers,30,47
hawkish,pointless,1,2.591250900459688e-6,0,0,pointless,24,26
hawkish,pole,1,2.591250900459688e-6,0,0,poles,47,65
hawkish,politik,1,2.591250900459688e-6,0,0,politik,13,11
hawkish,poll,1,2.591250900459688e-6,0,0,poll,86,132
hawkish,polym,1,2.591250900459688e-6,0,0,polymer,205,61
hawkish,pond,1,2.591250900459688e-6,0,0,pond,18,13
hawkish,ponder,1,2.591250900459688e-6,0,0,ponder,71,99
hawkish,pop,1,2.591250900459688e-6,0,0,pop,57,72
hawkish,popularis,1,2.591250900459688e-6,0,0,popularised,15,28
hawkish,portabl,1,2.591250900459688e-6,0,0,portability,61,76
hawkish,portal,1,2.591250900459688e-6,0,0,portal,100,92
hawkish,postcrisi,1,2.591250900459688e-6,0,0,postcrisis,63,59
hawkish,potash,1,2.591250900459688e-6,0,0,potash,15,12
hawkish,potent,1,2.591250900459688e-6,0,0,potent,164,142
hawkish,powerhous,1,2.591250900459688e-6,0,0,powerhouse,50,56
hawkish,pozsar,1,2.591250900459688e-6,0,0,pozsar,55,24
hawkish,pradhan,1,2.591250900459688e-6,0,0,pradhan,74,47
hawkish,praet,1,2.591250900459688e-6,0,0,praet,196,143
hawkish,prager,1,2.591250900459688e-6,0,0,prager,13,10
hawkish,praxi,1,2.591250900459688e-6,0,0,praxis,14,13
hawkish,pray,1,2.591250900459688e-6,0,0,pray,31,34
hawkish,preach,1,2.591250900459688e-6,0,0,preaching,17,30
hawkish,preannounc,1,2.591250900459688e-6,0,0,preannounced,34,41
hawkish,precari,1,2.591250900459688e-6,0,0,precarious,119,122
hawkish,precaut,1,2.591250900459688e-6,0,0,precautions,81,125
hawkish,predat,1,2.591250900459688e-6,0,0,predates,24,72
hawkish,predic,1,2.591250900459688e-6,0,0,predicated,148,153
hawkish,predisposit,1,2.591250900459688e-6,0,0,predisposition,10,11
hawkish,preemin,1,2.591250900459688e-6,0,0,preeminent,33,42
hawkish,prefac,1,2.591250900459688e-6,0,0,preface,35,37
hawkish,prejudg,1,2.591250900459688e-6,0,0,prejudge,33,49
hawkish,preoccupi,1,2.591250900459688e-6,0,0,preoccupied,60,72
hawkish,prepandem,1,2.591250900459688e-6,0,0,prepandemic,45,40
hawkish,prerecord,1,2.591250900459688e-6,0,0,prerecorded,18,17
hawkish,preset,1,2.591250900459688e-6,0,0,preset,58,51
hawkish,prestig,1,2.591250900459688e-6,0,0,prestige,73,61
hawkish,presuppos,1,2.591250900459688e-6,0,0,presupposes,104,112
hawkish,pretenc,1,2.591250900459688e-6,0,0,pretence,29,22
hawkish,prey,1,2.591250900459688e-6,0,0,prey,42,43
hawkish,priceless,1,2.591250900459688e-6,0,0,priceless,12,12
hawkish,priest,1,2.591250900459688e-6,0,0,priests,7,12
hawkish,prima,1,2.591250900459688e-6,0,0,prima,73,69
hawkish,printer,1,2.591250900459688e-6,0,0,printers,24,32
hawkish,priorit,1,2.591250900459688e-6,0,0,prioritize,113,220
hawkish,prison,1,2.591250900459688e-6,0,0,prison,40,59
hawkish,proclaim,1,2.591250900459688e-6,0,0,proclaimed,30,37
hawkish,proclam,1,2.591250900459688e-6,0,0,proclamation,15,13
hawkish,procliv,1,2.591250900459688e-6,0,0,proclivity,10,11
hawkish,procrastin,1,2.591250900459688e-6,0,0,procrastination,16,27
hawkish,prodigi,1,2.591250900459688e-6,0,0,prodigious,20,21
hawkish,proffer,1,2.591250900459688e-6,0,0,proffered,8,14
hawkish,profici,1,2.591250900459688e-6,0,0,proficiency,20,37
hawkish,profligaci,1,2.591250900459688e-6,0,0,profligacy,30,30
hawkish,prognost,1,2.591250900459688e-6,0,0,prognostications,9,16
hawkish,promissori,1,2.591250900459688e-6,0,0,promissory,45,23
hawkish,propheci,1,2.591250900459688e-6,0,0,prophecy,40,51
hawkish,prosaic,1,2.591250900459688e-6,0,0,prosaic,22,32
hawkish,protagonist,1,2.591250900459688e-6,0,0,protagonists,31,36
hawkish,proverb,1,2.591250900459688e-6,0,0,proverb,43,43
hawkish,provoc,1,2.591250900459688e-6,0,0,provocative,36,60
hawkish,prowess,1,2.591250900459688e-6,0,0,prowess,27,27
hawkish,psl,1,2.591250900459688e-6,0,0,psl,69,24
hawkish,psu,1,2.591250900459688e-6,0,0,psu,51,31
hawkish,psych,1,2.591250900459688e-6,0,0,psyche,28,28
hawkish,psychologist,1,2.591250900459688e-6,0,0,psychologists,39,37
hawkish,publici,1,2.591250900459688e-6,0,0,publicis,14,13
hawkish,pump,1,2.591250900459688e-6,0,0,pump,66,117
hawkish,punctur,1,2.591250900459688e-6,0,0,puncture,6,12
hawkish,punit,1,2.591250900459688e-6,0,0,punitive,68,47
hawkish,pupil,1,2.591250900459688e-6,0,0,pupils,30,34
hawkish,purdah,1,2.591250900459688e-6,0,0,purdah,22,21
hawkish,purist,1,2.591250900459688e-6,0,0,purist,18,18
hawkish,pursuant,1,2.591250900459688e-6,0,0,pursuant,157,135
hawkish,putat,1,2.591250900459688e-6,0,0,putative,26,28
hawkish,qiang,1,2.591250900459688e-6,0,0,qiang,11,10
hawkish,quarri,1,2.591250900459688e-6,0,0,quarrying,34,29
hawkish,queen,1,2.591250900459688e-6,0,0,queen,94,72
hawkish,quell,1,2.591250900459688e-6,0,0,quelle,51,56
hawkish,quid,1,2.591250900459688e-6,0,0,quid,30,31
hawkish,quieter,1,2.591250900459688e-6,0,0,quieter,16,14
hawkish,quinn,1,2.591250900459688e-6,0,0,quinn,20,17
hawkish,radio,1,2.591250900459688e-6,0,0,radio,93,78
hawkish,raft,1,2.591250900459688e-6,0,0,raft,42,43
hawkish,rage,1,2.591250900459688e-6,0,0,raging,39,81
hawkish,raj,1,2.591250900459688e-6,0,0,raj,61,47
hawkish,raja,1,2.591250900459688e-6,0,0,raja,18,18
hawkish,rajiv,1,2.591250900459688e-6,0,0,rajiv,16,15
hawkish,ramsay,1,2.591250900459688e-6,0,0,ramsay,28,28
hawkish,ramsden,1,2.591250900459688e-6,0,0,ramsden,114,76
hawkish,ranch,1,2.591250900459688e-6,0,0,ranching,5,11
hawkish,ransomwar,1,2.591250900459688e-6,0,0,ransomware,52,20
hawkish,rash,1,2.591250900459688e-6,0,0,rash,20,24
hawkish,ravag,1,2.591250900459688e-6,0,0,ravages,32,52
hawkish,ravi,1,2.591250900459688e-6,0,0,ravi,35,31
hawkish,raymond,1,2.591250900459688e-6,0,0,raymond,25,21
hawkish,reabsorb,1,2.591250900459688e-6,0,0,reabsorbed,51,64
hawkish,reapprais,1,2.591250900459688e-6,0,0,reappraisal,107,98
hawkish,rear,1,2.591250900459688e-6,0,0,rearing,47,69
hawkish,reassign,1,2.591250900459688e-6,0,0,reassigned,4,10
hawkish,rebas,1,2.591250900459688e-6,0,0,rebasing,31,27
hawkish,rebecca,1,2.591250900459688e-6,0,0,rebecca,63,61
hawkish,rebirth,1,2.591250900459688e-6,0,0,rebirth,28,27
hawkish,recast,1,2.591250900459688e-6,0,0,recast,28,33
hawkish,recherch,1,2.591250900459688e-6,0,0,recherches,7,13
hawkish,recin,1,2.591250900459688e-6,0,0,recine,13,13
hawkish,recircul,1,2.591250900459688e-6,0,0,recirculation,9,13
hawkish,reclaim,1,2.591250900459688e-6,0,0,reclaim,15,25
hawkish,recogniz,1,2.591250900459688e-6,0,0,recognizable,25,25
hawkish,reconstitut,1,2.591250900459688e-6,0,0,reconstituted,16,36
hawkish,recordkeep,1,2.591250900459688e-6,0,0,recordkeeping,30,26
hawkish,recover,1,2.591250900459688e-6,0,0,recoverable,19,27
hawkish,rectif,1,2.591250900459688e-6,0,0,rectification,36,30
hawkish,recycl,1,2.591250900459688e-6,0,0,recycling,102,141
hawkish,redenomin,1,2.591250900459688e-6,0,0,redenomination,132,92
hawkish,rediscov,1,2.591250900459688e-6,0,0,rediscovered,22,40
hawkish,redoubl,1,2.591250900459688e-6,0,0,redouble,76,92
hawkish,reed,1,2.591250900459688e-6,0,0,reed,27,19
hawkish,reemploy,1,2.591250900459688e-6,0,0,reemployment,27,27
hawkish,reexamin,1,2.591250900459688e-6,0,0,reexamine,39,72
hawkish,refere,1,2.591250900459688e-6,0,0,referee,27,30
hawkish,referenda,1,2.591250900459688e-6,0,0,referenda,14,12
hawkish,referr,1,2.591250900459688e-6,0,0,referral,46,30
hawkish,refut,1,2.591250900459688e-6,0,0,refute,31,59
hawkish,reg,1,2.591250900459688e-6,0,0,reg,46,30
hawkish,regina,1,2.591250900459688e-6,0,0,regina,18,10
hawkish,regionalis,1,2.591250900459688e-6,0,0,regionalisation,19,16
hawkish,registrar,1,2.591250900459688e-6,0,0,registrar,94,49
hawkish,rehabilit,1,2.591250900459688e-6,0,0,rehabilitation,180,141
hawkish,rehypothec,1,2.591250900459688e-6,0,0,rehypothecation,15,11
hawkish,rei,1,2.591250900459688e-6,0,0,reis,136,61
hawkish,reignit,1,2.591250900459688e-6,0,0,reignite,9,19
hawkish,reissu,1,2.591250900459688e-6,0,0,reissue,11,23
hawkish,relativ,1,2.591250900459688e-6,0,0,relativized,9,12
hawkish,relaunch,1,2.591250900459688e-6,0,0,relaunch,24,38
hawkish,relay,1,2.591250900459688e-6,0,0,relay,16,27
hawkish,religi,1,2.591250900459688e-6,0,0,religious,110,85
hawkish,relook,1,2.591250900459688e-6,0,0,relook,22,24
hawkish,remnant,1,2.591250900459688e-6,0,0,remnants,29,33
hawkish,renaiss,1,2.591250900459688e-6,0,0,renaissance,78,43
hawkish,renationalis,1,2.591250900459688e-6,0,0,renationalisation,26,25
hawkish,rene,1,2.591250900459688e-6,0,0,renee,16,25
hawkish,renegoti,1,2.591250900459688e-6,0,0,renegotiation,43,74
hawkish,renown,1,2.591250900459688e-6,0,0,renowned,143,141
hawkish,renter,1,2.591250900459688e-6,0,0,renters,158,77
hawkish,reo,1,2.591250900459688e-6,0,0,reo,133,18
hawkish,repackag,1,2.591250900459688e-6,0,0,repackaged,30,53
hawkish,repel,1,2.591250900459688e-6,0,0,repel,6,10
hawkish,reposit,1,2.591250900459688e-6,0,0,reposition,25,43
hawkish,repossess,1,2.591250900459688e-6,0,0,repossessions,13,32
hawkish,reproach,1,2.591250900459688e-6,0,0,reproach,15,23
hawkish,resal,1,2.591250900459688e-6,0,0,resale,80,77
hawkish,rescal,1,2.591250900459688e-6,0,0,rescaled,13,17
hawkish,resel,1,2.591250900459688e-6,0,0,resell,16,22
hawkish,resent,1,2.591250900459688e-6,0,0,resentment,21,35
hawkish,respit,1,2.591250900459688e-6,0,0,respite,42,39
hawkish,restart,1,2.591250900459688e-6,0,0,restart,120,168
hawkish,restock,1,2.591250900459688e-6,0,0,restocking,36,35
hawkish,resurrect,1,2.591250900459688e-6,0,0,resurrection,31,50
hawkish,retool,1,2.591250900459688e-6,0,0,retool,25,28
hawkish,retract,1,2.591250900459688e-6,0,0,retracted,11,19
hawkish,retrain,1,2.591250900459688e-6,0,0,retraining,92,110
hawkish,retriev,1,2.591250900459688e-6,0,0,retrieved,70,70
hawkish,retroact,1,2.591250900459688e-6,0,0,retroactively,17,23
hawkish,reunion,1,2.591250900459688e-6,0,0,reunion,13,14
hawkish,reverber,1,2.591250900459688e-6,0,0,reverberate,30,90
hawkish,revok,1,2.591250900459688e-6,0,0,revoked,60,61
hawkish,revolutionis,1,2.591250900459688e-6,0,0,revolutionised,31,69
hawkish,rewrit,1,2.591250900459688e-6,0,0,rewrite,30,49
hawkish,rhine,1,2.591250900459688e-6,0,0,rhine,29,20
hawkish,rhode,1,2.591250900459688e-6,0,0,rhode,43,32
hawkish,rhys,1,2.591250900459688e-6,0,0,rhys,41,41
hawkish,rhythm,1,2.591250900459688e-6,0,0,rhythm,22,23
hawkish,ricardo,1,2.591250900459688e-6,0,0,ricardo,201,124
hawkish,rice,1,2.591250900459688e-6,0,0,rice,188,115
hawkish,richard,1,2.591250900459688e-6,0,0,richard,648,473
hawkish,richardson,1,2.591250900459688e-6,0,0,richardson,60,42
hawkish,richest,1,2.591250900459688e-6,0,0,richest,84,62
hawkish,rift,1,2.591250900459688e-6,0,0,rifts,9,14
hawkish,righteous,1,2.591250900459688e-6,0,0,righteous,9,11
hawkish,rim,1,2.591250900459688e-6,0,0,rim,29,19
hawkish,rio,1,2.591250900459688e-6,0,0,rio,43,55
hawkish,riskadjust,1,2.591250900459688e-6,0,0,riskadjusted,15,14
hawkish,rivlin,1,2.591250900459688e-6,0,0,rivlin,47,33
hawkish,roa,1,2.591250900459688e-6,0,0,roa,101,60
hawkish,roadblock,1,2.591250900459688e-6,0,0,roadblocks,29,29
hawkish,rob,1,2.591250900459688e-6,0,0,rob,55,72
hawkish,robin,1,2.591250900459688e-6,0,0,robin,75,66
hawkish,rochell,1,2.591250900459688e-6,0,0,rochelle,27,24
hawkish,rogelio,1,2.591250900459688e-6,0,0,rogelio,10,10
hawkish,rollback,1,2.591250900459688e-6,0,0,rollback,16,13
hawkish,roller,1,2.591250900459688e-6,0,0,roller,27,27
hawkish,romain,1,2.591250900459688e-6,0,0,romain,10,10
hawkish,romant,1,2.591250900459688e-6,0,0,romantic,14,13
hawkish,roosevelt,1,2.591250900459688e-6,0,0,roosevelt,63,40
hawkish,rosewal,1,2.591250900459688e-6,0,0,rosewall,16,14
hawkish,roubl,1,2.591250900459688e-6,0,0,rouble,63,23
hawkish,rub,1,2.591250900459688e-6,0,0,rub,18,19
hawkish,rude,1,2.591250900459688e-6,0,0,rude,16,24
hawkish,rugbi,1,2.591250900459688e-6,0,0,rugby,30,22
hawkish,rulesbas,1,2.591250900459688e-6,0,0,rulesbased,15,15
hawkish,rumour,1,2.591250900459688e-6,0,0,rumours,48,57
hawkish,runnabl,1,2.591250900459688e-6,0,0,runnable,40,24
hawkish,runner,1,2.591250900459688e-6,0,0,runner,30,37
hawkish,saarc,1,2.591250900459688e-6,0,0,saarc,70,21
hawkish,sabin,1,2.591250900459688e-6,0,0,sabine,92,85
hawkish,sacrosanct,1,2.591250900459688e-6,0,0,sacrosanct,20,20
hawkish,safekeep,1,2.591250900459688e-6,0,0,safekeeping,20,12
hawkish,sag,1,2.591250900459688e-6,0,0,sagging,18,27
hawkish,sage,1,2.591250900459688e-6,0,0,sage,46,46
hawkish,sala,1,2.591250900459688e-6,0,0,sala,39,29
hawkish,salvag,1,2.591250900459688e-6,0,0,salvage,7,10
hawkish,sama,1,2.591250900459688e-6,0,0,sama,355,73
hawkish,sambamurthi,1,2.591250900459688e-6,0,0,sambamurthy,18,15
hawkish,sandra,1,2.591250900459688e-6,0,0,sandra,28,26
hawkish,sant,1,2.591250900459688e-6,0,0,sants,13,10
hawkish,santo,1,2.591250900459688e-6,0,0,santos,43,34
hawkish,sapir,1,2.591250900459688e-6,0,0,sapir,38,26
hawkish,sar,1,2.591250900459688e-6,0,0,sars,166,120
hawkish,sasha,1,2.591250900459688e-6,0,0,sasha,13,12
hawkish,satoshi,1,2.591250900459688e-6,0,0,satoshi,17,12
hawkish,saudi,1,2.591250900459688e-6,0,0,saudi,639,153
hawkish,saunder,1,2.591250900459688e-6,0,0,saunders,179,97
hawkish,savag,1,2.591250900459688e-6,0,0,savage,17,16
hawkish,savvi,1,2.591250900459688e-6,0,0,savvy,71,65
hawkish,scam,1,2.591250900459688e-6,0,0,scams,50,32
hawkish,scare,1,2.591250900459688e-6,0,0,scare,45,73
hawkish,scb,1,2.591250900459688e-6,0,0,scb,97,15
hawkish,scharfstein,1,2.591250900459688e-6,0,0,scharfstein,18,13
hawkish,schularick,1,2.591250900459688e-6,0,0,schularick,114,69
hawkish,schultz,1,2.591250900459688e-6,0,0,schultz,10,13
hawkish,schumpeterian,1,2.591250900459688e-6,0,0,schumpeterian,58,39
hawkish,schwab,1,2.591250900459688e-6,0,0,schwab,15,12
hawkish,schwartz,1,2.591250900459688e-6,0,0,schwartz,215,84
hawkish,sci,1,2.591250900459688e-6,0,0,sci,21,14
hawkish,scoreboard,1,2.591250900459688e-6,0,0,scoreboard,39,30
hawkish,scott,1,2.591250900459688e-6,0,0,scott,175,132
hawkish,scrip,1,2.591250900459688e-6,0,0,scrip,19,20
hawkish,sear,1,2.591250900459688e-6,0,0,searing,10,18
hawkish,seattl,1,2.591250900459688e-6,0,0,seattle,45,27
hawkish,second,1,2.591250900459688e-6,0,0,seconded,8,17
hawkish,seduct,1,2.591250900459688e-6,0,0,seductive,23,29
hawkish,sein,1,2.591250900459688e-6,0,0,sein,27,26
hawkish,selfcorrect,1,2.591250900459688e-6,0,0,selfcorrecting,8,10
hawkish,selfregul,1,2.591250900459688e-6,0,0,selfregulation,19,19
hawkish,sen,1,2.591250900459688e-6,0,0,sen,63,41
hawkish,sendai,1,2.591250900459688e-6,0,0,sendai,20,14
hawkish,seneca,1,2.591250900459688e-6,0,0,seneca,55,51
hawkish,sentanc,1,2.591250900459688e-6,0,0,sentance,148,40
hawkish,sep,1,2.591250900459688e-6,0,0,sep,907,264
hawkish,sept,1,2.591250900459688e-6,0,0,sept,128,79
hawkish,sequest,1,2.591250900459688e-6,0,0,sequester,5,11
hawkish,seren,1,2.591250900459688e-6,0,0,serenity,16,26
hawkish,serial,1,2.591250900459688e-6,0,0,serial,72,74
hawkish,serious,1,2.591250900459688e-6,0,0,seriousness,114,105
hawkish,ses,1,2.591250900459688e-6,0,0,ses,28,19
hawkish,sewa,1,2.591250900459688e-6,0,0,sewa,20,13
hawkish,sewag,1,2.591250900459688e-6,0,0,sewage,20,13
hawkish,sex,1,2.591250900459688e-6,0,0,sex,69,54
hawkish,sexual,1,2.591250900459688e-6,0,0,sexual,35,28
hawkish,shade,1,2.591250900459688e-6,0,0,shaded,320,231
hawkish,shankar,1,2.591250900459688e-6,0,0,shankar,15,13
hawkish,shapiro,1,2.591250900459688e-6,0,0,shapiro,45,28
hawkish,sharon,1,2.591250900459688e-6,0,0,sharon,20,20
hawkish,sharpest,1,2.591250900459688e-6,0,0,sharpest,122,109
hawkish,sheep,1,2.591250900459688e-6,0,0,sheep,21,15
hawkish,shell,1,2.591250900459688e-6,0,0,shell,41,43
hawkish,shelv,1,2.591250900459688e-6,0,0,shelves,19,33
hawkish,sheppard,1,2.591250900459688e-6,0,0,sheppard,41,31
hawkish,shiller,1,2.591250900459688e-6,0,0,shiller,206,96
hawkish,shipment,1,2.591250900459688e-6,0,0,shipments,234,198
hawkish,shockwav,1,2.591250900459688e-6,0,0,shockwaves,14,19
hawkish,shoddi,1,2.591250900459688e-6,0,0,shoddy,11,10
hawkish,shoe,1,2.591250900459688e-6,0,0,shoes,66,70
hawkish,shone,1,2.591250900459688e-6,0,0,shone,20,18
hawkish,shook,1,2.591250900459688e-6,0,0,shook,47,47
hawkish,shortal,1,2.591250900459688e-6,0,0,shortall,45,44
hawkish,shorthand,1,2.591250900459688e-6,0,0,shorthand,43,42
hawkish,shortsight,1,2.591250900459688e-6,0,0,shortsighted,11,11
hawkish,shove,1,2.591250900459688e-6,0,0,shove,10,11
hawkish,showcas,1,2.591250900459688e-6,0,0,showcase,49,72
hawkish,shred,1,2.591250900459688e-6,0,0,shred,6,10
hawkish,shrinkag,1,2.591250900459688e-6,0,0,shrinkage,98,86
hawkish,shuqe,1,2.591250900459688e-6,0,0,shuqing,54,21
hawkish,sic,1,2.591250900459688e-6,0,0,sic,239,63
hawkish,sideway,1,2.591250900459688e-6,0,0,sideways,70,63
hawkish,sieg,1,2.591250900459688e-6,0,0,siege,13,11
hawkish,siegert,1,2.591250900459688e-6,0,0,siegert,22,17
hawkish,siepr,1,2.591250900459688e-6,0,0,siepr,10,10
hawkish,sift,1,2.591250900459688e-6,0,0,sift,10,20
hawkish,silk,1,2.591250900459688e-6,0,0,silk,26,25
hawkish,sincerest,1,2.591250900459688e-6,0,0,sincerest,52,52
hawkish,sirkka,1,2.591250900459688e-6,0,0,sirkka,46,46
hawkish,skil,1,2.591250900459688e-6,0,0,skilful,18,25
hawkish,skim,1,2.591250900459688e-6,0,0,skimming,11,17
hawkish,slam,1,2.591250900459688e-6,0,0,slam,9,17
hawkish,slant,1,2.591250900459688e-6,0,0,slant,12,14
hawkish,slbcs,1,2.591250900459688e-6,0,0,slbcs,19,15
hawkish,slew,1,2.591250900459688e-6,0,0,slew,36,33
hawkish,slim,1,2.591250900459688e-6,0,0,slim,25,27
hawkish,slip,1,2.591250900459688e-6,0,0,slip,103,241
hawkish,slippag,1,2.591250900459688e-6,0,0,slippage,86,103
hawkish,slovenian,1,2.591250900459688e-6,0,0,slovenian,23,13
hawkish,smarter,1,2.591250900459688e-6,0,0,smarter,49,46
hawkish,smuggl,1,2.591250900459688e-6,0,0,smuggling,33,17
hawkish,socialis,1,2.591250900459688e-6,0,0,socialised,26,43
hawkish,socialist,1,2.591250900459688e-6,0,0,socialist,177,109
hawkish,softer,1,2.591250900459688e-6,0,0,softer,176,157
hawkish,solar,1,2.591250900459688e-6,0,0,solar,109,73
hawkish,solidifi,1,2.591250900459688e-6,0,0,solidifying,24,67
hawkish,solo,1,2.591250900459688e-6,0,0,solo,35,24
hawkish,someday,1,2.591250900459688e-6,0,0,someday,27,25
hawkish,sonia,1,2.591250900459688e-6,0,0,sonia,258,43
hawkish,sore,1,2.591250900459688e-6,0,0,sorely,26,34
hawkish,sounder,1,2.591250900459688e-6,0,0,sounder,205,187
hawkish,sow,1,2.591250900459688e-6,0,0,sow,77,176
hawkish,soybean,1,2.591250900459688e-6,0,0,soybeans,20,29
hawkish,spate,1,2.591250900459688e-6,0,0,spate,39,39
hawkish,spatial,1,2.591250900459688e-6,0,0,spatial,86,67
hawkish,spearhead,1,2.591250900459688e-6,0,0,spearheading,27,69
hawkish,speci,1,2.591250900459688e-6,0,0,species,99,78
hawkish,sped,1,2.591250900459688e-6,0,0,sped,49,45
hawkish,spin,1,2.591250900459688e-6,0,0,spin,61,73
hawkish,sporad,1,2.591250900459688e-6,0,0,sporadic,34,51
hawkish,sprechen,1,2.591250900459688e-6,0,0,sprechen,11,11
hawkish,springboard,1,2.591250900459688e-6,0,0,springboard,18,18
hawkish,sprint,1,2.591250900459688e-6,0,0,sprint,19,19
hawkish,spurt,1,2.591250900459688e-6,0,0,spurt,106,109
hawkish,squam,1,2.591250900459688e-6,0,0,squam,27,12
hawkish,srinivasan,1,2.591250900459688e-6,0,0,srinivasan,45,32
hawkish,stabli,1,2.591250900459688e-6,0,0,stably,121,95
hawkish,stack,1,2.591250900459688e-6,0,0,stack,81,67
hawkish,stagflat,1,2.591250900459688e-6,0,0,stagflation,164,124
hawkish,stagflationari,1,2.591250900459688e-6,0,0,stagflationary,13,13
hawkish,statewid,1,2.591250900459688e-6,0,0,statewide,19,14
hawkish,statistisch,1,2.591250900459688e-6,0,0,statistisches,7,12
hawkish,stead,1,2.591250900459688e-6,0,0,stead,53,52
hawkish,steeni,1,2.591250900459688e-6,0,0,steenis,12,12
hawkish,steeper,1,2.591250900459688e-6,0,0,steeper,167,143
hawkish,steepest,1,2.591250900459688e-6,0,0,steepest,31,29
hawkish,stefan,1,2.591250900459688e-6,0,0,stefan,53,45
hawkish,steward,1,2.591250900459688e-6,0,0,steward,12,18
hawkish,stewardship,1,2.591250900459688e-6,0,0,stewardship,52,49
hawkish,stiff,1,2.591250900459688e-6,0,0,stiff,41,41
hawkish,stijn,1,2.591250900459688e-6,0,0,stijn,52,28
hawkish,stint,1,2.591250900459688e-6,0,0,stint,19,21
hawkish,stockholm,1,2.591250900459688e-6,0,0,stockholm,81,65
hawkish,stracca,1,2.591250900459688e-6,0,0,stracca,55,47
hawkish,straightjacket,1,2.591250900459688e-6,0,0,straightjacket,12,15
hawkish,strait,1,2.591250900459688e-6,0,0,strait,49,57
hawkish,stranger,1,2.591250900459688e-6,0,0,strangers,39,35
hawkish,straub,1,2.591250900459688e-6,0,0,straub,78,55
hawkish,streak,1,2.591250900459688e-6,0,0,streak,12,11
hawkish,stresstest,1,2.591250900459688e-6,0,0,stresstesting,15,18
hawkish,stricken,1,2.591250900459688e-6,0,0,stricken,59,48
hawkish,stringenc,1,2.591250900459688e-6,0,0,stringency,102,61
hawkish,stripe,1,2.591250900459688e-6,0,0,stripe,27,38
hawkish,strove,1,2.591250900459688e-6,0,0,strove,22,21
hawkish,stuart,1,2.591250900459688e-6,0,0,stuart,57,52
hawkish,stun,1,2.591250900459688e-6,0,0,stunning,28,37
hawkish,stupid,1,2.591250900459688e-6,0,0,stupid,34,34
hawkish,sturdi,1,2.591250900459688e-6,0,0,sturdy,28,29
hawkish,styliz,1,2.591250900459688e-6,0,0,stylized,138,87
hawkish,su,1,2.591250900459688e-6,0,0,sued,12,12
hawkish,suasion,1,2.591250900459688e-6,0,0,suasion,83,56
hawkish,subcontin,1,2.591250900459688e-6,0,0,subcontinent,17,11
hawkish,subserv,1,2.591250900459688e-6,0,0,subserve,11,14
hawkish,subsist,1,2.591250900459688e-6,0,0,subsistence,60,51
hawkish,subsum,1,2.591250900459688e-6,0,0,subsumed,30,49
hawkish,subt,1,2.591250900459688e-6,0,0,subtly,35,32
hawkish,subtler,1,2.591250900459688e-6,0,0,subtler,12,12
hawkish,subtleti,1,2.591250900459688e-6,0,0,subtleties,24,34
hawkish,subtract,1,2.591250900459688e-6,0,0,subtracting,149,252
hawkish,suburb,1,2.591250900459688e-6,0,0,suburbs,39,33
hawkish,subvert,1,2.591250900459688e-6,0,0,subvert,8,14
hawkish,sue,1,2.591250900459688e-6,0,0,sue,26,21
hawkish,suerf,1,2.591250900459688e-6,0,0,suerf,62,54
hawkish,summon,1,2.591250900459688e-6,0,0,summoned,20,38
hawkish,sunset,1,2.591250900459688e-6,0,0,sunset,28,28
hawkish,sunshin,1,2.591250900459688e-6,0,0,sunshine,34,20
hawkish,suppl,1,2.591250900459688e-6,0,0,supple,12,15
hawkish,supplant,1,2.591250900459688e-6,0,0,supplant,30,51
hawkish,surajit,1,2.591250900459688e-6,0,0,surajit,23,23
hawkish,sureyya,1,2.591250900459688e-6,0,0,sureyya,29,21
hawkish,surf,1,2.591250900459688e-6,0,0,surfing,11,14
hawkish,surgic,1,2.591250900459688e-6,0,0,surgical,30,29
hawkish,surmis,1,2.591250900459688e-6,0,0,surmise,37,42
hawkish,surrog,1,2.591250900459688e-6,0,0,surrogate,26,35
hawkish,survivor,1,2.591250900459688e-6,0,0,survivors,53,46
hawkish,suspens,1,2.591250900459688e-6,0,0,suspension,156,162
hawkish,susten,1,2.591250900459688e-6,0,0,sustenance,51,43
hawkish,swallow,1,2.591250900459688e-6,0,0,swallow,23,23
hawkish,sway,1,2.591250900459688e-6,0,0,sway,35,49
hawkish,swifter,1,2.591250900459688e-6,0,0,swifter,17,17
hawkish,symbiosi,1,2.591250900459688e-6,0,0,symbiosis,22,18
hawkish,symmetri,1,2.591250900459688e-6,0,0,symmetry,106,88
hawkish,symptom,1,2.591250900459688e-6,0,0,symptoms,209,300
hawkish,sync,1,2.591250900459688e-6,0,0,sync,98,93
hawkish,syndrom,1,2.591250900459688e-6,0,0,syndrome,88,79
hawkish,synerg,1,2.591250900459688e-6,0,0,synergize,21,42
hawkish,tablet,1,2.591250900459688e-6,0,0,tablets,30,43
hawkish,tacit,1,2.591250900459688e-6,0,0,tacit,34,31
hawkish,taglioni,1,2.591250900459688e-6,0,0,taglioni,17,10
hawkish,taiwan,1,2.591250900459688e-6,0,0,taiwan,244,176
hawkish,taleb,1,2.591250900459688e-6,0,0,taleb,34,21
hawkish,talwar,1,2.591250900459688e-6,0,0,talwar,30,18
hawkish,tanaka,1,2.591250900459688e-6,0,0,tanaka,24,16
hawkish,tangl,1,2.591250900459688e-6,0,0,tangled,15,23
hawkish,tank,1,2.591250900459688e-6,0,0,tank,60,88
hawkish,tar,1,2.591250900459688e-6,0,0,tar,14,24
hawkish,tarp,1,2.591250900459688e-6,0,0,tarp,110,51
hawkish,tat,1,2.591250900459688e-6,0,0,tat,24,20
hawkish,tautolog,1,2.591250900459688e-6,0,0,tautology,11,19
hawkish,tcfd,1,2.591250900459688e-6,0,0,tcfd,282,58
hawkish,tea,1,2.591250900459688e-6,0,0,tea,40,35
hawkish,teas,1,2.591250900459688e-6,0,0,tease,14,19
hawkish,technologist,1,2.591250900459688e-6,0,0,technologists,21,21
hawkish,tecton,1,2.591250900459688e-6,0,0,tectonic,32,32
hawkish,telco,1,2.591250900459688e-6,0,0,telco,11,12
hawkish,telecom,1,2.591250900459688e-6,0,0,telecom,218,159
hawkish,temperatur,1,2.591250900459688e-6,0,0,temperature,204,155
hawkish,tenabl,1,2.591250900459688e-6,0,0,tenable,24,24
hawkish,tens,1,2.591250900459688e-6,0,0,tense,61,58
hawkish,tenyear,1,2.591250900459688e-6,0,0,tenyear,10,10
hawkish,tepid,1,2.591250900459688e-6,0,0,tepid,87,85
hawkish,tether,1,2.591250900459688e-6,0,0,tether,21,22
hawkish,thatth,1,2.591250900459688e-6,0,0,thatthe,13,12
hawkish,thaw,1,2.591250900459688e-6,0,0,thaw,19,24
hawkish,thecityuk,1,2.591250900459688e-6,0,0,thecityuk,24,13
hawkish,thecount,1,2.591250900459688e-6,0,0,thecounter,33,33
hawkish,theft,1,2.591250900459688e-6,0,0,theft,117,99
hawkish,theolog,1,2.591250900459688e-6,0,0,theology,18,21
hawkish,theorist,1,2.591250900459688e-6,0,0,theorists,68,70
hawkish,thesi,1,2.591250900459688e-6,0,0,thesis,139,105
hawkish,thinner,1,2.591250900459688e-6,0,0,thinner,28,26
hawkish,thirdparti,1,2.591250900459688e-6,0,0,thirdparty,18,17
hawkish,thornton,1,2.591250900459688e-6,0,0,thornton,105,46
hawkish,thoroughgo,1,2.591250900459688e-6,0,0,thoroughgoing,13,13
hawkish,threemonth,1,2.591250900459688e-6,0,0,threemonth,46,37
hawkish,threequart,1,2.591250900459688e-6,0,0,threequarters,14,14
hawkish,threw,1,2.591250900459688e-6,0,0,threw,42,42
hawkish,thrill,1,2.591250900459688e-6,0,0,thrilled,23,30
hawkish,throe,1,2.591250900459688e-6,0,0,throes,28,28
hawkish,tiger,1,2.591250900459688e-6,0,0,tiger,90,81
hawkish,timeless,1,2.591250900459688e-6,0,0,timeless,45,39
hawkish,tin,1,2.591250900459688e-6,0,0,tin,18,18
hawkish,tinder,1,2.591250900459688e-6,0,0,tinder,10,10
hawkish,tire,1,2.591250900459688e-6,0,0,tired,29,56
hawkish,tltro,1,2.591250900459688e-6,0,0,tltro,317,123
hawkish,tltros,1,2.591250900459688e-6,0,0,tltros,327,129
hawkish,tobacco,1,2.591250900459688e-6,0,0,tobacco,321,152
hawkish,tobia,1,2.591250900459688e-6,0,0,tobias,88,69
hawkish,tobin,1,2.591250900459688e-6,0,0,tobin,160,74
hawkish,toe,1,2.591250900459688e-6,0,0,toes,20,26
hawkish,tofail,1,2.591250900459688e-6,0,0,tofail,16,16
hawkish,toincom,1,2.591250900459688e-6,0,0,toincome,21,19
hawkish,toni,1,2.591250900459688e-6,0,0,tony,60,61
hawkish,tonn,1,2.591250900459688e-6,0,0,tonnes,283,98
hawkish,toolbox,1,2.591250900459688e-6,0,0,toolbox,181,124
hawkish,torr,1,2.591250900459688e-6,0,0,torres,70,73
hawkish,toughen,1,2.591250900459688e-6,0,0,toughened,16,39
hawkish,toughest,1,2.591250900459688e-6,0,0,toughest,33,33
hawkish,toulous,1,2.591250900459688e-6,0,0,toulouse,16,11
hawkish,tower,1,2.591250900459688e-6,0,0,tower,78,98
hawkish,toyo,1,2.591250900459688e-6,0,0,toyo,18,15
hawkish,traceabl,1,2.591250900459688e-6,0,0,traceable,18,31
hawkish,transgress,1,2.591250900459688e-6,0,0,transgressions,18,27
hawkish,transpos,1,2.591250900459688e-6,0,0,transposed,57,81
hawkish,transposit,1,2.591250900459688e-6,0,0,transposition,58,47
hawkish,trauma,1,2.591250900459688e-6,0,0,trauma,63,63
hawkish,travail,1,2.591250900459688e-6,0,0,travails,26,34
hawkish,treatis,1,2.591250900459688e-6,0,0,treatise,39,36
hawkish,tremor,1,2.591250900459688e-6,0,0,tremors,30,30
hawkish,trialogu,1,2.591250900459688e-6,0,0,trialogue,18,18
hawkish,triangl,1,2.591250900459688e-6,0,0,triangle,82,62
hawkish,trick,1,2.591250900459688e-6,0,0,trick,42,58
hawkish,triumph,1,2.591250900459688e-6,0,0,triumph,69,76
hawkish,trodden,1,2.591250900459688e-6,0,0,trodden,19,19
hawkish,troublesom,1,2.591250900459688e-6,0,0,troublesome,66,64
hawkish,truck,1,2.591250900459688e-6,0,0,trucks,75,101
hawkish,truer,1,2.591250900459688e-6,0,0,truer,21,21
hawkish,truism,1,2.591250900459688e-6,0,0,truism,23,23
hawkish,trump,1,2.591250900459688e-6,0,0,trump,39,48
hawkish,truran,1,2.591250900459688e-6,0,0,truran,14,11
hawkish,tuition,1,2.591250900459688e-6,0,0,tuition,73,58
hawkish,tulip,1,2.591250900459688e-6,0,0,tulip,47,42
hawkish,tumultu,1,2.591250900459688e-6,0,0,tumultuous,42,40
hawkish,tunisia,1,2.591250900459688e-6,0,0,tunisia,17,13
hawkish,typifi,1,2.591250900459688e-6,0,0,typified,16,20
hawkish,tyranni,1,2.591250900459688e-6,0,0,tyranny,36,30
hawkish,ubiqu,1,2.591250900459688e-6,0,0,ubiquity,38,32
hawkish,ubiquit,1,2.591250900459688e-6,0,0,ubiquitous,104,91
hawkish,ugli,1,2.591250900459688e-6,0,0,ugly,73,48
hawkish,ulf,1,2.591250900459688e-6,0,0,ulf,16,15
hawkish,unab,1,2.591250900459688e-6,0,0,unabated,73,73
hawkish,unansw,1,2.591250900459688e-6,0,0,unanswered,63,60
hawkish,unauthor,1,2.591250900459688e-6,0,0,unauthorized,63,36
hawkish,unback,1,2.591250900459688e-6,0,0,unbacked,64,18
hawkish,unbridl,1,2.591250900459688e-6,0,0,unbridled,42,41
hawkish,unchalleng,1,2.591250900459688e-6,0,0,unchallenged,21,22
hawkish,uncharacterist,1,2.591250900459688e-6,0,0,uncharacteristically,8,14
hawkish,unclog,1,2.591250900459688e-6,0,0,unclog,14,21
hawkish,uncollater,1,2.591250900459688e-6,0,0,uncollateralized,303,174
hawkish,uncollateralis,1,2.591250900459688e-6,0,0,uncollateralised,48,38
hawkish,uncompetit,1,2.591250900459688e-6,0,0,uncompetitive,62,52
hawkish,unconcern,1,2.591250900459688e-6,0,0,unconcerned,13,13
hawkish,unconstrain,1,2.591250900459688e-6,0,0,unconstrained,93,71
hawkish,uncontroversi,1,2.591250900459688e-6,0,0,uncontroversial,56,53
hawkish,unconvinc,1,2.591250900459688e-6,0,0,unconvinced,21,35
hawkish,uncoop,1,2.591250900459688e-6,0,0,uncooperative,11,11
hawkish,uncoordin,1,2.591250900459688e-6,0,0,uncoordinated,58,53
hawkish,undemocrat,1,2.591250900459688e-6,0,0,undemocratic,20,17
hawkish,underappreci,1,2.591250900459688e-6,0,0,underappreciated,45,49
hawkish,undercapit,1,2.591250900459688e-6,0,0,undercapitalized,60,56
hawkish,underground,1,2.591250900459688e-6,0,0,underground,99,73
hawkish,underneath,1,2.591250900459688e-6,0,0,underneath,40,36
hawkish,underperform,1,2.591250900459688e-6,0,0,underperformance,82,162
hawkish,underprivileg,1,2.591250900459688e-6,0,0,underprivileged,55,45
hawkish,underrepres,1,2.591250900459688e-6,0,0,underrepresented,28,22
hawkish,undersecretari,1,2.591250900459688e-6,0,0,undersecretary,37,36
hawkish,undersecretariat,1,2.591250900459688e-6,0,0,undersecretariat,42,24
hawkish,underutil,1,2.591250900459688e-6,0,0,underutilized,42,63
hawkish,undervalu,1,2.591250900459688e-6,0,0,undervalued,148,155
hawkish,underw,1,2.591250900459688e-6,0,0,underwent,129,126
hawkish,undeserv,1,2.591250900459688e-6,0,0,undeserved,8,11
hawkish,undevelop,1,2.591250900459688e-6,0,0,undeveloped,16,16
hawkish,undisput,1,2.591250900459688e-6,0,0,undisputed,74,85
hawkish,uneduc,1,2.591250900459688e-6,0,0,uneducated,12,12
hawkish,unep,1,2.591250900459688e-6,0,0,unep,31,16
hawkish,unfit,1,2.591250900459688e-6,0,0,unfit,19,15
hawkish,unfreez,1,2.591250900459688e-6,0,0,unfreeze,12,20
hawkish,unfriend,1,2.591250900459688e-6,0,0,unfriendly,46,33
hawkish,unhelp,1,2.591250900459688e-6,0,0,unhelpful,92,89
hawkish,unimport,1,2.591250900459688e-6,0,0,unimportant,60,62
hawkish,uninform,1,2.591250900459688e-6,0,0,uninformed,40,45
hawkish,universidad,1,2.591250900459688e-6,0,0,universidad,22,15
hawkish,universitat,1,2.591250900459688e-6,0,0,universitat,30,29
hawkish,unjust,1,2.591250900459688e-6,0,0,unjust,15,16
hawkish,unlaw,1,2.591250900459688e-6,0,0,unlawful,49,41
hawkish,unlev,1,2.591250900459688e-6,0,0,unlevered,21,14
hawkish,unmet,1,2.591250900459688e-6,0,0,unmet,49,44
hawkish,unmistak,1,2.591250900459688e-6,0,0,unmistakable,20,30
hawkish,unoffici,1,2.591250900459688e-6,0,0,unofficial,54,45
hawkish,unorgan,1,2.591250900459688e-6,0,0,unorganized,50,35
hawkish,unorthodox,1,2.591250900459688e-6,0,0,unorthodox,55,38
hawkish,unpalat,1,2.591250900459688e-6,0,0,unpalatable,30,24
hawkish,unpopular,1,2.591250900459688e-6,0,0,unpopular,143,130
hawkish,unprepar,1,2.591250900459688e-6,0,0,unprepared,37,35
hawkish,unprocess,1,2.591250900459688e-6,0,0,unprocessed,288,109
hawkish,unrat,1,2.591250900459688e-6,0,0,unrated,73,45
hawkish,unrecogn,1,2.591250900459688e-6,0,0,unrecognized,10,10
hawkish,unrecognis,1,2.591250900459688e-6,0,0,unrecognisable,8,18
hawkish,unrepres,1,2.591250900459688e-6,0,0,unrepresentative,9,11
hawkish,unreserv,1,2.591250900459688e-6,0,0,unreservedly,9,13
hawkish,unrestrain,1,2.591250900459688e-6,0,0,unrestrained,14,14
hawkish,unscath,1,2.591250900459688e-6,0,0,unscathed,105,101
hawkish,unschedul,1,2.591250900459688e-6,0,0,unscheduled,46,43
hawkish,unsolv,1,2.591250900459688e-6,0,0,unsolved,22,26
hawkish,unspectacular,1,2.591250900459688e-6,0,0,unspectacular,14,14
hawkish,unsteril,1,2.591250900459688e-6,0,0,unsterilized,26,18
hawkish,unstructur,1,2.591250900459688e-6,0,0,unstructured,42,36
hawkish,untangl,1,2.591250900459688e-6,0,0,untangling,14,27
hawkish,unten,1,2.591250900459688e-6,0,0,untenable,60,53
hawkish,untest,1,2.591250900459688e-6,0,0,untested,97,93
hawkish,untim,1,2.591250900459688e-6,0,0,untimely,21,21
hawkish,unviabl,1,2.591250900459688e-6,0,0,unviable,96,80
hawkish,unwieldi,1,2.591250900459688e-6,0,0,unwieldy,19,19
hawkish,upi,1,2.591250900459688e-6,0,0,upi,164,52
hawkish,uppermost,1,2.591250900459688e-6,0,0,uppermost,26,25
hawkish,upstream,1,2.591250900459688e-6,0,0,upstream,91,78
hawkish,uptak,1,2.591250900459688e-6,0,0,uptake,44,41
hawkish,urbanis,1,2.591250900459688e-6,0,0,urbanisation,169,60
hawkish,uti,1,2.591250900459688e-6,0,0,uti,27,19
hawkish,utopian,1,2.591250900459688e-6,0,0,utopian,26,27
hawkish,valiant,1,2.591250900459688e-6,0,0,valiant,12,15
hawkish,valv,1,2.591250900459688e-6,0,0,valve,68,69
hawkish,vanguard,1,2.591250900459688e-6,0,0,vanguard,62,57
hawkish,various,1,2.591250900459688e-6,0,0,variously,45,44
hawkish,vault,1,2.591250900459688e-6,0,0,vault,52,74
hawkish,venabl,1,2.591250900459688e-6,0,0,venables,29,16
hawkish,venic,1,2.591250900459688e-6,0,0,venice,39,25
hawkish,verbatim,1,2.591250900459688e-6,0,0,verbatim,19,18
hawkish,versatil,1,2.591250900459688e-6,0,0,versatile,45,58
hawkish,vestig,1,2.591250900459688e-6,0,0,vestiges,9,16
hawkish,vex,1,2.591250900459688e-6,0,0,vexing,16,29
hawkish,vicki,1,2.591250900459688e-6,0,0,vicky,46,34
hawkish,victor,1,2.591250900459688e-6,0,0,victor,78,51
hawkish,videoconfer,1,2.591250900459688e-6,0,0,videoconference,58,58
hawkish,viewer,1,2.591250900459688e-6,0,0,viewer,9,15
hawkish,vindic,1,2.591250900459688e-6,0,0,vindicated,52,81
hawkish,vine,1,2.591250900459688e-6,0,0,vines,21,14
hawkish,violent,1,2.591250900459688e-6,0,0,violent,81,87
hawkish,viral,1,2.591250900459688e-6,0,0,viral,61,44
hawkish,virgin,1,2.591250900459688e-6,0,0,virgin,12,12
hawkish,virul,1,2.591250900459688e-6,0,0,virulent,37,59
hawkish,viscer,1,2.591250900459688e-6,0,0,visceral,10,12
hawkish,vista,1,2.591250900459688e-6,0,0,vistas,24,30
hawkish,visualis,1,2.591250900459688e-6,0,0,visualise,23,42
hawkish,viswanathan,1,2.591250900459688e-6,0,0,viswanathan,12,11
hawkish,vive,1,2.591250900459688e-6,0,0,vives,22,16
hawkish,vocabulari,1,2.591250900459688e-6,0,0,vocabulary,39,36
hawkish,vocat,1,2.591250900459688e-6,0,0,vocational,118,144
hawkish,volodin,1,2.591250900459688e-6,0,0,volodin,13,11
hawkish,volumin,1,2.591250900459688e-6,0,0,voluminous,26,26
hawkish,voxeu,1,2.591250900459688e-6,0,0,voxeu,90,65
hawkish,wabarakatuh,1,2.591250900459688e-6,0,0,wabarakatuh,106,68
hawkish,wade,1,2.591250900459688e-6,0,0,wade,15,22
hawkish,wag,1,2.591250900459688e-6,0,0,wagging,8,16
hawkish,wale,1,2.591250900459688e-6,0,0,wales,278,148
hawkish,ware,1,2.591250900459688e-6,0,0,ware,13,27
hawkish,wareh,1,2.591250900459688e-6,0,0,warehousing,102,88
hawkish,warfar,1,2.591250900459688e-6,0,0,warfare,13,13
hawkish,warjiyo,1,2.591250900459688e-6,0,0,warjiyo,15,13
hawkish,watchword,1,2.591250900459688e-6,0,0,watchword,21,24
hawkish,waver,1,2.591250900459688e-6,0,0,waver,13,25
hawkish,wax,1,2.591250900459688e-6,0,0,waxed,15,33
hawkish,wealthi,1,2.591250900459688e-6,0,0,wealthy,117,103
hawkish,wealthier,1,2.591250900459688e-6,0,0,wealthier,69,64
hawkish,webinar,1,2.591250900459688e-6,0,0,webinar,180,129
hawkish,wednesday,1,2.591250900459688e-6,0,0,wednesday,142,121
hawkish,wei,1,2.591250900459688e-6,0,0,wei,141,83
hawkish,weid,1,2.591250900459688e-6,0,0,weide,11,11
hawkish,wellb,1,2.591250900459688e-6,0,0,wellbeing,129,103
hawkish,welldevelop,1,2.591250900459688e-6,0,0,welldeveloped,20,20
hawkish,wellfunct,1,2.591250900459688e-6,0,0,wellfunctioning,62,60
hawkish,westminst,1,2.591250900459688e-6,0,0,westminster,50,40
hawkish,wet,1,2.591250900459688e-6,0,0,wet,16,14
hawkish,wheatley,1,2.591250900459688e-6,0,0,wheatley,30,21
hawkish,whichev,1,2.591250900459688e-6,0,0,whichever,105,97
hawkish,wilkin,1,2.591250900459688e-6,0,0,wilkins,203,115
hawkish,willi,1,2.591250900459688e-6,0,0,willis,31,30
hawkish,wine,1,2.591250900459688e-6,0,0,wine,73,58
hawkish,winston,1,2.591250900459688e-6,0,0,winston,55,45
hawkish,wither,1,2.591250900459688e-6,0,0,withers,11,25
hawkish,withstood,1,2.591250900459688e-6,0,0,withstood,65,64
hawkish,withth,1,2.591250900459688e-6,0,0,withthe,14,14
hawkish,woe,1,2.591250900459688e-6,0,0,woes,37,39
hawkish,woefulli,1,2.591250900459688e-6,0,0,woefully,37,34
hawkish,wong,1,2.591250900459688e-6,0,0,wong,40,34
hawkish,woodrow,1,2.591250900459688e-6,0,0,woodrow,35,28
hawkish,wore,1,2.591250900459688e-6,0,0,wore,22,22
hawkish,worrisom,1,2.591250900459688e-6,0,0,worrisome,204,185
hawkish,wrangl,1,2.591250900459688e-6,0,0,wrangling,8,10
hawkish,wrestl,1,2.591250900459688e-6,0,0,wrestle,26,55
hawkish,wrought,1,2.591250900459688e-6,0,0,wrought,47,47
hawkish,xlv,1,2.591250900459688e-6,0,0,xlv,11,11
hawkish,xxii,1,2.591250900459688e-6,0,0,xxii,27,23
hawkish,yamaichi,1,2.591250900459688e-6,0,0,yamaichi,30,15
hawkish,yardstick,1,2.591250900459688e-6,0,0,yardstick,186,176
hawkish,yearon,1,2.591250900459688e-6,0,0,yearon,55,53
hawkish,yiangou,1,2.591250900459688e-6,0,0,yiangou,25,23
hawkish,yin,1,2.591250900459688e-6,0,0,yin,17,12
hawkish,zakrajsek,1,2.591250900459688e-6,0,0,zakrajsek,66,39
hawkish,zambia,1,2.591250900459688e-6,0,0,zambia,48,29
hawkish,zane,1,2.591250900459688e-6,0,0,zane,13,13
hawkish,zeal,1,2.591250900459688e-6,0,0,zeal,32,31
hawkish,zentralbank,1,2.591250900459688e-6,0,0,zentralbank,19,15
hawkish,zheng,1,2.591250900459688e-6,0,0,zheng,27,25
hawkish,zhu,1,2.591250900459688e-6,0,0,zhu,134,90
hawkish,zinc,1,2.591250900459688e-6,0,0,zinc,18,17
hawkish,zoltan,1,2.591250900459688e-6,0,0,zoltan,13,12
hawkish,zombi,1,2.591250900459688e-6,0,0,zombie,140,76
hawkish,zukunft,1,2.591250900459688e-6,0,0,zukunft,14,13
